공개 파일,출력 종류,셀,원시 XML 위치,원시 값,서식,62b8c3e,수정본,독립 기대,판정
poi-src/test-data/spreadsheet/48962.xlsx,시트 셀,Sheet1!B13,xl/worksheets/sheet1.xml:B13,-123,"[$$-409]#,##0.00_);[Red]\([$$-409]#,##0.00\)",$-123.00_),$-123.00 ,$-123.00 ,회계 수치·정밀도·통화·공백 정확 일치
poi-src/test-data/spreadsheet/48962.xlsx,시트 셀,Sheet1!D13,xl/worksheets/sheet1.xml:D13,-38245.67,0.00_);[Red]\(0.00\),-38245.67_),-38245.67 ,-38245.67 ,회계 수치·정밀도·통화·공백 정확 일치
poi-src/test-data/spreadsheet/49156.xlsx,시트 셀,1!E75,xl/worksheets/sheet1.xml:E75,0,"_(* #,##0_);_(* \(#,##0\);_(* ""-""_);_(@_)",_(* 0_) (=SUM(E60:E64)-SUM(E65:E70)+SUM(E71:E74)), 0  (=SUM(E60:E64)-SUM(E65:E70)+SUM(E71:E74)), 0 ,회계 수치·정밀도·통화·공백 정확 일치
poi-src/test-data/spreadsheet/49156.xlsx,시트 셀,1!EF37,xl/worksheets/sheet1.xml:EF37,0,"_(* #,##0_);_(* \(#,##0\);_(* ""-""_);_(@_)",_(* 0_) (=SUM(E29:E36)), 0  (=SUM(E29:E36)), 0 ,회계 수치·정밀도·통화·공백 정확 일치
poi-src/test-data/spreadsheet/49156.xlsx,시트 셀,1!F75,xl/worksheets/sheet1.xml:F75,-24000,"_(* #,##0_);_(* \(#,##0\);_(* ""-""_);_(@_)","-_(* 24,000_) (=SUM(F60:F64)-SUM(F65:F70)+SUM(F71:F74))","- 24,000  (=SUM(F60:F64)-SUM(F65:F70)+SUM(F71:F74))","- 24,000 ",회계 수치·정밀도·통화·공백 정확 일치
poi-src/test-data/spreadsheet/49156.xlsx,시트 셀,1!G75,xl/worksheets/sheet1.xml:G75,-24000,"_(* #,##0_);_(* \(#,##0\);_(* ""-""_);_(@_)","-_(* 24,000_) (=SUM(G60:G64)-SUM(G65:G70)+SUM(G71:G74))","- 24,000  (=SUM(G60:G64)-SUM(G65:G70)+SUM(G71:G74))","- 24,000 ",회계 수치·정밀도·통화·공백 정확 일치
poi-src/test-data/spreadsheet/49156.xlsx,시트 셀,1!H60,xl/worksheets/sheet1.xml:H60,6000,"_(* #,##0_);_(* \(#,##0\);_(* ""-""_);_(@_)","_(* 6,000_) (=SUM(F60:G60))"," 6,000  (=SUM(F60:G60))"," 6,000 ",회계 수치·정밀도·통화·공백 정확 일치
poi-src/test-data/spreadsheet/49156.xlsx,시트 셀,1!H61,xl/worksheets/sheet1.xml:H61,8000,"_(* #,##0_);_(* \(#,##0\);_(* ""-""_);_(@_)","_(* 8,000_) (=SUM(F61:G61))"," 8,000  (=SUM(F61:G61))"," 8,000 ",회계 수치·정밀도·통화·공백 정확 일치
poi-src/test-data/spreadsheet/49156.xlsx,시트 셀,1!H62,xl/worksheets/sheet1.xml:H62,10000,"_(* #,##0_);_(* \(#,##0\);_(* ""-""_);_(@_)","_(* 10,000_) (=SUM(F62:G62))"," 10,000  (=SUM(F62:G62))"," 10,000 ",회계 수치·정밀도·통화·공백 정확 일치
poi-src/test-data/spreadsheet/49156.xlsx,시트 셀,1!H63,xl/worksheets/sheet1.xml:H63,12000,"_(* #,##0_);_(* \(#,##0\);_(* ""-""_);_(@_)","_(* 12,000_) (=SUM(F63:G63))"," 12,000  (=SUM(F63:G63))"," 12,000 ",회계 수치·정밀도·통화·공백 정확 일치
poi-src/test-data/spreadsheet/49156.xlsx,시트 셀,1!H64,xl/worksheets/sheet1.xml:H64,14000,"_(* #,##0_);_(* \(#,##0\);_(* ""-""_);_(@_)","_(* 14,000_) (=SUM(F64:G64))"," 14,000  (=SUM(F64:G64))"," 14,000 ",회계 수치·정밀도·통화·공백 정확 일치
poi-src/test-data/spreadsheet/49156.xlsx,시트 셀,1!H65,xl/worksheets/sheet1.xml:H65,16000,"_(* #,##0_);_(* \(#,##0\);_(* ""-""_);_(@_)","_(* 16,000_) (=SUM(F65:G65))"," 16,000  (=SUM(F65:G65))"," 16,000 ",회계 수치·정밀도·통화·공백 정확 일치
poi-src/test-data/spreadsheet/49156.xlsx,시트 셀,1!H66,xl/worksheets/sheet1.xml:H66,18000,"_(* #,##0_);_(* \(#,##0\);_(* ""-""_);_(@_)","_(* 18,000_) (=SUM(F66:G66))"," 18,000  (=SUM(F66:G66))"," 18,000 ",회계 수치·정밀도·통화·공백 정확 일치
poi-src/test-data/spreadsheet/49156.xlsx,시트 셀,1!H67,xl/worksheets/sheet1.xml:H67,20000,"_(* #,##0_);_(* \(#,##0\);_(* ""-""_);_(@_)","_(* 20,000_) (=SUM(F67:G67))"," 20,000  (=SUM(F67:G67))"," 20,000 ",회계 수치·정밀도·통화·공백 정확 일치
poi-src/test-data/spreadsheet/49156.xlsx,시트 셀,1!H68,xl/worksheets/sheet1.xml:H68,22000,"_(* #,##0_);_(* \(#,##0\);_(* ""-""_);_(@_)","_(* 22,000_) (=SUM(F68:G68))"," 22,000  (=SUM(F68:G68))"," 22,000 ",회계 수치·정밀도·통화·공백 정확 일치
poi-src/test-data/spreadsheet/49156.xlsx,시트 셀,1!H69,xl/worksheets/sheet1.xml:H69,24000,"_(* #,##0_);_(* \(#,##0\);_(* ""-""_);_(@_)","_(* 24,000_) (=SUM(F69:G69))"," 24,000  (=SUM(F69:G69))"," 24,000 ",회계 수치·정밀도·통화·공백 정확 일치
poi-src/test-data/spreadsheet/49156.xlsx,시트 셀,1!H70,xl/worksheets/sheet1.xml:H70,26000,"_(* #,##0_);_(* \(#,##0\);_(* ""-""_);_(@_)","_(* 26,000_) (=SUM(F70:G70))"," 26,000  (=SUM(F70:G70))"," 26,000 ",회계 수치·정밀도·통화·공백 정확 일치
poi-src/test-data/spreadsheet/49156.xlsx,시트 셀,1!H71,xl/worksheets/sheet1.xml:H71,28000,"_(* #,##0_);_(* \(#,##0\);_(* ""-""_);_(@_)","_(* 28,000_) (=SUM(F71:G71))"," 28,000  (=SUM(F71:G71))"," 28,000 ",회계 수치·정밀도·통화·공백 정확 일치
poi-src/test-data/spreadsheet/49156.xlsx,시트 셀,1!H72,xl/worksheets/sheet1.xml:H72,0,"_(* #,##0_);_(* \(#,##0\);_(* ""-""_);_(@_)",_(* 0_) (=SUM(F72:G72)), 0  (=SUM(F72:G72)), 0 ,회계 수치·정밀도·통화·공백 정확 일치
poi-src/test-data/spreadsheet/49156.xlsx,시트 셀,1!H73,xl/worksheets/sheet1.xml:H73,0,"_(* #,##0_);_(* \(#,##0\);_(* ""-""_);_(@_)",_(* 0_) (=SUM(F73:G73)), 0  (=SUM(F73:G73)), 0 ,회계 수치·정밀도·통화·공백 정확 일치
poi-src/test-data/spreadsheet/49156.xlsx,시트 셀,1!H74,xl/worksheets/sheet1.xml:H74,0,"_(* #,##0_);_(* \(#,##0\);_(* ""-""_);_(@_)",_(* 0_) (=SUM(F74:G74)), 0  (=SUM(F74:G74)), 0 ,회계 수치·정밀도·통화·공백 정확 일치
poi-src/test-data/spreadsheet/49156.xlsx,시트 셀,1!H75,xl/worksheets/sheet1.xml:H75,-48000,"_(* #,##0_);_(* \(#,##0\);_(* ""-""_);_(@_)","-_(* 48,000_) (=SUM(H60:H64)-SUM(H65:H70)+SUM(H71:H74))","- 48,000  (=SUM(H60:H64)-SUM(H65:H70)+SUM(H71:H74))","- 48,000 ",회계 수치·정밀도·통화·공백 정확 일치
poi-src/test-data/spreadsheet/49273.xlsx,시트 셀,Sheet1!B1,xl/worksheets/sheet1.xml:B1,1,"#,##0.000_ ",1.000_ ,1.000 ,1.000 ,회계 수치·정밀도·통화·공백 정확 일치
poi-src/test-data/spreadsheet/49273.xlsx,시트 셀,Sheet1!B2,xl/worksheets/sheet1.xml:B2,1.0,"#,##0.000_ ",1.000_ ,1.000 ,1.000 ,회계 수치·정밀도·통화·공백 정확 일치
poi-src/test-data/spreadsheet/49273.xlsx,시트 셀,Sheet1!D1,xl/worksheets/sheet1.xml:D1,198,"_-\$* #,##0.0_ ;_-\$* \-#,##0.0\ ;_-\$* ""-""?_ ;_-@_ ",_-$* 198.0_ , $198.0 , $198.0 ,회계 수치·정밀도·통화·공백 정확 일치
poi-src/test-data/spreadsheet/49273.xlsx,시트 셀,Sheet1!D2,xl/worksheets/sheet1.xml:D2,198.0,"_-\$* #,##0.0_ ;_-\$* \-#,##0.0\ ;_-\$* ""-""?_ ;_-@_ ",_-$* 198.0_ , $198.0 , $198.0 ,회계 수치·정밀도·통화·공백 정확 일치
poi-src/test-data/spreadsheet/ConditionalFormattingSamples.xlsx,시트 셀,Mountains!C10,xl/worksheets/sheet13.xml:C10,6768.0839999999998,"_(* #,##0_);_(* \(#,##0\);_(* ""-""??_);_(@_)","_(* 6,768_)"," 6,768 "," 6,768 ",회계 수치·정밀도·통화·공백 정확 일치
poi-src/test-data/spreadsheet/ConditionalFormattingSamples.xlsx,시트 셀,Mountains!C11,xl/worksheets/sheet13.xml:C11,5029.2,"_(* #,##0_);_(* \(#,##0\);_(* ""-""??_);_(@_)","_(* 5,029_)"," 5,029 "," 5,029 ",회계 수치·정밀도·통화·공백 정확 일치
poi-src/test-data/spreadsheet/ConditionalFormattingSamples.xlsx,시트 셀,Mountains!C12,xl/worksheets/sheet13.xml:C12,4163.8728000000001,"_(* #,##0_);_(* \(#,##0\);_(* ""-""??_);_(@_)","_(* 4,164_)"," 4,164 "," 4,164 ",회계 수치·정밀도·통화·공백 정확 일치
poi-src/test-data/spreadsheet/ConditionalFormattingSamples.xlsx,시트 셀,Mountains!C13,xl/worksheets/sheet13.xml:C13,8610.6,"_(* #,##0_);_(* \(#,##0\);_(* ""-""??_);_(@_)","_(* 8,611_)"," 8,611 "," 8,611 ",회계 수치·정밀도·통화·공백 정확 일치
poi-src/test-data/spreadsheet/ConditionalFormattingSamples.xlsx,시트 셀,Mountains!C14,xl/worksheets/sheet13.xml:C14,8597.7983999999997,"_(* #,##0_);_(* \(#,##0\);_(* ""-""??_);_(@_)","_(* 8,598_)"," 8,598 "," 8,598 ",회계 수치·정밀도·통화·공백 정확 일치
poi-src/test-data/spreadsheet/ConditionalFormattingSamples.xlsx,시트 셀,Mountains!C15,xl/worksheets/sheet13.xml:C15,5894.8320000000003,"_(* #,##0_);_(* \(#,##0\);_(* ""-""??_);_(@_)","_(* 5,895_)"," 5,895 "," 5,895 ",회계 수치·정밀도·통화·공백 정확 일치
poi-src/test-data/spreadsheet/ConditionalFormattingSamples.xlsx,시트 셀,Mountains!C16,xl/worksheets/sheet13.xml:C16,4101.0839999999998,"_(* #,##0_);_(* \(#,##0\);_(* ""-""??_);_(@_)","_(* 4,101_)"," 4,101 "," 4,101 ",회계 수치·정밀도·통화·공백 정확 일치
poi-src/test-data/spreadsheet/ConditionalFormattingSamples.xlsx,시트 셀,Mountains!C17,xl/worksheets/sheet13.xml:C17,6050.28,"_(* #,##0_);_(* \(#,##0\);_(* ""-""??_);_(@_)","_(* 6,050_)"," 6,050 "," 6,050 ",회계 수치·정밀도·통화·공백 정확 일치
poi-src/test-data/spreadsheet/ConditionalFormattingSamples.xlsx,시트 셀,Mountains!C18,xl/worksheets/sheet13.xml:C18,6193.5360000000001,"_(* #,##0_);_(* \(#,##0\);_(* ""-""??_);_(@_)","_(* 6,194_)"," 6,194 "," 6,194 ",회계 수치·정밀도·통화·공백 정확 일치
poi-src/test-data/spreadsheet/ConditionalFormattingSamples.xlsx,시트 셀,Mountains!C19,xl/worksheets/sheet13.xml:C19,4807.0007999999998,"_(* #,##0_);_(* \(#,##0\);_(* ""-""??_);_(@_)","_(* 4,807_)"," 4,807 "," 4,807 ",회계 수치·정밀도·통화·공백 정확 일치
poi-src/test-data/spreadsheet/ConditionalFormattingSamples.xlsx,시트 셀,Mountains!C20,xl/worksheets/sheet13.xml:C20,4633.8743999999997,"_(* #,##0_);_(* \(#,##0\);_(* ""-""??_);_(@_)","_(* 4,634_)"," 4,634 "," 4,634 ",회계 수치·정밀도·통화·공백 정확 일치
poi-src/test-data/spreadsheet/ConditionalFormattingSamples.xlsx,시트 셀,Mountains!C21,xl/worksheets/sheet13.xml:C21,6879.9456,"_(* #,##0_);_(* \(#,##0\);_(* ""-""??_);_(@_)","_(* 6,880_)"," 6,880 "," 6,880 ",회계 수치·정밀도·통화·공백 정확 일치
poi-src/test-data/spreadsheet/ConditionalFormattingSamples.xlsx,시트 셀,Mountains!C22,xl/worksheets/sheet13.xml:C22,4260.1584000000003,"_(* #,##0_);_(* \(#,##0\);_(* ""-""??_);_(@_)","_(* 4,260_)"," 4,260 "," 4,260 ",회계 수치·정밀도·통화·공백 정확 일치
poi-src/test-data/spreadsheet/ConditionalFormattingSamples.xlsx,시트 셀,Mountains!C23,xl/worksheets/sheet13.xml:C23,6519.9768000000004,"_(* #,##0_);_(* \(#,##0\);_(* ""-""??_);_(@_)","_(* 6,520_)"," 6,520 "," 6,520 ",회계 수치·정밀도·통화·공백 정확 일치
poi-src/test-data/spreadsheet/ConditionalFormattingSamples.xlsx,시트 셀,Mountains!C24,xl/worksheets/sheet13.xml:C24,5140.1472000000003,"_(* #,##0_);_(* \(#,##0\);_(* ""-""??_);_(@_)","_(* 5,140_)"," 5,140 "," 5,140 ",회계 수치·정밀도·통화·공백 정확 일치
poi-src/test-data/spreadsheet/ConditionalFormattingSamples.xlsx,시트 셀,Mountains!C3,xl/worksheets/sheet13.xml:C3,6959.8032000000003,"_(* #,##0_);_(* \(#,##0\);_(* ""-""??_);_(@_)","_(* 6,960_)"," 6,960 "," 6,960 ",회계 수치·정밀도·통화·공백 정확 일치
poi-src/test-data/spreadsheet/ConditionalFormattingSamples.xlsx,시트 셀,Mountains!C4,xl/worksheets/sheet13.xml:C4,8078.4192000000003,"_(* #,##0_);_(* \(#,##0\);_(* ""-""??_);_(@_)","_(* 8,078_)"," 8,078 "," 8,078 ",회계 수치·정밀도·통화·공백 정확 일치
poi-src/test-data/spreadsheet/ConditionalFormattingSamples.xlsx,시트 셀,Mountains!C5,xl/worksheets/sheet13.xml:C5,5121.8591999999999,"_(* #,##0_);_(* \(#,##0\);_(* ""-""??_);_(@_)","_(* 5,122_)"," 5,122 "," 5,122 ",회계 수치·정밀도·통화·공백 정확 일치
poi-src/test-data/spreadsheet/ConditionalFormattingSamples.xlsx,시트 셀,Mountains!C6,xl/worksheets/sheet13.xml:C6,5699.76,"_(* #,##0_);_(* \(#,##0\);_(* ""-""??_);_(@_)","_(* 5,700_)"," 5,700 "," 5,700 ",회계 수치·정밀도·통화·공백 정확 일치
poi-src/test-data/spreadsheet/ConditionalFormattingSamples.xlsx,시트 셀,Mountains!C7,xl/worksheets/sheet13.xml:C7,3763.9751999999999,"_(* #,##0_);_(* \(#,##0\);_(* ""-""??_);_(@_)","_(* 3,764_)"," 3,764 "," 3,764 ",회계 수치·정밀도·통화·공백 정확 일치
poi-src/test-data/spreadsheet/ConditionalFormattingSamples.xlsx,시트 셀,Mountains!C8,xl/worksheets/sheet13.xml:C8,8847.7343999999994,"_(* #,##0_);_(* \(#,##0\);_(* ""-""??_);_(@_)","_(* 8,848_)"," 8,848 "," 8,848 ",회계 수치·정밀도·통화·공백 정확 일치
poi-src/test-data/spreadsheet/ConditionalFormattingSamples.xlsx,시트 셀,Mountains!C9,xl/worksheets/sheet13.xml:C9,4195.8768,"_(* #,##0_);_(* \(#,##0\);_(* ""-""??_);_(@_)","_(* 4,196_)"," 4,196 "," 4,196 ",회계 수치·정밀도·통화·공백 정확 일치
poi-src/test-data/spreadsheet/ConditionalFormattingSamples.xlsx,시트 셀,Mountains!D10,xl/worksheets/sheet13.xml:D10,6768.0839999999998,"_(* #,##0_);_(* \(#,##0\);_(* ""-""??_);_(@_)","_(* 6,768_) (=C10)"," 6,768  (=C10)"," 6,768 ",회계 수치·정밀도·통화·공백 정확 일치
poi-src/test-data/spreadsheet/ConditionalFormattingSamples.xlsx,시트 셀,Mountains!D11,xl/worksheets/sheet13.xml:D11,5029.2,"_(* #,##0_);_(* \(#,##0\);_(* ""-""??_);_(@_)","_(* 5,029_) (=C11)"," 5,029  (=C11)"," 5,029 ",회계 수치·정밀도·통화·공백 정확 일치
poi-src/test-data/spreadsheet/ConditionalFormattingSamples.xlsx,시트 셀,Mountains!D12,xl/worksheets/sheet13.xml:D12,4163.8728000000001,"_(* #,##0_);_(* \(#,##0\);_(* ""-""??_);_(@_)","_(* 4,164_) (=C12)"," 4,164  (=C12)"," 4,164 ",회계 수치·정밀도·통화·공백 정확 일치
poi-src/test-data/spreadsheet/ConditionalFormattingSamples.xlsx,시트 셀,Mountains!D13,xl/worksheets/sheet13.xml:D13,8610.6,"_(* #,##0_);_(* \(#,##0\);_(* ""-""??_);_(@_)","_(* 8,611_) (=C13)"," 8,611  (=C13)"," 8,611 ",회계 수치·정밀도·통화·공백 정확 일치
poi-src/test-data/spreadsheet/ConditionalFormattingSamples.xlsx,시트 셀,Mountains!D14,xl/worksheets/sheet13.xml:D14,8597.7983999999997,"_(* #,##0_);_(* \(#,##0\);_(* ""-""??_);_(@_)","_(* 8,598_) (=C14)"," 8,598  (=C14)"," 8,598 ",회계 수치·정밀도·통화·공백 정확 일치
poi-src/test-data/spreadsheet/ConditionalFormattingSamples.xlsx,시트 셀,Mountains!D15,xl/worksheets/sheet13.xml:D15,5894.8320000000003,"_(* #,##0_);_(* \(#,##0\);_(* ""-""??_);_(@_)","_(* 5,895_) (=C15)"," 5,895  (=C15)"," 5,895 ",회계 수치·정밀도·통화·공백 정확 일치
poi-src/test-data/spreadsheet/ConditionalFormattingSamples.xlsx,시트 셀,Mountains!D16,xl/worksheets/sheet13.xml:D16,4101.0839999999998,"_(* #,##0_);_(* \(#,##0\);_(* ""-""??_);_(@_)","_(* 4,101_) (=C16)"," 4,101  (=C16)"," 4,101 ",회계 수치·정밀도·통화·공백 정확 일치
poi-src/test-data/spreadsheet/ConditionalFormattingSamples.xlsx,시트 셀,Mountains!D17,xl/worksheets/sheet13.xml:D17,6050.28,"_(* #,##0_);_(* \(#,##0\);_(* ""-""??_);_(@_)","_(* 6,050_) (=C17)"," 6,050  (=C17)"," 6,050 ",회계 수치·정밀도·통화·공백 정확 일치
poi-src/test-data/spreadsheet/ConditionalFormattingSamples.xlsx,시트 셀,Mountains!D18,xl/worksheets/sheet13.xml:D18,6193.5360000000001,"_(* #,##0_);_(* \(#,##0\);_(* ""-""??_);_(@_)","_(* 6,194_) (=C18)"," 6,194  (=C18)"," 6,194 ",회계 수치·정밀도·통화·공백 정확 일치
poi-src/test-data/spreadsheet/ConditionalFormattingSamples.xlsx,시트 셀,Mountains!D19,xl/worksheets/sheet13.xml:D19,4807.0007999999998,"_(* #,##0_);_(* \(#,##0\);_(* ""-""??_);_(@_)","_(* 4,807_) (=C19)"," 4,807  (=C19)"," 4,807 ",회계 수치·정밀도·통화·공백 정확 일치
poi-src/test-data/spreadsheet/ConditionalFormattingSamples.xlsx,시트 셀,Mountains!D20,xl/worksheets/sheet13.xml:D20,4633.8743999999997,"_(* #,##0_);_(* \(#,##0\);_(* ""-""??_);_(@_)","_(* 4,634_) (=C20)"," 4,634  (=C20)"," 4,634 ",회계 수치·정밀도·통화·공백 정확 일치
poi-src/test-data/spreadsheet/ConditionalFormattingSamples.xlsx,시트 셀,Mountains!D21,xl/worksheets/sheet13.xml:D21,6879.9456,"_(* #,##0_);_(* \(#,##0\);_(* ""-""??_);_(@_)","_(* 6,880_) (=C21)"," 6,880  (=C21)"," 6,880 ",회계 수치·정밀도·통화·공백 정확 일치
poi-src/test-data/spreadsheet/ConditionalFormattingSamples.xlsx,시트 셀,Mountains!D22,xl/worksheets/sheet13.xml:D22,4260.1584000000003,"_(* #,##0_);_(* \(#,##0\);_(* ""-""??_);_(@_)","_(* 4,260_) (=C22)"," 4,260  (=C22)"," 4,260 ",회계 수치·정밀도·통화·공백 정확 일치
poi-src/test-data/spreadsheet/ConditionalFormattingSamples.xlsx,시트 셀,Mountains!D23,xl/worksheets/sheet13.xml:D23,6519.9768000000004,"_(* #,##0_);_(* \(#,##0\);_(* ""-""??_);_(@_)","_(* 6,520_) (=C23)"," 6,520  (=C23)"," 6,520 ",회계 수치·정밀도·통화·공백 정확 일치
poi-src/test-data/spreadsheet/ConditionalFormattingSamples.xlsx,시트 셀,Mountains!D24,xl/worksheets/sheet13.xml:D24,5140.1472000000003,"_(* #,##0_);_(* \(#,##0\);_(* ""-""??_);_(@_)","_(* 5,140_) (=C24)"," 5,140  (=C24)"," 5,140 ",회계 수치·정밀도·통화·공백 정확 일치
poi-src/test-data/spreadsheet/ConditionalFormattingSamples.xlsx,시트 셀,Mountains!D3,xl/worksheets/sheet13.xml:D3,6959.8032000000003,"_(* #,##0_);_(* \(#,##0\);_(* ""-""??_);_(@_)","_(* 6,960_) (=C3)"," 6,960  (=C3)"," 6,960 ",회계 수치·정밀도·통화·공백 정확 일치
poi-src/test-data/spreadsheet/ConditionalFormattingSamples.xlsx,시트 셀,Mountains!D4,xl/worksheets/sheet13.xml:D4,8078.4192000000003,"_(* #,##0_);_(* \(#,##0\);_(* ""-""??_);_(@_)","_(* 8,078_) (=C4)"," 8,078  (=C4)"," 8,078 ",회계 수치·정밀도·통화·공백 정확 일치
poi-src/test-data/spreadsheet/ConditionalFormattingSamples.xlsx,시트 셀,Mountains!D5,xl/worksheets/sheet13.xml:D5,5121.8591999999999,"_(* #,##0_);_(* \(#,##0\);_(* ""-""??_);_(@_)","_(* 5,122_) (=C5)"," 5,122  (=C5)"," 5,122 ",회계 수치·정밀도·통화·공백 정확 일치
poi-src/test-data/spreadsheet/ConditionalFormattingSamples.xlsx,시트 셀,Mountains!D6,xl/worksheets/sheet13.xml:D6,5699.76,"_(* #,##0_);_(* \(#,##0\);_(* ""-""??_);_(@_)","_(* 5,700_) (=C6)"," 5,700  (=C6)"," 5,700 ",회계 수치·정밀도·통화·공백 정확 일치
poi-src/test-data/spreadsheet/ConditionalFormattingSamples.xlsx,시트 셀,Mountains!D7,xl/worksheets/sheet13.xml:D7,3763.9751999999999,"_(* #,##0_);_(* \(#,##0\);_(* ""-""??_);_(@_)","_(* 3,764_) (=C7)"," 3,764  (=C7)"," 3,764 ",회계 수치·정밀도·통화·공백 정확 일치
poi-src/test-data/spreadsheet/ConditionalFormattingSamples.xlsx,시트 셀,Mountains!D8,xl/worksheets/sheet13.xml:D8,8847.7343999999994,"_(* #,##0_);_(* \(#,##0\);_(* ""-""??_);_(@_)","_(* 8,848_) (=C8)"," 8,848  (=C8)"," 8,848 ",회계 수치·정밀도·통화·공백 정확 일치
poi-src/test-data/spreadsheet/ConditionalFormattingSamples.xlsx,시트 셀,Mountains!D9,xl/worksheets/sheet13.xml:D9,4195.8768,"_(* #,##0_);_(* \(#,##0\);_(* ""-""??_);_(@_)","_(* 4,196_) (=C9)"," 4,196  (=C9)"," 4,196 ",회계 수치·정밀도·통화·공백 정확 일치
poi-src/test-data/spreadsheet/ConditionalFormattingSamples.xlsx,시트 셀,Mountains!E10,xl/worksheets/sheet13.xml:E10,6768.0839999999998,"_(* #,##0_);_(* \(#,##0\);_(* ""-""??_);_(@_)","_(* 6,768_) (=C10)"," 6,768  (=C10)"," 6,768 ",회계 수치·정밀도·통화·공백 정확 일치
poi-src/test-data/spreadsheet/ConditionalFormattingSamples.xlsx,시트 셀,Mountains!E11,xl/worksheets/sheet13.xml:E11,5029.2,"_(* #,##0_);_(* \(#,##0\);_(* ""-""??_);_(@_)","_(* 5,029_) (=C11)"," 5,029  (=C11)"," 5,029 ",회계 수치·정밀도·통화·공백 정확 일치
poi-src/test-data/spreadsheet/ConditionalFormattingSamples.xlsx,시트 셀,Mountains!E12,xl/worksheets/sheet13.xml:E12,4163.8728000000001,"_(* #,##0_);_(* \(#,##0\);_(* ""-""??_);_(@_)","_(* 4,164_) (=C12)"," 4,164  (=C12)"," 4,164 ",회계 수치·정밀도·통화·공백 정확 일치
poi-src/test-data/spreadsheet/ConditionalFormattingSamples.xlsx,시트 셀,Mountains!E13,xl/worksheets/sheet13.xml:E13,8610.6,"_(* #,##0_);_(* \(#,##0\);_(* ""-""??_);_(@_)","_(* 8,611_) (=C13)"," 8,611  (=C13)"," 8,611 ",회계 수치·정밀도·통화·공백 정확 일치
poi-src/test-data/spreadsheet/ConditionalFormattingSamples.xlsx,시트 셀,Mountains!E14,xl/worksheets/sheet13.xml:E14,8597.7983999999997,"_(* #,##0_);_(* \(#,##0\);_(* ""-""??_);_(@_)","_(* 8,598_) (=C14)"," 8,598  (=C14)"," 8,598 ",회계 수치·정밀도·통화·공백 정확 일치
poi-src/test-data/spreadsheet/ConditionalFormattingSamples.xlsx,시트 셀,Mountains!E15,xl/worksheets/sheet13.xml:E15,5894.8320000000003,"_(* #,##0_);_(* \(#,##0\);_(* ""-""??_);_(@_)","_(* 5,895_) (=C15)"," 5,895  (=C15)"," 5,895 ",회계 수치·정밀도·통화·공백 정확 일치
poi-src/test-data/spreadsheet/ConditionalFormattingSamples.xlsx,시트 셀,Mountains!E16,xl/worksheets/sheet13.xml:E16,4101.0839999999998,"_(* #,##0_);_(* \(#,##0\);_(* ""-""??_);_(@_)","_(* 4,101_) (=C16)"," 4,101  (=C16)"," 4,101 ",회계 수치·정밀도·통화·공백 정확 일치
poi-src/test-data/spreadsheet/ConditionalFormattingSamples.xlsx,시트 셀,Mountains!E17,xl/worksheets/sheet13.xml:E17,6050.28,"_(* #,##0_);_(* \(#,##0\);_(* ""-""??_);_(@_)","_(* 6,050_) (=C17)"," 6,050  (=C17)"," 6,050 ",회계 수치·정밀도·통화·공백 정확 일치
poi-src/test-data/spreadsheet/ConditionalFormattingSamples.xlsx,시트 셀,Mountains!E18,xl/worksheets/sheet13.xml:E18,6193.5360000000001,"_(* #,##0_);_(* \(#,##0\);_(* ""-""??_);_(@_)","_(* 6,194_) (=C18)"," 6,194  (=C18)"," 6,194 ",회계 수치·정밀도·통화·공백 정확 일치
poi-src/test-data/spreadsheet/ConditionalFormattingSamples.xlsx,시트 셀,Mountains!E19,xl/worksheets/sheet13.xml:E19,4807.0007999999998,"_(* #,##0_);_(* \(#,##0\);_(* ""-""??_);_(@_)","_(* 4,807_) (=C19)"," 4,807  (=C19)"," 4,807 ",회계 수치·정밀도·통화·공백 정확 일치
poi-src/test-data/spreadsheet/ConditionalFormattingSamples.xlsx,시트 셀,Mountains!E20,xl/worksheets/sheet13.xml:E20,4633.8743999999997,"_(* #,##0_);_(* \(#,##0\);_(* ""-""??_);_(@_)","_(* 4,634_) (=C20)"," 4,634  (=C20)"," 4,634 ",회계 수치·정밀도·통화·공백 정확 일치
poi-src/test-data/spreadsheet/ConditionalFormattingSamples.xlsx,시트 셀,Mountains!E21,xl/worksheets/sheet13.xml:E21,6879.9456,"_(* #,##0_);_(* \(#,##0\);_(* ""-""??_);_(@_)","_(* 6,880_) (=C21)"," 6,880  (=C21)"," 6,880 ",회계 수치·정밀도·통화·공백 정확 일치
poi-src/test-data/spreadsheet/ConditionalFormattingSamples.xlsx,시트 셀,Mountains!E22,xl/worksheets/sheet13.xml:E22,4260.1584000000003,"_(* #,##0_);_(* \(#,##0\);_(* ""-""??_);_(@_)","_(* 4,260_) (=C22)"," 4,260  (=C22)"," 4,260 ",회계 수치·정밀도·통화·공백 정확 일치
poi-src/test-data/spreadsheet/ConditionalFormattingSamples.xlsx,시트 셀,Mountains!E23,xl/worksheets/sheet13.xml:E23,6519.9768000000004,"_(* #,##0_);_(* \(#,##0\);_(* ""-""??_);_(@_)","_(* 6,520_) (=C23)"," 6,520  (=C23)"," 6,520 ",회계 수치·정밀도·통화·공백 정확 일치
poi-src/test-data/spreadsheet/ConditionalFormattingSamples.xlsx,시트 셀,Mountains!E24,xl/worksheets/sheet13.xml:E24,5140.1472000000003,"_(* #,##0_);_(* \(#,##0\);_(* ""-""??_);_(@_)","_(* 5,140_) (=C24)"," 5,140  (=C24)"," 5,140 ",회계 수치·정밀도·통화·공백 정확 일치
poi-src/test-data/spreadsheet/ConditionalFormattingSamples.xlsx,시트 셀,Mountains!E3,xl/worksheets/sheet13.xml:E3,6959.8032000000003,"_(* #,##0_);_(* \(#,##0\);_(* ""-""??_);_(@_)","_(* 6,960_) (=C3)"," 6,960  (=C3)"," 6,960 ",회계 수치·정밀도·통화·공백 정확 일치
poi-src/test-data/spreadsheet/ConditionalFormattingSamples.xlsx,시트 셀,Mountains!E4,xl/worksheets/sheet13.xml:E4,8078.4192000000003,"_(* #,##0_);_(* \(#,##0\);_(* ""-""??_);_(@_)","_(* 8,078_) (=C4)"," 8,078  (=C4)"," 8,078 ",회계 수치·정밀도·통화·공백 정확 일치
poi-src/test-data/spreadsheet/ConditionalFormattingSamples.xlsx,시트 셀,Mountains!E5,xl/worksheets/sheet13.xml:E5,5121.8591999999999,"_(* #,##0_);_(* \(#,##0\);_(* ""-""??_);_(@_)","_(* 5,122_) (=C5)"," 5,122  (=C5)"," 5,122 ",회계 수치·정밀도·통화·공백 정확 일치
poi-src/test-data/spreadsheet/ConditionalFormattingSamples.xlsx,시트 셀,Mountains!E6,xl/worksheets/sheet13.xml:E6,5699.76,"_(* #,##0_);_(* \(#,##0\);_(* ""-""??_);_(@_)","_(* 5,700_) (=C6)"," 5,700  (=C6)"," 5,700 ",회계 수치·정밀도·통화·공백 정확 일치
poi-src/test-data/spreadsheet/ConditionalFormattingSamples.xlsx,시트 셀,Mountains!E7,xl/worksheets/sheet13.xml:E7,3763.9751999999999,"_(* #,##0_);_(* \(#,##0\);_(* ""-""??_);_(@_)","_(* 3,764_) (=C7)"," 3,764  (=C7)"," 3,764 ",회계 수치·정밀도·통화·공백 정확 일치
poi-src/test-data/spreadsheet/ConditionalFormattingSamples.xlsx,시트 셀,Mountains!E8,xl/worksheets/sheet13.xml:E8,8847.7343999999994,"_(* #,##0_);_(* \(#,##0\);_(* ""-""??_);_(@_)","_(* 8,848_) (=C8)"," 8,848  (=C8)"," 8,848 ",회계 수치·정밀도·통화·공백 정확 일치
poi-src/test-data/spreadsheet/ConditionalFormattingSamples.xlsx,시트 셀,Mountains!E9,xl/worksheets/sheet13.xml:E9,4195.8768,"_(* #,##0_);_(* \(#,##0\);_(* ""-""??_);_(@_)","_(* 4,196_) (=C9)"," 4,196  (=C9)"," 4,196 ",회계 수치·정밀도·통화·공백 정확 일치
poi-src/test-data/spreadsheet/ConditionalFormattingSamples.xlsx,시트 셀,Mountains!F10,xl/worksheets/sheet13.xml:F10,6768.0839999999998,"_(* #,##0_);_(* \(#,##0\);_(* ""-""??_);_(@_)","_(* 6,768_) (=C10)"," 6,768  (=C10)"," 6,768 ",회계 수치·정밀도·통화·공백 정확 일치
poi-src/test-data/spreadsheet/ConditionalFormattingSamples.xlsx,시트 셀,Mountains!F11,xl/worksheets/sheet13.xml:F11,5029.2,"_(* #,##0_);_(* \(#,##0\);_(* ""-""??_);_(@_)","_(* 5,029_) (=C11)"," 5,029  (=C11)"," 5,029 ",회계 수치·정밀도·통화·공백 정확 일치
poi-src/test-data/spreadsheet/ConditionalFormattingSamples.xlsx,시트 셀,Mountains!F12,xl/worksheets/sheet13.xml:F12,4163.8728000000001,"_(* #,##0_);_(* \(#,##0\);_(* ""-""??_);_(@_)","_(* 4,164_) (=C12)"," 4,164  (=C12)"," 4,164 ",회계 수치·정밀도·통화·공백 정확 일치
poi-src/test-data/spreadsheet/ConditionalFormattingSamples.xlsx,시트 셀,Mountains!F13,xl/worksheets/sheet13.xml:F13,8610.6,"_(* #,##0_);_(* \(#,##0\);_(* ""-""??_);_(@_)","_(* 8,611_) (=C13)"," 8,611  (=C13)"," 8,611 ",회계 수치·정밀도·통화·공백 정확 일치
poi-src/test-data/spreadsheet/ConditionalFormattingSamples.xlsx,시트 셀,Mountains!F14,xl/worksheets/sheet13.xml:F14,8597.7983999999997,"_(* #,##0_);_(* \(#,##0\);_(* ""-""??_);_(@_)","_(* 8,598_) (=C14)"," 8,598  (=C14)"," 8,598 ",회계 수치·정밀도·통화·공백 정확 일치
poi-src/test-data/spreadsheet/ConditionalFormattingSamples.xlsx,시트 셀,Mountains!F15,xl/worksheets/sheet13.xml:F15,5894.8320000000003,"_(* #,##0_);_(* \(#,##0\);_(* ""-""??_);_(@_)","_(* 5,895_) (=C15)"," 5,895  (=C15)"," 5,895 ",회계 수치·정밀도·통화·공백 정확 일치
poi-src/test-data/spreadsheet/ConditionalFormattingSamples.xlsx,시트 셀,Mountains!F16,xl/worksheets/sheet13.xml:F16,4101.0839999999998,"_(* #,##0_);_(* \(#,##0\);_(* ""-""??_);_(@_)","_(* 4,101_) (=C16)"," 4,101  (=C16)"," 4,101 ",회계 수치·정밀도·통화·공백 정확 일치
poi-src/test-data/spreadsheet/ConditionalFormattingSamples.xlsx,시트 셀,Mountains!F17,xl/worksheets/sheet13.xml:F17,6050.28,"_(* #,##0_);_(* \(#,##0\);_(* ""-""??_);_(@_)","_(* 6,050_) (=C17)"," 6,050  (=C17)"," 6,050 ",회계 수치·정밀도·통화·공백 정확 일치
poi-src/test-data/spreadsheet/ConditionalFormattingSamples.xlsx,시트 셀,Mountains!F18,xl/worksheets/sheet13.xml:F18,6193.5360000000001,"_(* #,##0_);_(* \(#,##0\);_(* ""-""??_);_(@_)","_(* 6,194_) (=C18)"," 6,194  (=C18)"," 6,194 ",회계 수치·정밀도·통화·공백 정확 일치
poi-src/test-data/spreadsheet/ConditionalFormattingSamples.xlsx,시트 셀,Mountains!F19,xl/worksheets/sheet13.xml:F19,4807.0007999999998,"_(* #,##0_);_(* \(#,##0\);_(* ""-""??_);_(@_)","_(* 4,807_) (=C19)"," 4,807  (=C19)"," 4,807 ",회계 수치·정밀도·통화·공백 정확 일치
poi-src/test-data/spreadsheet/ConditionalFormattingSamples.xlsx,시트 셀,Mountains!F20,xl/worksheets/sheet13.xml:F20,4633.8743999999997,"_(* #,##0_);_(* \(#,##0\);_(* ""-""??_);_(@_)","_(* 4,634_) (=C20)"," 4,634  (=C20)"," 4,634 ",회계 수치·정밀도·통화·공백 정확 일치
poi-src/test-data/spreadsheet/ConditionalFormattingSamples.xlsx,시트 셀,Mountains!F21,xl/worksheets/sheet13.xml:F21,6879.9456,"_(* #,##0_);_(* \(#,##0\);_(* ""-""??_);_(@_)","_(* 6,880_) (=C21)"," 6,880  (=C21)"," 6,880 ",회계 수치·정밀도·통화·공백 정확 일치
poi-src/test-data/spreadsheet/ConditionalFormattingSamples.xlsx,시트 셀,Mountains!F22,xl/worksheets/sheet13.xml:F22,4260.1584000000003,"_(* #,##0_);_(* \(#,##0\);_(* ""-""??_);_(@_)","_(* 4,260_) (=C22)"," 4,260  (=C22)"," 4,260 ",회계 수치·정밀도·통화·공백 정확 일치
poi-src/test-data/spreadsheet/ConditionalFormattingSamples.xlsx,시트 셀,Mountains!F23,xl/worksheets/sheet13.xml:F23,6519.9768000000004,"_(* #,##0_);_(* \(#,##0\);_(* ""-""??_);_(@_)","_(* 6,520_) (=C23)"," 6,520  (=C23)"," 6,520 ",회계 수치·정밀도·통화·공백 정확 일치
poi-src/test-data/spreadsheet/ConditionalFormattingSamples.xlsx,시트 셀,Mountains!F24,xl/worksheets/sheet13.xml:F24,5140.1472000000003,"_(* #,##0_);_(* \(#,##0\);_(* ""-""??_);_(@_)","_(* 5,140_) (=C24)"," 5,140  (=C24)"," 5,140 ",회계 수치·정밀도·통화·공백 정확 일치
poi-src/test-data/spreadsheet/ConditionalFormattingSamples.xlsx,시트 셀,Mountains!F3,xl/worksheets/sheet13.xml:F3,6959.8032000000003,"_(* #,##0_);_(* \(#,##0\);_(* ""-""??_);_(@_)","_(* 6,960_) (=C3)"," 6,960  (=C3)"," 6,960 ",회계 수치·정밀도·통화·공백 정확 일치
poi-src/test-data/spreadsheet/ConditionalFormattingSamples.xlsx,시트 셀,Mountains!F4,xl/worksheets/sheet13.xml:F4,8078.4192000000003,"_(* #,##0_);_(* \(#,##0\);_(* ""-""??_);_(@_)","_(* 8,078_) (=C4)"," 8,078  (=C4)"," 8,078 ",회계 수치·정밀도·통화·공백 정확 일치
poi-src/test-data/spreadsheet/ConditionalFormattingSamples.xlsx,시트 셀,Mountains!F5,xl/worksheets/sheet13.xml:F5,5121.8591999999999,"_(* #,##0_);_(* \(#,##0\);_(* ""-""??_);_(@_)","_(* 5,122_) (=C5)"," 5,122  (=C5)"," 5,122 ",회계 수치·정밀도·통화·공백 정확 일치
poi-src/test-data/spreadsheet/ConditionalFormattingSamples.xlsx,시트 셀,Mountains!F6,xl/worksheets/sheet13.xml:F6,5699.76,"_(* #,##0_);_(* \(#,##0\);_(* ""-""??_);_(@_)","_(* 5,700_) (=C6)"," 5,700  (=C6)"," 5,700 ",회계 수치·정밀도·통화·공백 정확 일치
poi-src/test-data/spreadsheet/ConditionalFormattingSamples.xlsx,시트 셀,Mountains!F7,xl/worksheets/sheet13.xml:F7,3763.9751999999999,"_(* #,##0_);_(* \(#,##0\);_(* ""-""??_);_(@_)","_(* 3,764_) (=C7)"," 3,764  (=C7)"," 3,764 ",회계 수치·정밀도·통화·공백 정확 일치
poi-src/test-data/spreadsheet/ConditionalFormattingSamples.xlsx,시트 셀,Mountains!F8,xl/worksheets/sheet13.xml:F8,8847.7343999999994,"_(* #,##0_);_(* \(#,##0\);_(* ""-""??_);_(@_)","_(* 8,848_) (=C8)"," 8,848  (=C8)"," 8,848 ",회계 수치·정밀도·통화·공백 정확 일치
poi-src/test-data/spreadsheet/ConditionalFormattingSamples.xlsx,시트 셀,Mountains!F9,xl/worksheets/sheet13.xml:F9,4195.8768,"_(* #,##0_);_(* \(#,##0\);_(* ""-""??_);_(@_)","_(* 4,196_) (=C9)"," 4,196  (=C9)"," 4,196 ",회계 수치·정밀도·통화·공백 정확 일치
poi-src/test-data/spreadsheet/ConditionalFormattingSamples.xlsx,시트 셀,Mountains!G10,xl/worksheets/sheet13.xml:G10,6768.0839999999998,"_(* #,##0_);_(* \(#,##0\);_(* ""-""??_);_(@_)","_(* 6,768_) (=C10)"," 6,768  (=C10)"," 6,768 ",회계 수치·정밀도·통화·공백 정확 일치
poi-src/test-data/spreadsheet/ConditionalFormattingSamples.xlsx,시트 셀,Mountains!G11,xl/worksheets/sheet13.xml:G11,5029.2,"_(* #,##0_);_(* \(#,##0\);_(* ""-""??_);_(@_)","_(* 5,029_) (=C11)"," 5,029  (=C11)"," 5,029 ",회계 수치·정밀도·통화·공백 정확 일치
poi-src/test-data/spreadsheet/ConditionalFormattingSamples.xlsx,시트 셀,Mountains!G12,xl/worksheets/sheet13.xml:G12,4163.8728000000001,"_(* #,##0_);_(* \(#,##0\);_(* ""-""??_);_(@_)","_(* 4,164_) (=C12)"," 4,164  (=C12)"," 4,164 ",회계 수치·정밀도·통화·공백 정확 일치
poi-src/test-data/spreadsheet/ConditionalFormattingSamples.xlsx,시트 셀,Mountains!G13,xl/worksheets/sheet13.xml:G13,8610.6,"_(* #,##0_);_(* \(#,##0\);_(* ""-""??_);_(@_)","_(* 8,611_) (=C13)"," 8,611  (=C13)"," 8,611 ",회계 수치·정밀도·통화·공백 정확 일치
poi-src/test-data/spreadsheet/ConditionalFormattingSamples.xlsx,시트 셀,Mountains!G14,xl/worksheets/sheet13.xml:G14,8597.7983999999997,"_(* #,##0_);_(* \(#,##0\);_(* ""-""??_);_(@_)","_(* 8,598_) (=C14)"," 8,598  (=C14)"," 8,598 ",회계 수치·정밀도·통화·공백 정확 일치
poi-src/test-data/spreadsheet/ConditionalFormattingSamples.xlsx,시트 셀,Mountains!G15,xl/worksheets/sheet13.xml:G15,5894.8320000000003,"_(* #,##0_);_(* \(#,##0\);_(* ""-""??_);_(@_)","_(* 5,895_) (=C15)"," 5,895  (=C15)"," 5,895 ",회계 수치·정밀도·통화·공백 정확 일치
poi-src/test-data/spreadsheet/ConditionalFormattingSamples.xlsx,시트 셀,Mountains!G16,xl/worksheets/sheet13.xml:G16,4101.0839999999998,"_(* #,##0_);_(* \(#,##0\);_(* ""-""??_);_(@_)","_(* 4,101_) (=C16)"," 4,101  (=C16)"," 4,101 ",회계 수치·정밀도·통화·공백 정확 일치
poi-src/test-data/spreadsheet/ConditionalFormattingSamples.xlsx,시트 셀,Mountains!G17,xl/worksheets/sheet13.xml:G17,6050.28,"_(* #,##0_);_(* \(#,##0\);_(* ""-""??_);_(@_)","_(* 6,050_) (=C17)"," 6,050  (=C17)"," 6,050 ",회계 수치·정밀도·통화·공백 정확 일치
poi-src/test-data/spreadsheet/ConditionalFormattingSamples.xlsx,시트 셀,Mountains!G18,xl/worksheets/sheet13.xml:G18,6193.5360000000001,"_(* #,##0_);_(* \(#,##0\);_(* ""-""??_);_(@_)","_(* 6,194_) (=C18)"," 6,194  (=C18)"," 6,194 ",회계 수치·정밀도·통화·공백 정확 일치
poi-src/test-data/spreadsheet/ConditionalFormattingSamples.xlsx,시트 셀,Mountains!G19,xl/worksheets/sheet13.xml:G19,4807.0007999999998,"_(* #,##0_);_(* \(#,##0\);_(* ""-""??_);_(@_)","_(* 4,807_) (=C19)"," 4,807  (=C19)"," 4,807 ",회계 수치·정밀도·통화·공백 정확 일치
poi-src/test-data/spreadsheet/ConditionalFormattingSamples.xlsx,시트 셀,Mountains!G20,xl/worksheets/sheet13.xml:G20,4633.8743999999997,"_(* #,##0_);_(* \(#,##0\);_(* ""-""??_);_(@_)","_(* 4,634_) (=C20)"," 4,634  (=C20)"," 4,634 ",회계 수치·정밀도·통화·공백 정확 일치
poi-src/test-data/spreadsheet/ConditionalFormattingSamples.xlsx,시트 셀,Mountains!G21,xl/worksheets/sheet13.xml:G21,6879.9456,"_(* #,##0_);_(* \(#,##0\);_(* ""-""??_);_(@_)","_(* 6,880_) (=C21)"," 6,880  (=C21)"," 6,880 ",회계 수치·정밀도·통화·공백 정확 일치
poi-src/test-data/spreadsheet/ConditionalFormattingSamples.xlsx,시트 셀,Mountains!G22,xl/worksheets/sheet13.xml:G22,4260.1584000000003,"_(* #,##0_);_(* \(#,##0\);_(* ""-""??_);_(@_)","_(* 4,260_) (=C22)"," 4,260  (=C22)"," 4,260 ",회계 수치·정밀도·통화·공백 정확 일치
poi-src/test-data/spreadsheet/ConditionalFormattingSamples.xlsx,시트 셀,Mountains!G23,xl/worksheets/sheet13.xml:G23,6519.9768000000004,"_(* #,##0_);_(* \(#,##0\);_(* ""-""??_);_(@_)","_(* 6,520_) (=C23)"," 6,520  (=C23)"," 6,520 ",회계 수치·정밀도·통화·공백 정확 일치
poi-src/test-data/spreadsheet/ConditionalFormattingSamples.xlsx,시트 셀,Mountains!G24,xl/worksheets/sheet13.xml:G24,5140.1472000000003,"_(* #,##0_);_(* \(#,##0\);_(* ""-""??_);_(@_)","_(* 5,140_) (=C24)"," 5,140  (=C24)"," 5,140 ",회계 수치·정밀도·통화·공백 정확 일치
poi-src/test-data/spreadsheet/ConditionalFormattingSamples.xlsx,시트 셀,Mountains!G3,xl/worksheets/sheet13.xml:G3,6959.8032000000003,"_(* #,##0_);_(* \(#,##0\);_(* ""-""??_);_(@_)","_(* 6,960_) (=C3)"," 6,960  (=C3)"," 6,960 ",회계 수치·정밀도·통화·공백 정확 일치
poi-src/test-data/spreadsheet/ConditionalFormattingSamples.xlsx,시트 셀,Mountains!G4,xl/worksheets/sheet13.xml:G4,8078.4192000000003,"_(* #,##0_);_(* \(#,##0\);_(* ""-""??_);_(@_)","_(* 8,078_) (=C4)"," 8,078  (=C4)"," 8,078 ",회계 수치·정밀도·통화·공백 정확 일치
poi-src/test-data/spreadsheet/ConditionalFormattingSamples.xlsx,시트 셀,Mountains!G5,xl/worksheets/sheet13.xml:G5,5121.8591999999999,"_(* #,##0_);_(* \(#,##0\);_(* ""-""??_);_(@_)","_(* 5,122_) (=C5)"," 5,122  (=C5)"," 5,122 ",회계 수치·정밀도·통화·공백 정확 일치
poi-src/test-data/spreadsheet/ConditionalFormattingSamples.xlsx,시트 셀,Mountains!G6,xl/worksheets/sheet13.xml:G6,5699.76,"_(* #,##0_);_(* \(#,##0\);_(* ""-""??_);_(@_)","_(* 5,700_) (=C6)"," 5,700  (=C6)"," 5,700 ",회계 수치·정밀도·통화·공백 정확 일치
poi-src/test-data/spreadsheet/ConditionalFormattingSamples.xlsx,시트 셀,Mountains!G7,xl/worksheets/sheet13.xml:G7,3763.9751999999999,"_(* #,##0_);_(* \(#,##0\);_(* ""-""??_);_(@_)","_(* 3,764_) (=C7)"," 3,764  (=C7)"," 3,764 ",회계 수치·정밀도·통화·공백 정확 일치
poi-src/test-data/spreadsheet/ConditionalFormattingSamples.xlsx,시트 셀,Mountains!G8,xl/worksheets/sheet13.xml:G8,8847.7343999999994,"_(* #,##0_);_(* \(#,##0\);_(* ""-""??_);_(@_)","_(* 8,848_) (=C8)"," 8,848  (=C8)"," 8,848 ",회계 수치·정밀도·통화·공백 정확 일치
poi-src/test-data/spreadsheet/ConditionalFormattingSamples.xlsx,시트 셀,Mountains!G9,xl/worksheets/sheet13.xml:G9,4195.8768,"_(* #,##0_);_(* \(#,##0\);_(* ""-""??_);_(@_)","_(* 4,196_) (=C9)"," 4,196  (=C9)"," 4,196 ",회계 수치·정밀도·통화·공백 정확 일치
poi-src/test-data/spreadsheet/ConditionalFormattingSamples.xlsx,시트 셀,Mountains!H10,xl/worksheets/sheet13.xml:H10,6768.0839999999998,"_(* #,##0_);_(* \(#,##0\);_(* ""-""??_);_(@_)","_(* 6,768_) (=C10)"," 6,768  (=C10)"," 6,768 ",회계 수치·정밀도·통화·공백 정확 일치
poi-src/test-data/spreadsheet/ConditionalFormattingSamples.xlsx,시트 셀,Mountains!H11,xl/worksheets/sheet13.xml:H11,5029.2,"_(* #,##0_);_(* \(#,##0\);_(* ""-""??_);_(@_)","_(* 5,029_) (=C11)"," 5,029  (=C11)"," 5,029 ",회계 수치·정밀도·통화·공백 정확 일치
poi-src/test-data/spreadsheet/ConditionalFormattingSamples.xlsx,시트 셀,Mountains!H12,xl/worksheets/sheet13.xml:H12,4163.8728000000001,"_(* #,##0_);_(* \(#,##0\);_(* ""-""??_);_(@_)","_(* 4,164_) (=C12)"," 4,164  (=C12)"," 4,164 ",회계 수치·정밀도·통화·공백 정확 일치
poi-src/test-data/spreadsheet/ConditionalFormattingSamples.xlsx,시트 셀,Mountains!H13,xl/worksheets/sheet13.xml:H13,8610.6,"_(* #,##0_);_(* \(#,##0\);_(* ""-""??_);_(@_)","_(* 8,611_) (=C13)"," 8,611  (=C13)"," 8,611 ",회계 수치·정밀도·통화·공백 정확 일치
poi-src/test-data/spreadsheet/ConditionalFormattingSamples.xlsx,시트 셀,Mountains!H14,xl/worksheets/sheet13.xml:H14,8597.7983999999997,"_(* #,##0_);_(* \(#,##0\);_(* ""-""??_);_(@_)","_(* 8,598_) (=C14)"," 8,598  (=C14)"," 8,598 ",회계 수치·정밀도·통화·공백 정확 일치
poi-src/test-data/spreadsheet/ConditionalFormattingSamples.xlsx,시트 셀,Mountains!H15,xl/worksheets/sheet13.xml:H15,5894.8320000000003,"_(* #,##0_);_(* \(#,##0\);_(* ""-""??_);_(@_)","_(* 5,895_) (=C15)"," 5,895  (=C15)"," 5,895 ",회계 수치·정밀도·통화·공백 정확 일치
poi-src/test-data/spreadsheet/ConditionalFormattingSamples.xlsx,시트 셀,Mountains!H16,xl/worksheets/sheet13.xml:H16,4101.0839999999998,"_(* #,##0_);_(* \(#,##0\);_(* ""-""??_);_(@_)","_(* 4,101_) (=C16)"," 4,101  (=C16)"," 4,101 ",회계 수치·정밀도·통화·공백 정확 일치
poi-src/test-data/spreadsheet/ConditionalFormattingSamples.xlsx,시트 셀,Mountains!H17,xl/worksheets/sheet13.xml:H17,6050.28,"_(* #,##0_);_(* \(#,##0\);_(* ""-""??_);_(@_)","_(* 6,050_) (=C17)"," 6,050  (=C17)"," 6,050 ",회계 수치·정밀도·통화·공백 정확 일치
poi-src/test-data/spreadsheet/ConditionalFormattingSamples.xlsx,시트 셀,Mountains!H18,xl/worksheets/sheet13.xml:H18,6193.5360000000001,"_(* #,##0_);_(* \(#,##0\);_(* ""-""??_);_(@_)","_(* 6,194_) (=C18)"," 6,194  (=C18)"," 6,194 ",회계 수치·정밀도·통화·공백 정확 일치
poi-src/test-data/spreadsheet/ConditionalFormattingSamples.xlsx,시트 셀,Mountains!H19,xl/worksheets/sheet13.xml:H19,4807.0007999999998,"_(* #,##0_);_(* \(#,##0\);_(* ""-""??_);_(@_)","_(* 4,807_) (=C19)"," 4,807  (=C19)"," 4,807 ",회계 수치·정밀도·통화·공백 정확 일치
poi-src/test-data/spreadsheet/ConditionalFormattingSamples.xlsx,시트 셀,Mountains!H20,xl/worksheets/sheet13.xml:H20,4633.8743999999997,"_(* #,##0_);_(* \(#,##0\);_(* ""-""??_);_(@_)","_(* 4,634_) (=C20)"," 4,634  (=C20)"," 4,634 ",회계 수치·정밀도·통화·공백 정확 일치
poi-src/test-data/spreadsheet/ConditionalFormattingSamples.xlsx,시트 셀,Mountains!H21,xl/worksheets/sheet13.xml:H21,6879.9456,"_(* #,##0_);_(* \(#,##0\);_(* ""-""??_);_(@_)","_(* 6,880_) (=C21)"," 6,880  (=C21)"," 6,880 ",회계 수치·정밀도·통화·공백 정확 일치
poi-src/test-data/spreadsheet/ConditionalFormattingSamples.xlsx,시트 셀,Mountains!H22,xl/worksheets/sheet13.xml:H22,4260.1584000000003,"_(* #,##0_);_(* \(#,##0\);_(* ""-""??_);_(@_)","_(* 4,260_) (=C22)"," 4,260  (=C22)"," 4,260 ",회계 수치·정밀도·통화·공백 정확 일치
poi-src/test-data/spreadsheet/ConditionalFormattingSamples.xlsx,시트 셀,Mountains!H23,xl/worksheets/sheet13.xml:H23,6519.9768000000004,"_(* #,##0_);_(* \(#,##0\);_(* ""-""??_);_(@_)","_(* 6,520_) (=C23)"," 6,520  (=C23)"," 6,520 ",회계 수치·정밀도·통화·공백 정확 일치
poi-src/test-data/spreadsheet/ConditionalFormattingSamples.xlsx,시트 셀,Mountains!H24,xl/worksheets/sheet13.xml:H24,5140.1472000000003,"_(* #,##0_);_(* \(#,##0\);_(* ""-""??_);_(@_)","_(* 5,140_) (=C24)"," 5,140  (=C24)"," 5,140 ",회계 수치·정밀도·통화·공백 정확 일치
poi-src/test-data/spreadsheet/ConditionalFormattingSamples.xlsx,시트 셀,Mountains!H3,xl/worksheets/sheet13.xml:H3,6959.8032000000003,"_(* #,##0_);_(* \(#,##0\);_(* ""-""??_);_(@_)","_(* 6,960_) (=C3)"," 6,960  (=C3)"," 6,960 ",회계 수치·정밀도·통화·공백 정확 일치
poi-src/test-data/spreadsheet/ConditionalFormattingSamples.xlsx,시트 셀,Mountains!H4,xl/worksheets/sheet13.xml:H4,8078.4192000000003,"_(* #,##0_);_(* \(#,##0\);_(* ""-""??_);_(@_)","_(* 8,078_) (=C4)"," 8,078  (=C4)"," 8,078 ",회계 수치·정밀도·통화·공백 정확 일치
poi-src/test-data/spreadsheet/ConditionalFormattingSamples.xlsx,시트 셀,Mountains!H5,xl/worksheets/sheet13.xml:H5,5121.8591999999999,"_(* #,##0_);_(* \(#,##0\);_(* ""-""??_);_(@_)","_(* 5,122_) (=C5)"," 5,122  (=C5)"," 5,122 ",회계 수치·정밀도·통화·공백 정확 일치
poi-src/test-data/spreadsheet/ConditionalFormattingSamples.xlsx,시트 셀,Mountains!H6,xl/worksheets/sheet13.xml:H6,5699.76,"_(* #,##0_);_(* \(#,##0\);_(* ""-""??_);_(@_)","_(* 5,700_) (=C6)"," 5,700  (=C6)"," 5,700 ",회계 수치·정밀도·통화·공백 정확 일치
poi-src/test-data/spreadsheet/ConditionalFormattingSamples.xlsx,시트 셀,Mountains!H7,xl/worksheets/sheet13.xml:H7,3763.9751999999999,"_(* #,##0_);_(* \(#,##0\);_(* ""-""??_);_(@_)","_(* 3,764_) (=C7)"," 3,764  (=C7)"," 3,764 ",회계 수치·정밀도·통화·공백 정확 일치
poi-src/test-data/spreadsheet/ConditionalFormattingSamples.xlsx,시트 셀,Mountains!H8,xl/worksheets/sheet13.xml:H8,8847.7343999999994,"_(* #,##0_);_(* \(#,##0\);_(* ""-""??_);_(@_)","_(* 8,848_) (=C8)"," 8,848  (=C8)"," 8,848 ",회계 수치·정밀도·통화·공백 정확 일치
poi-src/test-data/spreadsheet/ConditionalFormattingSamples.xlsx,시트 셀,Mountains!H9,xl/worksheets/sheet13.xml:H9,4195.8768,"_(* #,##0_);_(* \(#,##0\);_(* ""-""??_);_(@_)","_(* 4,196_) (=C9)"," 4,196  (=C9)"," 4,196 ",회계 수치·정밀도·통화·공백 정확 일치
poi-src/test-data/spreadsheet/ConditionalFormattingSamples.xlsx,시트 셀,Mountains!I10,xl/worksheets/sheet13.xml:I10,6768.0839999999998,"_(* #,##0_);_(* \(#,##0\);_(* ""-""??_);_(@_)","_(* 6,768_) (=C10)"," 6,768  (=C10)"," 6,768 ",회계 수치·정밀도·통화·공백 정확 일치
poi-src/test-data/spreadsheet/ConditionalFormattingSamples.xlsx,시트 셀,Mountains!I11,xl/worksheets/sheet13.xml:I11,5029.2,"_(* #,##0_);_(* \(#,##0\);_(* ""-""??_);_(@_)","_(* 5,029_) (=C11)"," 5,029  (=C11)"," 5,029 ",회계 수치·정밀도·통화·공백 정확 일치
poi-src/test-data/spreadsheet/ConditionalFormattingSamples.xlsx,시트 셀,Mountains!I12,xl/worksheets/sheet13.xml:I12,4163.8728000000001,"_(* #,##0_);_(* \(#,##0\);_(* ""-""??_);_(@_)","_(* 4,164_) (=C12)"," 4,164  (=C12)"," 4,164 ",회계 수치·정밀도·통화·공백 정확 일치
poi-src/test-data/spreadsheet/ConditionalFormattingSamples.xlsx,시트 셀,Mountains!I13,xl/worksheets/sheet13.xml:I13,8610.6,"_(* #,##0_);_(* \(#,##0\);_(* ""-""??_);_(@_)","_(* 8,611_) (=C13)"," 8,611  (=C13)"," 8,611 ",회계 수치·정밀도·통화·공백 정확 일치
poi-src/test-data/spreadsheet/ConditionalFormattingSamples.xlsx,시트 셀,Mountains!I14,xl/worksheets/sheet13.xml:I14,8597.7983999999997,"_(* #,##0_);_(* \(#,##0\);_(* ""-""??_);_(@_)","_(* 8,598_) (=C14)"," 8,598  (=C14)"," 8,598 ",회계 수치·정밀도·통화·공백 정확 일치
poi-src/test-data/spreadsheet/ConditionalFormattingSamples.xlsx,시트 셀,Mountains!I15,xl/worksheets/sheet13.xml:I15,5894.8320000000003,"_(* #,##0_);_(* \(#,##0\);_(* ""-""??_);_(@_)","_(* 5,895_) (=C15)"," 5,895  (=C15)"," 5,895 ",회계 수치·정밀도·통화·공백 정확 일치
poi-src/test-data/spreadsheet/ConditionalFormattingSamples.xlsx,시트 셀,Mountains!I16,xl/worksheets/sheet13.xml:I16,4101.0839999999998,"_(* #,##0_);_(* \(#,##0\);_(* ""-""??_);_(@_)","_(* 4,101_) (=C16)"," 4,101  (=C16)"," 4,101 ",회계 수치·정밀도·통화·공백 정확 일치
poi-src/test-data/spreadsheet/ConditionalFormattingSamples.xlsx,시트 셀,Mountains!I17,xl/worksheets/sheet13.xml:I17,6050.28,"_(* #,##0_);_(* \(#,##0\);_(* ""-""??_);_(@_)","_(* 6,050_) (=C17)"," 6,050  (=C17)"," 6,050 ",회계 수치·정밀도·통화·공백 정확 일치
poi-src/test-data/spreadsheet/ConditionalFormattingSamples.xlsx,시트 셀,Mountains!I18,xl/worksheets/sheet13.xml:I18,6193.5360000000001,"_(* #,##0_);_(* \(#,##0\);_(* ""-""??_);_(@_)","_(* 6,194_) (=C18)"," 6,194  (=C18)"," 6,194 ",회계 수치·정밀도·통화·공백 정확 일치
poi-src/test-data/spreadsheet/ConditionalFormattingSamples.xlsx,시트 셀,Mountains!I19,xl/worksheets/sheet13.xml:I19,4807.0007999999998,"_(* #,##0_);_(* \(#,##0\);_(* ""-""??_);_(@_)","_(* 4,807_) (=C19)"," 4,807  (=C19)"," 4,807 ",회계 수치·정밀도·통화·공백 정확 일치
poi-src/test-data/spreadsheet/ConditionalFormattingSamples.xlsx,시트 셀,Mountains!I20,xl/worksheets/sheet13.xml:I20,4633.8743999999997,"_(* #,##0_);_(* \(#,##0\);_(* ""-""??_);_(@_)","_(* 4,634_) (=C20)"," 4,634  (=C20)"," 4,634 ",회계 수치·정밀도·통화·공백 정확 일치
poi-src/test-data/spreadsheet/ConditionalFormattingSamples.xlsx,시트 셀,Mountains!I21,xl/worksheets/sheet13.xml:I21,6879.9456,"_(* #,##0_);_(* \(#,##0\);_(* ""-""??_);_(@_)","_(* 6,880_) (=C21)"," 6,880  (=C21)"," 6,880 ",회계 수치·정밀도·통화·공백 정확 일치
poi-src/test-data/spreadsheet/ConditionalFormattingSamples.xlsx,시트 셀,Mountains!I22,xl/worksheets/sheet13.xml:I22,4260.1584000000003,"_(* #,##0_);_(* \(#,##0\);_(* ""-""??_);_(@_)","_(* 4,260_) (=C22)"," 4,260  (=C22)"," 4,260 ",회계 수치·정밀도·통화·공백 정확 일치
poi-src/test-data/spreadsheet/ConditionalFormattingSamples.xlsx,시트 셀,Mountains!I23,xl/worksheets/sheet13.xml:I23,6519.9768000000004,"_(* #,##0_);_(* \(#,##0\);_(* ""-""??_);_(@_)","_(* 6,520_) (=C23)"," 6,520  (=C23)"," 6,520 ",회계 수치·정밀도·통화·공백 정확 일치
poi-src/test-data/spreadsheet/ConditionalFormattingSamples.xlsx,시트 셀,Mountains!I24,xl/worksheets/sheet13.xml:I24,5140.1472000000003,"_(* #,##0_);_(* \(#,##0\);_(* ""-""??_);_(@_)","_(* 5,140_) (=C24)"," 5,140  (=C24)"," 5,140 ",회계 수치·정밀도·통화·공백 정확 일치
poi-src/test-data/spreadsheet/ConditionalFormattingSamples.xlsx,시트 셀,Mountains!I3,xl/worksheets/sheet13.xml:I3,6959.8032000000003,"_(* #,##0_);_(* \(#,##0\);_(* ""-""??_);_(@_)","_(* 6,960_) (=C3)"," 6,960  (=C3)"," 6,960 ",회계 수치·정밀도·통화·공백 정확 일치
poi-src/test-data/spreadsheet/ConditionalFormattingSamples.xlsx,시트 셀,Mountains!I4,xl/worksheets/sheet13.xml:I4,8078.4192000000003,"_(* #,##0_);_(* \(#,##0\);_(* ""-""??_);_(@_)","_(* 8,078_) (=C4)"," 8,078  (=C4)"," 8,078 ",회계 수치·정밀도·통화·공백 정확 일치
poi-src/test-data/spreadsheet/ConditionalFormattingSamples.xlsx,시트 셀,Mountains!I5,xl/worksheets/sheet13.xml:I5,5121.8591999999999,"_(* #,##0_);_(* \(#,##0\);_(* ""-""??_);_(@_)","_(* 5,122_) (=C5)"," 5,122  (=C5)"," 5,122 ",회계 수치·정밀도·통화·공백 정확 일치
poi-src/test-data/spreadsheet/ConditionalFormattingSamples.xlsx,시트 셀,Mountains!I6,xl/worksheets/sheet13.xml:I6,5699.76,"_(* #,##0_);_(* \(#,##0\);_(* ""-""??_);_(@_)","_(* 5,700_) (=C6)"," 5,700  (=C6)"," 5,700 ",회계 수치·정밀도·통화·공백 정확 일치
poi-src/test-data/spreadsheet/ConditionalFormattingSamples.xlsx,시트 셀,Mountains!I7,xl/worksheets/sheet13.xml:I7,3763.9751999999999,"_(* #,##0_);_(* \(#,##0\);_(* ""-""??_);_(@_)","_(* 3,764_) (=C7)"," 3,764  (=C7)"," 3,764 ",회계 수치·정밀도·통화·공백 정확 일치
poi-src/test-data/spreadsheet/ConditionalFormattingSamples.xlsx,시트 셀,Mountains!I8,xl/worksheets/sheet13.xml:I8,8847.7343999999994,"_(* #,##0_);_(* \(#,##0\);_(* ""-""??_);_(@_)","_(* 8,848_) (=C8)"," 8,848  (=C8)"," 8,848 ",회계 수치·정밀도·통화·공백 정확 일치
poi-src/test-data/spreadsheet/ConditionalFormattingSamples.xlsx,시트 셀,Mountains!I9,xl/worksheets/sheet13.xml:I9,4195.8768,"_(* #,##0_);_(* \(#,##0\);_(* ""-""??_);_(@_)","_(* 4,196_) (=C9)"," 4,196  (=C9)"," 4,196 ",회계 수치·정밀도·통화·공백 정확 일치
poi-src/test-data/spreadsheet/DataTableCities.xlsx,시트 셀,Formula!D5,xl/worksheets/sheet1.xml:D5,198905700,"_(* #,##0_);_(* \(#,##0\);_(* ""-""??_);_(@_)","_(* 198,905,700_) (=BigCity[[#Totals],[Population]])"," 198,905,700  (=BigCity[[#Totals],[Population]])"," 198,905,700 ",회계 수치·정밀도·통화·공백 정확 일치
poi-src/test-data/spreadsheet/DataTableCities.xlsx,시트 셀,Formula!D9,xl/worksheets/sheet1.xml:D9,15322400,"_(* #,##0_);_(* \(#,##0\);_(* ""-""??_);_(@_)","_(* 15,322,400_) (=SmallCity[[#Totals],[Population]])"," 15,322,400  (=SmallCity[[#Totals],[Population]])"," 15,322,400 ",회계 수치·정밀도·통화·공백 정확 일치
poi-src/test-data/spreadsheet/DataTableCities.xlsx,시트 셀,Table!F10,xl/worksheets/sheet2.xml:F10,13298000,"_(* #,##0_);_(* \(#,##0\);_(* ""-""??_);_(@_)","_(* 13,298,000_)"," 13,298,000 "," 13,298,000 ",회계 수치·정밀도·통화·공백 정확 일치
poi-src/test-data/spreadsheet/DataTableCities.xlsx,시트 셀,Table!F11,xl/worksheets/sheet2.xml:F11,12478000,"_(* #,##0_);_(* \(#,##0\);_(* ""-""??_);_(@_)","_(* 12,478,000_)"," 12,478,000 "," 12,478,000 ",회계 수치·정밀도·통화·공백 정확 일치
poi-src/test-data/spreadsheet/DataTableCities.xlsx,시트 셀,Table!F12,xl/worksheets/sheet2.xml:F12,12198000,"_(* #,##0_);_(* \(#,##0\);_(* ""-""??_);_(@_)","_(* 12,198,000_)"," 12,198,000 "," 12,198,000 ",회계 수치·정밀도·통화·공백 정확 일치
poi-src/test-data/spreadsheet/DataTableCities.xlsx,시트 셀,Table!F13,xl/worksheets/sheet2.xml:F13,12081000,"_(* #,##0_);_(* \(#,##0\);_(* ""-""??_);_(@_)","_(* 12,081,000_)"," 12,081,000 "," 12,081,000 ",회계 수치·정밀도·통화·공백 정확 일치
poi-src/test-data/spreadsheet/DataTableCities.xlsx,시트 셀,Table!F14,xl/worksheets/sheet2.xml:F14,10780000,"_(* #,##0_);_(* \(#,##0\);_(* ""-""??_);_(@_)","_(* 10,780,000_)"," 10,780,000 "," 10,780,000 ",회계 수치·정밀도·통화·공백 정확 일치
poi-src/test-data/spreadsheet/DataTableCities.xlsx,시트 셀,Table!F15,xl/worksheets/sheet2.xml:F15,198905700,"_(* #,##0_);_(* \(#,##0\);_(* ""-""??_);_(@_)","_(* 198,905,700_) (=SUBTOTAL(109,BigCity[Population]))"," 198,905,700  (=SUBTOTAL(109,BigCity[Population]))"," 198,905,700 ",회계 수치·정밀도·통화·공백 정확 일치
poi-src/test-data/spreadsheet/DataTableCities.xlsx,시트 셀,Table!F3,xl/worksheets/sheet2.xml:F3,24256800,"_(* #,##0_);_(* \(#,##0\);_(* ""-""??_);_(@_)","_(* 24,256,800_)"," 24,256,800 "," 24,256,800 ",회계 수치·정밀도·통화·공백 정확 일치
poi-src/test-data/spreadsheet/DataTableCities.xlsx,시트 셀,Table!F4,xl/worksheets/sheet2.xml:F4,23500000,"_(* #,##0_);_(* \(#,##0\);_(* ""-""??_);_(@_)","_(* 23,500,000_)"," 23,500,000 "," 23,500,000 ",회계 수치·정밀도·통화·공백 정확 일치
poi-src/test-data/spreadsheet/DataTableCities.xlsx,시트 셀,Table!F5,xl/worksheets/sheet2.xml:F5,21516000,"_(* #,##0_);_(* \(#,##0\);_(* ""-""??_);_(@_)","_(* 21,516,000_)"," 21,516,000 "," 21,516,000 ",회계 수치·정밀도·통화·공백 정확 일치
poi-src/test-data/spreadsheet/DataTableCities.xlsx,시트 셀,Table!F6,xl/worksheets/sheet2.xml:F6,21292900,"_(* #,##0_);_(* \(#,##0\);_(* ""-""??_);_(@_)","_(* 21,292,900_)"," 21,292,900 "," 21,292,900 ",회계 수치·정밀도·통화·공백 정확 일치
poi-src/test-data/spreadsheet/DataTableCities.xlsx,시트 셀,Table!F7,xl/worksheets/sheet2.xml:F7,16788000,"_(* #,##0_);_(* \(#,##0\);_(* ""-""??_);_(@_)","_(* 16,788,000_)"," 16,788,000 "," 16,788,000 ",회계 수치·정밀도·통화·공백 정확 일치
poi-src/test-data/spreadsheet/DataTableCities.xlsx,시트 셀,Table!F8,xl/worksheets/sheet2.xml:F8,16060000,"_(* #,##0_);_(* \(#,##0\);_(* ""-""??_);_(@_)","_(* 16,060,000_)"," 16,060,000 "," 16,060,000 ",회계 수치·정밀도·통화·공백 정확 일치
poi-src/test-data/spreadsheet/DataTableCities.xlsx,시트 셀,Table!F9,xl/worksheets/sheet2.xml:F9,14657000,"_(* #,##0_);_(* \(#,##0\);_(* ""-""??_);_(@_)","_(* 14,657,000_)"," 14,657,000 "," 14,657,000 ",회계 수치·정밀도·통화·공백 정확 일치
poi-src/test-data/spreadsheet/DataTableCities.xlsx,시트 셀,Table!L10,xl/worksheets/sheet2.xml:L10,32000,"_(* #,##0_);_(* \(#,##0\);_(* ""-""??_);_(@_)","_(* 32,000_)"," 32,000 "," 32,000 ",회계 수치·정밀도·통화·공백 정확 일치
poi-src/test-data/spreadsheet/DataTableCities.xlsx,시트 셀,Table!L11,xl/worksheets/sheet2.xml:L11,2600,"_(* #,##0_);_(* \(#,##0\);_(* ""-""??_);_(@_)","_(* 2,600_)"," 2,600 "," 2,600 ",회계 수치·정밀도·통화·공백 정확 일치
poi-src/test-data/spreadsheet/DataTableCities.xlsx,시트 셀,Table!L12,xl/worksheets/sheet2.xml:L12,957000,"_(* #,##0_);_(* \(#,##0\);_(* ""-""??_);_(@_)","_(* 957,000_)"," 957,000 "," 957,000 ",회계 수치·정밀도·통화·공백 정확 일치
poi-src/test-data/spreadsheet/DataTableCities.xlsx,시트 셀,Table!L13,xl/worksheets/sheet2.xml:L13,722800,"_(* #,##0_);_(* \(#,##0\);_(* ""-""??_);_(@_)","_(* 722,800_)"," 722,800 "," 722,800 ",회계 수치·정밀도·통화·공백 정확 일치
poi-src/test-data/spreadsheet/DataTableCities.xlsx,시트 셀,Table!L14,xl/worksheets/sheet2.xml:L14,953000,"_(* #,##0_);_(* \(#,##0\);_(* ""-""??_);_(@_)","_(* 953,000_)"," 953,000 "," 953,000 ",회계 수치·정밀도·통화·공백 정확 일치
poi-src/test-data/spreadsheet/DataTableCities.xlsx,시트 셀,Table!L15,xl/worksheets/sheet2.xml:L15,15322400,"_(* #,##0_);_(* \(#,##0\);_(* ""-""??_);_(@_)","_(* 15,322,400_) (=SUBTOTAL(109,SmallCity[Population]))"," 15,322,400  (=SUBTOTAL(109,SmallCity[Population]))"," 15,322,400 ",회계 수치·정밀도·통화·공백 정확 일치
poi-src/test-data/spreadsheet/DataTableCities.xlsx,시트 셀,Table!L3,xl/worksheets/sheet2.xml:L3,2581000,"_(* #,##0_);_(* \(#,##0\);_(* ""-""??_);_(@_)","_(* 2,581,000_)"," 2,581,000 "," 2,581,000 ",회계 수치·정밀도·통화·공백 정확 일치
poi-src/test-data/spreadsheet/DataTableCities.xlsx,시트 셀,Table!L4,xl/worksheets/sheet2.xml:L4,2890000,"_(* #,##0_);_(* \(#,##0\);_(* ""-""??_);_(@_)","_(* 2,890,000_)"," 2,890,000 "," 2,890,000 ",회계 수치·정밀도·통화·공백 정확 일치
poi-src/test-data/spreadsheet/DataTableCities.xlsx,시트 셀,Table!L5,xl/worksheets/sheet2.xml:L5,609000,"_(* #,##0_);_(* \(#,##0\);_(* ""-""??_);_(@_)","_(* 609,000_)"," 609,000 "," 609,000 ",회계 수치·정밀도·통화·공백 정확 일치
poi-src/test-data/spreadsheet/DataTableCities.xlsx,시트 셀,Table!L6,xl/worksheets/sheet2.xml:L6,2615000,"_(* #,##0_);_(* \(#,##0\);_(* ""-""??_);_(@_)","_(* 2,615,000_)"," 2,615,000 "," 2,615,000 ",회계 수치·정밀도·통화·공백 정확 일치
poi-src/test-data/spreadsheet/DataTableCities.xlsx,시트 셀,Table!L7,xl/worksheets/sheet2.xml:L7,1454000,"_(* #,##0_);_(* \(#,##0\);_(* ""-""??_);_(@_)","_(* 1,454,000_)"," 1,454,000 "," 1,454,000 ",회계 수치·정밀도·통화·공백 정확 일치
poi-src/test-data/spreadsheet/DataTableCities.xlsx,시트 셀,Table!L8,xl/worksheets/sheet2.xml:L8,400000,"_(* #,##0_);_(* \(#,##0\);_(* ""-""??_);_(@_)","_(* 400,000_)"," 400,000 "," 400,000 ",회계 수치·정밀도·통화·공백 정확 일치
poi-src/test-data/spreadsheet/DataTableCities.xlsx,시트 셀,Table!L9,xl/worksheets/sheet2.xml:L9,2106000,"_(* #,##0_);_(* \(#,##0\);_(* ""-""??_);_(@_)","_(* 2,106,000_)"," 2,106,000 "," 2,106,000 ",회계 수치·정밀도·통화·공백 정확 일치
poi-src/test-data/spreadsheet/DateFormatTests.xlsx,시트 셀,Tests!C10,xl/worksheets/sheet2.xml:C10,17816.607951388887,dd\-mmm\-yyyy\ hh:mm:ss.000,1952-10-11 14:35:27,17816.607951388887,17816.607951388887,원시 수치 보존
poi-src/test-data/spreadsheet/DateFormatTests.xlsx,시트 셀,Tests!C11,xl/worksheets/sheet2.xml:C11,17816.607951388887,dd\-mmm\-yyyy\ hh:mm:ss.000,1952-10-11 14:35:27,17816.607951388887,17816.607951388887,원시 수치 보존
poi-src/test-data/spreadsheet/DateFormatTests.xlsx,시트 셀,Tests!C12,xl/worksheets/sheet2.xml:C12,17816.607951388887,dd\-mmm\-yyyy\ hh:mm:ss.000,1952-10-11 14:35:27,17816.607951388887,17816.607951388887,원시 수치 보존
poi-src/test-data/spreadsheet/DateFormatTests.xlsx,시트 셀,Tests!C13,xl/worksheets/sheet2.xml:C13,17816.607951388887,dd\-mmm\-yyyy\ hh:mm:ss.000,1952-10-11 14:35:27,17816.607951388887,17816.607951388887,원시 수치 보존
poi-src/test-data/spreadsheet/DateFormatTests.xlsx,시트 셀,Tests!C14,xl/worksheets/sheet2.xml:C14,17816.607951388887,dd\-mmm\-yyyy\ hh:mm:ss.000,1952-10-11 14:35:27,17816.607951388887,17816.607951388887,원시 수치 보존
poi-src/test-data/spreadsheet/DateFormatTests.xlsx,시트 셀,Tests!C15,xl/worksheets/sheet2.xml:C15,17816.607951388887,dd\-mmm\-yyyy\ hh:mm:ss.000,1952-10-11 14:35:27,17816.607951388887,17816.607951388887,원시 수치 보존
poi-src/test-data/spreadsheet/DateFormatTests.xlsx,시트 셀,Tests!C16,xl/worksheets/sheet2.xml:C16,17816.607951388887,dd\-mmm\-yyyy\ hh:mm:ss.000,1952-10-11 14:35:27,17816.607951388887,17816.607951388887,원시 수치 보존
poi-src/test-data/spreadsheet/DateFormatTests.xlsx,시트 셀,Tests!C17,xl/worksheets/sheet2.xml:C17,17816.607951388887,dd\-mmm\-yyyy\ hh:mm:ss.000,1952-10-11 14:35:27,17816.607951388887,17816.607951388887,원시 수치 보존
poi-src/test-data/spreadsheet/DateFormatTests.xlsx,시트 셀,Tests!C18,xl/worksheets/sheet2.xml:C18,17816.607951388887,dd\-mmm\-yyyy\ hh:mm:ss.000,1952-10-11 14:35:27,17816.607951388887,17816.607951388887,원시 수치 보존
poi-src/test-data/spreadsheet/DateFormatTests.xlsx,시트 셀,Tests!C19,xl/worksheets/sheet2.xml:C19,17816.607951388887,dd\-mmm\-yyyy\ hh:mm:ss.000,1952-10-11 14:35:27,17816.607951388887,17816.607951388887,원시 수치 보존
poi-src/test-data/spreadsheet/DateFormatTests.xlsx,시트 셀,Tests!C2,xl/worksheets/sheet2.xml:C2,17816.607951388887,dd\-mmm\-yyyy\ hh:mm:ss.000,1952-10-11 14:35:27,17816.607951388887,17816.607951388887,원시 수치 보존
poi-src/test-data/spreadsheet/DateFormatTests.xlsx,시트 셀,Tests!C20,xl/worksheets/sheet2.xml:C20,17816.607951388887,dd\-mmm\-yyyy\ hh:mm:ss.000,1952-10-11 14:35:27,17816.607951388887,17816.607951388887,원시 수치 보존
poi-src/test-data/spreadsheet/DateFormatTests.xlsx,시트 셀,Tests!C21,xl/worksheets/sheet2.xml:C21,36191.170208437499,dd\-mmm\-yyyy\ hh:mm:ss.000,2003-02-01 04:05:06,36191.170208437499,36191.170208437499,원시 수치 보존
poi-src/test-data/spreadsheet/DateFormatTests.xlsx,시트 셀,Tests!C22,xl/worksheets/sheet2.xml:C22,36191.170208437499,dd\-mmm\-yyyy\ hh:mm:ss.000,2003-02-01 04:05:06,36191.170208437499,36191.170208437499,원시 수치 보존
poi-src/test-data/spreadsheet/DateFormatTests.xlsx,시트 셀,Tests!C23,xl/worksheets/sheet2.xml:C23,36191.170208437499,dd\-mmm\-yyyy\ hh:mm:ss.000,2003-02-01 04:05:06,36191.170208437499,36191.170208437499,원시 수치 보존
poi-src/test-data/spreadsheet/DateFormatTests.xlsx,시트 셀,Tests!C24,xl/worksheets/sheet2.xml:C24,36191.170208437499,dd\-mmm\-yyyy\ hh:mm:ss.000,2003-02-01 04:05:06,36191.170208437499,36191.170208437499,원시 수치 보존
poi-src/test-data/spreadsheet/DateFormatTests.xlsx,시트 셀,Tests!C25,xl/worksheets/sheet2.xml:C25,36191.170208437499,dd\-mmm\-yyyy\ hh:mm:ss.000,2003-02-01 04:05:06,36191.170208437499,36191.170208437499,원시 수치 보존
poi-src/test-data/spreadsheet/DateFormatTests.xlsx,시트 셀,Tests!C26,xl/worksheets/sheet2.xml:C26,36191.170208437499,dd\-mmm\-yyyy\ hh:mm:ss.000,2003-02-01 04:05:06,36191.170208437499,36191.170208437499,원시 수치 보존
poi-src/test-data/spreadsheet/DateFormatTests.xlsx,시트 셀,Tests!C27,xl/worksheets/sheet2.xml:C27,36191.170208437499,dd\-mmm\-yyyy\ hh:mm:ss.000,2003-02-01 04:05:06,36191.170208437499,36191.170208437499,원시 수치 보존
poi-src/test-data/spreadsheet/DateFormatTests.xlsx,시트 셀,Tests!C28,xl/worksheets/sheet2.xml:C28,36191.170208437499,dd\-mmm\-yyyy\ hh:mm:ss.000,2003-02-01 04:05:06,36191.170208437499,36191.170208437499,원시 수치 보존
poi-src/test-data/spreadsheet/DateFormatTests.xlsx,시트 셀,Tests!C29,xl/worksheets/sheet2.xml:C29,36191.170208437499,dd\-mmm\-yyyy\ hh:mm:ss.000,2003-02-01 04:05:06,36191.170208437499,36191.170208437499,원시 수치 보존
poi-src/test-data/spreadsheet/DateFormatTests.xlsx,시트 셀,Tests!C3,xl/worksheets/sheet2.xml:C3,17816.607951388887,dd\-mmm\-yyyy\ hh:mm:ss.000,1952-10-11 14:35:27,17816.607951388887,17816.607951388887,원시 수치 보존
poi-src/test-data/spreadsheet/DateFormatTests.xlsx,시트 셀,Tests!C30,xl/worksheets/sheet2.xml:C30,36191.170208437499,dd\-mmm\-yyyy\ hh:mm:ss.000,2003-02-01 04:05:06,36191.170208437499,36191.170208437499,원시 수치 보존
poi-src/test-data/spreadsheet/DateFormatTests.xlsx,시트 셀,Tests!C31,xl/worksheets/sheet2.xml:C31,36191.170208437499,dd\-mmm\-yyyy\ hh:mm:ss.000,2003-02-01 04:05:06,36191.170208437499,36191.170208437499,원시 수치 보존
poi-src/test-data/spreadsheet/DateFormatTests.xlsx,시트 셀,Tests!C32,xl/worksheets/sheet2.xml:C32,36191.170208437499,dd\-mmm\-yyyy\ hh:mm:ss.000,2003-02-01 04:05:06,36191.170208437499,36191.170208437499,원시 수치 보존
poi-src/test-data/spreadsheet/DateFormatTests.xlsx,시트 셀,Tests!C33,xl/worksheets/sheet2.xml:C33,36191.170208437499,dd\-mmm\-yyyy\ hh:mm:ss.000,2003-02-01 04:05:06,36191.170208437499,36191.170208437499,원시 수치 보존
poi-src/test-data/spreadsheet/DateFormatTests.xlsx,시트 셀,Tests!C34,xl/worksheets/sheet2.xml:C34,36191.170208437499,dd\-mmm\-yyyy\ hh:mm:ss.000,2003-02-01 04:05:06,36191.170208437499,36191.170208437499,원시 수치 보존
poi-src/test-data/spreadsheet/DateFormatTests.xlsx,시트 셀,Tests!C35,xl/worksheets/sheet2.xml:C35,36191.170208437499,dd\-mmm\-yyyy\ hh:mm:ss.000,2003-02-01 04:05:06,36191.170208437499,36191.170208437499,원시 수치 보존
poi-src/test-data/spreadsheet/DateFormatTests.xlsx,시트 셀,Tests!C36,xl/worksheets/sheet2.xml:C36,36191.170208437499,dd\-mmm\-yyyy\ hh:mm:ss.000,2003-02-01 04:05:06,36191.170208437499,36191.170208437499,원시 수치 보존
poi-src/test-data/spreadsheet/DateFormatTests.xlsx,시트 셀,Tests!C37,xl/worksheets/sheet2.xml:C37,36191.170208437499,dd\-mmm\-yyyy\ hh:mm:ss.000,2003-02-01 04:05:06,36191.170208437499,36191.170208437499,원시 수치 보존
poi-src/test-data/spreadsheet/DateFormatTests.xlsx,시트 셀,Tests!C38,xl/worksheets/sheet2.xml:C38,36191.170208437499,dd\-mmm\-yyyy\ hh:mm:ss.000,2003-02-01 04:05:06,36191.170208437499,36191.170208437499,원시 수치 보존
poi-src/test-data/spreadsheet/DateFormatTests.xlsx,시트 셀,Tests!C39,xl/worksheets/sheet2.xml:C39,36191.170208437499,dd\-mmm\-yyyy\ hh:mm:ss.000,2003-02-01 04:05:06,36191.170208437499,36191.170208437499,원시 수치 보존
poi-src/test-data/spreadsheet/DateFormatTests.xlsx,시트 셀,Tests!C4,xl/worksheets/sheet2.xml:C4,17816.607951388887,dd\-mmm\-yyyy\ hh:mm:ss.000,1952-10-11 14:35:27,17816.607951388887,17816.607951388887,원시 수치 보존
poi-src/test-data/spreadsheet/DateFormatTests.xlsx,시트 셀,Tests!C40,xl/worksheets/sheet2.xml:C40,36191.170208437499,dd\-mmm\-yyyy\ hh:mm:ss.000,2003-02-01 04:05:06,36191.170208437499,36191.170208437499,원시 수치 보존
poi-src/test-data/spreadsheet/DateFormatTests.xlsx,시트 셀,Tests!C41,xl/worksheets/sheet2.xml:C41,44196,dd\-mmm\-yyyy\ hh:mm:ss.000,2025-01-01 00:00:00,44196,44196,원시 수치 보존
poi-src/test-data/spreadsheet/DateFormatTests.xlsx,시트 셀,Tests!C42,xl/worksheets/sheet2.xml:C42,17816.607951388887,dd\-mmm\-yyyy\ hh:mm:ss.000,1952-10-11 14:35:27,17816.607951388887,17816.607951388887,원시 수치 보존
poi-src/test-data/spreadsheet/DateFormatTests.xlsx,시트 셀,Tests!C43,xl/worksheets/sheet2.xml:C43,17816.607951388887,dd\-mmm\-yyyy\ hh:mm:ss.000,1952-10-11 14:35:27,17816.607951388887,17816.607951388887,원시 수치 보존
poi-src/test-data/spreadsheet/DateFormatTests.xlsx,시트 셀,Tests!C44,xl/worksheets/sheet2.xml:C44,17816.607951388887,dd\-mmm\-yyyy\ hh:mm:ss.000,1952-10-11 14:35:27,17816.607951388887,17816.607951388887,원시 수치 보존
poi-src/test-data/spreadsheet/DateFormatTests.xlsx,시트 셀,Tests!C45,xl/worksheets/sheet2.xml:C45,17816.607951388887,dd\-mmm\-yyyy\ hh:mm:ss.000,1952-10-11 14:35:27,17816.607951388887,17816.607951388887,원시 수치 보존
poi-src/test-data/spreadsheet/DateFormatTests.xlsx,시트 셀,Tests!C46,xl/worksheets/sheet2.xml:C46,17816.607951388887,dd\-mmm\-yyyy\ hh:mm:ss.000,1952-10-11 14:35:27,17816.607951388887,17816.607951388887,원시 수치 보존
poi-src/test-data/spreadsheet/DateFormatTests.xlsx,시트 셀,Tests!C5,xl/worksheets/sheet2.xml:C5,17816.607951388887,dd\-mmm\-yyyy\ hh:mm:ss.000,1952-10-11 14:35:27,17816.607951388887,17816.607951388887,원시 수치 보존
poi-src/test-data/spreadsheet/DateFormatTests.xlsx,시트 셀,Tests!C6,xl/worksheets/sheet2.xml:C6,17816.607951388887,dd\-mmm\-yyyy\ hh:mm:ss.000,1952-10-11 14:35:27,17816.607951388887,17816.607951388887,원시 수치 보존
poi-src/test-data/spreadsheet/DateFormatTests.xlsx,시트 셀,Tests!C7,xl/worksheets/sheet2.xml:C7,17816.607951388887,dd\-mmm\-yyyy\ hh:mm:ss.000,1952-10-11 14:35:27,17816.607951388887,17816.607951388887,원시 수치 보존
poi-src/test-data/spreadsheet/DateFormatTests.xlsx,시트 셀,Tests!C8,xl/worksheets/sheet2.xml:C8,17816.607951388887,dd\-mmm\-yyyy\ hh:mm:ss.000,1952-10-11 14:35:27,17816.607951388887,17816.607951388887,원시 수치 보존
poi-src/test-data/spreadsheet/DateFormatTests.xlsx,시트 셀,Tests!C9,xl/worksheets/sheet2.xml:C9,17816.607951388887,dd\-mmm\-yyyy\ hh:mm:ss.000,1952-10-11 14:35:27,17816.607951388887,17816.607951388887,원시 수치 보존
poi-src/test-data/spreadsheet/FormulaEvalTestData_Copy.xlsx,시트 셀,EverythingTests!D1056,xl/worksheets/sheet1.xml:D1056,-0.10558207655117136,"""$""#,##0.00_);[Red]\(""$""#,##0.00\)","-$0.11_) (=PMT(0.01, 10, B16))","-$0.11  (=PMT(0.01, 10, B16))",-$0.11 ,회계 수치·정밀도·통화·공백 정확 일치
poi-src/test-data/spreadsheet/FormulaEvalTestData_Copy.xlsx,시트 셀,EverythingTests!D1092,xl/worksheets/sheet1.xml:D1092,-6.1445671057046853,"""$""#,##0.00_);[Red]\(""$""#,##0.00\)","-$6.14_) (=PV(0.1, 10, B16))","-$6.14  (=PV(0.1, 10, B16))",-$6.14 ,회계 수치·정밀도·통화·공백 정확 일치
poi-src/test-data/spreadsheet/FormulaEvalTestData_Copy.xlsx,시트 셀,EverythingTests!D584,xl/worksheets/sheet1.xml:D584,0,"""$""#,##0.00_);[Red]\(""$""#,##0.00\)","$0.00_) (=FV(0,0,0))","$0.00  (=FV(0,0,0))",$0.00 ,회계 수치·정밀도·통화·공백 정확 일치
poi-src/test-data/spreadsheet/FormulaEvalTestData_Copy.xlsx,시트 셀,EverythingTests!D996,xl/worksheets/sheet1.xml:D996,62368.560400000002,"""$""#,##0.00_);[Red]\(""$""#,##0.00\)","$62,368.56_) (=TRUNC(NPV(5%,AL9:AL12),4))","$62,368.56  (=TRUNC(NPV(5%,AL9:AL12),4))","$62,368.56 ",회계 수치·정밀도·통화·공백 정확 일치
poi-src/test-data/spreadsheet/FormulaEvalTestData_Copy.xlsx,시트 셀,EverythingTests!E1056,xl/worksheets/sheet1.xml:E1056,5.8266127404298702,"""$""#,##0.00_);[Red]\(""$""#,##0.00\)","$5.83_) (=PMT(""0.01"", ""12"", ""200"", ""-300"", TRUE))","$5.83  (=PMT(""0.01"", ""12"", ""200"", ""-300"", TRUE))",$5.83 ,회계 수치·정밀도·통화·공백 정확 일치
poi-src/test-data/spreadsheet/FormulaEvalTestData_Copy.xlsx,시트 셀,EverythingTests!E584,xl/worksheets/sheet1.xml:E584,-1046.2212541120473,"""$""#,##0.00_);[Red]\(""$""#,##0.00\)","-$1,046.22_) (=FV(0.01,10,100))","-$1,046.22  (=FV(0.01,10,100))","-$1,046.22 ",회계 수치·정밀도·통화·공백 정확 일치
poi-src/test-data/spreadsheet/FormulaEvalTestData_Copy.xlsx,시트 셀,EverythingTests!E996,xl/worksheets/sheet1.xml:E996,1188.44,"""$""#,##0.00_);[Red]\(""$""#,##0.00\)","$1,188.44_) (=TRUNC(NPV(10%,-10000,3000,4200,6800),2))","$1,188.44  (=TRUNC(NPV(10%,-10000,3000,4200,6800),2))","$1,188.44 ",회계 수치·정밀도·통화·공백 정확 일치
poi-src/test-data/spreadsheet/FormulaEvalTestData_Copy.xlsx,시트 셀,EverythingTests!F584,xl/worksheets/sheet1.xml:F584,-10.462212541120474,"""$""#,##0.00_);[Red]\(""$""#,##0.00\)","-$10.46_) (=FV(0.01,10,B16))","-$10.46  (=FV(0.01,10,B16))",-$10.46 ,회계 수치·정밀도·통화·공백 정확 일치
poi-src/test-data/spreadsheet/LIBRE_OFFICE-128382-0.xlsx,시트 셀,Basic features!B10,xl/worksheets/sheet1.xml:B10,1462,"_([$$-409]* #,##0.00_);_([$$-409]* \(#,##0.00\);_([$$-409]* ""-""??_);_(@_)","_(* $1,462.00_)"," $1,462.00 "," $1,462.00 ",회계 수치·정밀도·통화·공백 정확 일치
poi-src/test-data/spreadsheet/LIBRE_OFFICE-128382-0.xlsx,시트 셀,Basic features!B11,xl/worksheets/sheet1.xml:B11,1310.4000000000001,"_([$$-409]* #,##0.00_);_([$$-409]* \(#,##0.00\);_([$$-409]* ""-""??_);_(@_)","_(* $1,310.40_)"," $1,310.40 "," $1,310.40 ",회계 수치·정밀도·통화·공백 정확 일치
poi-src/test-data/spreadsheet/LIBRE_OFFICE-128382-0.xlsx,시트 셀,Basic features!B12,xl/worksheets/sheet1.xml:B12,3202.8699999999999,"_([$$-409]* #,##0.00_);_([$$-409]* \(#,##0.00\);_([$$-409]* ""-""??_);_(@_)","_(* $3,202.87_)"," $3,202.87 "," $3,202.87 ",회계 수치·정밀도·통화·공백 정확 일치
poi-src/test-data/spreadsheet/LIBRE_OFFICE-128382-0.xlsx,시트 셀,Basic features!B13,xl/worksheets/sheet1.xml:B13,19239.040000000001,"_([$$-409]* #,##0.00_);_([$$-409]* \(#,##0.00\);_([$$-409]* ""-""??_);_(@_)","_(* $19,239.04_) (=SUBTOTAL(109,Таблица1[[Sum for Q1 ]]))"," $19,239.04  (=SUBTOTAL(109,Таблица1[[Sum for Q1 ]]))"," $19,239.04 ",회계 수치·정밀도·통화·공백 정확 일치
poi-src/test-data/spreadsheet/LIBRE_OFFICE-128382-0.xlsx,시트 셀,Basic features!B3,xl/worksheets/sheet1.xml:B3,2667.5999999999999,"_([$$-409]* #,##0.00_);_([$$-409]* \(#,##0.00\);_([$$-409]* ""-""??_);_(@_)","_(* $2,667.60_)"," $2,667.60 "," $2,667.60 ",회계 수치·정밀도·통화·공백 정확 일치
poi-src/test-data/spreadsheet/LIBRE_OFFICE-128382-0.xlsx,시트 셀,Basic features!B4,xl/worksheets/sheet1.xml:B4,1768.4100000000001,"_([$$-409]* #,##0.00_);_([$$-409]* \(#,##0.00\);_([$$-409]* ""-""??_);_(@_)","_(* $1,768.41_)"," $1,768.41 "," $1,768.41 ",회계 수치·정밀도·통화·공백 정확 일치
poi-src/test-data/spreadsheet/LIBRE_OFFICE-128382-0.xlsx,시트 셀,Basic features!B5,xl/worksheets/sheet1.xml:B5,3182.4000000000001,"_([$$-409]* #,##0.00_);_([$$-409]* \(#,##0.00\);_([$$-409]* ""-""??_);_(@_)","_(* $3,182.40_)"," $3,182.40 "," $3,182.40 ",회계 수치·정밀도·통화·공백 정확 일치
poi-src/test-data/spreadsheet/LIBRE_OFFICE-128382-0.xlsx,시트 셀,Basic features!B6,xl/worksheets/sheet1.xml:B6,1398.4000000000001,"_([$$-409]* #,##0.00_);_([$$-409]* \(#,##0.00\);_([$$-409]* ""-""??_);_(@_)","_(* $1,398.40_)"," $1,398.40 "," $1,398.40 ",회계 수치·정밀도·통화·공백 정확 일치
poi-src/test-data/spreadsheet/LIBRE_OFFICE-128382-0.xlsx,시트 셀,Basic features!B7,xl/worksheets/sheet1.xml:B7,1347.3599999999999,"_([$$-409]* #,##0.00_);_([$$-409]* \(#,##0.00\);_([$$-409]* ""-""??_);_(@_)","_(* $1,347.36_)"," $1,347.36 "," $1,347.36 ",회계 수치·정밀도·통화·공백 정확 일치
poi-src/test-data/spreadsheet/LIBRE_OFFICE-128382-0.xlsx,시트 셀,Basic features!B8,xl/worksheets/sheet1.xml:B8,1509.5999999999999,"_([$$-409]* #,##0.00_);_([$$-409]* \(#,##0.00\);_([$$-409]* ""-""??_);_(@_)","_(* $1,509.60_)"," $1,509.60 "," $1,509.60 ",회계 수치·정밀도·통화·공백 정확 일치
poi-src/test-data/spreadsheet/LIBRE_OFFICE-128382-0.xlsx,시트 셀,Basic features!B9,xl/worksheets/sheet1.xml:B9,1390,"_([$$-409]* #,##0.00_);_([$$-409]* \(#,##0.00\);_([$$-409]* ""-""??_);_(@_)","_(* $1,390.00_)"," $1,390.00 "," $1,390.00 ",회계 수치·정밀도·통화·공백 정확 일치
poi-src/test-data/spreadsheet/LIBRE_OFFICE-128382-0.xlsx,시트 셀,Basic features!C10,xl/worksheets/sheet1.xml:C10,644,"_([$$-409]* #,##0.00_);_([$$-409]* \(#,##0.00\);_([$$-409]* ""-""??_);_(@_)",_(* $644.00_), $644.00 , $644.00 ,회계 수치·정밀도·통화·공백 정확 일치
poi-src/test-data/spreadsheet/LIBRE_OFFICE-128382-0.xlsx,시트 셀,Basic features!C11,xl/worksheets/sheet1.xml:C11,1368,"_([$$-409]* #,##0.00_);_([$$-409]* \(#,##0.00\);_([$$-409]* ""-""??_);_(@_)","_(* $1,368.00_)"," $1,368.00 "," $1,368.00 ",회계 수치·정밀도·통화·공백 정확 일치
poi-src/test-data/spreadsheet/LIBRE_OFFICE-128382-0.xlsx,시트 셀,Basic features!C12,xl/worksheets/sheet1.xml:C12,263.39999999999998,"_([$$-409]* #,##0.00_);_([$$-409]* \(#,##0.00\);_([$$-409]* ""-""??_);_(@_)",_(* $263.40_), $263.40 , $263.40 ,회계 수치·정밀도·통화·공백 정확 일치
poi-src/test-data/spreadsheet/LIBRE_OFFICE-128382-0.xlsx,시트 셀,Basic features!C13,xl/worksheets/sheet1.xml:C13,25215.790000000005,"_([$$-409]* #,##0.00_);_([$$-409]* \(#,##0.00\);_([$$-409]* ""-""??_);_(@_)","_(* $25,215.79_) (=SUBTOTAL(109,Таблица1[[ Sum for Q2 ]]))"," $25,215.79  (=SUBTOTAL(109,Таблица1[[ Sum for Q2 ]]))"," $25,215.79 ",회계 수치·정밀도·통화·공백 정확 일치
poi-src/test-data/spreadsheet/LIBRE_OFFICE-128382-0.xlsx,시트 셀,Basic features!C3,xl/worksheets/sheet1.xml:C3,4013.0999999999999,"_([$$-409]* #,##0.00_);_([$$-409]* \(#,##0.00\);_([$$-409]* ""-""??_);_(@_)","_(* $4,013.10_)"," $4,013.10 "," $4,013.10 ",회계 수치·정밀도·통화·공백 정확 일치
poi-src/test-data/spreadsheet/LIBRE_OFFICE-128382-0.xlsx,시트 셀,Basic features!C4,xl/worksheets/sheet1.xml:C4,1978,"_([$$-409]* #,##0.00_);_([$$-409]* \(#,##0.00\);_([$$-409]* ""-""??_);_(@_)","_(* $1,978.00_)"," $1,978.00 "," $1,978.00 ",회계 수치·정밀도·통화·공백 정확 일치
poi-src/test-data/spreadsheet/LIBRE_OFFICE-128382-0.xlsx,시트 셀,Basic features!C5,xl/worksheets/sheet1.xml:C5,4683.5,"_([$$-409]* #,##0.00_);_([$$-409]* \(#,##0.00\);_([$$-409]* ""-""??_);_(@_)","_(* $4,683.50_)"," $4,683.50 "," $4,683.50 ",회계 수치·정밀도·통화·공백 정확 일치
poi-src/test-data/spreadsheet/LIBRE_OFFICE-128382-0.xlsx,시트 셀,Basic features!C6,xl/worksheets/sheet1.xml:C6,4496.5,"_([$$-409]* #,##0.00_);_([$$-409]* \(#,##0.00\);_([$$-409]* ""-""??_);_(@_)","_(* $4,496.50_)"," $4,496.50 "," $4,496.50 ",회계 수치·정밀도·통화·공백 정확 일치
poi-src/test-data/spreadsheet/LIBRE_OFFICE-128382-0.xlsx,시트 셀,Basic features!C7,xl/worksheets/sheet1.xml:C7,2750.6900000000001,"_([$$-409]* #,##0.00_);_([$$-409]* \(#,##0.00\);_([$$-409]* ""-""??_);_(@_)","_(* $2,750.69_)"," $2,750.69 "," $2,750.69 ",회계 수치·정밀도·통화·공백 정확 일치
poi-src/test-data/spreadsheet/LIBRE_OFFICE-128382-0.xlsx,시트 셀,Basic features!C8,xl/worksheets/sheet1.xml:C8,530.39999999999998,"_([$$-409]* #,##0.00_);_([$$-409]* \(#,##0.00\);_([$$-409]* ""-""??_);_(@_)",_(* $530.40_), $530.40 , $530.40 ,회계 수치·정밀도·통화·공백 정확 일치
poi-src/test-data/spreadsheet/LIBRE_OFFICE-128382-0.xlsx,시트 셀,Basic features!C9,xl/worksheets/sheet1.xml:C9,4488.1999999999998,"_([$$-409]* #,##0.00_);_([$$-409]* \(#,##0.00\);_([$$-409]* ""-""??_);_(@_)","_(* $4,488.20_)"," $4,488.20 "," $4,488.20 ",회계 수치·정밀도·통화·공백 정확 일치
poi-src/test-data/spreadsheet/LIBRE_OFFICE-128382-0.xlsx,시트 셀,Basic features!D10,xl/worksheets/sheet1.xml:D10,1733,"_([$$-409]* #,##0.00_);_([$$-409]* \(#,##0.00\);_([$$-409]* ""-""??_);_(@_)","_(* $1,733.00_)"," $1,733.00 "," $1,733.00 ",회계 수치·정밀도·통화·공백 정확 일치
poi-src/test-data/spreadsheet/LIBRE_OFFICE-128382-0.xlsx,시트 셀,Basic features!D11,xl/worksheets/sheet1.xml:D11,1323,"_([$$-409]* #,##0.00_);_([$$-409]* \(#,##0.00\);_([$$-409]* ""-""??_);_(@_)","_(* $1,323.00_)"," $1,323.00 "," $1,323.00 ",회계 수치·정밀도·통화·공백 정확 일치
poi-src/test-data/spreadsheet/LIBRE_OFFICE-128382-0.xlsx,시트 셀,Basic features!D12,xl/worksheets/sheet1.xml:D12,842.88,"_([$$-409]* #,##0.00_);_([$$-409]* \(#,##0.00\);_([$$-409]* ""-""??_);_(@_)",_(* $842.88_), $842.88 , $842.88 ,회계 수치·정밀도·통화·공백 정확 일치
poi-src/test-data/spreadsheet/LIBRE_OFFICE-128382-0.xlsx,시트 셀,Basic features!D13,xl/worksheets/sheet1.xml:D13,28393.919999999998,"_([$$-409]* #,##0.00_);_([$$-409]* \(#,##0.00\);_([$$-409]* ""-""??_);_(@_)","_(* $28,393.92_) (=SUBTOTAL(109,Таблица1[Sum for Q3]))"," $28,393.92  (=SUBTOTAL(109,Таблица1[Sum for Q3]))"," $28,393.92 ",회계 수치·정밀도·통화·공백 정확 일치
poi-src/test-data/spreadsheet/LIBRE_OFFICE-128382-0.xlsx,시트 셀,Basic features!D3,xl/worksheets/sheet1.xml:D3,4836,"_([$$-409]* #,##0.00_);_([$$-409]* \(#,##0.00\);_([$$-409]* ""-""??_);_(@_)","_(* $4,836.00_)"," $4,836.00 "," $4,836.00 ",회계 수치·정밀도·통화·공백 정확 일치
poi-src/test-data/spreadsheet/LIBRE_OFFICE-128382-0.xlsx,시트 셀,Basic features!D4,xl/worksheets/sheet1.xml:D4,4412.3199999999997,"_([$$-409]* #,##0.00_);_([$$-409]* \(#,##0.00\);_([$$-409]* ""-""??_);_(@_)","_(* $4,412.32_)"," $4,412.32 "," $4,412.32 ",회계 수치·정밀도·통화·공백 정확 일치
poi-src/test-data/spreadsheet/LIBRE_OFFICE-128382-0.xlsx,시트 셀,Basic features!D5,xl/worksheets/sheet1.xml:D5,9579.5,"_([$$-409]* #,##0.00_);_([$$-409]* \(#,##0.00\);_([$$-409]* ""-""??_);_(@_)","_(* $9,579.50_)"," $9,579.50 "," $9,579.50 ",회계 수치·정밀도·통화·공백 정확 일치
poi-src/test-data/spreadsheet/LIBRE_OFFICE-128382-0.xlsx,시트 셀,Basic features!D6,xl/worksheets/sheet1.xml:D6,1196,"_([$$-409]* #,##0.00_);_([$$-409]* \(#,##0.00\);_([$$-409]* ""-""??_);_(@_)","_(* $1,196.00_)"," $1,196.00 "," $1,196.00 ",회계 수치·정밀도·통화·공백 정확 일치
poi-src/test-data/spreadsheet/LIBRE_OFFICE-128382-0.xlsx,시트 셀,Basic features!D7,xl/worksheets/sheet1.xml:D7,1375.6199999999999,"_([$$-409]* #,##0.00_);_([$$-409]* \(#,##0.00\);_([$$-409]* ""-""??_);_(@_)","_(* $1,375.62_)"," $1,375.62 "," $1,375.62 ",회계 수치·정밀도·통화·공백 정확 일치
poi-src/test-data/spreadsheet/LIBRE_OFFICE-128382-0.xlsx,시트 셀,Basic features!D8,xl/worksheets/sheet1.xml:D8,68,"_([$$-409]* #,##0.00_);_([$$-409]* \(#,##0.00\);_([$$-409]* ""-""??_);_(@_)",_(* $68.00_), $68.00 , $68.00 ,회계 수치·정밀도·통화·공백 정확 일치
poi-src/test-data/spreadsheet/LIBRE_OFFICE-128382-0.xlsx,시트 셀,Basic features!D9,xl/worksheets/sheet1.xml:D9,3027.5999999999999,"_([$$-409]* #,##0.00_);_([$$-409]* \(#,##0.00\);_([$$-409]* ""-""??_);_(@_)","_(* $3,027.60_)"," $3,027.60 "," $3,027.60 ",회계 수치·정밀도·통화·공백 정확 일치
poi-src/test-data/spreadsheet/LIBRE_OFFICE-128382-0.xlsx,시트 셀,Basic features!E10,xl/worksheets/sheet1.xml:E10,1434,"_([$$-409]* #,##0.00_);_([$$-409]* \(#,##0.00\);_([$$-409]* ""-""??_);_(@_)","_(* $1,434.00_)"," $1,434.00 "," $1,434.00 ",회계 수치·정밀도·통화·공백 정확 일치
poi-src/test-data/spreadsheet/LIBRE_OFFICE-128382-0.xlsx,시트 셀,Basic features!E11,xl/worksheets/sheet1.xml:E11,1273.5,"_([$$-409]* #,##0.00_);_([$$-409]* \(#,##0.00\);_([$$-409]* ""-""??_);_(@_)","_(* $1,273.50_)"," $1,273.50 "," $1,273.50 ",회계 수치·정밀도·통화·공백 정확 일치
poi-src/test-data/spreadsheet/LIBRE_OFFICE-128382-0.xlsx,시트 셀,Basic features!E12,xl/worksheets/sheet1.xml:E12,2590.0999999999999,"_([$$-409]* #,##0.00_);_([$$-409]* \(#,##0.00\);_([$$-409]* ""-""??_);_(@_)","_(* $2,590.10_)"," $2,590.10 "," $2,590.10 ",회계 수치·정밀도·통화·공백 정확 일치
poi-src/test-data/spreadsheet/LIBRE_OFFICE-128382-0.xlsx,시트 셀,Basic features!E13,xl/worksheets/sheet1.xml:E13,27527.009999999998,"_([$$-409]* #,##0.00_);_([$$-409]* \(#,##0.00\);_([$$-409]* ""-""??_);_(@_)","_(* $27,527.01_) (=SUBTOTAL(109,Таблица1[Sum for Q4]))"," $27,527.01  (=SUBTOTAL(109,Таблица1[Sum for Q4]))"," $27,527.01 ",회계 수치·정밀도·통화·공백 정확 일치
poi-src/test-data/spreadsheet/LIBRE_OFFICE-128382-0.xlsx,시트 셀,Basic features!E3,xl/worksheets/sheet1.xml:E3,6087.8999999999996,"_([$$-409]* #,##0.00_);_([$$-409]* \(#,##0.00\);_([$$-409]* ""-""??_);_(@_)","_(* $6,087.90_)"," $6,087.90 "," $6,087.90 ",회계 수치·정밀도·통화·공백 정확 일치
poi-src/test-data/spreadsheet/LIBRE_OFFICE-128382-0.xlsx,시트 셀,Basic features!E4,xl/worksheets/sheet1.xml:E4,1656,"_([$$-409]* #,##0.00_);_([$$-409]* \(#,##0.00\);_([$$-409]* ""-""??_);_(@_)","_(* $1,656.00_)"," $1,656.00 "," $1,656.00 ",회계 수치·정밀도·통화·공백 정확 일치
poi-src/test-data/spreadsheet/LIBRE_OFFICE-128382-0.xlsx,시트 셀,Basic features!E5,xl/worksheets/sheet1.xml:E5,3060,"_([$$-409]* #,##0.00_);_([$$-409]* \(#,##0.00\);_([$$-409]* ""-""??_);_(@_)","_(* $3,060.00_)"," $3,060.00 "," $3,060.00 ",회계 수치·정밀도·통화·공백 정확 일치
poi-src/test-data/spreadsheet/LIBRE_OFFICE-128382-0.xlsx,시트 셀,Basic features!E6,xl/worksheets/sheet1.xml:E6,3979,"_([$$-409]* #,##0.00_);_([$$-409]* \(#,##0.00\);_([$$-409]* ""-""??_);_(@_)","_(* $3,979.00_)"," $3,979.00 "," $3,979.00 ",회계 수치·정밀도·통화·공백 정확 일치
poi-src/test-data/spreadsheet/LIBRE_OFFICE-128382-0.xlsx,시트 셀,Basic features!E7,xl/worksheets/sheet1.xml:E7,3899.5100000000002,"_([$$-409]* #,##0.00_);_([$$-409]* \(#,##0.00\);_([$$-409]* ""-""??_);_(@_)","_(* $3,899.51_)"," $3,899.51 "," $3,899.51 ",회계 수치·정밀도·통화·공백 정확 일치
poi-src/test-data/spreadsheet/LIBRE_OFFICE-128382-0.xlsx,시트 셀,Basic features!E8,xl/worksheets/sheet1.xml:E8,850,"_([$$-409]* #,##0.00_);_([$$-409]* \(#,##0.00\);_([$$-409]* ""-""??_);_(@_)",_(* $850.00_), $850.00 , $850.00 ,회계 수치·정밀도·통화·공백 정확 일치
poi-src/test-data/spreadsheet/LIBRE_OFFICE-128382-0.xlsx,시트 셀,Basic features!E9,xl/worksheets/sheet1.xml:E9,2697,"_([$$-409]* #,##0.00_);_([$$-409]* \(#,##0.00\);_([$$-409]* ""-""??_);_(@_)","_(* $2,697.00_)"," $2,697.00 "," $2,697.00 ",회계 수치·정밀도·통화·공백 정확 일치
poi-src/test-data/spreadsheet/WithChartSheet.xlsx,시트 셀,Sheet1!C10,xl/worksheets/sheet1.xml:C10,1218726,"""$""#,##0_);[Red]\(""$""#,##0\)","$1,218,726_)","$1,218,726 ","$1,218,726 ",회계 수치·정밀도·통화·공백 정확 일치
poi-src/test-data/spreadsheet/WithChartSheet.xlsx,시트 셀,Sheet1!C11,xl/worksheets/sheet1.xml:C11,19524378,"""$""#,##0_);[Red]\(""$""#,##0\)","$19,524,378_)","$19,524,378 ","$19,524,378 ",회계 수치·정밀도·통화·공백 정확 일치
poi-src/test-data/spreadsheet/WithChartSheet.xlsx,시트 셀,Sheet1!C12,xl/worksheets/sheet1.xml:C12,1241525,"""$""#,##0_);[Red]\(""$""#,##0\)","$1,241,525_)","$1,241,525 ","$1,241,525 ",회계 수치·정밀도·통화·공백 정확 일치
poi-src/test-data/spreadsheet/WithChartSheet.xlsx,시트 셀,Sheet1!C13,xl/worksheets/sheet1.xml:C13,875455,"""$""#,##0_);[Red]\(""$""#,##0\)","$875,455_)","$875,455 ","$875,455 ",회계 수치·정밀도·통화·공백 정확 일치
poi-src/test-data/spreadsheet/WithChartSheet.xlsx,시트 셀,Sheet1!C2,xl/worksheets/sheet1.xml:C2,889017,"""$""#,##0_);[Red]\(""$""#,##0\)","$889,017_)","$889,017 ","$889,017 ",회계 수치·정밀도·통화·공백 정확 일치
poi-src/test-data/spreadsheet/WithChartSheet.xlsx,시트 셀,Sheet1!C3,xl/worksheets/sheet1.xml:C3,13114909,"""$""#,##0_);[Red]\(""$""#,##0\)","$13,114,909_)","$13,114,909 ","$13,114,909 ",회계 수치·정밀도·통화·공백 정확 일치
poi-src/test-data/spreadsheet/WithChartSheet.xlsx,시트 셀,Sheet1!C4,xl/worksheets/sheet1.xml:C4,768187,"""$""#,##0_);[Red]\(""$""#,##0\)","$768,187_)","$768,187 ","$768,187 ",회계 수치·정밀도·통화·공백 정확 일치
poi-src/test-data/spreadsheet/WithChartSheet.xlsx,시트 셀,Sheet1!C5,xl/worksheets/sheet1.xml:C5,583350,"""$""#,##0_);[Red]\(""$""#,##0\)","$583,350_)","$583,350 ","$583,350 ",회계 수치·정밀도·통화·공백 정확 일치
poi-src/test-data/spreadsheet/WithChartSheet.xlsx,시트 셀,Sheet1!C6,xl/worksheets/sheet1.xml:C6,1025796,"""$""#,##0_);[Red]\(""$""#,##0\)","$1,025,796_)","$1,025,796 ","$1,025,796 ",회계 수치·정밀도·통화·공백 정확 일치
poi-src/test-data/spreadsheet/WithChartSheet.xlsx,시트 셀,Sheet1!C7,xl/worksheets/sheet1.xml:C7,15910763,"""$""#,##0_);[Red]\(""$""#,##0\)","$15,910,763_)","$15,910,763 ","$15,910,763 ",회계 수치·정밀도·통화·공백 정확 일치
poi-src/test-data/spreadsheet/WithChartSheet.xlsx,시트 셀,Sheet1!C8,xl/worksheets/sheet1.xml:C8,961323,"""$""#,##0_);[Red]\(""$""#,##0\)","$961,323_)","$961,323 ","$961,323 ",회계 수치·정밀도·통화·공백 정확 일치
poi-src/test-data/spreadsheet/WithChartSheet.xlsx,시트 셀,Sheet1!C9,xl/worksheets/sheet1.xml:C9,695300,"""$""#,##0_);[Red]\(""$""#,##0\)","$695,300_)","$695,300 ","$695,300 ",회계 수치·정밀도·통화·공백 정확 일치
poi-src/test-data/spreadsheet/WithChartSheet.xlsx,시트 셀,Sheet1!D3,xl/worksheets/sheet1.xml:D3,15883893,"""$""#,##0_);[Red]\(""$""#,##0\)","$15,883,893_)","$15,883,893 ","$15,883,893 ",회계 수치·정밀도·통화·공백 정확 일치
poi-src/test-data/spreadsheet/WithChartSheet.xlsx,시트 셀,Sheet1!D4,xl/worksheets/sheet1.xml:D4,823227.875,"""$""#,##0_);[Red]\(""$""#,##0\)","$823,228_)","$823,228 ","$823,228 ",회계 수치·정밀도·통화·공백 정확 일치
poi-src/test-data/spreadsheet/WithChartSheet.xlsx,시트 셀,Sheet1!D5,xl/worksheets/sheet1.xml:D5,626592.1875,"""$""#,##0_);[Red]\(""$""#,##0\)","$626,592_)","$626,592 ","$626,592 ",회계 수치·정밀도·통화·공백 정확 일치
poi-src/test-data/spreadsheet/WithChartSheet.xlsx,시트 셀,Sheet1!D6,xl/worksheets/sheet1.xml:D6,1320585.375,"""$""#,##0_);[Red]\(""$""#,##0\)","$1,320,585_)","$1,320,585 ","$1,320,585 ",회계 수치·정밀도·통화·공백 정확 일치
poi-src/test-data/spreadsheet/XSSFSheet.copyRows.xlsx,시트 셀,Sheet1!O2,xl/worksheets/sheet1.xml:O2,100.2,"""$""#,##0.00_);[Red]\(""$""#,##0.00\)",$100.20_),$100.20 ,$100.20 ,회계 수치·정밀도·통화·공백 정확 일치
poi-src/test-data/spreadsheet/XSSFSheet.copyRows.xlsx,시트 셀,Sheet1!O3,xl/worksheets/sheet1.xml:O3,100.2,"""$""#,##0.00_);[Red]\(""$""#,##0.00\)",$100.20_),$100.20 ,$100.20 ,회계 수치·정밀도·통화·공백 정확 일치
poi-src/test-data/spreadsheet/bug60858.xlsx,시트 셀,Arbeitszeitcheck_2.3!N2,xl/worksheets/sheet1.xml:N2,-1.0,builtin:14,1899-12-30,-1.0,-1.0,원시 수치 보존
poi-src/test-data/spreadsheet/bug66215.xlsx,시트 셀,Tabelle2!D4,xl/worksheets/sheet1.xml:D4,123,"_-* #,##0.00\ ""€""_-;\-* #,##0.00\ ""€""_-;_-* ""-""??\ ""€""_-;_-@_-",_-* 123.00 €_-, 123.00 € , 123.00 € ,회계 수치·정밀도·통화·공백 정확 일치
poi-src/test-data/spreadsheet/bug66215.xlsx,시트 셀,Tabelle2!D5,xl/worksheets/sheet1.xml:D5,456,"_-* #,##0.00\ ""€""_-;\-* #,##0.00\ ""€""_-;_-* ""-""??\ ""€""_-;_-@_-",_-* 456.00 €_-, 456.00 € , 456.00 € ,회계 수치·정밀도·통화·공백 정확 일치
poi-src/test-data/spreadsheet/bug66215.xlsx,시트 셀,Tabelle2!D6,xl/worksheets/sheet1.xml:D6,345,"_-* #,##0.00\ ""€""_-;\-* #,##0.00\ ""€""_-;_-* ""-""??\ ""€""_-;_-@_-",_-* 345.00 €_-, 345.00 € , 345.00 € ,회계 수치·정밀도·통화·공백 정확 일치
poi-src/test-data/spreadsheet/bug66215.xlsx,시트 셀,Tabelle2!D7,xl/worksheets/sheet1.xml:D7,308,"_-* #,##0.00\ ""€""_-;\-* #,##0.00\ ""€""_-;_-* ""-""??\ ""€""_-;_-@_-","_-* 308.00 €_- (=SUBTOTAL(101,Tabelle1[Amount]))"," 308.00 €  (=SUBTOTAL(101,Tabelle1[Amount]))", 308.00 € ,회계 수치·정밀도·통화·공백 정확 일치
poi-src/test-data/spreadsheet/bug66215.xlsx,시트 셀,Tabelle2!E4,xl/worksheets/sheet1.xml:E4,246,"_-* #,##0.00\ ""€""_-;\-* #,##0.00\ ""€""_-;_-* ""-""??\ ""€""_-;_-@_-","_-* 246.00 €_- (=Tabelle1[[#This Row],[Quantity]]*Tabelle1[[#This Row],[Amount]])"," 246.00 €  (=Tabelle1[[#This Row],[Quantity]]*Tabelle1[[#This Row],[Amount]])", 246.00 € ,회계 수치·정밀도·통화·공백 정확 일치
poi-src/test-data/spreadsheet/bug66215.xlsx,시트 셀,Tabelle2!E5,xl/worksheets/sheet1.xml:E5,1368,"_-* #,##0.00\ ""€""_-;\-* #,##0.00\ ""€""_-;_-* ""-""??\ ""€""_-;_-@_-","_-* 1,368.00 €_- (=Tabelle1[[#This Row],[Quantity]]*Tabelle1[[#This Row],[Amount]])"," 1,368.00 €  (=Tabelle1[[#This Row],[Quantity]]*Tabelle1[[#This Row],[Amount]])"," 1,368.00 € ",회계 수치·정밀도·통화·공백 정확 일치
poi-src/test-data/spreadsheet/bug66215.xlsx,시트 셀,Tabelle2!E6,xl/worksheets/sheet1.xml:E6,1380,"_-* #,##0.00\ ""€""_-;\-* #,##0.00\ ""€""_-;_-* ""-""??\ ""€""_-;_-@_-","_-* 1,380.00 €_- (=Tabelle1[[#This Row],[Quantity]]*Tabelle1[[#This Row],[Amount]])"," 1,380.00 €  (=Tabelle1[[#This Row],[Quantity]]*Tabelle1[[#This Row],[Amount]])"," 1,380.00 € ",회계 수치·정밀도·통화·공백 정확 일치
poi-src/test-data/spreadsheet/bug66215.xlsx,시트 셀,Tabelle2!E7,xl/worksheets/sheet1.xml:E7,2994,"_-* #,##0.00\ ""€""_-;\-* #,##0.00\ ""€""_-;_-* ""-""??\ ""€""_-;_-@_-","_-* 2,994.00 €_- (=SUBTOTAL(109,Tabelle1[Total]))"," 2,994.00 €  (=SUBTOTAL(109,Tabelle1[Total]))"," 2,994.00 € ",회계 수치·정밀도·통화·공백 정확 일치
poi-src/test-data/spreadsheet/decimal-format.xlsx,시트 셀,Sheet1!A1,xl/worksheets/sheet1.xml:A1,1.005,0.00_ ,1.00_ ,1.00 ,1.00 ,회계 수치·정밀도·통화·공백 정확 일치
poi-src/test-data/spreadsheet/decimal-format.xlsx,시트 셀,Sheet1!A2,xl/worksheets/sheet1.xml:A2,1.004,0.00_ ,1.00_ ,1.00 ,1.00 ,회계 수치·정밀도·통화·공백 정확 일치
poi-src/test-data/spreadsheet/mv-calculator-final-2-20-2013.xlsm,시트 셀,MV Cont. Table - Combined!DI10,xl/worksheets/sheet7.xml:DI10,3.4941539999999999E-6,"#,##0.000_);\(#,##0.000\)",0.000_),0.000 ,0.000 ,회계 수치·정밀도·통화·공백 정확 일치
poi-src/test-data/spreadsheet/mv-calculator-final-2-20-2013.xlsm,시트 셀,MV Cont. Table - Combined!DI11,xl/worksheets/sheet7.xml:DI11,3.1237664000000001E-6,"#,##0.000_);\(#,##0.000\)",0.000_),0.000 ,0.000 ,회계 수치·정밀도·통화·공백 정확 일치
poi-src/test-data/spreadsheet/mv-calculator-final-2-20-2013.xlsm,시트 셀,MV Cont. Table - Combined!DI12,xl/worksheets/sheet7.xml:DI12,2.8405986999999999E-6,"#,##0.000_);\(#,##0.000\)",0.000_),0.000 ,0.000 ,회계 수치·정밀도·통화·공백 정확 일치
poi-src/test-data/spreadsheet/mv-calculator-final-2-20-2013.xlsm,시트 셀,MV Cont. Table - Combined!DI13,xl/worksheets/sheet7.xml:DI13,5.1694709000000001E-6,"#,##0.000_);\(#,##0.000\)",0.000_),0.000 ,0.000 ,회계 수치·정밀도·통화·공백 정확 일치
poi-src/test-data/spreadsheet/mv-calculator-final-2-20-2013.xlsm,시트 셀,MV Cont. Table - Combined!DI14,xl/worksheets/sheet7.xml:DI14,1.3513600000000001E-5,"#,##0.000_);\(#,##0.000\)",0.000_),0.000 ,0.000 ,회계 수치·정밀도·통화·공백 정확 일치
poi-src/test-data/spreadsheet/mv-calculator-final-2-20-2013.xlsm,시트 셀,MV Cont. Table - Combined!DI15,xl/worksheets/sheet7.xml:DI15,2.8803399999999999E-5,"#,##0.000_);\(#,##0.000\)",0.000_),0.000 ,0.000 ,회계 수치·정밀도·통화·공백 정확 일치
poi-src/test-data/spreadsheet/mv-calculator-final-2-20-2013.xlsm,시트 셀,MV Cont. Table - Combined!DI16,xl/worksheets/sheet7.xml:DI16,4.9218899999999997E-5,"#,##0.000_);\(#,##0.000\)",0.000_),0.000 ,0.000 ,회계 수치·정밀도·통화·공백 정확 일치
poi-src/test-data/spreadsheet/mv-calculator-final-2-20-2013.xlsm,시트 셀,MV Cont. Table - Combined!DI17,xl/worksheets/sheet7.xml:DI17,6.2589900000000002E-5,"#,##0.000_);\(#,##0.000\)",0.000_),0.000 ,0.000 ,회계 수치·정밀도·통화·공백 정확 일치
poi-src/test-data/spreadsheet/mv-calculator-final-2-20-2013.xlsm,시트 셀,MV Cont. Table - Combined!DI18,xl/worksheets/sheet7.xml:DI18,9.2103799999999997E-5,"#,##0.000_);\(#,##0.000\)",0.000_),0.000 ,0.000 ,회계 수치·정밀도·통화·공백 정확 일치
poi-src/test-data/spreadsheet/mv-calculator-final-2-20-2013.xlsm,시트 셀,MV Cont. Table - Combined!DI19,xl/worksheets/sheet7.xml:DI19,1.2927070000000001E-4,"#,##0.000_);\(#,##0.000\)",0.000_),0.000 ,0.000 ,회계 수치·정밀도·통화·공백 정확 일치
poi-src/test-data/spreadsheet/mv-calculator-final-2-20-2013.xlsm,시트 셀,MV Cont. Table - Combined!DI20,xl/worksheets/sheet7.xml:DI20,1.5552839999999999E-4,"#,##0.000_);\(#,##0.000\)",0.000_),0.000 ,0.000 ,회계 수치·정밀도·통화·공백 정확 일치
poi-src/test-data/spreadsheet/mv-calculator-final-2-20-2013.xlsm,시트 셀,MV Cont. Table - Combined!DI21,xl/worksheets/sheet7.xml:DI21,2.1101400000000001E-4,"#,##0.000_);\(#,##0.000\)",0.000_),0.000 ,0.000 ,회계 수치·정밀도·통화·공백 정확 일치
poi-src/test-data/spreadsheet/mv-calculator-final-2-20-2013.xlsm,시트 셀,MV Cont. Table - Combined!DI22,xl/worksheets/sheet7.xml:DI22,2.5916760000000002E-4,"#,##0.000_);\(#,##0.000\)",0.000_),0.000 ,0.000 ,회계 수치·정밀도·통화·공백 정확 일치
poi-src/test-data/spreadsheet/mv-calculator-final-2-20-2013.xlsm,시트 셀,MV Cont. Table - Combined!DI23,xl/worksheets/sheet7.xml:DI23,3.0239230000000001E-4,"#,##0.000_);\(#,##0.000\)",0.000_),0.000 ,0.000 ,회계 수치·정밀도·통화·공백 정확 일치
poi-src/test-data/spreadsheet/mv-calculator-final-2-20-2013.xlsm,시트 셀,MV Cont. Table - Combined!DI24,xl/worksheets/sheet7.xml:DI24,3.7290110000000001E-4,"#,##0.000_);\(#,##0.000\)",0.000_),0.000 ,0.000 ,회계 수치·정밀도·통화·공백 정확 일치
poi-src/test-data/spreadsheet/mv-calculator-final-2-20-2013.xlsm,시트 셀,MV Cont. Table - Combined!DI25,xl/worksheets/sheet7.xml:DI25,4.474735E-4,"#,##0.000_);\(#,##0.000\)",0.000_),0.000 ,0.000 ,회계 수치·정밀도·통화·공백 정확 일치
poi-src/test-data/spreadsheet/mv-calculator-final-2-20-2013.xlsm,시트 셀,MV Cont. Table - Combined!DI26,xl/worksheets/sheet7.xml:DI26,5.3487059999999999E-4,"#,##0.000_);\(#,##0.000\)",0.001_),0.001 ,0.001 ,회계 수치·정밀도·통화·공백 정확 일치
poi-src/test-data/spreadsheet/mv-calculator-final-2-20-2013.xlsm,시트 셀,MV Cont. Table - Combined!DI27,xl/worksheets/sheet7.xml:DI27,6.4023590000000005E-4,"#,##0.000_);\(#,##0.000\)",0.001_),0.001 ,0.001 ,회계 수치·정밀도·통화·공백 정확 일치
poi-src/test-data/spreadsheet/mv-calculator-final-2-20-2013.xlsm,시트 셀,MV Cont. Table - Combined!DI28,xl/worksheets/sheet7.xml:DI28,7.2428930000000002E-4,"#,##0.000_);\(#,##0.000\)",0.001_),0.001 ,0.001 ,회계 수치·정밀도·통화·공백 정확 일치
poi-src/test-data/spreadsheet/mv-calculator-final-2-20-2013.xlsm,시트 셀,MV Cont. Table - Combined!DI29,xl/worksheets/sheet7.xml:DI29,8.2956309999999999E-4,"#,##0.000_);\(#,##0.000\)",0.001_),0.001 ,0.001 ,회계 수치·정밀도·통화·공백 정확 일치
poi-src/test-data/spreadsheet/mv-calculator-final-2-20-2013.xlsm,시트 셀,MV Cont. Table - Combined!DI30,xl/worksheets/sheet7.xml:DI30,9.5174669999999997E-4,"#,##0.000_);\(#,##0.000\)",0.001_),0.001 ,0.001 ,회계 수치·정밀도·통화·공백 정확 일치
poi-src/test-data/spreadsheet/mv-calculator-final-2-20-2013.xlsm,시트 셀,MV Cont. Table - Combined!DI31,xl/worksheets/sheet7.xml:DI31,1.0837228999999999E-3,"#,##0.000_);\(#,##0.000\)",0.001_),0.001 ,0.001 ,회계 수치·정밀도·통화·공백 정확 일치
poi-src/test-data/spreadsheet/mv-calculator-final-2-20-2013.xlsm,시트 셀,MV Cont. Table - Combined!DI32,xl/worksheets/sheet7.xml:DI32,1.2193014E-3,"#,##0.000_);\(#,##0.000\)",0.001_),0.001 ,0.001 ,회계 수치·정밀도·통화·공백 정확 일치
poi-src/test-data/spreadsheet/mv-calculator-final-2-20-2013.xlsm,시트 셀,MV Cont. Table - Combined!DI33,xl/worksheets/sheet7.xml:DI33,1.3498632E-3,"#,##0.000_);\(#,##0.000\)",0.001_),0.001 ,0.001 ,회계 수치·정밀도·통화·공백 정확 일치
poi-src/test-data/spreadsheet/mv-calculator-final-2-20-2013.xlsm,시트 셀,MV Cont. Table - Combined!DI34,xl/worksheets/sheet7.xml:DI34,1.516702E-3,"#,##0.000_);\(#,##0.000\)",0.002_),0.002 ,0.002 ,회계 수치·정밀도·통화·공백 정확 일치
poi-src/test-data/spreadsheet/mv-calculator-final-2-20-2013.xlsm,시트 셀,MV Cont. Table - Combined!DI35,xl/worksheets/sheet7.xml:DI35,1.6794295E-3,"#,##0.000_);\(#,##0.000\)",0.002_),0.002 ,0.002 ,회계 수치·정밀도·통화·공백 정확 일치
poi-src/test-data/spreadsheet/mv-calculator-final-2-20-2013.xlsm,시트 셀,MV Cont. Table - Combined!DI36,xl/worksheets/sheet7.xml:DI36,1.8445288000000001E-3,"#,##0.000_);\(#,##0.000\)",0.002_),0.002 ,0.002 ,회계 수치·정밀도·통화·공백 정확 일치
poi-src/test-data/spreadsheet/mv-calculator-final-2-20-2013.xlsm,시트 셀,MV Cont. Table - Combined!DI37,xl/worksheets/sheet7.xml:DI37,1.9971755000000001E-3,"#,##0.000_);\(#,##0.000\)",0.002_),0.002 ,0.002 ,회계 수치·정밀도·통화·공백 정확 일치
poi-src/test-data/spreadsheet/mv-calculator-final-2-20-2013.xlsm,시트 셀,MV Cont. Table - Combined!DI38,xl/worksheets/sheet7.xml:DI38,2.1816327E-3,"#,##0.000_);\(#,##0.000\)",0.002_),0.002 ,0.002 ,회계 수치·정밀도·통화·공백 정확 일치
poi-src/test-data/spreadsheet/mv-calculator-final-2-20-2013.xlsm,시트 셀,MV Cont. Table - Combined!DI39,xl/worksheets/sheet7.xml:DI39,2.3652116000000001E-3,"#,##0.000_);\(#,##0.000\)",0.002_),0.002 ,0.002 ,회계 수치·정밀도·통화·공백 정확 일치
poi-src/test-data/spreadsheet/mv-calculator-final-2-20-2013.xlsm,시트 셀,MV Cont. Table - Combined!DI40,xl/worksheets/sheet7.xml:DI40,2.5326111999999998E-3,"#,##0.000_);\(#,##0.000\)",0.003_),0.003 ,0.003 ,회계 수치·정밀도·통화·공백 정확 일치
poi-src/test-data/spreadsheet/mv-calculator-final-2-20-2013.xlsm,시트 셀,MV Cont. Table - Combined!DI41,xl/worksheets/sheet7.xml:DI41,2.7530041999999999E-3,"#,##0.000_);\(#,##0.000\)",0.003_),0.003 ,0.003 ,회계 수치·정밀도·통화·공백 정확 일치
poi-src/test-data/spreadsheet/mv-calculator-final-2-20-2013.xlsm,시트 셀,MV Cont. Table - Combined!DI42,xl/worksheets/sheet7.xml:DI42,2.9353217000000001E-3,"#,##0.000_);\(#,##0.000\)",0.003_),0.003 ,0.003 ,회계 수치·정밀도·통화·공백 정확 일치
poi-src/test-data/spreadsheet/mv-calculator-final-2-20-2013.xlsm,시트 셀,MV Cont. Table - Combined!DI43,xl/worksheets/sheet7.xml:DI43,3.1411324000000002E-3,"#,##0.000_);\(#,##0.000\)",0.003_),0.003 ,0.003 ,회계 수치·정밀도·통화·공백 정확 일치
poi-src/test-data/spreadsheet/mv-calculator-final-2-20-2013.xlsm,시트 셀,MV Cont. Table - Combined!DI44,xl/worksheets/sheet7.xml:DI44,3.3371407E-3,"#,##0.000_);\(#,##0.000\)",0.003_),0.003 ,0.003 ,회계 수치·정밀도·통화·공백 정확 일치
poi-src/test-data/spreadsheet/mv-calculator-final-2-20-2013.xlsm,시트 셀,MV Cont. Table - Combined!DI45,xl/worksheets/sheet7.xml:DI45,3.5422685000000001E-3,"#,##0.000_);\(#,##0.000\)",0.004_),0.004 ,0.004 ,회계 수치·정밀도·통화·공백 정확 일치
poi-src/test-data/spreadsheet/mv-calculator-final-2-20-2013.xlsm,시트 셀,MV Cont. Table - Combined!DI46,xl/worksheets/sheet7.xml:DI46,3.7584399E-3,"#,##0.000_);\(#,##0.000\)",0.004_),0.004 ,0.004 ,회계 수치·정밀도·통화·공백 정확 일치
poi-src/test-data/spreadsheet/mv-calculator-final-2-20-2013.xlsm,시트 셀,MV Cont. Table - Combined!DI47,xl/worksheets/sheet7.xml:DI47,3.9535630999999998E-3,"#,##0.000_);\(#,##0.000\)",0.004_),0.004 ,0.004 ,회계 수치·정밀도·통화·공백 정확 일치
poi-src/test-data/spreadsheet/mv-calculator-final-2-20-2013.xlsm,시트 셀,MV Cont. Table - Combined!DI48,xl/worksheets/sheet7.xml:DI48,4.1422567000000002E-3,"#,##0.000_);\(#,##0.000\)",0.004_),0.004 ,0.004 ,회계 수치·정밀도·통화·공백 정확 일치
poi-src/test-data/spreadsheet/mv-calculator-final-2-20-2013.xlsm,시트 셀,MV Cont. Table - Combined!DI49,xl/worksheets/sheet7.xml:DI49,4.3132034E-3,"#,##0.000_);\(#,##0.000\)",0.004_),0.004 ,0.004 ,회계 수치·정밀도·통화·공백 정확 일치
poi-src/test-data/spreadsheet/mv-calculator-final-2-20-2013.xlsm,시트 셀,MV Cont. Table - Combined!DI5,xl/worksheets/sheet7.xml:DI5,0,"#,##0.000_);\(#,##0.000\)",0.000_),0.000 ,0.000 ,회계 수치·정밀도·통화·공백 정확 일치
poi-src/test-data/spreadsheet/mv-calculator-final-2-20-2013.xlsm,시트 셀,MV Cont. Table - Combined!DI50,xl/worksheets/sheet7.xml:DI50,4.4992341999999996E-3,"#,##0.000_);\(#,##0.000\)",0.004_),0.004 ,0.004 ,회계 수치·정밀도·통화·공백 정확 일치
poi-src/test-data/spreadsheet/mv-calculator-final-2-20-2013.xlsm,시트 셀,MV Cont. Table - Combined!DI51,xl/worksheets/sheet7.xml:DI51,4.6808962000000004E-3,"#,##0.000_);\(#,##0.000\)",0.005_),0.005 ,0.005 ,회계 수치·정밀도·통화·공백 정확 일치
poi-src/test-data/spreadsheet/mv-calculator-final-2-20-2013.xlsm,시트 셀,MV Cont. Table - Combined!DI52,xl/worksheets/sheet7.xml:DI52,4.857063E-3,"#,##0.000_);\(#,##0.000\)",0.005_),0.005 ,0.005 ,회계 수치·정밀도·통화·공백 정확 일치
poi-src/test-data/spreadsheet/mv-calculator-final-2-20-2013.xlsm,시트 셀,MV Cont. Table - Combined!DI53,xl/worksheets/sheet7.xml:DI53,5.0180509999999999E-3,"#,##0.000_);\(#,##0.000\)",0.005_),0.005 ,0.005 ,회계 수치·정밀도·통화·공백 정확 일치
poi-src/test-data/spreadsheet/mv-calculator-final-2-20-2013.xlsm,시트 셀,MV Cont. Table - Combined!DI54,xl/worksheets/sheet7.xml:DI54,5.1761545999999999E-3,"#,##0.000_);\(#,##0.000\)",0.005_),0.005 ,0.005 ,회계 수치·정밀도·통화·공백 정확 일치
poi-src/test-data/spreadsheet/mv-calculator-final-2-20-2013.xlsm,시트 셀,MV Cont. Table - Combined!DI55,xl/worksheets/sheet7.xml:DI55,5.3335613000000002E-3,"#,##0.000_);\(#,##0.000\)",0.005_),0.005 ,0.005 ,회계 수치·정밀도·통화·공백 정확 일치
poi-src/test-data/spreadsheet/mv-calculator-final-2-20-2013.xlsm,시트 셀,MV Cont. Table - Combined!DI56,xl/worksheets/sheet7.xml:DI56,5.4772917999999999E-3,"#,##0.000_);\(#,##0.000\)",0.005_),0.005 ,0.005 ,회계 수치·정밀도·통화·공백 정확 일치
poi-src/test-data/spreadsheet/mv-calculator-final-2-20-2013.xlsm,시트 셀,MV Cont. Table - Combined!DI57,xl/worksheets/sheet7.xml:DI57,5.6451087999999996E-3,"#,##0.000_);\(#,##0.000\)",0.006_),0.006 ,0.006 ,회계 수치·정밀도·통화·공백 정확 일치
poi-src/test-data/spreadsheet/mv-calculator-final-2-20-2013.xlsm,시트 셀,MV Cont. Table - Combined!DI58,xl/worksheets/sheet7.xml:DI58,5.8279480999999999E-3,"#,##0.000_);\(#,##0.000\)",0.006_),0.006 ,0.006 ,회계 수치·정밀도·통화·공백 정확 일치
poi-src/test-data/spreadsheet/mv-calculator-final-2-20-2013.xlsm,시트 셀,MV Cont. Table - Combined!DI59,xl/worksheets/sheet7.xml:DI59,5.9615279999999998E-3,"#,##0.000_);\(#,##0.000\)",0.006_),0.006 ,0.006 ,회계 수치·정밀도·통화·공백 정확 일치
poi-src/test-data/spreadsheet/mv-calculator-final-2-20-2013.xlsm,시트 셀,MV Cont. Table - Combined!DI6,xl/worksheets/sheet7.xml:DI6,0,"#,##0.000_);\(#,##0.000\)",0.000_),0.000 ,0.000 ,회계 수치·정밀도·통화·공백 정확 일치
poi-src/test-data/spreadsheet/mv-calculator-final-2-20-2013.xlsm,시트 셀,MV Cont. Table - Combined!DI60,xl/worksheets/sheet7.xml:DI60,6.1053577000000003E-3,"#,##0.000_);\(#,##0.000\)",0.006_),0.006 ,0.006 ,회계 수치·정밀도·통화·공백 정확 일치
poi-src/test-data/spreadsheet/mv-calculator-final-2-20-2013.xlsm,시트 셀,MV Cont. Table - Combined!DI61,xl/worksheets/sheet7.xml:DI61,6.2580939E-3,"#,##0.000_);\(#,##0.000\)",0.006_),0.006 ,0.006 ,회계 수치·정밀도·통화·공백 정확 일치
poi-src/test-data/spreadsheet/mv-calculator-final-2-20-2013.xlsm,시트 셀,MV Cont. Table - Combined!DI62,xl/worksheets/sheet7.xml:DI62,6.3695753000000003E-3,"#,##0.000_);\(#,##0.000\)",0.006_),0.006 ,0.006 ,회계 수치·정밀도·통화·공백 정확 일치
poi-src/test-data/spreadsheet/mv-calculator-final-2-20-2013.xlsm,시트 셀,MV Cont. Table - Combined!DI63,xl/worksheets/sheet7.xml:DI63,6.4977875999999999E-3,"#,##0.000_);\(#,##0.000\)",0.006_),0.006 ,0.006 ,회계 수치·정밀도·통화·공백 정확 일치
poi-src/test-data/spreadsheet/mv-calculator-final-2-20-2013.xlsm,시트 셀,MV Cont. Table - Combined!DI64,xl/worksheets/sheet7.xml:DI64,6.6071780999999996E-3,"#,##0.000_);\(#,##0.000\)",0.007_),0.007 ,0.007 ,회계 수치·정밀도·통화·공백 정확 일치
poi-src/test-data/spreadsheet/mv-calculator-final-2-20-2013.xlsm,시트 셀,MV Cont. Table - Combined!DI65,xl/worksheets/sheet7.xml:DI65,6.7271761999999997E-3,"#,##0.000_);\(#,##0.000\)",0.007_),0.007 ,0.007 ,회계 수치·정밀도·통화·공백 정확 일치
poi-src/test-data/spreadsheet/mv-calculator-final-2-20-2013.xlsm,시트 셀,MV Cont. Table - Combined!DI66,xl/worksheets/sheet7.xml:DI66,6.8537071999999997E-3,"#,##0.000_);\(#,##0.000\)",0.007_),0.007 ,0.007 ,회계 수치·정밀도·통화·공백 정확 일치
poi-src/test-data/spreadsheet/mv-calculator-final-2-20-2013.xlsm,시트 셀,MV Cont. Table - Combined!DI67,xl/worksheets/sheet7.xml:DI67,6.9378881000000002E-3,"#,##0.000_);\(#,##0.000\)",0.007_),0.007 ,0.007 ,회계 수치·정밀도·통화·공백 정확 일치
poi-src/test-data/spreadsheet/mv-calculator-final-2-20-2013.xlsm,시트 셀,MV Cont. Table - Combined!DI68,xl/worksheets/sheet7.xml:DI68,7.0359044000000001E-3,"#,##0.000_);\(#,##0.000\)",0.007_),0.007 ,0.007 ,회계 수치·정밀도·통화·공백 정확 일치
poi-src/test-data/spreadsheet/mv-calculator-final-2-20-2013.xlsm,시트 셀,MV Cont. Table - Combined!DI69,xl/worksheets/sheet7.xml:DI69,7.1412317000000003E-3,"#,##0.000_);\(#,##0.000\)",0.007_),0.007 ,0.007 ,회계 수치·정밀도·통화·공백 정확 일치
poi-src/test-data/spreadsheet/mv-calculator-final-2-20-2013.xlsm,시트 셀,MV Cont. Table - Combined!DI7,xl/worksheets/sheet7.xml:DI7,0,"#,##0.000_);\(#,##0.000\)",0.000_),0.000 ,0.000 ,회계 수치·정밀도·통화·공백 정확 일치
poi-src/test-data/spreadsheet/mv-calculator-final-2-20-2013.xlsm,시트 셀,MV Cont. Table - Combined!DI70,xl/worksheets/sheet7.xml:DI70,7.2116879000000004E-3,"#,##0.000_);\(#,##0.000\)",0.007_),0.007 ,0.007 ,회계 수치·정밀도·통화·공백 정확 일치
poi-src/test-data/spreadsheet/mv-calculator-final-2-20-2013.xlsm,시트 셀,MV Cont. Table - Combined!DI71,xl/worksheets/sheet7.xml:DI71,8.0115785999999994E-3,"#,##0.000_);\(#,##0.000\)",0.008_),0.008 ,0.008 ,회계 수치·정밀도·통화·공백 정확 일치
poi-src/test-data/spreadsheet/mv-calculator-final-2-20-2013.xlsm,시트 셀,MV Cont. Table - Combined!DI72,xl/worksheets/sheet7.xml:DI72,1.00679198E-2,"#,##0.000_);\(#,##0.000\)",0.010_),0.010 ,0.010 ,회계 수치·정밀도·통화·공백 정확 일치
poi-src/test-data/spreadsheet/mv-calculator-final-2-20-2013.xlsm,시트 셀,MV Cont. Table - Combined!DI73,xl/worksheets/sheet7.xml:DI73,1.58905822E-2,"#,##0.000_);\(#,##0.000\)",0.016_),0.016 ,0.016 ,회계 수치·정밀도·통화·공백 정확 일치
poi-src/test-data/spreadsheet/mv-calculator-final-2-20-2013.xlsm,시트 셀,MV Cont. Table - Combined!DI74,xl/worksheets/sheet7.xml:DI74,2.1697265E-2,"#,##0.000_);\(#,##0.000\)",0.022_),0.022 ,0.022 ,회계 수치·정밀도·통화·공백 정확 일치
poi-src/test-data/spreadsheet/mv-calculator-final-2-20-2013.xlsm,시트 셀,MV Cont. Table - Combined!DI75,xl/worksheets/sheet7.xml:DI75,2.5765706100000001E-2,"#,##0.000_);\(#,##0.000\)",0.026_),0.026 ,0.026 ,회계 수치·정밀도·통화·공백 정확 일치
poi-src/test-data/spreadsheet/mv-calculator-final-2-20-2013.xlsm,시트 셀,MV Cont. Table - Combined!DI76,xl/worksheets/sheet7.xml:DI76,2.8772670600000001E-2,"#,##0.000_);\(#,##0.000\)",0.029_),0.029 ,0.029 ,회계 수치·정밀도·통화·공백 정확 일치
poi-src/test-data/spreadsheet/mv-calculator-final-2-20-2013.xlsm,시트 셀,MV Cont. Table - Combined!DI77,xl/worksheets/sheet7.xml:DI77,3.11163377E-2,"#,##0.000_);\(#,##0.000\)",0.031_),0.031 ,0.031 ,회계 수치·정밀도·통화·공백 정확 일치
poi-src/test-data/spreadsheet/mv-calculator-final-2-20-2013.xlsm,시트 셀,MV Cont. Table - Combined!DI78,xl/worksheets/sheet7.xml:DI78,3.29854194E-2,"#,##0.000_);\(#,##0.000\)",0.033_),0.033 ,0.033 ,회계 수치·정밀도·통화·공백 정확 일치
poi-src/test-data/spreadsheet/mv-calculator-final-2-20-2013.xlsm,시트 셀,MV Cont. Table - Combined!DI79,xl/worksheets/sheet7.xml:DI79,3.4515094599999997E-2,"#,##0.000_);\(#,##0.000\)",0.035_),0.035 ,0.035 ,회계 수치·정밀도·통화·공백 정확 일치
poi-src/test-data/spreadsheet/mv-calculator-final-2-20-2013.xlsm,시트 셀,MV Cont. Table - Combined!DI8,xl/worksheets/sheet7.xml:DI8,0,"#,##0.000_);\(#,##0.000\)",0.000_),0.000 ,0.000 ,회계 수치·정밀도·통화·공백 정확 일치
poi-src/test-data/spreadsheet/mv-calculator-final-2-20-2013.xlsm,시트 셀,MV Cont. Table - Combined!DI80,xl/worksheets/sheet7.xml:DI80,3.5775879199999999E-2,"#,##0.000_);\(#,##0.000\)",0.036_),0.036 ,0.036 ,회계 수치·정밀도·통화·공백 정확 일치
poi-src/test-data/spreadsheet/mv-calculator-final-2-20-2013.xlsm,시트 셀,MV Cont. Table - Combined!DI81,xl/worksheets/sheet7.xml:DI81,4.1508586799999997E-2,"#,##0.000_);\(#,##0.000\)",0.042_),0.042 ,0.042 ,회계 수치·정밀도·통화·공백 정확 일치
poi-src/test-data/spreadsheet/mv-calculator-final-2-20-2013.xlsm,시트 셀,MV Cont. Table - Combined!DI82,xl/worksheets/sheet7.xml:DI82,4.4105678400000001E-2,"#,##0.000_);\(#,##0.000\)",0.044_),0.044 ,0.044 ,회계 수치·정밀도·통화·공백 정확 일치
poi-src/test-data/spreadsheet/mv-calculator-final-2-20-2013.xlsm,시트 셀,MV Cont. Table - Combined!DI83,xl/worksheets/sheet7.xml:DI83,4.4750354200000002E-2,"#,##0.000_);\(#,##0.000\)",0.045_),0.045 ,0.045 ,회계 수치·정밀도·통화·공백 정확 일치
poi-src/test-data/spreadsheet/mv-calculator-final-2-20-2013.xlsm,시트 셀,MV Cont. Table - Combined!DI84,xl/worksheets/sheet7.xml:DI84,4.5010243999999998E-2,"#,##0.000_);\(#,##0.000\)",0.045_),0.045 ,0.045 ,회계 수치·정밀도·통화·공백 정확 일치
poi-src/test-data/spreadsheet/mv-calculator-final-2-20-2013.xlsm,시트 셀,MV Cont. Table - Combined!DI85,xl/worksheets/sheet7.xml:DI85,4.5144360100000003E-2,"#,##0.000_);\(#,##0.000\)",0.045_),0.045 ,0.045 ,회계 수치·정밀도·통화·공백 정확 일치
poi-src/test-data/spreadsheet/mv-calculator-final-2-20-2013.xlsm,시트 셀,MV Cont. Table - Combined!DI86,xl/worksheets/sheet7.xml:DI86,4.5276434400000003E-2,"#,##0.000_);\(#,##0.000\)",0.045_),0.045 ,0.045 ,회계 수치·정밀도·통화·공백 정확 일치
poi-src/test-data/spreadsheet/mv-calculator-final-2-20-2013.xlsm,시트 셀,MV Cont. Table - Combined!DI87,xl/worksheets/sheet7.xml:DI87,4.5308870100000002E-2,"#,##0.000_);\(#,##0.000\)",0.045_),0.045 ,0.045 ,회계 수치·정밀도·통화·공백 정확 일치
poi-src/test-data/spreadsheet/mv-calculator-final-2-20-2013.xlsm,시트 셀,MV Cont. Table - Combined!DI88,xl/worksheets/sheet7.xml:DI88,4.5313249600000001E-2,"#,##0.000_);\(#,##0.000\)",0.045_),0.045 ,0.045 ,회계 수치·정밀도·통화·공백 정확 일치
poi-src/test-data/spreadsheet/mv-calculator-final-2-20-2013.xlsm,시트 셀,MV Cont. Table - Combined!DI9,xl/worksheets/sheet7.xml:DI9,4.0042242000000003E-6,"#,##0.000_);\(#,##0.000\)",0.000_),0.000 ,0.000 ,회계 수치·정밀도·통화·공백 정확 일치
poi-src/test-data/spreadsheet/mv-calculator-final-2-20-2013.xlsm,시트 셀,MV Cont. Table - Combined!DJ10,xl/worksheets/sheet7.xml:DJ10,6.9883079999999999E-6,"#,##0.000_);\(#,##0.000\)",0.000_),0.000 ,0.000 ,회계 수치·정밀도·통화·공백 정확 일치
poi-src/test-data/spreadsheet/mv-calculator-final-2-20-2013.xlsm,시트 셀,MV Cont. Table - Combined!DJ11,xl/worksheets/sheet7.xml:DJ11,6.2475327000000004E-6,"#,##0.000_);\(#,##0.000\)",0.000_),0.000 ,0.000 ,회계 수치·정밀도·통화·공백 정확 일치
poi-src/test-data/spreadsheet/mv-calculator-final-2-20-2013.xlsm,시트 셀,MV Cont. Table - Combined!DJ12,xl/worksheets/sheet7.xml:DJ12,5.6811973999999998E-6,"#,##0.000_);\(#,##0.000\)",0.000_),0.000 ,0.000 ,회계 수치·정밀도·통화·공백 정확 일치
poi-src/test-data/spreadsheet/mv-calculator-final-2-20-2013.xlsm,시트 셀,MV Cont. Table - Combined!DJ13,xl/worksheets/sheet7.xml:DJ13,7.7919871000000003E-6,"#,##0.000_);\(#,##0.000\)",0.000_),0.000 ,0.000 ,회계 수치·정밀도·통화·공백 정확 일치
poi-src/test-data/spreadsheet/mv-calculator-final-2-20-2013.xlsm,시트 셀,MV Cont. Table - Combined!DJ14,xl/worksheets/sheet7.xml:DJ14,2.3567800000000002E-5,"#,##0.000_);\(#,##0.000\)",0.000_),0.000 ,0.000 ,회계 수치·정밀도·통화·공백 정확 일치
poi-src/test-data/spreadsheet/mv-calculator-final-2-20-2013.xlsm,시트 셀,MV Cont. Table - Combined!DJ15,xl/worksheets/sheet7.xml:DJ15,3.8278600000000003E-5,"#,##0.000_);\(#,##0.000\)",0.000_),0.000 ,0.000 ,회계 수치·정밀도·통화·공백 정확 일치
poi-src/test-data/spreadsheet/mv-calculator-final-2-20-2013.xlsm,시트 셀,MV Cont. Table - Combined!DJ16,xl/worksheets/sheet7.xml:DJ16,6.7302E-5,"#,##0.000_);\(#,##0.000\)",0.000_),0.000 ,0.000 ,회계 수치·정밀도·통화·공백 정확 일치
poi-src/test-data/spreadsheet/mv-calculator-final-2-20-2013.xlsm,시트 셀,MV Cont. Table - Combined!DJ17,xl/worksheets/sheet7.xml:DJ17,7.9858399999999994E-5,"#,##0.000_);\(#,##0.000\)",0.000_),0.000 ,0.000 ,회계 수치·정밀도·통화·공백 정확 일치
poi-src/test-data/spreadsheet/mv-calculator-final-2-20-2013.xlsm,시트 셀,MV Cont. Table - Combined!DJ18,xl/worksheets/sheet7.xml:DJ18,1.1376520000000001E-4,"#,##0.000_);\(#,##0.000\)",0.000_),0.000 ,0.000 ,회계 수치·정밀도·통화·공백 정확 일치
poi-src/test-data/spreadsheet/mv-calculator-final-2-20-2013.xlsm,시트 셀,MV Cont. Table - Combined!DJ19,xl/worksheets/sheet7.xml:DJ19,1.658982E-4,"#,##0.000_);\(#,##0.000\)",0.000_),0.000 ,0.000 ,회계 수치·정밀도·통화·공백 정확 일치
poi-src/test-data/spreadsheet/mv-calculator-final-2-20-2013.xlsm,시트 셀,MV Cont. Table - Combined!DJ20,xl/worksheets/sheet7.xml:DJ20,2.0093810000000001E-4,"#,##0.000_);\(#,##0.000\)",0.000_),0.000 ,0.000 ,회계 수치·정밀도·통화·공백 정확 일치
poi-src/test-data/spreadsheet/mv-calculator-final-2-20-2013.xlsm,시트 셀,MV Cont. Table - Combined!DJ21,xl/worksheets/sheet7.xml:DJ21,2.8496430000000001E-4,"#,##0.000_);\(#,##0.000\)",0.000_),0.000 ,0.000 ,회계 수치·정밀도·통화·공백 정확 일치
poi-src/test-data/spreadsheet/mv-calculator-final-2-20-2013.xlsm,시트 셀,MV Cont. Table - Combined!DJ22,xl/worksheets/sheet7.xml:DJ22,3.3561590000000003E-4,"#,##0.000_);\(#,##0.000\)",0.000_),0.000 ,0.000 ,회계 수치·정밀도·통화·공백 정확 일치
poi-src/test-data/spreadsheet/mv-calculator-final-2-20-2013.xlsm,시트 셀,MV Cont. Table - Combined!DJ23,xl/worksheets/sheet7.xml:DJ23,3.9917860000000002E-4,"#,##0.000_);\(#,##0.000\)",0.000_),0.000 ,0.000 ,회계 수치·정밀도·통화·공백 정확 일치
poi-src/test-data/spreadsheet/mv-calculator-final-2-20-2013.xlsm,시트 셀,MV Cont. Table - Combined!DJ24,xl/worksheets/sheet7.xml:DJ24,5.0301299999999996E-4,"#,##0.000_);\(#,##0.000\)",0.001_),0.001 ,0.001 ,회계 수치·정밀도·통화·공백 정확 일치
poi-src/test-data/spreadsheet/mv-calculator-final-2-20-2013.xlsm,시트 셀,MV Cont. Table - Combined!DJ25,xl/worksheets/sheet7.xml:DJ25,6.075249E-4,"#,##0.000_);\(#,##0.000\)",0.001_),0.001 ,0.001 ,회계 수치·정밀도·통화·공백 정확 일치
poi-src/test-data/spreadsheet/mv-calculator-final-2-20-2013.xlsm,시트 셀,MV Cont. Table - Combined!DJ26,xl/worksheets/sheet7.xml:DJ26,7.2795970000000005E-4,"#,##0.000_);\(#,##0.000\)",0.001_),0.001 ,0.001 ,회계 수치·정밀도·통화·공백 정확 일치
poi-src/test-data/spreadsheet/mv-calculator-final-2-20-2013.xlsm,시트 셀,MV Cont. Table - Combined!DJ27,xl/worksheets/sheet7.xml:DJ27,8.7043739999999997E-4,"#,##0.000_);\(#,##0.000\)",0.001_),0.001 ,0.001 ,회계 수치·정밀도·통화·공백 정확 일치
poi-src/test-data/spreadsheet/mv-calculator-final-2-20-2013.xlsm,시트 셀,MV Cont. Table - Combined!DJ28,xl/worksheets/sheet7.xml:DJ28,1.000562E-3,"#,##0.000_);\(#,##0.000\)",0.001_),0.001 ,0.001 ,회계 수치·정밀도·통화·공백 정확 일치
poi-src/test-data/spreadsheet/mv-calculator-final-2-20-2013.xlsm,시트 셀,MV Cont. Table - Combined!DJ29,xl/worksheets/sheet7.xml:DJ29,1.1583235999999999E-3,"#,##0.000_);\(#,##0.000\)",0.001_),0.001 ,0.001 ,회계 수치·정밀도·통화·공백 정확 일치
poi-src/test-data/spreadsheet/mv-calculator-final-2-20-2013.xlsm,시트 셀,MV Cont. Table - Combined!DJ30,xl/worksheets/sheet7.xml:DJ30,1.3473674000000001E-3,"#,##0.000_);\(#,##0.000\)",0.001_),0.001 ,0.001 ,회계 수치·정밀도·통화·공백 정확 일치
poi-src/test-data/spreadsheet/mv-calculator-final-2-20-2013.xlsm,시트 셀,MV Cont. Table - Combined!DJ31,xl/worksheets/sheet7.xml:DJ31,1.5561786000000001E-3,"#,##0.000_);\(#,##0.000\)",0.002_),0.002 ,0.002 ,회계 수치·정밀도·통화·공백 정확 일치
poi-src/test-data/spreadsheet/mv-calculator-final-2-20-2013.xlsm,시트 셀,MV Cont. Table - Combined!DJ32,xl/worksheets/sheet7.xml:DJ32,1.7486562E-3,"#,##0.000_);\(#,##0.000\)",0.002_),0.002 ,0.002 ,회계 수치·정밀도·통화·공백 정확 일치
poi-src/test-data/spreadsheet/mv-calculator-final-2-20-2013.xlsm,시트 셀,MV Cont. Table - Combined!DJ33,xl/worksheets/sheet7.xml:DJ33,1.9510580000000001E-3,"#,##0.000_);\(#,##0.000\)",0.002_),0.002 ,0.002 ,회계 수치·정밀도·통화·공백 정확 일치
poi-src/test-data/spreadsheet/mv-calculator-final-2-20-2013.xlsm,시트 셀,MV Cont. Table - Combined!DJ34,xl/worksheets/sheet7.xml:DJ34,2.2000927000000001E-3,"#,##0.000_);\(#,##0.000\)",0.002_),0.002 ,0.002 ,회계 수치·정밀도·통화·공백 정확 일치
poi-src/test-data/spreadsheet/mv-calculator-final-2-20-2013.xlsm,시트 셀,MV Cont. Table - Combined!DJ35,xl/worksheets/sheet7.xml:DJ35,2.4401722000000001E-3,"#,##0.000_);\(#,##0.000\)",0.002_),0.002 ,0.002 ,회계 수치·정밀도·통화·공백 정확 일치
poi-src/test-data/spreadsheet/mv-calculator-final-2-20-2013.xlsm,시트 셀,MV Cont. Table - Combined!DJ36,xl/worksheets/sheet7.xml:DJ36,2.7056235000000001E-3,"#,##0.000_);\(#,##0.000\)",0.003_),0.003 ,0.003 ,회계 수치·정밀도·통화·공백 정확 일치
poi-src/test-data/spreadsheet/mv-calculator-final-2-20-2013.xlsm,시트 셀,MV Cont. Table - Combined!DJ37,xl/worksheets/sheet7.xml:DJ37,2.9477221999999999E-3,"#,##0.000_);\(#,##0.000\)",0.003_),0.003 ,0.003 ,회계 수치·정밀도·통화·공백 정확 일치
poi-src/test-data/spreadsheet/mv-calculator-final-2-20-2013.xlsm,시트 셀,MV Cont. Table - Combined!DJ38,xl/worksheets/sheet7.xml:DJ38,3.2174816000000001E-3,"#,##0.000_);\(#,##0.000\)",0.003_),0.003 ,0.003 ,회계 수치·정밀도·통화·공백 정확 일치
poi-src/test-data/spreadsheet/mv-calculator-final-2-20-2013.xlsm,시트 셀,MV Cont. Table - Combined!DJ39,xl/worksheets/sheet7.xml:DJ39,3.5054630999999999E-3,"#,##0.000_);\(#,##0.000\)",0.004_),0.004 ,0.004 ,회계 수치·정밀도·통화·공백 정확 일치
poi-src/test-data/spreadsheet/mv-calculator-final-2-20-2013.xlsm,시트 셀,MV Cont. Table - Combined!DJ40,xl/worksheets/sheet7.xml:DJ40,3.7697855000000001E-3,"#,##0.000_);\(#,##0.000\)",0.004_),0.004 ,0.004 ,회계 수치·정밀도·통화·공백 정확 일치
poi-src/test-data/spreadsheet/mv-calculator-final-2-20-2013.xlsm,시트 셀,MV Cont. Table - Combined!DJ41,xl/worksheets/sheet7.xml:DJ41,4.1117291999999998E-3,"#,##0.000_);\(#,##0.000\)",0.004_),0.004 ,0.004 ,회계 수치·정밀도·통화·공백 정확 일치
poi-src/test-data/spreadsheet/mv-calculator-final-2-20-2013.xlsm,시트 셀,MV Cont. Table - Combined!DJ42,xl/worksheets/sheet7.xml:DJ42,4.3938700000000002E-3,"#,##0.000_);\(#,##0.000\)",0.004_),0.004 ,0.004 ,회계 수치·정밀도·통화·공백 정확 일치
poi-src/test-data/spreadsheet/mv-calculator-final-2-20-2013.xlsm,시트 셀,MV Cont. Table - Combined!DJ43,xl/worksheets/sheet7.xml:DJ43,4.7114814999999997E-3,"#,##0.000_);\(#,##0.000\)",0.005_),0.005 ,0.005 ,회계 수치·정밀도·통화·공백 정확 일치
poi-src/test-data/spreadsheet/mv-calculator-final-2-20-2013.xlsm,시트 셀,MV Cont. Table - Combined!DJ44,xl/worksheets/sheet7.xml:DJ44,5.0195672999999996E-3,"#,##0.000_);\(#,##0.000\)",0.005_),0.005 ,0.005 ,회계 수치·정밀도·통화·공백 정확 일치
poi-src/test-data/spreadsheet/mv-calculator-final-2-20-2013.xlsm,시트 셀,MV Cont. Table - Combined!DJ45,xl/worksheets/sheet7.xml:DJ45,5.3464816000000004E-3,"#,##0.000_);\(#,##0.000\)",0.005_),0.005 ,0.005 ,회계 수치·정밀도·통화·공백 정확 일치
poi-src/test-data/spreadsheet/mv-calculator-final-2-20-2013.xlsm,시트 셀,MV Cont. Table - Combined!DJ46,xl/worksheets/sheet7.xml:DJ46,5.6956393999999999E-3,"#,##0.000_);\(#,##0.000\)",0.006_),0.006 ,0.006 ,회계 수치·정밀도·통화·공백 정확 일치
poi-src/test-data/spreadsheet/mv-calculator-final-2-20-2013.xlsm,시트 셀,MV Cont. Table - Combined!DJ47,xl/worksheets/sheet7.xml:DJ47,6.0012210000000002E-3,"#,##0.000_);\(#,##0.000\)",0.006_),0.006 ,0.006 ,회계 수치·정밀도·통화·공백 정확 일치
poi-src/test-data/spreadsheet/mv-calculator-final-2-20-2013.xlsm,시트 셀,MV Cont. Table - Combined!DJ48,xl/worksheets/sheet7.xml:DJ48,6.2946679000000002E-3,"#,##0.000_);\(#,##0.000\)",0.006_),0.006 ,0.006 ,회계 수치·정밀도·통화·공백 정확 일치
poi-src/test-data/spreadsheet/mv-calculator-final-2-20-2013.xlsm,시트 셀,MV Cont. Table - Combined!DJ49,xl/worksheets/sheet7.xml:DJ49,6.5649816999999999E-3,"#,##0.000_);\(#,##0.000\)",0.007_),0.007 ,0.007 ,회계 수치·정밀도·통화·공백 정확 일치
poi-src/test-data/spreadsheet/mv-calculator-final-2-20-2013.xlsm,시트 셀,MV Cont. Table - Combined!DJ5,xl/worksheets/sheet7.xml:DJ5,0,"#,##0.000_);\(#,##0.000\)",0.000_),0.000 ,0.000 ,회계 수치·정밀도·통화·공백 정확 일치
poi-src/test-data/spreadsheet/mv-calculator-final-2-20-2013.xlsm,시트 셀,MV Cont. Table - Combined!DJ50,xl/worksheets/sheet7.xml:DJ50,6.8395963000000004E-3,"#,##0.000_);\(#,##0.000\)",0.007_),0.007 ,0.007 ,회계 수치·정밀도·통화·공백 정확 일치
poi-src/test-data/spreadsheet/mv-calculator-final-2-20-2013.xlsm,시트 셀,MV Cont. Table - Combined!DJ51,xl/worksheets/sheet7.xml:DJ51,7.1400433999999997E-3,"#,##0.000_);\(#,##0.000\)",0.007_),0.007 ,0.007 ,회계 수치·정밀도·통화·공백 정확 일치
poi-src/test-data/spreadsheet/mv-calculator-final-2-20-2013.xlsm,시트 셀,MV Cont. Table - Combined!DJ52,xl/worksheets/sheet7.xml:DJ52,7.4062883000000001E-3,"#,##0.000_);\(#,##0.000\)",0.007_),0.007 ,0.007 ,회계 수치·정밀도·통화·공백 정확 일치
poi-src/test-data/spreadsheet/mv-calculator-final-2-20-2013.xlsm,시트 셀,MV Cont. Table - Combined!DJ53,xl/worksheets/sheet7.xml:DJ53,7.6666299000000002E-3,"#,##0.000_);\(#,##0.000\)",0.008_),0.008 ,0.008 ,회계 수치·정밀도·통화·공백 정확 일치
poi-src/test-data/spreadsheet/mv-calculator-final-2-20-2013.xlsm,시트 셀,MV Cont. Table - Combined!DJ54,xl/worksheets/sheet7.xml:DJ54,7.9003205999999999E-3,"#,##0.000_);\(#,##0.000\)",0.008_),0.008 ,0.008 ,회계 수치·정밀도·통화·공백 정확 일치
poi-src/test-data/spreadsheet/mv-calculator-final-2-20-2013.xlsm,시트 셀,MV Cont. Table - Combined!DJ55,xl/worksheets/sheet7.xml:DJ55,8.1497398999999995E-3,"#,##0.000_);\(#,##0.000\)",0.008_),0.008 ,0.008 ,회계 수치·정밀도·통화·공백 정확 일치
poi-src/test-data/spreadsheet/mv-calculator-final-2-20-2013.xlsm,시트 셀,MV Cont. Table - Combined!DJ56,xl/worksheets/sheet7.xml:DJ56,8.3757312999999996E-3,"#,##0.000_);\(#,##0.000\)",0.008_),0.008 ,0.008 ,회계 수치·정밀도·통화·공백 정확 일치
poi-src/test-data/spreadsheet/mv-calculator-final-2-20-2013.xlsm,시트 셀,MV Cont. Table - Combined!DJ57,xl/worksheets/sheet7.xml:DJ57,8.6529306000000007E-3,"#,##0.000_);\(#,##0.000\)",0.009_),0.009 ,0.009 ,회계 수치·정밀도·통화·공백 정확 일치
poi-src/test-data/spreadsheet/mv-calculator-final-2-20-2013.xlsm,시트 셀,MV Cont. Table - Combined!DJ58,xl/worksheets/sheet7.xml:DJ58,8.9404893999999995E-3,"#,##0.000_);\(#,##0.000\)",0.009_),0.009 ,0.009 ,회계 수치·정밀도·통화·공백 정확 일치
poi-src/test-data/spreadsheet/mv-calculator-final-2-20-2013.xlsm,시트 셀,MV Cont. Table - Combined!DJ59,xl/worksheets/sheet7.xml:DJ59,9.1433007000000007E-3,"#,##0.000_);\(#,##0.000\)",0.009_),0.009 ,0.009 ,회계 수치·정밀도·통화·공백 정확 일치
poi-src/test-data/spreadsheet/mv-calculator-final-2-20-2013.xlsm,시트 셀,MV Cont. Table - Combined!DJ6,xl/worksheets/sheet7.xml:DJ6,0,"#,##0.000_);\(#,##0.000\)",0.000_),0.000 ,0.000 ,회계 수치·정밀도·통화·공백 정확 일치
poi-src/test-data/spreadsheet/mv-calculator-final-2-20-2013.xlsm,시트 셀,MV Cont. Table - Combined!DJ60,xl/worksheets/sheet7.xml:DJ60,9.3680693000000002E-3,"#,##0.000_);\(#,##0.000\)",0.009_),0.009 ,0.009 ,회계 수치·정밀도·통화·공백 정확 일치
poi-src/test-data/spreadsheet/mv-calculator-final-2-20-2013.xlsm,시트 셀,MV Cont. Table - Combined!DJ61,xl/worksheets/sheet7.xml:DJ61,9.5999658000000005E-3,"#,##0.000_);\(#,##0.000\)",0.010_),0.010 ,0.010 ,회계 수치·정밀도·통화·공백 정확 일치
poi-src/test-data/spreadsheet/mv-calculator-final-2-20-2013.xlsm,시트 셀,MV Cont. Table - Combined!DJ62,xl/worksheets/sheet7.xml:DJ62,9.7742424000000008E-3,"#,##0.000_);\(#,##0.000\)",0.010_),0.010 ,0.010 ,회계 수치·정밀도·통화·공백 정확 일치
poi-src/test-data/spreadsheet/mv-calculator-final-2-20-2013.xlsm,시트 셀,MV Cont. Table - Combined!DJ63,xl/worksheets/sheet7.xml:DJ63,9.9685020000000006E-3,"#,##0.000_);\(#,##0.000\)",0.010_),0.010 ,0.010 ,회계 수치·정밀도·통화·공백 정확 일치
poi-src/test-data/spreadsheet/mv-calculator-final-2-20-2013.xlsm,시트 셀,MV Cont. Table - Combined!DJ64,xl/worksheets/sheet7.xml:DJ64,1.01503555E-2,"#,##0.000_);\(#,##0.000\)",0.010_),0.010 ,0.010 ,회계 수치·정밀도·통화·공백 정확 일치
poi-src/test-data/spreadsheet/mv-calculator-final-2-20-2013.xlsm,시트 셀,MV Cont. Table - Combined!DJ65,xl/worksheets/sheet7.xml:DJ65,1.0334252E-2,"#,##0.000_);\(#,##0.000\)",0.010_),0.010 ,0.010 ,회계 수치·정밀도·통화·공백 정확 일치
poi-src/test-data/spreadsheet/mv-calculator-final-2-20-2013.xlsm,시트 셀,MV Cont. Table - Combined!DJ66,xl/worksheets/sheet7.xml:DJ66,1.05332534E-2,"#,##0.000_);\(#,##0.000\)",0.011_),0.011 ,0.011 ,회계 수치·정밀도·통화·공백 정확 일치
poi-src/test-data/spreadsheet/mv-calculator-final-2-20-2013.xlsm,시트 셀,MV Cont. Table - Combined!DJ67,xl/worksheets/sheet7.xml:DJ67,1.06621141E-2,"#,##0.000_);\(#,##0.000\)",0.011_),0.011 ,0.011 ,회계 수치·정밀도·통화·공백 정확 일치
poi-src/test-data/spreadsheet/mv-calculator-final-2-20-2013.xlsm,시트 셀,MV Cont. Table - Combined!DJ68,xl/worksheets/sheet7.xml:DJ68,1.0808761300000001E-2,"#,##0.000_);\(#,##0.000\)",0.011_),0.011 ,0.011 ,회계 수치·정밀도·통화·공백 정확 일치
poi-src/test-data/spreadsheet/mv-calculator-final-2-20-2013.xlsm,시트 셀,MV Cont. Table - Combined!DJ69,xl/worksheets/sheet7.xml:DJ69,1.0982367099999999E-2,"#,##0.000_);\(#,##0.000\)",0.011_),0.011 ,0.011 ,회계 수치·정밀도·통화·공백 정확 일치
poi-src/test-data/spreadsheet/mv-calculator-final-2-20-2013.xlsm,시트 셀,MV Cont. Table - Combined!DJ7,xl/worksheets/sheet7.xml:DJ7,0,"#,##0.000_);\(#,##0.000\)",0.000_),0.000 ,0.000 ,회계 수치·정밀도·통화·공백 정확 일치
poi-src/test-data/spreadsheet/mv-calculator-final-2-20-2013.xlsm,시트 셀,MV Cont. Table - Combined!DJ70,xl/worksheets/sheet7.xml:DJ70,1.10930634E-2,"#,##0.000_);\(#,##0.000\)",0.011_),0.011 ,0.011 ,회계 수치·정밀도·통화·공백 정확 일치
poi-src/test-data/spreadsheet/mv-calculator-final-2-20-2013.xlsm,시트 셀,MV Cont. Table - Combined!DJ71,xl/worksheets/sheet7.xml:DJ71,1.23144476E-2,"#,##0.000_);\(#,##0.000\)",0.012_),0.012 ,0.012 ,회계 수치·정밀도·통화·공백 정확 일치
poi-src/test-data/spreadsheet/mv-calculator-final-2-20-2013.xlsm,시트 셀,MV Cont. Table - Combined!DJ72,xl/worksheets/sheet7.xml:DJ72,1.54600819E-2,"#,##0.000_);\(#,##0.000\)",0.015_),0.015 ,0.015 ,회계 수치·정밀도·통화·공백 정확 일치
poi-src/test-data/spreadsheet/mv-calculator-final-2-20-2013.xlsm,시트 셀,MV Cont. Table - Combined!DJ73,xl/worksheets/sheet7.xml:DJ73,2.4653416800000001E-2,"#,##0.000_);\(#,##0.000\)",0.025_),0.025 ,0.025 ,회계 수치·정밀도·통화·공백 정확 일치
poi-src/test-data/spreadsheet/mv-calculator-final-2-20-2013.xlsm,시트 셀,MV Cont. Table - Combined!DJ74,xl/worksheets/sheet7.xml:DJ74,3.4338108200000002E-2,"#,##0.000_);\(#,##0.000\)",0.034_),0.034 ,0.034 ,회계 수치·정밀도·통화·공백 정확 일치
poi-src/test-data/spreadsheet/mv-calculator-final-2-20-2013.xlsm,시트 셀,MV Cont. Table - Combined!DJ75,xl/worksheets/sheet7.xml:DJ75,4.1324829799999997E-2,"#,##0.000_);\(#,##0.000\)",0.041_),0.041 ,0.041 ,회계 수치·정밀도·통화·공백 정확 일치
poi-src/test-data/spreadsheet/mv-calculator-final-2-20-2013.xlsm,시트 셀,MV Cont. Table - Combined!DJ76,xl/worksheets/sheet7.xml:DJ76,4.6551576099999999E-2,"#,##0.000_);\(#,##0.000\)",0.047_),0.047 ,0.047 ,회계 수치·정밀도·통화·공백 정확 일치
poi-src/test-data/spreadsheet/mv-calculator-final-2-20-2013.xlsm,시트 셀,MV Cont. Table - Combined!DJ77,xl/worksheets/sheet7.xml:DJ77,5.0636178599999998E-2,"#,##0.000_);\(#,##0.000\)",0.051_),0.051 ,0.051 ,회계 수치·정밀도·통화·공백 정확 일치
poi-src/test-data/spreadsheet/mv-calculator-final-2-20-2013.xlsm,시트 셀,MV Cont. Table - Combined!DJ78,xl/worksheets/sheet7.xml:DJ78,5.3971619700000001E-2,"#,##0.000_);\(#,##0.000\)",0.054_),0.054 ,0.054 ,회계 수치·정밀도·통화·공백 정확 일치
poi-src/test-data/spreadsheet/mv-calculator-final-2-20-2013.xlsm,시트 셀,MV Cont. Table - Combined!DJ79,xl/worksheets/sheet7.xml:DJ79,5.6738626700000003E-2,"#,##0.000_);\(#,##0.000\)",0.057_),0.057 ,0.057 ,회계 수치·정밀도·통화·공백 정확 일치
poi-src/test-data/spreadsheet/mv-calculator-final-2-20-2013.xlsm,시트 셀,MV Cont. Table - Combined!DJ8,xl/worksheets/sheet7.xml:DJ8,0,"#,##0.000_);\(#,##0.000\)",0.000_),0.000 ,0.000 ,회계 수치·정밀도·통화·공백 정확 일치
poi-src/test-data/spreadsheet/mv-calculator-final-2-20-2013.xlsm,시트 셀,MV Cont. Table - Combined!DJ80,xl/worksheets/sheet7.xml:DJ80,5.9026369699999998E-2,"#,##0.000_);\(#,##0.000\)",0.059_),0.059 ,0.059 ,회계 수치·정밀도·통화·공백 정확 일치
poi-src/test-data/spreadsheet/mv-calculator-final-2-20-2013.xlsm,시트 셀,MV Cont. Table - Combined!DJ81,xl/worksheets/sheet7.xml:DJ81,6.9724223399999993E-2,"#,##0.000_);\(#,##0.000\)",0.070_),0.070 ,0.070 ,회계 수치·정밀도·통화·공백 정확 일치
poi-src/test-data/spreadsheet/mv-calculator-final-2-20-2013.xlsm,시트 셀,MV Cont. Table - Combined!DJ82,xl/worksheets/sheet7.xml:DJ82,7.4772624900000001E-2,"#,##0.000_);\(#,##0.000\)",0.075_),0.075 ,0.075 ,회계 수치·정밀도·통화·공백 정확 일치
poi-src/test-data/spreadsheet/mv-calculator-final-2-20-2013.xlsm,시트 셀,MV Cont. Table - Combined!DJ83,xl/worksheets/sheet7.xml:DJ83,7.6047497800000002E-2,"#,##0.000_);\(#,##0.000\)",0.076_),0.076 ,0.076 ,회계 수치·정밀도·통화·공백 정확 일치
poi-src/test-data/spreadsheet/mv-calculator-final-2-20-2013.xlsm,시트 셀,MV Cont. Table - Combined!DJ84,xl/worksheets/sheet7.xml:DJ84,7.6566772599999999E-2,"#,##0.000_);\(#,##0.000\)",0.077_),0.077 ,0.077 ,회계 수치·정밀도·통화·공백 정확 일치
poi-src/test-data/spreadsheet/mv-calculator-final-2-20-2013.xlsm,시트 셀,MV Cont. Table - Combined!DJ85,xl/worksheets/sheet7.xml:DJ85,7.6834280099999999E-2,"#,##0.000_);\(#,##0.000\)",0.077_),0.077 ,0.077 ,회계 수치·정밀도·통화·공백 정확 일치
poi-src/test-data/spreadsheet/mv-calculator-final-2-20-2013.xlsm,시트 셀,MV Cont. Table - Combined!DJ86,xl/worksheets/sheet7.xml:DJ86,7.7100157500000002E-2,"#,##0.000_);\(#,##0.000\)",0.077_),0.077 ,0.077 ,회계 수치·정밀도·통화·공백 정확 일치
poi-src/test-data/spreadsheet/mv-calculator-final-2-20-2013.xlsm,시트 셀,MV Cont. Table - Combined!DJ87,xl/worksheets/sheet7.xml:DJ87,7.7165573799999998E-2,"#,##0.000_);\(#,##0.000\)",0.077_),0.077 ,0.077 ,회계 수치·정밀도·통화·공백 정확 일치
poi-src/test-data/spreadsheet/mv-calculator-final-2-20-2013.xlsm,시트 셀,MV Cont. Table - Combined!DJ88,xl/worksheets/sheet7.xml:DJ88,7.7174398599999999E-2,"#,##0.000_);\(#,##0.000\)",0.077_),0.077 ,0.077 ,회계 수치·정밀도·통화·공백 정확 일치
poi-src/test-data/spreadsheet/mv-calculator-final-2-20-2013.xlsm,시트 셀,MV Cont. Table - Combined!DJ9,xl/worksheets/sheet7.xml:DJ9,8.0084485000000004E-6,"#,##0.000_);\(#,##0.000\)",0.000_),0.000 ,0.000 ,회계 수치·정밀도·통화·공백 정확 일치
poi-src/test-data/spreadsheet/mv-calculator-final-2-20-2013.xlsm,시트 셀,MV Cont. Table - Combined!DK10,xl/worksheets/sheet7.xml:DK10,1.04825E-5,"#,##0.000_);\(#,##0.000\)",0.000_),0.000 ,0.000 ,회계 수치·정밀도·통화·공백 정확 일치
poi-src/test-data/spreadsheet/mv-calculator-final-2-20-2013.xlsm,시트 셀,MV Cont. Table - Combined!DK11,xl/worksheets/sheet7.xml:DK11,9.3712991000000001E-6,"#,##0.000_);\(#,##0.000\)",0.000_),0.000 ,0.000 ,회계 수치·정밀도·통화·공백 정확 일치
poi-src/test-data/spreadsheet/mv-calculator-final-2-20-2013.xlsm,시트 셀,MV Cont. Table - Combined!DK12,xl/worksheets/sheet7.xml:DK12,8.5217960999999993E-6,"#,##0.000_);\(#,##0.000\)",0.000_),0.000 ,0.000 ,회계 수치·정밀도·통화·공백 정확 일치
poi-src/test-data/spreadsheet/mv-calculator-final-2-20-2013.xlsm,시트 셀,MV Cont. Table - Combined!DK13,xl/worksheets/sheet7.xml:DK13,1.04145E-5,"#,##0.000_);\(#,##0.000\)",0.000_),0.000 ,0.000 ,회계 수치·정밀도·통화·공백 정확 일치
poi-src/test-data/spreadsheet/mv-calculator-final-2-20-2013.xlsm,시트 셀,MV Cont. Table - Combined!DK14,xl/worksheets/sheet7.xml:DK14,2.6018300000000001E-5,"#,##0.000_);\(#,##0.000\)",0.000_),0.000 ,0.000 ,회계 수치·정밀도·통화·공백 정확 일치
poi-src/test-data/spreadsheet/mv-calculator-final-2-20-2013.xlsm,시트 셀,MV Cont. Table - Combined!DK15,xl/worksheets/sheet7.xml:DK15,4.0586000000000001E-5,"#,##0.000_);\(#,##0.000\)",0.000_),0.000 ,0.000 ,회계 수치·정밀도·통화·공백 정확 일치
poi-src/test-data/spreadsheet/mv-calculator-final-2-20-2013.xlsm,시트 셀,MV Cont. Table - Combined!DK16,xl/worksheets/sheet7.xml:DK16,6.9487399999999995E-5,"#,##0.000_);\(#,##0.000\)",0.000_),0.000 ,0.000 ,회계 수치·정밀도·통화·공백 정확 일치
poi-src/test-data/spreadsheet/mv-calculator-final-2-20-2013.xlsm,시트 셀,MV Cont. Table - Combined!DK17,xl/worksheets/sheet7.xml:DK17,8.1943100000000005E-5,"#,##0.000_);\(#,##0.000\)",0.000_),0.000 ,0.000 ,회계 수치·정밀도·통화·공백 정확 일치
poi-src/test-data/spreadsheet/mv-calculator-final-2-20-2013.xlsm,시트 셀,MV Cont. Table - Combined!DK18,xl/worksheets/sheet7.xml:DK18,1.15763E-4,"#,##0.000_);\(#,##0.000\)",0.000_),0.000 ,0.000 ,회계 수치·정밀도·통화·공백 정확 일치
poi-src/test-data/spreadsheet/mv-calculator-final-2-20-2013.xlsm,시트 셀,MV Cont. Table - Combined!DK19,xl/worksheets/sheet7.xml:DK19,1.708266E-4,"#,##0.000_);\(#,##0.000\)",0.000_),0.000 ,0.000 ,회계 수치·정밀도·통화·공백 정확 일치
poi-src/test-data/spreadsheet/mv-calculator-final-2-20-2013.xlsm,시트 셀,MV Cont. Table - Combined!DK20,xl/worksheets/sheet7.xml:DK20,2.1145450000000001E-4,"#,##0.000_);\(#,##0.000\)",0.000_),0.000 ,0.000 ,회계 수치·정밀도·통화·공백 정확 일치
poi-src/test-data/spreadsheet/mv-calculator-final-2-20-2013.xlsm,시트 셀,MV Cont. Table - Combined!DK21,xl/worksheets/sheet7.xml:DK21,2.9594469999999999E-4,"#,##0.000_);\(#,##0.000\)",0.000_),0.000 ,0.000 ,회계 수치·정밀도·통화·공백 정확 일치
poi-src/test-data/spreadsheet/mv-calculator-final-2-20-2013.xlsm,시트 셀,MV Cont. Table - Combined!DK22,xl/worksheets/sheet7.xml:DK22,3.462804E-4,"#,##0.000_);\(#,##0.000\)",0.000_),0.000 ,0.000 ,회계 수치·정밀도·통화·공백 정확 일치
poi-src/test-data/spreadsheet/mv-calculator-final-2-20-2013.xlsm,시트 셀,MV Cont. Table - Combined!DK23,xl/worksheets/sheet7.xml:DK23,4.1238640000000002E-4,"#,##0.000_);\(#,##0.000\)",0.000_),0.000 ,0.000 ,회계 수치·정밀도·통화·공백 정확 일치
poi-src/test-data/spreadsheet/mv-calculator-final-2-20-2013.xlsm,시트 셀,MV Cont. Table - Combined!DK24,xl/worksheets/sheet7.xml:DK24,5.2070809999999997E-4,"#,##0.000_);\(#,##0.000\)",0.001_),0.001 ,0.001 ,회계 수치·정밀도·통화·공백 정확 일치
poi-src/test-data/spreadsheet/mv-calculator-final-2-20-2013.xlsm,시트 셀,MV Cont. Table - Combined!DK25,xl/worksheets/sheet7.xml:DK25,6.2976809999999999E-4,"#,##0.000_);\(#,##0.000\)",0.001_),0.001 ,0.001 ,회계 수치·정밀도·통화·공백 정확 일치
poi-src/test-data/spreadsheet/mv-calculator-final-2-20-2013.xlsm,시트 셀,MV Cont. Table - Combined!DK26,xl/worksheets/sheet7.xml:DK26,7.5113830000000004E-4,"#,##0.000_);\(#,##0.000\)",0.001_),0.001 ,0.001 ,회계 수치·정밀도·통화·공백 정확 일치
poi-src/test-data/spreadsheet/mv-calculator-final-2-20-2013.xlsm,시트 셀,MV Cont. Table - Combined!DK27,xl/worksheets/sheet7.xml:DK27,9.0408760000000002E-4,"#,##0.000_);\(#,##0.000\)",0.001_),0.001 ,0.001 ,회계 수치·정밀도·통화·공백 정확 일치
poi-src/test-data/spreadsheet/mv-calculator-final-2-20-2013.xlsm,시트 셀,MV Cont. Table - Combined!DK28,xl/worksheets/sheet7.xml:DK28,1.0487700999999999E-3,"#,##0.000_);\(#,##0.000\)",0.001_),0.001 ,0.001 ,회계 수치·정밀도·통화·공백 정확 일치
poi-src/test-data/spreadsheet/mv-calculator-final-2-20-2013.xlsm,시트 셀,MV Cont. Table - Combined!DK29,xl/worksheets/sheet7.xml:DK29,1.2197200999999999E-3,"#,##0.000_);\(#,##0.000\)",0.001_),0.001 ,0.001 ,회계 수치·정밀도·통화·공백 정확 일치
poi-src/test-data/spreadsheet/mv-calculator-final-2-20-2013.xlsm,시트 셀,MV Cont. Table - Combined!DK30,xl/worksheets/sheet7.xml:DK30,1.4303248E-3,"#,##0.000_);\(#,##0.000\)",0.001_),0.001 ,0.001 ,회계 수치·정밀도·통화·공백 정확 일치
poi-src/test-data/spreadsheet/mv-calculator-final-2-20-2013.xlsm,시트 셀,MV Cont. Table - Combined!DK31,xl/worksheets/sheet7.xml:DK31,1.6539479000000001E-3,"#,##0.000_);\(#,##0.000\)",0.002_),0.002 ,0.002 ,회계 수치·정밀도·통화·공백 정확 일치
poi-src/test-data/spreadsheet/mv-calculator-final-2-20-2013.xlsm,시트 셀,MV Cont. Table - Combined!DK32,xl/worksheets/sheet7.xml:DK32,1.8534809000000001E-3,"#,##0.000_);\(#,##0.000\)",0.002_),0.002 ,0.002 ,회계 수치·정밀도·통화·공백 정확 일치
poi-src/test-data/spreadsheet/mv-calculator-final-2-20-2013.xlsm,시트 셀,MV Cont. Table - Combined!DK33,xl/worksheets/sheet7.xml:DK33,2.0674112E-3,"#,##0.000_);\(#,##0.000\)",0.002_),0.002 ,0.002 ,회계 수치·정밀도·통화·공백 정확 일치
poi-src/test-data/spreadsheet/mv-calculator-final-2-20-2013.xlsm,시트 셀,MV Cont. Table - Combined!DK34,xl/worksheets/sheet7.xml:DK34,2.3332676999999998E-3,"#,##0.000_);\(#,##0.000\)",0.002_),0.002 ,0.002 ,회계 수치·정밀도·통화·공백 정확 일치
poi-src/test-data/spreadsheet/mv-calculator-final-2-20-2013.xlsm,시트 셀,MV Cont. Table - Combined!DK35,xl/worksheets/sheet7.xml:DK35,2.5964440999999999E-3,"#,##0.000_);\(#,##0.000\)",0.003_),0.003 ,0.003 ,회계 수치·정밀도·통화·공백 정확 일치
poi-src/test-data/spreadsheet/mv-calculator-final-2-20-2013.xlsm,시트 셀,MV Cont. Table - Combined!DK36,xl/worksheets/sheet7.xml:DK36,2.8872533999999999E-3,"#,##0.000_);\(#,##0.000\)",0.003_),0.003 ,0.003 ,회계 수치·정밀도·통화·공백 정확 일치
poi-src/test-data/spreadsheet/mv-calculator-final-2-20-2013.xlsm,시트 셀,MV Cont. Table - Combined!DK37,xl/worksheets/sheet7.xml:DK37,3.1558998E-3,"#,##0.000_);\(#,##0.000\)",0.003_),0.003 ,0.003 ,회계 수치·정밀도·통화·공백 정확 일치
poi-src/test-data/spreadsheet/mv-calculator-final-2-20-2013.xlsm,시트 셀,MV Cont. Table - Combined!DK38,xl/worksheets/sheet7.xml:DK38,3.4515508000000001E-3,"#,##0.000_);\(#,##0.000\)",0.003_),0.003 ,0.003 ,회계 수치·정밀도·통화·공백 정확 일치
poi-src/test-data/spreadsheet/mv-calculator-final-2-20-2013.xlsm,시트 셀,MV Cont. Table - Combined!DK39,xl/worksheets/sheet7.xml:DK39,3.7629642999999998E-3,"#,##0.000_);\(#,##0.000\)",0.004_),0.004 ,0.004 ,회계 수치·정밀도·통화·공백 정확 일치
poi-src/test-data/spreadsheet/mv-calculator-final-2-20-2013.xlsm,시트 셀,MV Cont. Table - Combined!DK40,xl/worksheets/sheet7.xml:DK40,4.0540569000000002E-3,"#,##0.000_);\(#,##0.000\)",0.004_),0.004 ,0.004 ,회계 수치·정밀도·통화·공백 정확 일치
poi-src/test-data/spreadsheet/mv-calculator-final-2-20-2013.xlsm,시트 셀,MV Cont. Table - Combined!DK41,xl/worksheets/sheet7.xml:DK41,4.4317649000000002E-3,"#,##0.000_);\(#,##0.000\)",0.004_),0.004 ,0.004 ,회계 수치·정밀도·통화·공백 정확 일치
poi-src/test-data/spreadsheet/mv-calculator-final-2-20-2013.xlsm,시트 셀,MV Cont. Table - Combined!DK42,xl/worksheets/sheet7.xml:DK42,4.7380883000000002E-3,"#,##0.000_);\(#,##0.000\)",0.005_),0.005 ,0.005 ,회계 수치·정밀도·통화·공백 정확 일치
poi-src/test-data/spreadsheet/mv-calculator-final-2-20-2013.xlsm,시트 셀,MV Cont. Table - Combined!DK43,xl/worksheets/sheet7.xml:DK43,5.0830331000000003E-3,"#,##0.000_);\(#,##0.000\)",0.005_),0.005 ,0.005 ,회계 수치·정밀도·통화·공백 정확 일치
poi-src/test-data/spreadsheet/mv-calculator-final-2-20-2013.xlsm,시트 셀,MV Cont. Table - Combined!DK44,xl/worksheets/sheet7.xml:DK44,5.4277292000000001E-3,"#,##0.000_);\(#,##0.000\)",0.005_),0.005 ,0.005 ,회계 수치·정밀도·통화·공백 정확 일치
poi-src/test-data/spreadsheet/mv-calculator-final-2-20-2013.xlsm,시트 셀,MV Cont. Table - Combined!DK45,xl/worksheets/sheet7.xml:DK45,5.7909657000000002E-3,"#,##0.000_);\(#,##0.000\)",0.006_),0.006 ,0.006 ,회계 수치·정밀도·통화·공백 정확 일치
poi-src/test-data/spreadsheet/mv-calculator-final-2-20-2013.xlsm,시트 셀,MV Cont. Table - Combined!DK46,xl/worksheets/sheet7.xml:DK46,6.1693700000000004E-3,"#,##0.000_);\(#,##0.000\)",0.006_),0.006 ,0.006 ,회계 수치·정밀도·통화·공백 정확 일치
poi-src/test-data/spreadsheet/mv-calculator-final-2-20-2013.xlsm,시트 셀,MV Cont. Table - Combined!DK47,xl/worksheets/sheet7.xml:DK47,6.5176836999999996E-3,"#,##0.000_);\(#,##0.000\)",0.007_),0.007 ,0.007 ,회계 수치·정밀도·통화·공백 정확 일치
poi-src/test-data/spreadsheet/mv-calculator-final-2-20-2013.xlsm,시트 셀,MV Cont. Table - Combined!DK48,xl/worksheets/sheet7.xml:DK48,6.8351834999999996E-3,"#,##0.000_);\(#,##0.000\)",0.007_),0.007 ,0.007 ,회계 수치·정밀도·통화·공백 정확 일치
poi-src/test-data/spreadsheet/mv-calculator-final-2-20-2013.xlsm,시트 셀,MV Cont. Table - Combined!DK49,xl/worksheets/sheet7.xml:DK49,7.1302105999999999E-3,"#,##0.000_);\(#,##0.000\)",0.007_),0.007 ,0.007 ,회계 수치·정밀도·통화·공백 정확 일치
poi-src/test-data/spreadsheet/mv-calculator-final-2-20-2013.xlsm,시트 셀,MV Cont. Table - Combined!DK5,xl/worksheets/sheet7.xml:DK5,0,"#,##0.000_);\(#,##0.000\)",0.000_),0.000 ,0.000 ,회계 수치·정밀도·통화·공백 정확 일치
poi-src/test-data/spreadsheet/mv-calculator-final-2-20-2013.xlsm,시트 셀,MV Cont. Table - Combined!DK50,xl/worksheets/sheet7.xml:DK50,7.4333244E-3,"#,##0.000_);\(#,##0.000\)",0.007_),0.007 ,0.007 ,회계 수치·정밀도·통화·공백 정확 일치
poi-src/test-data/spreadsheet/mv-calculator-final-2-20-2013.xlsm,시트 셀,MV Cont. Table - Combined!DK51,xl/worksheets/sheet7.xml:DK51,7.7678269000000001E-3,"#,##0.000_);\(#,##0.000\)",0.008_),0.008 ,0.008 ,회계 수치·정밀도·통화·공백 정확 일치
poi-src/test-data/spreadsheet/mv-calculator-final-2-20-2013.xlsm,시트 셀,MV Cont. Table - Combined!DK52,xl/worksheets/sheet7.xml:DK52,8.0722384000000008E-3,"#,##0.000_);\(#,##0.000\)",0.008_),0.008 ,0.008 ,회계 수치·정밀도·통화·공백 정확 일치
poi-src/test-data/spreadsheet/mv-calculator-final-2-20-2013.xlsm,시트 셀,MV Cont. Table - Combined!DK53,xl/worksheets/sheet7.xml:DK53,8.3559544000000006E-3,"#,##0.000_);\(#,##0.000\)",0.008_),0.008 ,0.008 ,회계 수치·정밀도·통화·공백 정확 일치
poi-src/test-data/spreadsheet/mv-calculator-final-2-20-2013.xlsm,시트 셀,MV Cont. Table - Combined!DK54,xl/worksheets/sheet7.xml:DK54,8.6148587000000002E-3,"#,##0.000_);\(#,##0.000\)",0.009_),0.009 ,0.009 ,회계 수치·정밀도·통화·공백 정확 일치
poi-src/test-data/spreadsheet/mv-calculator-final-2-20-2013.xlsm,시트 셀,MV Cont. Table - Combined!DK55,xl/worksheets/sheet7.xml:DK55,8.9127767999999993E-3,"#,##0.000_);\(#,##0.000\)",0.009_),0.009 ,0.009 ,회계 수치·정밀도·통화·공백 정확 일치
poi-src/test-data/spreadsheet/mv-calculator-final-2-20-2013.xlsm,시트 셀,MV Cont. Table - Combined!DK56,xl/worksheets/sheet7.xml:DK56,9.1718171000000001E-3,"#,##0.000_);\(#,##0.000\)",0.009_),0.009 ,0.009 ,회계 수치·정밀도·통화·공백 정확 일치
poi-src/test-data/spreadsheet/mv-calculator-final-2-20-2013.xlsm,시트 셀,MV Cont. Table - Combined!DK57,xl/worksheets/sheet7.xml:DK57,9.4848992000000007E-3,"#,##0.000_);\(#,##0.000\)",0.009_),0.009 ,0.009 ,회계 수치·정밀도·통화·공백 정확 일치
poi-src/test-data/spreadsheet/mv-calculator-final-2-20-2013.xlsm,시트 셀,MV Cont. Table - Combined!DK58,xl/worksheets/sheet7.xml:DK58,9.8085828E-3,"#,##0.000_);\(#,##0.000\)",0.010_),0.010 ,0.010 ,회계 수치·정밀도·통화·공백 정확 일치
poi-src/test-data/spreadsheet/mv-calculator-final-2-20-2013.xlsm,시트 셀,MV Cont. Table - Combined!DK59,xl/worksheets/sheet7.xml:DK59,1.0045734000000001E-2,"#,##0.000_);\(#,##0.000\)",0.010_),0.010 ,0.010 ,회계 수치·정밀도·통화·공백 정확 일치
poi-src/test-data/spreadsheet/mv-calculator-final-2-20-2013.xlsm,시트 셀,MV Cont. Table - Combined!DK6,xl/worksheets/sheet7.xml:DK6,0,"#,##0.000_);\(#,##0.000\)",0.000_),0.000 ,0.000 ,회계 수치·정밀도·통화·공백 정확 일치
poi-src/test-data/spreadsheet/mv-calculator-final-2-20-2013.xlsm,시트 셀,MV Cont. Table - Combined!DK60,xl/worksheets/sheet7.xml:DK60,1.0312002400000001E-2,"#,##0.000_);\(#,##0.000\)",0.010_),0.010 ,0.010 ,회계 수치·정밀도·통화·공백 정확 일치
poi-src/test-data/spreadsheet/mv-calculator-final-2-20-2013.xlsm,시트 셀,MV Cont. Table - Combined!DK61,xl/worksheets/sheet7.xml:DK61,1.05772774E-2,"#,##0.000_);\(#,##0.000\)",0.011_),0.011 ,0.011 ,회계 수치·정밀도·통화·공백 정확 일치
poi-src/test-data/spreadsheet/mv-calculator-final-2-20-2013.xlsm,시트 셀,MV Cont. Table - Combined!DK62,xl/worksheets/sheet7.xml:DK62,1.0782053099999999E-2,"#,##0.000_);\(#,##0.000\)",0.011_),0.011 ,0.011 ,회계 수치·정밀도·통화·공백 정확 일치
poi-src/test-data/spreadsheet/mv-calculator-final-2-20-2013.xlsm,시트 셀,MV Cont. Table - Combined!DK63,xl/worksheets/sheet7.xml:DK63,1.10102806E-2,"#,##0.000_);\(#,##0.000\)",0.011_),0.011 ,0.011 ,회계 수치·정밀도·통화·공백 정확 일치
poi-src/test-data/spreadsheet/mv-calculator-final-2-20-2013.xlsm,시트 셀,MV Cont. Table - Combined!DK64,xl/worksheets/sheet7.xml:DK64,1.12284641E-2,"#,##0.000_);\(#,##0.000\)",0.011_),0.011 ,0.011 ,회계 수치·정밀도·통화·공백 정확 일치
poi-src/test-data/spreadsheet/mv-calculator-final-2-20-2013.xlsm,시트 셀,MV Cont. Table - Combined!DK65,xl/worksheets/sheet7.xml:DK65,1.1437728600000001E-2,"#,##0.000_);\(#,##0.000\)",0.011_),0.011 ,0.011 ,회계 수치·정밀도·통화·공백 정확 일치
poi-src/test-data/spreadsheet/mv-calculator-final-2-20-2013.xlsm,시트 셀,MV Cont. Table - Combined!DK66,xl/worksheets/sheet7.xml:DK66,1.1664269099999999E-2,"#,##0.000_);\(#,##0.000\)",0.012_),0.012 ,0.012 ,회계 수치·정밀도·통화·공백 정확 일치
poi-src/test-data/spreadsheet/mv-calculator-final-2-20-2013.xlsm,시트 셀,MV Cont. Table - Combined!DK67,xl/worksheets/sheet7.xml:DK67,1.1809816900000001E-2,"#,##0.000_);\(#,##0.000\)",0.012_),0.012 ,0.012 ,회계 수치·정밀도·통화·공백 정확 일치
poi-src/test-data/spreadsheet/mv-calculator-final-2-20-2013.xlsm,시트 셀,MV Cont. Table - Combined!DK68,xl/worksheets/sheet7.xml:DK68,1.19771849E-2,"#,##0.000_);\(#,##0.000\)",0.012_),0.012 ,0.012 ,회계 수치·정밀도·통화·공백 정확 일치
poi-src/test-data/spreadsheet/mv-calculator-final-2-20-2013.xlsm,시트 셀,MV Cont. Table - Combined!DK69,xl/worksheets/sheet7.xml:DK69,1.2195863600000001E-2,"#,##0.000_);\(#,##0.000\)",0.012_),0.012 ,0.012 ,회계 수치·정밀도·통화·공백 정확 일치
poi-src/test-data/spreadsheet/mv-calculator-final-2-20-2013.xlsm,시트 셀,MV Cont. Table - Combined!DK7,xl/worksheets/sheet7.xml:DK7,0,"#,##0.000_);\(#,##0.000\)",0.000_),0.000 ,0.000 ,회계 수치·정밀도·통화·공백 정확 일치
poi-src/test-data/spreadsheet/mv-calculator-final-2-20-2013.xlsm,시트 셀,MV Cont. Table - Combined!DK70,xl/worksheets/sheet7.xml:DK70,1.2325603399999999E-2,"#,##0.000_);\(#,##0.000\)",0.012_),0.012 ,0.012 ,회계 수치·정밀도·통화·공백 정확 일치
poi-src/test-data/spreadsheet/mv-calculator-final-2-20-2013.xlsm,시트 셀,MV Cont. Table - Combined!DK71,xl/worksheets/sheet7.xml:DK71,1.3757569799999999E-2,"#,##0.000_);\(#,##0.000\)",0.014_),0.014 ,0.014 ,회계 수치·정밀도·통화·공백 정확 일치
poi-src/test-data/spreadsheet/mv-calculator-final-2-20-2013.xlsm,시트 셀,MV Cont. Table - Combined!DK72,xl/worksheets/sheet7.xml:DK72,1.7435009599999999E-2,"#,##0.000_);\(#,##0.000\)",0.017_),0.017 ,0.017 ,회계 수치·정밀도·통화·공백 정확 일치
poi-src/test-data/spreadsheet/mv-calculator-final-2-20-2013.xlsm,시트 셀,MV Cont. Table - Combined!DK73,xl/worksheets/sheet7.xml:DK73,2.8151270499999999E-2,"#,##0.000_);\(#,##0.000\)",0.028_),0.028 ,0.028 ,회계 수치·정밀도·통화·공백 정확 일치
poi-src/test-data/spreadsheet/mv-calculator-final-2-20-2013.xlsm,시트 셀,MV Cont. Table - Combined!DK74,xl/worksheets/sheet7.xml:DK74,3.98930958E-2,"#,##0.000_);\(#,##0.000\)",0.040_),0.040 ,0.040 ,회계 수치·정밀도·통화·공백 정확 일치
poi-src/test-data/spreadsheet/mv-calculator-final-2-20-2013.xlsm,시트 셀,MV Cont. Table - Combined!DK75,xl/worksheets/sheet7.xml:DK75,4.8696032799999997E-2,"#,##0.000_);\(#,##0.000\)",0.049_),0.049 ,0.049 ,회계 수치·정밀도·통화·공백 정확 일치
poi-src/test-data/spreadsheet/mv-calculator-final-2-20-2013.xlsm,시트 셀,MV Cont. Table - Combined!DK76,xl/worksheets/sheet7.xml:DK76,5.5437141099999997E-2,"#,##0.000_);\(#,##0.000\)",0.055_),0.055 ,0.055 ,회계 수치·정밀도·통화·공백 정확 일치
poi-src/test-data/spreadsheet/mv-calculator-final-2-20-2013.xlsm,시트 셀,MV Cont. Table - Combined!DK77,xl/worksheets/sheet7.xml:DK77,6.0821305899999997E-2,"#,##0.000_);\(#,##0.000\)",0.061_),0.061 ,0.061 ,회계 수치·정밀도·통화·공백 정확 일치
poi-src/test-data/spreadsheet/mv-calculator-final-2-20-2013.xlsm,시트 셀,MV Cont. Table - Combined!DK78,xl/worksheets/sheet7.xml:DK78,6.5253783100000004E-2,"#,##0.000_);\(#,##0.000\)",0.065_),0.065 ,0.065 ,회계 수치·정밀도·통화·공백 정확 일치
poi-src/test-data/spreadsheet/mv-calculator-final-2-20-2013.xlsm,시트 셀,MV Cont. Table - Combined!DK79,xl/worksheets/sheet7.xml:DK79,6.89673814E-2,"#,##0.000_);\(#,##0.000\)",0.069_),0.069 ,0.069 ,회계 수치·정밀도·통화·공백 정확 일치
poi-src/test-data/spreadsheet/mv-calculator-final-2-20-2013.xlsm,시트 셀,MV Cont. Table - Combined!DK8,xl/worksheets/sheet7.xml:DK8,0,"#,##0.000_);\(#,##0.000\)",0.000_),0.000 ,0.000 ,회계 수치·정밀도·통화·공백 정확 일치
poi-src/test-data/spreadsheet/mv-calculator-final-2-20-2013.xlsm,시트 셀,MV Cont. Table - Combined!DK80,xl/worksheets/sheet7.xml:DK80,7.2055224799999998E-2,"#,##0.000_);\(#,##0.000\)",0.072_),0.072 ,0.072 ,회계 수치·정밀도·통화·공백 정확 일치
poi-src/test-data/spreadsheet/mv-calculator-final-2-20-2013.xlsm,시트 셀,MV Cont. Table - Combined!DK81,xl/worksheets/sheet7.xml:DK81,8.6884984600000006E-2,"#,##0.000_);\(#,##0.000\)",0.087_),0.087 ,0.087 ,회계 수치·정밀도·통화·공백 정확 일치
poi-src/test-data/spreadsheet/mv-calculator-final-2-20-2013.xlsm,시트 셀,MV Cont. Table - Combined!DK82,xl/worksheets/sheet7.xml:DK82,9.42504339E-2,"#,##0.000_);\(#,##0.000\)",0.094_),0.094 ,0.094 ,회계 수치·정밀도·통화·공백 정확 일치
poi-src/test-data/spreadsheet/mv-calculator-final-2-20-2013.xlsm,시트 셀,MV Cont. Table - Combined!DK83,xl/worksheets/sheet7.xml:DK83,9.6148277399999996E-2,"#,##0.000_);\(#,##0.000\)",0.096_),0.096 ,0.096 ,회계 수치·정밀도·통화·공백 정확 일치
poi-src/test-data/spreadsheet/mv-calculator-final-2-20-2013.xlsm,시트 셀,MV Cont. Table - Combined!DK84,xl/worksheets/sheet7.xml:DK84,9.6926916399999993E-2,"#,##0.000_);\(#,##0.000\)",0.097_),0.097 ,0.097 ,회계 수치·정밀도·통화·공백 정확 일치
poi-src/test-data/spreadsheet/mv-calculator-final-2-20-2013.xlsm,시트 셀,MV Cont. Table - Combined!DK85,xl/worksheets/sheet7.xml:DK85,9.7328305300000001E-2,"#,##0.000_);\(#,##0.000\)",0.097_),0.097 ,0.097 ,회계 수치·정밀도·통화·공백 정확 일치
poi-src/test-data/spreadsheet/mv-calculator-final-2-20-2013.xlsm,시트 셀,MV Cont. Table - Combined!DK86,xl/worksheets/sheet7.xml:DK86,9.7727889600000006E-2,"#,##0.000_);\(#,##0.000\)",0.098_),0.098 ,0.098 ,회계 수치·정밀도·통화·공백 정확 일치
poi-src/test-data/spreadsheet/mv-calculator-final-2-20-2013.xlsm,시트 셀,MV Cont. Table - Combined!DK87,xl/worksheets/sheet7.xml:DK87,9.7825859900000006E-2,"#,##0.000_);\(#,##0.000\)",0.098_),0.098 ,0.098 ,회계 수치·정밀도·통화·공백 정확 일치
poi-src/test-data/spreadsheet/mv-calculator-final-2-20-2013.xlsm,시트 셀,MV Cont. Table - Combined!DK88,xl/worksheets/sheet7.xml:DK88,9.7839181400000003E-2,"#,##0.000_);\(#,##0.000\)",0.098_),0.098 ,0.098 ,회계 수치·정밀도·통화·공백 정확 일치
poi-src/test-data/spreadsheet/mv-calculator-final-2-20-2013.xlsm,시트 셀,MV Cont. Table - Combined!DK9,xl/worksheets/sheet7.xml:DK9,1.2012699999999999E-5,"#,##0.000_);\(#,##0.000\)",0.000_),0.000 ,0.000 ,회계 수치·정밀도·통화·공백 정확 일치
poi-src/test-data/spreadsheet/mv-calculator-final-2-20-2013.xlsm,시트 셀,MV Cont. Table - Combined!DL10,xl/worksheets/sheet7.xml:DL10,1.04825E-5,"#,##0.000_);\(#,##0.000\)",0.000_),0.000 ,0.000 ,회계 수치·정밀도·통화·공백 정확 일치
poi-src/test-data/spreadsheet/mv-calculator-final-2-20-2013.xlsm,시트 셀,MV Cont. Table - Combined!DL11,xl/worksheets/sheet7.xml:DL11,9.3712991000000001E-6,"#,##0.000_);\(#,##0.000\)",0.000_),0.000 ,0.000 ,회계 수치·정밀도·통화·공백 정확 일치
poi-src/test-data/spreadsheet/mv-calculator-final-2-20-2013.xlsm,시트 셀,MV Cont. Table - Combined!DL12,xl/worksheets/sheet7.xml:DL12,8.5217960999999993E-6,"#,##0.000_);\(#,##0.000\)",0.000_),0.000 ,0.000 ,회계 수치·정밀도·통화·공백 정확 일치
poi-src/test-data/spreadsheet/mv-calculator-final-2-20-2013.xlsm,시트 셀,MV Cont. Table - Combined!DL13,xl/worksheets/sheet7.xml:DL13,1.04145E-5,"#,##0.000_);\(#,##0.000\)",0.000_),0.000 ,0.000 ,회계 수치·정밀도·통화·공백 정확 일치
poi-src/test-data/spreadsheet/mv-calculator-final-2-20-2013.xlsm,시트 셀,MV Cont. Table - Combined!DL14,xl/worksheets/sheet7.xml:DL14,2.6018300000000001E-5,"#,##0.000_);\(#,##0.000\)",0.000_),0.000 ,0.000 ,회계 수치·정밀도·통화·공백 정확 일치
poi-src/test-data/spreadsheet/mv-calculator-final-2-20-2013.xlsm,시트 셀,MV Cont. Table - Combined!DL15,xl/worksheets/sheet7.xml:DL15,4.0586000000000001E-5,"#,##0.000_);\(#,##0.000\)",0.000_),0.000 ,0.000 ,회계 수치·정밀도·통화·공백 정확 일치
poi-src/test-data/spreadsheet/mv-calculator-final-2-20-2013.xlsm,시트 셀,MV Cont. Table - Combined!DL16,xl/worksheets/sheet7.xml:DL16,6.9487399999999995E-5,"#,##0.000_);\(#,##0.000\)",0.000_),0.000 ,0.000 ,회계 수치·정밀도·통화·공백 정확 일치
poi-src/test-data/spreadsheet/mv-calculator-final-2-20-2013.xlsm,시트 셀,MV Cont. Table - Combined!DL17,xl/worksheets/sheet7.xml:DL17,8.1943100000000005E-5,"#,##0.000_);\(#,##0.000\)",0.000_),0.000 ,0.000 ,회계 수치·정밀도·통화·공백 정확 일치
poi-src/test-data/spreadsheet/mv-calculator-final-2-20-2013.xlsm,시트 셀,MV Cont. Table - Combined!DL18,xl/worksheets/sheet7.xml:DL18,1.15763E-4,"#,##0.000_);\(#,##0.000\)",0.000_),0.000 ,0.000 ,회계 수치·정밀도·통화·공백 정확 일치
poi-src/test-data/spreadsheet/mv-calculator-final-2-20-2013.xlsm,시트 셀,MV Cont. Table - Combined!DL19,xl/worksheets/sheet7.xml:DL19,1.7190550000000001E-4,"#,##0.000_);\(#,##0.000\)",0.000_),0.000 ,0.000 ,회계 수치·정밀도·통화·공백 정확 일치
poi-src/test-data/spreadsheet/mv-calculator-final-2-20-2013.xlsm,시트 셀,MV Cont. Table - Combined!DL20,xl/worksheets/sheet7.xml:DL20,2.174272E-4,"#,##0.000_);\(#,##0.000\)",0.000_),0.000 ,0.000 ,회계 수치·정밀도·통화·공백 정확 일치
poi-src/test-data/spreadsheet/mv-calculator-final-2-20-2013.xlsm,시트 셀,MV Cont. Table - Combined!DL21,xl/worksheets/sheet7.xml:DL21,3.02522E-4,"#,##0.000_);\(#,##0.000\)",0.000_),0.000 ,0.000 ,회계 수치·정밀도·통화·공백 정확 일치
poi-src/test-data/spreadsheet/mv-calculator-final-2-20-2013.xlsm,시트 셀,MV Cont. Table - Combined!DL22,xl/worksheets/sheet7.xml:DL22,3.5266589999999998E-4,"#,##0.000_);\(#,##0.000\)",0.000_),0.000 ,0.000 ,회계 수치·정밀도·통화·공백 정확 일치
poi-src/test-data/spreadsheet/mv-calculator-final-2-20-2013.xlsm,시트 셀,MV Cont. Table - Combined!DL23,xl/worksheets/sheet7.xml:DL23,4.1860310000000001E-4,"#,##0.000_);\(#,##0.000\)",0.000_),0.000 ,0.000 ,회계 수치·정밀도·통화·공백 정확 일치
poi-src/test-data/spreadsheet/mv-calculator-final-2-20-2013.xlsm,시트 셀,MV Cont. Table - Combined!DL24,xl/worksheets/sheet7.xml:DL24,5.2936750000000005E-4,"#,##0.000_);\(#,##0.000\)",0.001_),0.001 ,0.001 ,회계 수치·정밀도·통화·공백 정확 일치
poi-src/test-data/spreadsheet/mv-calculator-final-2-20-2013.xlsm,시트 셀,MV Cont. Table - Combined!DL25,xl/worksheets/sheet7.xml:DL25,6.4052529999999996E-4,"#,##0.000_);\(#,##0.000\)",0.001_),0.001 ,0.001 ,회계 수치·정밀도·통화·공백 정확 일치
poi-src/test-data/spreadsheet/mv-calculator-final-2-20-2013.xlsm,시트 셀,MV Cont. Table - Combined!DL26,xl/worksheets/sheet7.xml:DL26,7.6237039999999998E-4,"#,##0.000_);\(#,##0.000\)",0.001_),0.001 ,0.001 ,회계 수치·정밀도·통화·공백 정확 일치
poi-src/test-data/spreadsheet/mv-calculator-final-2-20-2013.xlsm,시트 셀,MV Cont. Table - Combined!DL27,xl/worksheets/sheet7.xml:DL27,9.1648350000000001E-4,"#,##0.000_);\(#,##0.000\)",0.001_),0.001 ,0.001 ,회계 수치·정밀도·통화·공백 정확 일치
poi-src/test-data/spreadsheet/mv-calculator-final-2-20-2013.xlsm,시트 셀,MV Cont. Table - Combined!DL28,xl/worksheets/sheet7.xml:DL28,1.0703205E-3,"#,##0.000_);\(#,##0.000\)",0.001_),0.001 ,0.001 ,회계 수치·정밀도·통화·공백 정확 일치
poi-src/test-data/spreadsheet/mv-calculator-final-2-20-2013.xlsm,시트 셀,MV Cont. Table - Combined!DL29,xl/worksheets/sheet7.xml:DL29,1.2437664E-3,"#,##0.000_);\(#,##0.000\)",0.001_),0.001 ,0.001 ,회계 수치·정밀도·통화·공백 정확 일치
poi-src/test-data/spreadsheet/mv-calculator-final-2-20-2013.xlsm,시트 셀,MV Cont. Table - Combined!DL30,xl/worksheets/sheet7.xml:DL30,1.4648122000000001E-3,"#,##0.000_);\(#,##0.000\)",0.001_),0.001 ,0.001 ,회계 수치·정밀도·통화·공백 정확 일치
poi-src/test-data/spreadsheet/mv-calculator-final-2-20-2013.xlsm,시트 셀,MV Cont. Table - Combined!DL31,xl/worksheets/sheet7.xml:DL31,1.6906992E-3,"#,##0.000_);\(#,##0.000\)",0.002_),0.002 ,0.002 ,회계 수치·정밀도·통화·공백 정확 일치
poi-src/test-data/spreadsheet/mv-calculator-final-2-20-2013.xlsm,시트 셀,MV Cont. Table - Combined!DL32,xl/worksheets/sheet7.xml:DL32,1.8917834999999999E-3,"#,##0.000_);\(#,##0.000\)",0.002_),0.002 ,0.002 ,회계 수치·정밀도·통화·공백 정확 일치
poi-src/test-data/spreadsheet/mv-calculator-final-2-20-2013.xlsm,시트 셀,MV Cont. Table - Combined!DL33,xl/worksheets/sheet7.xml:DL33,2.1072061E-3,"#,##0.000_);\(#,##0.000\)",0.002_),0.002 ,0.002 ,회계 수치·정밀도·통화·공백 정확 일치
poi-src/test-data/spreadsheet/mv-calculator-final-2-20-2013.xlsm,시트 셀,MV Cont. Table - Combined!DL34,xl/worksheets/sheet7.xml:DL34,2.3814846999999999E-3,"#,##0.000_);\(#,##0.000\)",0.002_),0.002 ,0.002 ,회계 수치·정밀도·통화·공백 정확 일치
poi-src/test-data/spreadsheet/mv-calculator-final-2-20-2013.xlsm,시트 셀,MV Cont. Table - Combined!DL35,xl/worksheets/sheet7.xml:DL35,2.6482340000000002E-3,"#,##0.000_);\(#,##0.000\)",0.003_),0.003 ,0.003 ,회계 수치·정밀도·통화·공백 정확 일치
poi-src/test-data/spreadsheet/mv-calculator-final-2-20-2013.xlsm,시트 셀,MV Cont. Table - Combined!DL36,xl/worksheets/sheet7.xml:DL36,2.9457323000000001E-3,"#,##0.000_);\(#,##0.000\)",0.003_),0.003 ,0.003 ,회계 수치·정밀도·통화·공백 정확 일치
poi-src/test-data/spreadsheet/mv-calculator-final-2-20-2013.xlsm,시트 셀,MV Cont. Table - Combined!DL37,xl/worksheets/sheet7.xml:DL37,3.2235713999999999E-3,"#,##0.000_);\(#,##0.000\)",0.003_),0.003 ,0.003 ,회계 수치·정밀도·통화·공백 정확 일치
poi-src/test-data/spreadsheet/mv-calculator-final-2-20-2013.xlsm,시트 셀,MV Cont. Table - Combined!DL38,xl/worksheets/sheet7.xml:DL38,3.5233948999999999E-3,"#,##0.000_);\(#,##0.000\)",0.004_),0.004 ,0.004 ,회계 수치·정밀도·통화·공백 정확 일치
poi-src/test-data/spreadsheet/mv-calculator-final-2-20-2013.xlsm,시트 셀,MV Cont. Table - Combined!DL39,xl/worksheets/sheet7.xml:DL39,3.8390607999999999E-3,"#,##0.000_);\(#,##0.000\)",0.004_),0.004 ,0.004 ,회계 수치·정밀도·통화·공백 정확 일치
poi-src/test-data/spreadsheet/mv-calculator-final-2-20-2013.xlsm,시트 셀,MV Cont. Table - Combined!DL40,xl/worksheets/sheet7.xml:DL40,4.1329447999999998E-3,"#,##0.000_);\(#,##0.000\)",0.004_),0.004 ,0.004 ,회계 수치·정밀도·통화·공백 정확 일치
poi-src/test-data/spreadsheet/mv-calculator-final-2-20-2013.xlsm,시트 셀,MV Cont. Table - Combined!DL41,xl/worksheets/sheet7.xml:DL41,4.5284929000000002E-3,"#,##0.000_);\(#,##0.000\)",0.005_),0.005 ,0.005 ,회계 수치·정밀도·통화·공백 정확 일치
poi-src/test-data/spreadsheet/mv-calculator-final-2-20-2013.xlsm,시트 셀,MV Cont. Table - Combined!DL42,xl/worksheets/sheet7.xml:DL42,4.8400277E-3,"#,##0.000_);\(#,##0.000\)",0.005_),0.005 ,0.005 ,회계 수치·정밀도·통화·공백 정확 일치
poi-src/test-data/spreadsheet/mv-calculator-final-2-20-2013.xlsm,시트 셀,MV Cont. Table - Combined!DL43,xl/worksheets/sheet7.xml:DL43,5.1918331999999999E-3,"#,##0.000_);\(#,##0.000\)",0.005_),0.005 ,0.005 ,회계 수치·정밀도·통화·공백 정확 일치
poi-src/test-data/spreadsheet/mv-calculator-final-2-20-2013.xlsm,시트 셀,MV Cont. Table - Combined!DL44,xl/worksheets/sheet7.xml:DL44,5.5508381999999998E-3,"#,##0.000_);\(#,##0.000\)",0.006_),0.006 ,0.006 ,회계 수치·정밀도·통화·공백 정확 일치
poi-src/test-data/spreadsheet/mv-calculator-final-2-20-2013.xlsm,시트 셀,MV Cont. Table - Combined!DL45,xl/worksheets/sheet7.xml:DL45,5.9226130000000002E-3,"#,##0.000_);\(#,##0.000\)",0.006_),0.006 ,0.006 ,회계 수치·정밀도·통화·공백 정확 일치
poi-src/test-data/spreadsheet/mv-calculator-final-2-20-2013.xlsm,시트 셀,MV Cont. Table - Combined!DL46,xl/worksheets/sheet7.xml:DL46,6.3056283999999999E-3,"#,##0.000_);\(#,##0.000\)",0.006_),0.006 ,0.006 ,회계 수치·정밀도·통화·공백 정확 일치
poi-src/test-data/spreadsheet/mv-calculator-final-2-20-2013.xlsm,시트 셀,MV Cont. Table - Combined!DL47,xl/worksheets/sheet7.xml:DL47,6.6639495999999999E-3,"#,##0.000_);\(#,##0.000\)",0.007_),0.007 ,0.007 ,회계 수치·정밀도·통화·공백 정확 일치
poi-src/test-data/spreadsheet/mv-calculator-final-2-20-2013.xlsm,시트 셀,MV Cont. Table - Combined!DL48,xl/worksheets/sheet7.xml:DL48,6.9848289000000001E-3,"#,##0.000_);\(#,##0.000\)",0.007_),0.007 ,0.007 ,회계 수치·정밀도·통화·공백 정확 일치
poi-src/test-data/spreadsheet/mv-calculator-final-2-20-2013.xlsm,시트 셀,MV Cont. Table - Combined!DL49,xl/worksheets/sheet7.xml:DL49,7.2864389E-3,"#,##0.000_);\(#,##0.000\)",0.007_),0.007 ,0.007 ,회계 수치·정밀도·통화·공백 정확 일치
poi-src/test-data/spreadsheet/mv-calculator-final-2-20-2013.xlsm,시트 셀,MV Cont. Table - Combined!DL5,xl/worksheets/sheet7.xml:DL5,0,"#,##0.000_);\(#,##0.000\)",0.000_),0.000 ,0.000 ,회계 수치·정밀도·통화·공백 정확 일치
poi-src/test-data/spreadsheet/mv-calculator-final-2-20-2013.xlsm,시트 셀,MV Cont. Table - Combined!DL50,xl/worksheets/sheet7.xml:DL50,7.5995111000000002E-3,"#,##0.000_);\(#,##0.000\)",0.008_),0.008 ,0.008 ,회계 수치·정밀도·통화·공백 정확 일치
poi-src/test-data/spreadsheet/mv-calculator-final-2-20-2013.xlsm,시트 셀,MV Cont. Table - Combined!DL51,xl/worksheets/sheet7.xml:DL51,7.9418729000000007E-3,"#,##0.000_);\(#,##0.000\)",0.008_),0.008 ,0.008 ,회계 수치·정밀도·통화·공백 정확 일치
poi-src/test-data/spreadsheet/mv-calculator-final-2-20-2013.xlsm,시트 셀,MV Cont. Table - Combined!DL52,xl/worksheets/sheet7.xml:DL52,8.2608796999999994E-3,"#,##0.000_);\(#,##0.000\)",0.008_),0.008 ,0.008 ,회계 수치·정밀도·통화·공백 정확 일치
poi-src/test-data/spreadsheet/mv-calculator-final-2-20-2013.xlsm,시트 셀,MV Cont. Table - Combined!DL53,xl/worksheets/sheet7.xml:DL53,8.5515819000000007E-3,"#,##0.000_);\(#,##0.000\)",0.009_),0.009 ,0.009 ,회계 수치·정밀도·통화·공백 정확 일치
poi-src/test-data/spreadsheet/mv-calculator-final-2-20-2013.xlsm,시트 셀,MV Cont. Table - Combined!DL54,xl/worksheets/sheet7.xml:DL54,8.8150025999999999E-3,"#,##0.000_);\(#,##0.000\)",0.009_),0.009 ,0.009 ,회계 수치·정밀도·통화·공백 정확 일치
poi-src/test-data/spreadsheet/mv-calculator-final-2-20-2013.xlsm,시트 셀,MV Cont. Table - Combined!DL55,xl/worksheets/sheet7.xml:DL55,9.1223099000000002E-3,"#,##0.000_);\(#,##0.000\)",0.009_),0.009 ,0.009 ,회계 수치·정밀도·통화·공백 정확 일치
poi-src/test-data/spreadsheet/mv-calculator-final-2-20-2013.xlsm,시트 셀,MV Cont. Table - Combined!DL56,xl/worksheets/sheet7.xml:DL56,9.3905372000000001E-3,"#,##0.000_);\(#,##0.000\)",0.009_),0.009 ,0.009 ,회계 수치·정밀도·통화·공백 정확 일치
poi-src/test-data/spreadsheet/mv-calculator-final-2-20-2013.xlsm,시트 셀,MV Cont. Table - Combined!DL57,xl/worksheets/sheet7.xml:DL57,9.7153350999999999E-3,"#,##0.000_);\(#,##0.000\)",0.010_),0.010 ,0.010 ,회계 수치·정밀도·통화·공백 정확 일치
poi-src/test-data/spreadsheet/mv-calculator-final-2-20-2013.xlsm,시트 셀,MV Cont. Table - Combined!DL58,xl/worksheets/sheet7.xml:DL58,1.0057601399999999E-2,"#,##0.000_);\(#,##0.000\)",0.010_),0.010 ,0.010 ,회계 수치·정밀도·통화·공백 정확 일치
poi-src/test-data/spreadsheet/mv-calculator-final-2-20-2013.xlsm,시트 셀,MV Cont. Table - Combined!DL59,xl/worksheets/sheet7.xml:DL59,1.0303553E-2,"#,##0.000_);\(#,##0.000\)",0.010_),0.010 ,0.010 ,회계 수치·정밀도·통화·공백 정확 일치
poi-src/test-data/spreadsheet/mv-calculator-final-2-20-2013.xlsm,시트 셀,MV Cont. Table - Combined!DL6,xl/worksheets/sheet7.xml:DL6,0,"#,##0.000_);\(#,##0.000\)",0.000_),0.000 ,0.000 ,회계 수치·정밀도·통화·공백 정확 일치
poi-src/test-data/spreadsheet/mv-calculator-final-2-20-2013.xlsm,시트 셀,MV Cont. Table - Combined!DL60,xl/worksheets/sheet7.xml:DL60,1.0584016599999999E-2,"#,##0.000_);\(#,##0.000\)",0.011_),0.011 ,0.011 ,회계 수치·정밀도·통화·공백 정확 일치
poi-src/test-data/spreadsheet/mv-calculator-final-2-20-2013.xlsm,시트 셀,MV Cont. Table - Combined!DL61,xl/worksheets/sheet7.xml:DL61,1.0856006499999999E-2,"#,##0.000_);\(#,##0.000\)",0.011_),0.011 ,0.011 ,회계 수치·정밀도·통화·공백 정확 일치
poi-src/test-data/spreadsheet/mv-calculator-final-2-20-2013.xlsm,시트 셀,MV Cont. Table - Combined!DL62,xl/worksheets/sheet7.xml:DL62,1.10761695E-2,"#,##0.000_);\(#,##0.000\)",0.011_),0.011 ,0.011 ,회계 수치·정밀도·통화·공백 정확 일치
poi-src/test-data/spreadsheet/mv-calculator-final-2-20-2013.xlsm,시트 셀,MV Cont. Table - Combined!DL63,xl/worksheets/sheet7.xml:DL63,1.1315202999999999E-2,"#,##0.000_);\(#,##0.000\)",0.011_),0.011 ,0.011 ,회계 수치·정밀도·통화·공백 정확 일치
poi-src/test-data/spreadsheet/mv-calculator-final-2-20-2013.xlsm,시트 셀,MV Cont. Table - Combined!DL64,xl/worksheets/sheet7.xml:DL64,1.15447E-2,"#,##0.000_);\(#,##0.000\)",0.012_),0.012 ,0.012 ,회계 수치·정밀도·통화·공백 정확 일치
poi-src/test-data/spreadsheet/mv-calculator-final-2-20-2013.xlsm,시트 셀,MV Cont. Table - Combined!DL65,xl/worksheets/sheet7.xml:DL65,1.17615642E-2,"#,##0.000_);\(#,##0.000\)",0.012_),0.012 ,0.012 ,회계 수치·정밀도·통화·공백 정확 일치
poi-src/test-data/spreadsheet/mv-calculator-final-2-20-2013.xlsm,시트 셀,MV Cont. Table - Combined!DL66,xl/worksheets/sheet7.xml:DL66,1.20035378E-2,"#,##0.000_);\(#,##0.000\)",0.012_),0.012 ,0.012 ,회계 수치·정밀도·통화·공백 정확 일치
poi-src/test-data/spreadsheet/mv-calculator-final-2-20-2013.xlsm,시트 셀,MV Cont. Table - Combined!DL67,xl/worksheets/sheet7.xml:DL67,1.2157369100000001E-2,"#,##0.000_);\(#,##0.000\)",0.012_),0.012 ,0.012 ,회계 수치·정밀도·통화·공백 정확 일치
poi-src/test-data/spreadsheet/mv-calculator-final-2-20-2013.xlsm,시트 셀,MV Cont. Table - Combined!DL68,xl/worksheets/sheet7.xml:DL68,1.23288701E-2,"#,##0.000_);\(#,##0.000\)",0.012_),0.012 ,0.012 ,회계 수치·정밀도·통화·공백 정확 일치
poi-src/test-data/spreadsheet/mv-calculator-final-2-20-2013.xlsm,시트 셀,MV Cont. Table - Combined!DL69,xl/worksheets/sheet7.xml:DL69,1.2561289200000001E-2,"#,##0.000_);\(#,##0.000\)",0.013_),0.013 ,0.013 ,회계 수치·정밀도·통화·공백 정확 일치
poi-src/test-data/spreadsheet/mv-calculator-final-2-20-2013.xlsm,시트 셀,MV Cont. Table - Combined!DL7,xl/worksheets/sheet7.xml:DL7,0,"#,##0.000_);\(#,##0.000\)",0.000_),0.000 ,0.000 ,회계 수치·정밀도·통화·공백 정확 일치
poi-src/test-data/spreadsheet/mv-calculator-final-2-20-2013.xlsm,시트 셀,MV Cont. Table - Combined!DL70,xl/worksheets/sheet7.xml:DL70,1.2696381499999999E-2,"#,##0.000_);\(#,##0.000\)",0.013_),0.013 ,0.013 ,회계 수치·정밀도·통화·공백 정확 일치
poi-src/test-data/spreadsheet/mv-calculator-final-2-20-2013.xlsm,시트 셀,MV Cont. Table - Combined!DL71,xl/worksheets/sheet7.xml:DL71,1.4215440899999999E-2,"#,##0.000_);\(#,##0.000\)",0.014_),0.014 ,0.014 ,회계 수치·정밀도·통화·공백 정확 일치
poi-src/test-data/spreadsheet/mv-calculator-final-2-20-2013.xlsm,시트 셀,MV Cont. Table - Combined!DL72,xl/worksheets/sheet7.xml:DL72,1.8178263300000001E-2,"#,##0.000_);\(#,##0.000\)",0.018_),0.018 ,0.018 ,회계 수치·정밀도·통화·공백 정확 일치
poi-src/test-data/spreadsheet/mv-calculator-final-2-20-2013.xlsm,시트 셀,MV Cont. Table - Combined!DL73,xl/worksheets/sheet7.xml:DL73,2.9724277100000002E-2,"#,##0.000_);\(#,##0.000\)",0.030_),0.030 ,0.030 ,회계 수치·정밀도·통화·공백 정확 일치
poi-src/test-data/spreadsheet/mv-calculator-final-2-20-2013.xlsm,시트 셀,MV Cont. Table - Combined!DL74,xl/worksheets/sheet7.xml:DL74,4.2637791899999999E-2,"#,##0.000_);\(#,##0.000\)",0.043_),0.043 ,0.043 ,회계 수치·정밀도·통화·공백 정확 일치
poi-src/test-data/spreadsheet/mv-calculator-final-2-20-2013.xlsm,시트 셀,MV Cont. Table - Combined!DL75,xl/worksheets/sheet7.xml:DL75,5.2596989199999999E-2,"#,##0.000_);\(#,##0.000\)",0.053_),0.053 ,0.053 ,회계 수치·정밀도·통화·공백 정확 일치
poi-src/test-data/spreadsheet/mv-calculator-final-2-20-2013.xlsm,시트 셀,MV Cont. Table - Combined!DL76,xl/worksheets/sheet7.xml:DL76,6.0377083999999998E-2,"#,##0.000_);\(#,##0.000\)",0.060_),0.060 ,0.060 ,회계 수치·정밀도·통화·공백 정확 일치
poi-src/test-data/spreadsheet/mv-calculator-final-2-20-2013.xlsm,시트 셀,MV Cont. Table - Combined!DL77,xl/worksheets/sheet7.xml:DL77,6.6685080800000004E-2,"#,##0.000_);\(#,##0.000\)",0.067_),0.067 ,0.067 ,회계 수치·정밀도·통화·공백 정확 일치
poi-src/test-data/spreadsheet/mv-calculator-final-2-20-2013.xlsm,시트 셀,MV Cont. Table - Combined!DL78,xl/worksheets/sheet7.xml:DL78,7.1893503499999997E-2,"#,##0.000_);\(#,##0.000\)",0.072_),0.072 ,0.072 ,회계 수치·정밀도·통화·공백 정확 일치
poi-src/test-data/spreadsheet/mv-calculator-final-2-20-2013.xlsm,시트 셀,MV Cont. Table - Combined!DL79,xl/worksheets/sheet7.xml:DL79,7.6305221600000001E-2,"#,##0.000_);\(#,##0.000\)",0.076_),0.076 ,0.076 ,회계 수치·정밀도·통화·공백 정확 일치
poi-src/test-data/spreadsheet/mv-calculator-final-2-20-2013.xlsm,시트 셀,MV Cont. Table - Combined!DL8,xl/worksheets/sheet7.xml:DL8,0,"#,##0.000_);\(#,##0.000\)",0.000_),0.000 ,0.000 ,회계 수치·정밀도·통화·공백 정확 일치
poi-src/test-data/spreadsheet/mv-calculator-final-2-20-2013.xlsm,시트 셀,MV Cont. Table - Combined!DL80,xl/worksheets/sheet7.xml:DL80,7.9983299699999996E-2,"#,##0.000_);\(#,##0.000\)",0.080_),0.080 ,0.080 ,회계 수치·정밀도·통화·공백 정확 일치
poi-src/test-data/spreadsheet/mv-calculator-final-2-20-2013.xlsm,시트 셀,MV Cont. Table - Combined!DL81,xl/worksheets/sheet7.xml:DL81,9.8276056200000003E-2,"#,##0.000_);\(#,##0.000\)",0.098_),0.098 ,0.098 ,회계 수치·정밀도·통화·공백 정확 일치
poi-src/test-data/spreadsheet/mv-calculator-final-2-20-2013.xlsm,시트 셀,MV Cont. Table - Combined!DL82,xl/worksheets/sheet7.xml:DL82,0.1077918608,"#,##0.000_);\(#,##0.000\)",0.108_),0.108 ,0.108 ,회계 수치·정밀도·통화·공백 정확 일치
poi-src/test-data/spreadsheet/mv-calculator-final-2-20-2013.xlsm,시트 셀,MV Cont. Table - Combined!DL83,xl/worksheets/sheet7.xml:DL83,0.1103042067,"#,##0.000_);\(#,##0.000\)",0.110_),0.110 ,0.110 ,회계 수치·정밀도·통화·공백 정확 일치
poi-src/test-data/spreadsheet/mv-calculator-final-2-20-2013.xlsm,시트 셀,MV Cont. Table - Combined!DL84,xl/worksheets/sheet7.xml:DL84,0.1113402384,"#,##0.000_);\(#,##0.000\)",0.111_),0.111 ,0.111 ,회계 수치·정밀도·통화·공백 정확 일치
poi-src/test-data/spreadsheet/mv-calculator-final-2-20-2013.xlsm,시트 셀,MV Cont. Table - Combined!DL85,xl/worksheets/sheet7.xml:DL85,0.1118731578,"#,##0.000_);\(#,##0.000\)",0.112_),0.112 ,0.112 ,회계 수치·정밀도·통화·공백 정확 일치
poi-src/test-data/spreadsheet/mv-calculator-final-2-20-2013.xlsm,시트 셀,MV Cont. Table - Combined!DL86,xl/worksheets/sheet7.xml:DL86,0.1124061287,"#,##0.000_);\(#,##0.000\)",0.112_),0.112 ,0.112 ,회계 수치·정밀도·통화·공백 정확 일치
poi-src/test-data/spreadsheet/mv-calculator-final-2-20-2013.xlsm,시트 셀,MV Cont. Table - Combined!DL87,xl/worksheets/sheet7.xml:DL87,0.1125368724,"#,##0.000_);\(#,##0.000\)",0.113_),0.113 ,0.113 ,회계 수치·정밀도·통화·공백 정확 일치
poi-src/test-data/spreadsheet/mv-calculator-final-2-20-2013.xlsm,시트 셀,MV Cont. Table - Combined!DL88,xl/worksheets/sheet7.xml:DL88,0.1125547192,"#,##0.000_);\(#,##0.000\)",0.113_),0.113 ,0.113 ,회계 수치·정밀도·통화·공백 정확 일치
poi-src/test-data/spreadsheet/mv-calculator-final-2-20-2013.xlsm,시트 셀,MV Cont. Table - Combined!DL9,xl/worksheets/sheet7.xml:DL9,1.2012699999999999E-5,"#,##0.000_);\(#,##0.000\)",0.000_),0.000 ,0.000 ,회계 수치·정밀도·통화·공백 정확 일치
poi-src/test-data/spreadsheet/mv-calculator-final-2-20-2013.xlsm,시트 셀,MV Cont. Table - Combined!DM10,xl/worksheets/sheet7.xml:DM10,1.04825E-5,"#,##0.000_);\(#,##0.000\)",0.000_),0.000 ,0.000 ,회계 수치·정밀도·통화·공백 정확 일치
poi-src/test-data/spreadsheet/mv-calculator-final-2-20-2013.xlsm,시트 셀,MV Cont. Table - Combined!DM11,xl/worksheets/sheet7.xml:DM11,9.3712991000000001E-6,"#,##0.000_);\(#,##0.000\)",0.000_),0.000 ,0.000 ,회계 수치·정밀도·통화·공백 정확 일치
poi-src/test-data/spreadsheet/mv-calculator-final-2-20-2013.xlsm,시트 셀,MV Cont. Table - Combined!DM12,xl/worksheets/sheet7.xml:DM12,8.5217960999999993E-6,"#,##0.000_);\(#,##0.000\)",0.000_),0.000 ,0.000 ,회계 수치·정밀도·통화·공백 정확 일치
poi-src/test-data/spreadsheet/mv-calculator-final-2-20-2013.xlsm,시트 셀,MV Cont. Table - Combined!DM13,xl/worksheets/sheet7.xml:DM13,1.04145E-5,"#,##0.000_);\(#,##0.000\)",0.000_),0.000 ,0.000 ,회계 수치·정밀도·통화·공백 정확 일치
poi-src/test-data/spreadsheet/mv-calculator-final-2-20-2013.xlsm,시트 셀,MV Cont. Table - Combined!DM14,xl/worksheets/sheet7.xml:DM14,2.6018300000000001E-5,"#,##0.000_);\(#,##0.000\)",0.000_),0.000 ,0.000 ,회계 수치·정밀도·통화·공백 정확 일치
poi-src/test-data/spreadsheet/mv-calculator-final-2-20-2013.xlsm,시트 셀,MV Cont. Table - Combined!DM15,xl/worksheets/sheet7.xml:DM15,4.0586000000000001E-5,"#,##0.000_);\(#,##0.000\)",0.000_),0.000 ,0.000 ,회계 수치·정밀도·통화·공백 정확 일치
poi-src/test-data/spreadsheet/mv-calculator-final-2-20-2013.xlsm,시트 셀,MV Cont. Table - Combined!DM16,xl/worksheets/sheet7.xml:DM16,6.9487399999999995E-5,"#,##0.000_);\(#,##0.000\)",0.000_),0.000 ,0.000 ,회계 수치·정밀도·통화·공백 정확 일치
poi-src/test-data/spreadsheet/mv-calculator-final-2-20-2013.xlsm,시트 셀,MV Cont. Table - Combined!DM17,xl/worksheets/sheet7.xml:DM17,8.1943100000000005E-5,"#,##0.000_);\(#,##0.000\)",0.000_),0.000 ,0.000 ,회계 수치·정밀도·통화·공백 정확 일치
poi-src/test-data/spreadsheet/mv-calculator-final-2-20-2013.xlsm,시트 셀,MV Cont. Table - Combined!DM18,xl/worksheets/sheet7.xml:DM18,1.15763E-4,"#,##0.000_);\(#,##0.000\)",0.000_),0.000 ,0.000 ,회계 수치·정밀도·통화·공백 정확 일치
poi-src/test-data/spreadsheet/mv-calculator-final-2-20-2013.xlsm,시트 셀,MV Cont. Table - Combined!DM19,xl/worksheets/sheet7.xml:DM19,1.7190550000000001E-4,"#,##0.000_);\(#,##0.000\)",0.000_),0.000 ,0.000 ,회계 수치·정밀도·통화·공백 정확 일치
poi-src/test-data/spreadsheet/mv-calculator-final-2-20-2013.xlsm,시트 셀,MV Cont. Table - Combined!DM20,xl/worksheets/sheet7.xml:DM20,2.174272E-4,"#,##0.000_);\(#,##0.000\)",0.000_),0.000 ,0.000 ,회계 수치·정밀도·통화·공백 정확 일치
poi-src/test-data/spreadsheet/mv-calculator-final-2-20-2013.xlsm,시트 셀,MV Cont. Table - Combined!DM21,xl/worksheets/sheet7.xml:DM21,3.02522E-4,"#,##0.000_);\(#,##0.000\)",0.000_),0.000 ,0.000 ,회계 수치·정밀도·통화·공백 정확 일치
poi-src/test-data/spreadsheet/mv-calculator-final-2-20-2013.xlsm,시트 셀,MV Cont. Table - Combined!DM22,xl/worksheets/sheet7.xml:DM22,3.5266589999999998E-4,"#,##0.000_);\(#,##0.000\)",0.000_),0.000 ,0.000 ,회계 수치·정밀도·통화·공백 정확 일치
poi-src/test-data/spreadsheet/mv-calculator-final-2-20-2013.xlsm,시트 셀,MV Cont. Table - Combined!DM23,xl/worksheets/sheet7.xml:DM23,4.1860310000000001E-4,"#,##0.000_);\(#,##0.000\)",0.000_),0.000 ,0.000 ,회계 수치·정밀도·통화·공백 정확 일치
poi-src/test-data/spreadsheet/mv-calculator-final-2-20-2013.xlsm,시트 셀,MV Cont. Table - Combined!DM24,xl/worksheets/sheet7.xml:DM24,5.2936750000000005E-4,"#,##0.000_);\(#,##0.000\)",0.001_),0.001 ,0.001 ,회계 수치·정밀도·통화·공백 정확 일치
poi-src/test-data/spreadsheet/mv-calculator-final-2-20-2013.xlsm,시트 셀,MV Cont. Table - Combined!DM25,xl/worksheets/sheet7.xml:DM25,6.4282170000000004E-4,"#,##0.000_);\(#,##0.000\)",0.001_),0.001 ,0.001 ,회계 수치·정밀도·통화·공백 정확 일치
poi-src/test-data/spreadsheet/mv-calculator-final-2-20-2013.xlsm,시트 셀,MV Cont. Table - Combined!DM26,xl/worksheets/sheet7.xml:DM26,7.6532130000000001E-4,"#,##0.000_);\(#,##0.000\)",0.001_),0.001 ,0.001 ,회계 수치·정밀도·통화·공백 정확 일치
poi-src/test-data/spreadsheet/mv-calculator-final-2-20-2013.xlsm,시트 셀,MV Cont. Table - Combined!DM27,xl/worksheets/sheet7.xml:DM27,9.2006919999999999E-4,"#,##0.000_);\(#,##0.000\)",0.001_),0.001 ,0.001 ,회계 수치·정밀도·통화·공백 정확 일치
poi-src/test-data/spreadsheet/mv-calculator-final-2-20-2013.xlsm,시트 셀,MV Cont. Table - Combined!DM28,xl/worksheets/sheet7.xml:DM28,1.0753920999999999E-3,"#,##0.000_);\(#,##0.000\)",0.001_),0.001 ,0.001 ,회계 수치·정밀도·통화·공백 정확 일치
poi-src/test-data/spreadsheet/mv-calculator-final-2-20-2013.xlsm,시트 셀,MV Cont. Table - Combined!DM29,xl/worksheets/sheet7.xml:DM29,1.2487514999999999E-3,"#,##0.000_);\(#,##0.000\)",0.001_),0.001 ,0.001 ,회계 수치·정밀도·통화·공백 정확 일치
poi-src/test-data/spreadsheet/mv-calculator-final-2-20-2013.xlsm,시트 셀,MV Cont. Table - Combined!DM30,xl/worksheets/sheet7.xml:DM30,1.4697179E-3,"#,##0.000_);\(#,##0.000\)",0.001_),0.001 ,0.001 ,회계 수치·정밀도·통화·공백 정확 일치
poi-src/test-data/spreadsheet/mv-calculator-final-2-20-2013.xlsm,시트 셀,MV Cont. Table - Combined!DM31,xl/worksheets/sheet7.xml:DM31,1.6968203E-3,"#,##0.000_);\(#,##0.000\)",0.002_),0.002 ,0.002 ,회계 수치·정밀도·통화·공백 정확 일치
poi-src/test-data/spreadsheet/mv-calculator-final-2-20-2013.xlsm,시트 셀,MV Cont. Table - Combined!DM32,xl/worksheets/sheet7.xml:DM32,1.8978132E-3,"#,##0.000_);\(#,##0.000\)",0.002_),0.002 ,0.002 ,회계 수치·정밀도·통화·공백 정확 일치
poi-src/test-data/spreadsheet/mv-calculator-final-2-20-2013.xlsm,시트 셀,MV Cont. Table - Combined!DM33,xl/worksheets/sheet7.xml:DM33,2.1137783999999999E-3,"#,##0.000_);\(#,##0.000\)",0.002_),0.002 ,0.002 ,회계 수치·정밀도·통화·공백 정확 일치
poi-src/test-data/spreadsheet/mv-calculator-final-2-20-2013.xlsm,시트 셀,MV Cont. Table - Combined!DM34,xl/worksheets/sheet7.xml:DM34,2.3909410000000002E-3,"#,##0.000_);\(#,##0.000\)",0.002_),0.002 ,0.002 ,회계 수치·정밀도·통화·공백 정확 일치
poi-src/test-data/spreadsheet/mv-calculator-final-2-20-2013.xlsm,시트 셀,MV Cont. Table - Combined!DM35,xl/worksheets/sheet7.xml:DM35,2.6597834999999999E-3,"#,##0.000_);\(#,##0.000\)",0.003_),0.003 ,0.003 ,회계 수치·정밀도·통화·공백 정확 일치
poi-src/test-data/spreadsheet/mv-calculator-final-2-20-2013.xlsm,시트 셀,MV Cont. Table - Combined!DM36,xl/worksheets/sheet7.xml:DM36,2.9598826999999999E-3,"#,##0.000_);\(#,##0.000\)",0.003_),0.003 ,0.003 ,회계 수치·정밀도·통화·공백 정확 일치
poi-src/test-data/spreadsheet/mv-calculator-final-2-20-2013.xlsm,시트 셀,MV Cont. Table - Combined!DM37,xl/worksheets/sheet7.xml:DM37,3.2410967E-3,"#,##0.000_);\(#,##0.000\)",0.003_),0.003 ,0.003 ,회계 수치·정밀도·통화·공백 정확 일치
poi-src/test-data/spreadsheet/mv-calculator-final-2-20-2013.xlsm,시트 셀,MV Cont. Table - Combined!DM38,xl/worksheets/sheet7.xml:DM38,3.5413208E-3,"#,##0.000_);\(#,##0.000\)",0.004_),0.004 ,0.004 ,회계 수치·정밀도·통화·공백 정확 일치
poi-src/test-data/spreadsheet/mv-calculator-final-2-20-2013.xlsm,시트 셀,MV Cont. Table - Combined!DM39,xl/worksheets/sheet7.xml:DM39,3.8573866000000002E-3,"#,##0.000_);\(#,##0.000\)",0.004_),0.004 ,0.004 ,회계 수치·정밀도·통화·공백 정확 일치
poi-src/test-data/spreadsheet/mv-calculator-final-2-20-2013.xlsm,시트 셀,MV Cont. Table - Combined!DM40,xl/worksheets/sheet7.xml:DM40,4.1510879000000002E-3,"#,##0.000_);\(#,##0.000\)",0.004_),0.004 ,0.004 ,회계 수치·정밀도·통화·공백 정확 일치
poi-src/test-data/spreadsheet/mv-calculator-final-2-20-2013.xlsm,시트 셀,MV Cont. Table - Combined!DM41,xl/worksheets/sheet7.xml:DM41,4.5472048000000003E-3,"#,##0.000_);\(#,##0.000\)",0.005_),0.005 ,0.005 ,회계 수치·정밀도·통화·공백 정확 일치
poi-src/test-data/spreadsheet/mv-calculator-final-2-20-2013.xlsm,시트 셀,MV Cont. Table - Combined!DM42,xl/worksheets/sheet7.xml:DM42,4.8598317E-3,"#,##0.000_);\(#,##0.000\)",0.005_),0.005 ,0.005 ,회계 수치·정밀도·통화·공백 정확 일치
poi-src/test-data/spreadsheet/mv-calculator-final-2-20-2013.xlsm,시트 셀,MV Cont. Table - Combined!DM43,xl/worksheets/sheet7.xml:DM43,5.2133186999999996E-3,"#,##0.000_);\(#,##0.000\)",0.005_),0.005 ,0.005 ,회계 수치·정밀도·통화·공백 정확 일치
poi-src/test-data/spreadsheet/mv-calculator-final-2-20-2013.xlsm,시트 셀,MV Cont. Table - Combined!DM44,xl/worksheets/sheet7.xml:DM44,5.5728898000000004E-3,"#,##0.000_);\(#,##0.000\)",0.006_),0.006 ,0.006 ,회계 수치·정밀도·통화·공백 정확 일치
poi-src/test-data/spreadsheet/mv-calculator-final-2-20-2013.xlsm,시트 셀,MV Cont. Table - Combined!DM45,xl/worksheets/sheet7.xml:DM45,5.9471723000000002E-3,"#,##0.000_);\(#,##0.000\)",0.006_),0.006 ,0.006 ,회계 수치·정밀도·통화·공백 정확 일치
poi-src/test-data/spreadsheet/mv-calculator-final-2-20-2013.xlsm,시트 셀,MV Cont. Table - Combined!DM46,xl/worksheets/sheet7.xml:DM46,6.3343330999999998E-3,"#,##0.000_);\(#,##0.000\)",0.006_),0.006 ,0.006 ,회계 수치·정밀도·통화·공백 정확 일치
poi-src/test-data/spreadsheet/mv-calculator-final-2-20-2013.xlsm,시트 셀,MV Cont. Table - Combined!DM47,xl/worksheets/sheet7.xml:DM47,6.6924515999999996E-3,"#,##0.000_);\(#,##0.000\)",0.007_),0.007 ,0.007 ,회계 수치·정밀도·통화·공백 정확 일치
poi-src/test-data/spreadsheet/mv-calculator-final-2-20-2013.xlsm,시트 셀,MV Cont. Table - Combined!DM48,xl/worksheets/sheet7.xml:DM48,7.0143265000000002E-3,"#,##0.000_);\(#,##0.000\)",0.007_),0.007 ,0.007 ,회계 수치·정밀도·통화·공백 정확 일치
poi-src/test-data/spreadsheet/mv-calculator-final-2-20-2013.xlsm,시트 셀,MV Cont. Table - Combined!DM49,xl/worksheets/sheet7.xml:DM49,7.3178065999999998E-3,"#,##0.000_);\(#,##0.000\)",0.007_),0.007 ,0.007 ,회계 수치·정밀도·통화·공백 정확 일치
poi-src/test-data/spreadsheet/mv-calculator-final-2-20-2013.xlsm,시트 셀,MV Cont. Table - Combined!DM5,xl/worksheets/sheet7.xml:DM5,0,"#,##0.000_);\(#,##0.000\)",0.000_),0.000 ,0.000 ,회계 수치·정밀도·통화·공백 정확 일치
poi-src/test-data/spreadsheet/mv-calculator-final-2-20-2013.xlsm,시트 셀,MV Cont. Table - Combined!DM50,xl/worksheets/sheet7.xml:DM50,7.6348889000000001E-3,"#,##0.000_);\(#,##0.000\)",0.008_),0.008 ,0.008 ,회계 수치·정밀도·통화·공백 정확 일치
poi-src/test-data/spreadsheet/mv-calculator-final-2-20-2013.xlsm,시트 셀,MV Cont. Table - Combined!DM51,xl/worksheets/sheet7.xml:DM51,7.9801705999999993E-3,"#,##0.000_);\(#,##0.000\)",0.008_),0.008 ,0.008 ,회계 수치·정밀도·통화·공백 정확 일치
poi-src/test-data/spreadsheet/mv-calculator-final-2-20-2013.xlsm,시트 셀,MV Cont. Table - Combined!DM52,xl/worksheets/sheet7.xml:DM52,8.3055856999999997E-3,"#,##0.000_);\(#,##0.000\)",0.008_),0.008 ,0.008 ,회계 수치·정밀도·통화·공백 정확 일치
poi-src/test-data/spreadsheet/mv-calculator-final-2-20-2013.xlsm,시트 셀,MV Cont. Table - Combined!DM53,xl/worksheets/sheet7.xml:DM53,8.5975824999999992E-3,"#,##0.000_);\(#,##0.000\)",0.009_),0.009 ,0.009 ,회계 수치·정밀도·통화·공백 정확 일치
poi-src/test-data/spreadsheet/mv-calculator-final-2-20-2013.xlsm,시트 셀,MV Cont. Table - Combined!DM54,xl/worksheets/sheet7.xml:DM54,8.8619234000000009E-3,"#,##0.000_);\(#,##0.000\)",0.009_),0.009 ,0.009 ,회계 수치·정밀도·통화·공백 정확 일치
poi-src/test-data/spreadsheet/mv-calculator-final-2-20-2013.xlsm,시트 셀,MV Cont. Table - Combined!DM55,xl/worksheets/sheet7.xml:DM55,9.1701488999999994E-3,"#,##0.000_);\(#,##0.000\)",0.009_),0.009 ,0.009 ,회계 수치·정밀도·통화·공백 정확 일치
poi-src/test-data/spreadsheet/mv-calculator-final-2-20-2013.xlsm,시트 셀,MV Cont. Table - Combined!DM56,xl/worksheets/sheet7.xml:DM56,9.4423856000000004E-3,"#,##0.000_);\(#,##0.000\)",0.009_),0.009 ,0.009 ,회계 수치·정밀도·통화·공백 정확 일치
poi-src/test-data/spreadsheet/mv-calculator-final-2-20-2013.xlsm,시트 셀,MV Cont. Table - Combined!DM57,xl/worksheets/sheet7.xml:DM57,9.7690598999999999E-3,"#,##0.000_);\(#,##0.000\)",0.010_),0.010 ,0.010 ,회계 수치·정밀도·통화·공백 정확 일치
poi-src/test-data/spreadsheet/mv-calculator-final-2-20-2013.xlsm,시트 셀,MV Cont. Table - Combined!DM58,xl/worksheets/sheet7.xml:DM58,1.0116221200000001E-2,"#,##0.000_);\(#,##0.000\)",0.010_),0.010 ,0.010 ,회계 수치·정밀도·통화·공백 정확 일치
poi-src/test-data/spreadsheet/mv-calculator-final-2-20-2013.xlsm,시트 셀,MV Cont. Table - Combined!DM59,xl/worksheets/sheet7.xml:DM59,1.0363549499999999E-2,"#,##0.000_);\(#,##0.000\)",0.010_),0.010 ,0.010 ,회계 수치·정밀도·통화·공백 정확 일치
poi-src/test-data/spreadsheet/mv-calculator-final-2-20-2013.xlsm,시트 셀,MV Cont. Table - Combined!DM6,xl/worksheets/sheet7.xml:DM6,0,"#,##0.000_);\(#,##0.000\)",0.000_),0.000 ,0.000 ,회계 수치·정밀도·통화·공백 정확 일치
poi-src/test-data/spreadsheet/mv-calculator-final-2-20-2013.xlsm,시트 셀,MV Cont. Table - Combined!DM60,xl/worksheets/sheet7.xml:DM60,1.0646860500000001E-2,"#,##0.000_);\(#,##0.000\)",0.011_),0.011 ,0.011 ,회계 수치·정밀도·통화·공백 정확 일치
poi-src/test-data/spreadsheet/mv-calculator-final-2-20-2013.xlsm,시트 셀,MV Cont. Table - Combined!DM61,xl/worksheets/sheet7.xml:DM61,1.09192054E-2,"#,##0.000_);\(#,##0.000\)",0.011_),0.011 ,0.011 ,회계 수치·정밀도·통화·공백 정확 일치
poi-src/test-data/spreadsheet/mv-calculator-final-2-20-2013.xlsm,시트 셀,MV Cont. Table - Combined!DM62,xl/worksheets/sheet7.xml:DM62,1.1141181E-2,"#,##0.000_);\(#,##0.000\)",0.011_),0.011 ,0.011 ,회계 수치·정밀도·통화·공백 정확 일치
poi-src/test-data/spreadsheet/mv-calculator-final-2-20-2013.xlsm,시트 셀,MV Cont. Table - Combined!DM63,xl/worksheets/sheet7.xml:DM63,1.13839687E-2,"#,##0.000_);\(#,##0.000\)",0.011_),0.011 ,0.011 ,회계 수치·정밀도·통화·공백 정확 일치
poi-src/test-data/spreadsheet/mv-calculator-final-2-20-2013.xlsm,시트 셀,MV Cont. Table - Combined!DM64,xl/worksheets/sheet7.xml:DM64,1.16176002E-2,"#,##0.000_);\(#,##0.000\)",0.012_),0.012 ,0.012 ,회계 수치·정밀도·통화·공백 정확 일치
poi-src/test-data/spreadsheet/mv-calculator-final-2-20-2013.xlsm,시트 셀,MV Cont. Table - Combined!DM65,xl/worksheets/sheet7.xml:DM65,1.1839310299999999E-2,"#,##0.000_);\(#,##0.000\)",0.012_),0.012 ,0.012 ,회계 수치·정밀도·통화·공백 정확 일치
poi-src/test-data/spreadsheet/mv-calculator-final-2-20-2013.xlsm,시트 셀,MV Cont. Table - Combined!DM66,xl/worksheets/sheet7.xml:DM66,1.20855852E-2,"#,##0.000_);\(#,##0.000\)",0.012_),0.012 ,0.012 ,회계 수치·정밀도·통화·공백 정확 일치
poi-src/test-data/spreadsheet/mv-calculator-final-2-20-2013.xlsm,시트 셀,MV Cont. Table - Combined!DM67,xl/worksheets/sheet7.xml:DM67,1.2240871699999999E-2,"#,##0.000_);\(#,##0.000\)",0.012_),0.012 ,0.012 ,회계 수치·정밀도·통화·공백 정확 일치
poi-src/test-data/spreadsheet/mv-calculator-final-2-20-2013.xlsm,시트 셀,MV Cont. Table - Combined!DM68,xl/worksheets/sheet7.xml:DM68,1.2413133099999999E-2,"#,##0.000_);\(#,##0.000\)",0.012_),0.012 ,0.012 ,회계 수치·정밀도·통화·공백 정확 일치
poi-src/test-data/spreadsheet/mv-calculator-final-2-20-2013.xlsm,시트 셀,MV Cont. Table - Combined!DM69,xl/worksheets/sheet7.xml:DM69,1.2647966E-2,"#,##0.000_);\(#,##0.000\)",0.013_),0.013 ,0.013 ,회계 수치·정밀도·통화·공백 정확 일치
poi-src/test-data/spreadsheet/mv-calculator-final-2-20-2013.xlsm,시트 셀,MV Cont. Table - Combined!DM7,xl/worksheets/sheet7.xml:DM7,0,"#,##0.000_);\(#,##0.000\)",0.000_),0.000 ,0.000 ,회계 수치·정밀도·통화·공백 정확 일치
poi-src/test-data/spreadsheet/mv-calculator-final-2-20-2013.xlsm,시트 셀,MV Cont. Table - Combined!DM70,xl/worksheets/sheet7.xml:DM70,1.27833824E-2,"#,##0.000_);\(#,##0.000\)",0.013_),0.013 ,0.013 ,회계 수치·정밀도·통화·공백 정확 일치
poi-src/test-data/spreadsheet/mv-calculator-final-2-20-2013.xlsm,시트 셀,MV Cont. Table - Combined!DM71,xl/worksheets/sheet7.xml:DM71,1.4341257E-2,"#,##0.000_);\(#,##0.000\)",0.014_),0.014 ,0.014 ,회계 수치·정밀도·통화·공백 정확 일치
poi-src/test-data/spreadsheet/mv-calculator-final-2-20-2013.xlsm,시트 셀,MV Cont. Table - Combined!DM72,xl/worksheets/sheet7.xml:DM72,1.8428239499999999E-2,"#,##0.000_);\(#,##0.000\)",0.018_),0.018 ,0.018 ,회계 수치·정밀도·통화·공백 정확 일치
poi-src/test-data/spreadsheet/mv-calculator-final-2-20-2013.xlsm,시트 셀,MV Cont. Table - Combined!DM73,xl/worksheets/sheet7.xml:DM73,3.0384456399999999E-2,"#,##0.000_);\(#,##0.000\)",0.030_),0.030 ,0.030 ,회계 수치·정밀도·통화·공백 정확 일치
poi-src/test-data/spreadsheet/mv-calculator-final-2-20-2013.xlsm,시트 셀,MV Cont. Table - Combined!DM74,xl/worksheets/sheet7.xml:DM74,4.3927214200000002E-2,"#,##0.000_);\(#,##0.000\)",0.044_),0.044 ,0.044 ,회계 수치·정밀도·통화·공백 정확 일치
poi-src/test-data/spreadsheet/mv-calculator-final-2-20-2013.xlsm,시트 셀,MV Cont. Table - Combined!DM75,xl/worksheets/sheet7.xml:DM75,5.4595693899999999E-2,"#,##0.000_);\(#,##0.000\)",0.055_),0.055 ,0.055 ,회계 수치·정밀도·통화·공백 정확 일치
poi-src/test-data/spreadsheet/mv-calculator-final-2-20-2013.xlsm,시트 셀,MV Cont. Table - Combined!DM76,xl/worksheets/sheet7.xml:DM76,6.3051923300000007E-2,"#,##0.000_);\(#,##0.000\)",0.063_),0.063 ,0.063 ,회계 수치·정밀도·통화·공백 정확 일치
poi-src/test-data/spreadsheet/mv-calculator-final-2-20-2013.xlsm,시트 셀,MV Cont. Table - Combined!DM77,xl/worksheets/sheet7.xml:DM77,6.9998745500000001E-2,"#,##0.000_);\(#,##0.000\)",0.070_),0.070 ,0.070 ,회계 수치·정밀도·통화·공백 정확 일치
poi-src/test-data/spreadsheet/mv-calculator-final-2-20-2013.xlsm,시트 셀,MV Cont. Table - Combined!DM78,xl/worksheets/sheet7.xml:DM78,7.5790834000000001E-2,"#,##0.000_);\(#,##0.000\)",0.076_),0.076 ,0.076 ,회계 수치·정밀도·통화·공백 정확 일치
poi-src/test-data/spreadsheet/mv-calculator-final-2-20-2013.xlsm,시트 셀,MV Cont. Table - Combined!DM79,xl/worksheets/sheet7.xml:DM79,8.0721449599999995E-2,"#,##0.000_);\(#,##0.000\)",0.081_),0.081 ,0.081 ,회계 수치·정밀도·통화·공백 정확 일치
poi-src/test-data/spreadsheet/mv-calculator-final-2-20-2013.xlsm,시트 셀,MV Cont. Table - Combined!DM8,xl/worksheets/sheet7.xml:DM8,0,"#,##0.000_);\(#,##0.000\)",0.000_),0.000 ,0.000 ,회계 수치·정밀도·통화·공백 정확 일치
poi-src/test-data/spreadsheet/mv-calculator-final-2-20-2013.xlsm,시트 셀,MV Cont. Table - Combined!DM80,xl/worksheets/sheet7.xml:DM80,8.4854107499999998E-2,"#,##0.000_);\(#,##0.000\)",0.085_),0.085 ,0.085 ,회계 수치·정밀도·통화·공백 정확 일치
poi-src/test-data/spreadsheet/mv-calculator-final-2-20-2013.xlsm,시트 셀,MV Cont. Table - Combined!DM81,xl/worksheets/sheet7.xml:DM81,0.1059765522,"#,##0.000_);\(#,##0.000\)",0.106_),0.106 ,0.106 ,회계 수치·정밀도·통화·공백 정확 일치
poi-src/test-data/spreadsheet/mv-calculator-final-2-20-2013.xlsm,시트 셀,MV Cont. Table - Combined!DM82,xl/worksheets/sheet7.xml:DM82,0.11746411969999999,"#,##0.000_);\(#,##0.000\)",0.117_),0.117 ,0.117 ,회계 수치·정밀도·통화·공백 정확 일치
poi-src/test-data/spreadsheet/mv-calculator-final-2-20-2013.xlsm,시트 셀,MV Cont. Table - Combined!DM83,xl/worksheets/sheet7.xml:DM83,0.1205773015,"#,##0.000_);\(#,##0.000\)",0.121_),0.121 ,0.121 ,회계 수치·정밀도·통화·공백 정확 일치
poi-src/test-data/spreadsheet/mv-calculator-final-2-20-2013.xlsm,시트 셀,MV Cont. Table - Combined!DM84,xl/worksheets/sheet7.xml:DM84,0.12186673520000001,"#,##0.000_);\(#,##0.000\)",0.122_),0.122 ,0.122 ,회계 수치·정밀도·통화·공백 정확 일치
poi-src/test-data/spreadsheet/mv-calculator-final-2-20-2013.xlsm,시트 셀,MV Cont. Table - Combined!DM85,xl/worksheets/sheet7.xml:DM85,0.1225313379,"#,##0.000_);\(#,##0.000\)",0.123_),0.123 ,0.123 ,회계 수치·정밀도·통화·공백 정확 일치
poi-src/test-data/spreadsheet/mv-calculator-final-2-20-2013.xlsm,시트 셀,MV Cont. Table - Combined!DM86,xl/worksheets/sheet7.xml:DM86,0.1231983212,"#,##0.000_);\(#,##0.000\)",0.123_),0.123 ,0.123 ,회계 수치·정밀도·통화·공백 정확 일치
poi-src/test-data/spreadsheet/mv-calculator-final-2-20-2013.xlsm,시트 셀,MV Cont. Table - Combined!DM87,xl/worksheets/sheet7.xml:DM87,0.12336198900000001,"#,##0.000_);\(#,##0.000\)",0.123_),0.123 ,0.123 ,회계 수치·정밀도·통화·공백 정확 일치
poi-src/test-data/spreadsheet/mv-calculator-final-2-20-2013.xlsm,시트 셀,MV Cont. Table - Combined!DM88,xl/worksheets/sheet7.xml:DM88,0.12338438190000001,"#,##0.000_);\(#,##0.000\)",0.123_),0.123 ,0.123 ,회계 수치·정밀도·통화·공백 정확 일치
poi-src/test-data/spreadsheet/mv-calculator-final-2-20-2013.xlsm,시트 셀,MV Cont. Table - Combined!DM9,xl/worksheets/sheet7.xml:DM9,1.2012699999999999E-5,"#,##0.000_);\(#,##0.000\)",0.000_),0.000 ,0.000 ,회계 수치·정밀도·통화·공백 정확 일치
poi-src/test-data/spreadsheet/mv-calculator-final-2-20-2013.xlsm,시트 셀,MV Cont. Table - Combined!DN10,xl/worksheets/sheet7.xml:DN10,1.04825E-5,"#,##0.000_);\(#,##0.000\)",0.000_),0.000 ,0.000 ,회계 수치·정밀도·통화·공백 정확 일치
poi-src/test-data/spreadsheet/mv-calculator-final-2-20-2013.xlsm,시트 셀,MV Cont. Table - Combined!DN11,xl/worksheets/sheet7.xml:DN11,9.3712991000000001E-6,"#,##0.000_);\(#,##0.000\)",0.000_),0.000 ,0.000 ,회계 수치·정밀도·통화·공백 정확 일치
poi-src/test-data/spreadsheet/mv-calculator-final-2-20-2013.xlsm,시트 셀,MV Cont. Table - Combined!DN12,xl/worksheets/sheet7.xml:DN12,8.5217960999999993E-6,"#,##0.000_);\(#,##0.000\)",0.000_),0.000 ,0.000 ,회계 수치·정밀도·통화·공백 정확 일치
poi-src/test-data/spreadsheet/mv-calculator-final-2-20-2013.xlsm,시트 셀,MV Cont. Table - Combined!DN13,xl/worksheets/sheet7.xml:DN13,1.04145E-5,"#,##0.000_);\(#,##0.000\)",0.000_),0.000 ,0.000 ,회계 수치·정밀도·통화·공백 정확 일치
poi-src/test-data/spreadsheet/mv-calculator-final-2-20-2013.xlsm,시트 셀,MV Cont. Table - Combined!DN14,xl/worksheets/sheet7.xml:DN14,2.6018300000000001E-5,"#,##0.000_);\(#,##0.000\)",0.000_),0.000 ,0.000 ,회계 수치·정밀도·통화·공백 정확 일치
poi-src/test-data/spreadsheet/mv-calculator-final-2-20-2013.xlsm,시트 셀,MV Cont. Table - Combined!DN15,xl/worksheets/sheet7.xml:DN15,4.0586000000000001E-5,"#,##0.000_);\(#,##0.000\)",0.000_),0.000 ,0.000 ,회계 수치·정밀도·통화·공백 정확 일치
poi-src/test-data/spreadsheet/mv-calculator-final-2-20-2013.xlsm,시트 셀,MV Cont. Table - Combined!DN16,xl/worksheets/sheet7.xml:DN16,6.9487399999999995E-5,"#,##0.000_);\(#,##0.000\)",0.000_),0.000 ,0.000 ,회계 수치·정밀도·통화·공백 정확 일치
poi-src/test-data/spreadsheet/mv-calculator-final-2-20-2013.xlsm,시트 셀,MV Cont. Table - Combined!DN17,xl/worksheets/sheet7.xml:DN17,8.1943100000000005E-5,"#,##0.000_);\(#,##0.000\)",0.000_),0.000 ,0.000 ,회계 수치·정밀도·통화·공백 정확 일치
poi-src/test-data/spreadsheet/mv-calculator-final-2-20-2013.xlsm,시트 셀,MV Cont. Table - Combined!DN18,xl/worksheets/sheet7.xml:DN18,1.15763E-4,"#,##0.000_);\(#,##0.000\)",0.000_),0.000 ,0.000 ,회계 수치·정밀도·통화·공백 정확 일치
poi-src/test-data/spreadsheet/mv-calculator-final-2-20-2013.xlsm,시트 셀,MV Cont. Table - Combined!DN19,xl/worksheets/sheet7.xml:DN19,1.7190550000000001E-4,"#,##0.000_);\(#,##0.000\)",0.000_),0.000 ,0.000 ,회계 수치·정밀도·통화·공백 정확 일치
poi-src/test-data/spreadsheet/mv-calculator-final-2-20-2013.xlsm,시트 셀,MV Cont. Table - Combined!DN20,xl/worksheets/sheet7.xml:DN20,2.174272E-4,"#,##0.000_);\(#,##0.000\)",0.000_),0.000 ,0.000 ,회계 수치·정밀도·통화·공백 정확 일치
poi-src/test-data/spreadsheet/mv-calculator-final-2-20-2013.xlsm,시트 셀,MV Cont. Table - Combined!DN21,xl/worksheets/sheet7.xml:DN21,3.02522E-4,"#,##0.000_);\(#,##0.000\)",0.000_),0.000 ,0.000 ,회계 수치·정밀도·통화·공백 정확 일치
poi-src/test-data/spreadsheet/mv-calculator-final-2-20-2013.xlsm,시트 셀,MV Cont. Table - Combined!DN22,xl/worksheets/sheet7.xml:DN22,3.5266589999999998E-4,"#,##0.000_);\(#,##0.000\)",0.000_),0.000 ,0.000 ,회계 수치·정밀도·통화·공백 정확 일치
poi-src/test-data/spreadsheet/mv-calculator-final-2-20-2013.xlsm,시트 셀,MV Cont. Table - Combined!DN23,xl/worksheets/sheet7.xml:DN23,4.1860310000000001E-4,"#,##0.000_);\(#,##0.000\)",0.000_),0.000 ,0.000 ,회계 수치·정밀도·통화·공백 정확 일치
poi-src/test-data/spreadsheet/mv-calculator-final-2-20-2013.xlsm,시트 셀,MV Cont. Table - Combined!DN24,xl/worksheets/sheet7.xml:DN24,5.2936750000000005E-4,"#,##0.000_);\(#,##0.000\)",0.001_),0.001 ,0.001 ,회계 수치·정밀도·통화·공백 정확 일치
poi-src/test-data/spreadsheet/mv-calculator-final-2-20-2013.xlsm,시트 셀,MV Cont. Table - Combined!DN25,xl/worksheets/sheet7.xml:DN25,6.4511799999999997E-4,"#,##0.000_);\(#,##0.000\)",0.001_),0.001 ,0.001 ,회계 수치·정밀도·통화·공백 정확 일치
poi-src/test-data/spreadsheet/mv-calculator-final-2-20-2013.xlsm,시트 셀,MV Cont. Table - Combined!DN26,xl/worksheets/sheet7.xml:DN26,7.6756839999999997E-4,"#,##0.000_);\(#,##0.000\)",0.001_),0.001 ,0.001 ,회계 수치·정밀도·통화·공백 정확 일치
poi-src/test-data/spreadsheet/mv-calculator-final-2-20-2013.xlsm,시트 셀,MV Cont. Table - Combined!DN27,xl/worksheets/sheet7.xml:DN27,9.2296469999999999E-4,"#,##0.000_);\(#,##0.000\)",0.001_),0.001 ,0.001 ,회계 수치·정밀도·통화·공백 정확 일치
poi-src/test-data/spreadsheet/mv-calculator-final-2-20-2013.xlsm,시트 셀,MV Cont. Table - Combined!DN28,xl/worksheets/sheet7.xml:DN28,1.0797859999999999E-3,"#,##0.000_);\(#,##0.000\)",0.001_),0.001 ,0.001 ,회계 수치·정밀도·통화·공백 정확 일치
poi-src/test-data/spreadsheet/mv-calculator-final-2-20-2013.xlsm,시트 셀,MV Cont. Table - Combined!DN29,xl/worksheets/sheet7.xml:DN29,1.2530709999999999E-3,"#,##0.000_);\(#,##0.000\)",0.001_),0.001 ,0.001 ,회계 수치·정밀도·통화·공백 정확 일치
poi-src/test-data/spreadsheet/mv-calculator-final-2-20-2013.xlsm,시트 셀,MV Cont. Table - Combined!DN30,xl/worksheets/sheet7.xml:DN30,1.4739687E-3,"#,##0.000_);\(#,##0.000\)",0.001_),0.001 ,0.001 ,회계 수치·정밀도·통화·공백 정확 일치
poi-src/test-data/spreadsheet/mv-calculator-final-2-20-2013.xlsm,시트 셀,MV Cont. Table - Combined!DN31,xl/worksheets/sheet7.xml:DN31,1.7022965E-3,"#,##0.000_);\(#,##0.000\)",0.002_),0.002 ,0.002 ,회계 수치·정밀도·통화·공백 정확 일치
poi-src/test-data/spreadsheet/mv-calculator-final-2-20-2013.xlsm,시트 셀,MV Cont. Table - Combined!DN32,xl/worksheets/sheet7.xml:DN32,1.9032078999999999E-3,"#,##0.000_);\(#,##0.000\)",0.002_),0.002 ,0.002 ,회계 수치·정밀도·통화·공백 정확 일치
poi-src/test-data/spreadsheet/mv-calculator-final-2-20-2013.xlsm,시트 셀,MV Cont. Table - Combined!DN33,xl/worksheets/sheet7.xml:DN33,2.1197248000000002E-3,"#,##0.000_);\(#,##0.000\)",0.002_),0.002 ,0.002 ,회계 수치·정밀도·통화·공백 정확 일치
poi-src/test-data/spreadsheet/mv-calculator-final-2-20-2013.xlsm,시트 셀,MV Cont. Table - Combined!DN34,xl/worksheets/sheet7.xml:DN34,2.3974267E-3,"#,##0.000_);\(#,##0.000\)",0.002_),0.002 ,0.002 ,회계 수치·정밀도·통화·공백 정확 일치
poi-src/test-data/spreadsheet/mv-calculator-final-2-20-2013.xlsm,시트 셀,MV Cont. Table - Combined!DN35,xl/worksheets/sheet7.xml:DN35,2.6669823000000001E-3,"#,##0.000_);\(#,##0.000\)",0.003_),0.003 ,0.003 ,회계 수치·정밀도·통화·공백 정확 일치
poi-src/test-data/spreadsheet/mv-calculator-final-2-20-2013.xlsm,시트 셀,MV Cont. Table - Combined!DN36,xl/worksheets/sheet7.xml:DN36,2.9683924E-3,"#,##0.000_);\(#,##0.000\)",0.003_),0.003 ,0.003 ,회계 수치·정밀도·통화·공백 정확 일치
poi-src/test-data/spreadsheet/mv-calculator-final-2-20-2013.xlsm,시트 셀,MV Cont. Table - Combined!DN37,xl/worksheets/sheet7.xml:DN37,3.2495100000000002E-3,"#,##0.000_);\(#,##0.000\)",0.003_),0.003 ,0.003 ,회계 수치·정밀도·통화·공백 정확 일치
poi-src/test-data/spreadsheet/mv-calculator-final-2-20-2013.xlsm,시트 셀,MV Cont. Table - Combined!DN38,xl/worksheets/sheet7.xml:DN38,3.5502322E-3,"#,##0.000_);\(#,##0.000\)",0.004_),0.004 ,0.004 ,회계 수치·정밀도·통화·공백 정확 일치
poi-src/test-data/spreadsheet/mv-calculator-final-2-20-2013.xlsm,시트 셀,MV Cont. Table - Combined!DN39,xl/worksheets/sheet7.xml:DN39,3.8667887000000001E-3,"#,##0.000_);\(#,##0.000\)",0.004_),0.004 ,0.004 ,회계 수치·정밀도·통화·공백 정확 일치
poi-src/test-data/spreadsheet/mv-calculator-final-2-20-2013.xlsm,시트 셀,MV Cont. Table - Combined!DN40,xl/worksheets/sheet7.xml:DN40,4.1603965999999996E-3,"#,##0.000_);\(#,##0.000\)",0.004_),0.004 ,0.004 ,회계 수치·정밀도·통화·공백 정확 일치
poi-src/test-data/spreadsheet/mv-calculator-final-2-20-2013.xlsm,시트 셀,MV Cont. Table - Combined!DN41,xl/worksheets/sheet7.xml:DN41,4.5571700999999997E-3,"#,##0.000_);\(#,##0.000\)",0.005_),0.005 ,0.005 ,회계 수치·정밀도·통화·공백 정확 일치
poi-src/test-data/spreadsheet/mv-calculator-final-2-20-2013.xlsm,시트 셀,MV Cont. Table - Combined!DN42,xl/worksheets/sheet7.xml:DN42,4.8697117999999999E-3,"#,##0.000_);\(#,##0.000\)",0.005_),0.005 ,0.005 ,회계 수치·정밀도·통화·공백 정확 일치
poi-src/test-data/spreadsheet/mv-calculator-final-2-20-2013.xlsm,시트 셀,MV Cont. Table - Combined!DN43,xl/worksheets/sheet7.xml:DN43,5.2249664999999999E-3,"#,##0.000_);\(#,##0.000\)",0.005_),0.005 ,0.005 ,회계 수치·정밀도·통화·공백 정확 일치
poi-src/test-data/spreadsheet/mv-calculator-final-2-20-2013.xlsm,시트 셀,MV Cont. Table - Combined!DN44,xl/worksheets/sheet7.xml:DN44,5.5851853E-3,"#,##0.000_);\(#,##0.000\)",0.006_),0.006 ,0.006 ,회계 수치·정밀도·통화·공백 정확 일치
poi-src/test-data/spreadsheet/mv-calculator-final-2-20-2013.xlsm,시트 셀,MV Cont. Table - Combined!DN45,xl/worksheets/sheet7.xml:DN45,5.9599216000000002E-3,"#,##0.000_);\(#,##0.000\)",0.006_),0.006 ,0.006 ,회계 수치·정밀도·통화·공백 정확 일치
poi-src/test-data/spreadsheet/mv-calculator-final-2-20-2013.xlsm,시트 셀,MV Cont. Table - Combined!DN46,xl/worksheets/sheet7.xml:DN46,6.3506025999999997E-3,"#,##0.000_);\(#,##0.000\)",0.006_),0.006 ,0.006 ,회계 수치·정밀도·통화·공백 정확 일치
poi-src/test-data/spreadsheet/mv-calculator-final-2-20-2013.xlsm,시트 셀,MV Cont. Table - Combined!DN47,xl/worksheets/sheet7.xml:DN47,6.7086022000000002E-3,"#,##0.000_);\(#,##0.000\)",0.007_),0.007 ,0.007 ,회계 수치·정밀도·통화·공백 정확 일치
poi-src/test-data/spreadsheet/mv-calculator-final-2-20-2013.xlsm,시트 셀,MV Cont. Table - Combined!DN48,xl/worksheets/sheet7.xml:DN48,7.0315582999999999E-3,"#,##0.000_);\(#,##0.000\)",0.007_),0.007 ,0.007 ,회계 수치·정밀도·통화·공백 정확 일치
poi-src/test-data/spreadsheet/mv-calculator-final-2-20-2013.xlsm,시트 셀,MV Cont. Table - Combined!DN49,xl/worksheets/sheet7.xml:DN49,7.3349150999999996E-3,"#,##0.000_);\(#,##0.000\)",0.007_),0.007 ,0.007 ,회계 수치·정밀도·통화·공백 정확 일치
poi-src/test-data/spreadsheet/mv-calculator-final-2-20-2013.xlsm,시트 셀,MV Cont. Table - Combined!DN5,xl/worksheets/sheet7.xml:DN5,0,"#,##0.000_);\(#,##0.000\)",0.000_),0.000 ,0.000 ,회계 수치·정밀도·통화·공백 정확 일치
poi-src/test-data/spreadsheet/mv-calculator-final-2-20-2013.xlsm,시트 셀,MV Cont. Table - Combined!DN50,xl/worksheets/sheet7.xml:DN50,7.6555664000000001E-3,"#,##0.000_);\(#,##0.000\)",0.008_),0.008 ,0.008 ,회계 수치·정밀도·통화·공백 정확 일치
poi-src/test-data/spreadsheet/mv-calculator-final-2-20-2013.xlsm,시트 셀,MV Cont. Table - Combined!DN51,xl/worksheets/sheet7.xml:DN51,8.0038599999999998E-3,"#,##0.000_);\(#,##0.000\)",0.008_),0.008 ,0.008 ,회계 수치·정밀도·통화·공백 정확 일치
poi-src/test-data/spreadsheet/mv-calculator-final-2-20-2013.xlsm,시트 셀,MV Cont. Table - Combined!DN52,xl/worksheets/sheet7.xml:DN52,8.3357708999999992E-3,"#,##0.000_);\(#,##0.000\)",0.008_),0.008 ,0.008 ,회계 수치·정밀도·통화·공백 정확 일치
poi-src/test-data/spreadsheet/mv-calculator-final-2-20-2013.xlsm,시트 셀,MV Cont. Table - Combined!DN53,xl/worksheets/sheet7.xml:DN53,8.6291499000000008E-3,"#,##0.000_);\(#,##0.000\)",0.009_),0.009 ,0.009 ,회계 수치·정밀도·통화·공백 정확 일치
poi-src/test-data/spreadsheet/mv-calculator-final-2-20-2013.xlsm,시트 셀,MV Cont. Table - Combined!DN54,xl/worksheets/sheet7.xml:DN54,8.8944929000000002E-3,"#,##0.000_);\(#,##0.000\)",0.009_),0.009 ,0.009 ,회계 수치·정밀도·통화·공백 정확 일치
poi-src/test-data/spreadsheet/mv-calculator-final-2-20-2013.xlsm,시트 셀,MV Cont. Table - Combined!DN55,xl/worksheets/sheet7.xml:DN55,9.2037147000000007E-3,"#,##0.000_);\(#,##0.000\)",0.009_),0.009 ,0.009 ,회계 수치·정밀도·통화·공백 정확 일치
poi-src/test-data/spreadsheet/mv-calculator-final-2-20-2013.xlsm,시트 셀,MV Cont. Table - Combined!DN56,xl/worksheets/sheet7.xml:DN56,9.4800377000000009E-3,"#,##0.000_);\(#,##0.000\)",0.009_),0.009 ,0.009 ,회계 수치·정밀도·통화·공백 정확 일치
poi-src/test-data/spreadsheet/mv-calculator-final-2-20-2013.xlsm,시트 셀,MV Cont. Table - Combined!DN57,xl/worksheets/sheet7.xml:DN57,9.8086608000000006E-3,"#,##0.000_);\(#,##0.000\)",0.010_),0.010 ,0.010 ,회계 수치·정밀도·통화·공백 정확 일치
poi-src/test-data/spreadsheet/mv-calculator-final-2-20-2013.xlsm,시트 셀,MV Cont. Table - Combined!DN58,xl/worksheets/sheet7.xml:DN58,1.0160281700000001E-2,"#,##0.000_);\(#,##0.000\)",0.010_),0.010 ,0.010 ,회계 수치·정밀도·통화·공백 정확 일치
poi-src/test-data/spreadsheet/mv-calculator-final-2-20-2013.xlsm,시트 셀,MV Cont. Table - Combined!DN59,xl/worksheets/sheet7.xml:DN59,1.04085541E-2,"#,##0.000_);\(#,##0.000\)",0.010_),0.010 ,0.010 ,회계 수치·정밀도·통화·공백 정확 일치
poi-src/test-data/spreadsheet/mv-calculator-final-2-20-2013.xlsm,시트 셀,MV Cont. Table - Combined!DN6,xl/worksheets/sheet7.xml:DN6,0,"#,##0.000_);\(#,##0.000\)",0.000_),0.000 ,0.000 ,회계 수치·정밀도·통화·공백 정확 일치
poi-src/test-data/spreadsheet/mv-calculator-final-2-20-2013.xlsm,시트 셀,MV Cont. Table - Combined!DN60,xl/worksheets/sheet7.xml:DN60,1.06947825E-2,"#,##0.000_);\(#,##0.000\)",0.011_),0.011 ,0.011 ,회계 수치·정밀도·통화·공백 정확 일치
poi-src/test-data/spreadsheet/mv-calculator-final-2-20-2013.xlsm,시트 셀,MV Cont. Table - Combined!DN61,xl/worksheets/sheet7.xml:DN61,1.09675498E-2,"#,##0.000_);\(#,##0.000\)",0.011_),0.011 ,0.011 ,회계 수치·정밀도·통화·공백 정확 일치
poi-src/test-data/spreadsheet/mv-calculator-final-2-20-2013.xlsm,시트 셀,MV Cont. Table - Combined!DN62,xl/worksheets/sheet7.xml:DN62,1.11914033E-2,"#,##0.000_);\(#,##0.000\)",0.011_),0.011 ,0.011 ,회계 수치·정밀도·통화·공백 정확 일치
poi-src/test-data/spreadsheet/mv-calculator-final-2-20-2013.xlsm,시트 셀,MV Cont. Table - Combined!DN63,xl/worksheets/sheet7.xml:DN63,1.14380069E-2,"#,##0.000_);\(#,##0.000\)",0.011_),0.011 ,0.011 ,회계 수치·정밀도·통화·공백 정확 일치
poi-src/test-data/spreadsheet/mv-calculator-final-2-20-2013.xlsm,시트 셀,MV Cont. Table - Combined!DN64,xl/worksheets/sheet7.xml:DN64,1.1673640900000001E-2,"#,##0.000_);\(#,##0.000\)",0.012_),0.012 ,0.012 ,회계 수치·정밀도·통화·공백 정확 일치
poi-src/test-data/spreadsheet/mv-calculator-final-2-20-2013.xlsm,시트 셀,MV Cont. Table - Combined!DN65,xl/worksheets/sheet7.xml:DN65,1.1897341299999999E-2,"#,##0.000_);\(#,##0.000\)",0.012_),0.012 ,0.012 ,회계 수치·정밀도·통화·공백 정확 일치
poi-src/test-data/spreadsheet/mv-calculator-final-2-20-2013.xlsm,시트 셀,MV Cont. Table - Combined!DN66,xl/worksheets/sheet7.xml:DN66,1.2147996899999999E-2,"#,##0.000_);\(#,##0.000\)",0.012_),0.012 ,0.012 ,회계 수치·정밀도·통화·공백 정확 일치
poi-src/test-data/spreadsheet/mv-calculator-final-2-20-2013.xlsm,시트 셀,MV Cont. Table - Combined!DN67,xl/worksheets/sheet7.xml:DN67,1.2304812300000001E-2,"#,##0.000_);\(#,##0.000\)",0.012_),0.012 ,0.012 ,회계 수치·정밀도·통화·공백 정확 일치
poi-src/test-data/spreadsheet/mv-calculator-final-2-20-2013.xlsm,시트 셀,MV Cont. Table - Combined!DN68,xl/worksheets/sheet7.xml:DN68,1.24779066E-2,"#,##0.000_);\(#,##0.000\)",0.012_),0.012 ,0.012 ,회계 수치·정밀도·통화·공백 정확 일치
poi-src/test-data/spreadsheet/mv-calculator-final-2-20-2013.xlsm,시트 셀,MV Cont. Table - Combined!DN69,xl/worksheets/sheet7.xml:DN69,1.27152195E-2,"#,##0.000_);\(#,##0.000\)",0.013_),0.013 ,0.013 ,회계 수치·정밀도·통화·공백 정확 일치
poi-src/test-data/spreadsheet/mv-calculator-final-2-20-2013.xlsm,시트 셀,MV Cont. Table - Combined!DN7,xl/worksheets/sheet7.xml:DN7,0,"#,##0.000_);\(#,##0.000\)",0.000_),0.000 ,0.000 ,회계 수치·정밀도·통화·공백 정확 일치
poi-src/test-data/spreadsheet/mv-calculator-final-2-20-2013.xlsm,시트 셀,MV Cont. Table - Combined!DN70,xl/worksheets/sheet7.xml:DN70,1.2851029999999999E-2,"#,##0.000_);\(#,##0.000\)",0.013_),0.013 ,0.013 ,회계 수치·정밀도·통화·공백 정확 일치
poi-src/test-data/spreadsheet/mv-calculator-final-2-20-2013.xlsm,시트 셀,MV Cont. Table - Combined!DN71,xl/worksheets/sheet7.xml:DN71,1.4432879799999999E-2,"#,##0.000_);\(#,##0.000\)",0.014_),0.014 ,0.014 ,회계 수치·정밀도·통화·공백 정확 일치
poi-src/test-data/spreadsheet/mv-calculator-final-2-20-2013.xlsm,시트 셀,MV Cont. Table - Combined!DN72,xl/worksheets/sheet7.xml:DN72,1.8616894500000002E-2,"#,##0.000_);\(#,##0.000\)",0.019_),0.019 ,0.019 ,회계 수치·정밀도·통화·공백 정확 일치
poi-src/test-data/spreadsheet/mv-calculator-final-2-20-2013.xlsm,시트 셀,MV Cont. Table - Combined!DN73,xl/worksheets/sheet7.xml:DN73,3.08651273E-2,"#,##0.000_);\(#,##0.000\)",0.031_),0.031 ,0.031 ,회계 수치·정밀도·통화·공백 정확 일치
poi-src/test-data/spreadsheet/mv-calculator-final-2-20-2013.xlsm,시트 셀,MV Cont. Table - Combined!DN74,xl/worksheets/sheet7.xml:DN74,4.4906054500000001E-2,"#,##0.000_);\(#,##0.000\)",0.045_),0.045 ,0.045 ,회계 수치·정밀도·통화·공백 정확 일치
poi-src/test-data/spreadsheet/mv-calculator-final-2-20-2013.xlsm,시트 셀,MV Cont. Table - Combined!DN75,xl/worksheets/sheet7.xml:DN75,5.61246834E-2,"#,##0.000_);\(#,##0.000\)",0.056_),0.056 ,0.056 ,회계 수치·정밀도·통화·공백 정확 일치
poi-src/test-data/spreadsheet/mv-calculator-final-2-20-2013.xlsm,시트 셀,MV Cont. Table - Combined!DN76,xl/worksheets/sheet7.xml:DN76,6.5122393799999997E-2,"#,##0.000_);\(#,##0.000\)",0.065_),0.065 ,0.065 ,회계 수치·정밀도·통화·공백 정확 일치
poi-src/test-data/spreadsheet/mv-calculator-final-2-20-2013.xlsm,시트 셀,MV Cont. Table - Combined!DN77,xl/worksheets/sheet7.xml:DN77,7.2579407600000007E-2,"#,##0.000_);\(#,##0.000\)",0.073_),0.073 ,0.073 ,회계 수치·정밀도·통화·공백 정확 일치
poi-src/test-data/spreadsheet/mv-calculator-final-2-20-2013.xlsm,시트 셀,MV Cont. Table - Combined!DN78,xl/worksheets/sheet7.xml:DN78,7.8843653799999996E-2,"#,##0.000_);\(#,##0.000\)",0.079_),0.079 ,0.079 ,회계 수치·정밀도·통화·공백 정확 일치
poi-src/test-data/spreadsheet/mv-calculator-final-2-20-2013.xlsm,시트 셀,MV Cont. Table - Combined!DN79,xl/worksheets/sheet7.xml:DN79,8.4201642899999998E-2,"#,##0.000_);\(#,##0.000\)",0.084_),0.084 ,0.084 ,회계 수치·정밀도·통화·공백 정확 일치
poi-src/test-data/spreadsheet/mv-calculator-final-2-20-2013.xlsm,시트 셀,MV Cont. Table - Combined!DN8,xl/worksheets/sheet7.xml:DN8,0,"#,##0.000_);\(#,##0.000\)",0.000_),0.000 ,0.000 ,회계 수치·정밀도·통화·공백 정확 일치
poi-src/test-data/spreadsheet/mv-calculator-final-2-20-2013.xlsm,시트 셀,MV Cont. Table - Combined!DN80,xl/worksheets/sheet7.xml:DN80,8.8715734500000004E-2,"#,##0.000_);\(#,##0.000\)",0.089_),0.089 ,0.089 ,회계 수치·정밀도·통화·공백 정확 일치
poi-src/test-data/spreadsheet/mv-calculator-final-2-20-2013.xlsm,시트 셀,MV Cont. Table - Combined!DN81,xl/worksheets/sheet7.xml:DN81,0.1122921442,"#,##0.000_);\(#,##0.000\)",0.112_),0.112 ,0.112 ,회계 수치·정밀도·통화·공백 정확 일치
poi-src/test-data/spreadsheet/mv-calculator-final-2-20-2013.xlsm,시트 셀,MV Cont. Table - Combined!DN82,xl/worksheets/sheet7.xml:DN82,0.12560669129999999,"#,##0.000_);\(#,##0.000\)",0.126_),0.126 ,0.126 ,회계 수치·정밀도·통화·공백 정확 일치
poi-src/test-data/spreadsheet/mv-calculator-final-2-20-2013.xlsm,시트 셀,MV Cont. Table - Combined!DN83,xl/worksheets/sheet7.xml:DN83,0.1293050036,"#,##0.000_);\(#,##0.000\)",0.129_),0.129 ,0.129 ,회계 수치·정밀도·통화·공백 정확 일치
poi-src/test-data/spreadsheet/mv-calculator-final-2-20-2013.xlsm,시트 셀,MV Cont. Table - Combined!DN84,xl/worksheets/sheet7.xml:DN84,0.1308436657,"#,##0.000_);\(#,##0.000\)",0.131_),0.131 ,0.131 ,회계 수치·정밀도·통화·공백 정확 일치
poi-src/test-data/spreadsheet/mv-calculator-final-2-20-2013.xlsm,시트 셀,MV Cont. Table - Combined!DN85,xl/worksheets/sheet7.xml:DN85,0.13163766530000001,"#,##0.000_);\(#,##0.000\)",0.132_),0.132 ,0.132 ,회계 수치·정밀도·통화·공백 정확 일치
poi-src/test-data/spreadsheet/mv-calculator-final-2-20-2013.xlsm,시트 셀,MV Cont. Table - Combined!DN86,xl/worksheets/sheet7.xml:DN86,0.1324389141,"#,##0.000_);\(#,##0.000\)",0.132_),0.132 ,0.132 ,회계 수치·정밀도·통화·공백 정확 일치
poi-src/test-data/spreadsheet/mv-calculator-final-2-20-2013.xlsm,시트 셀,MV Cont. Table - Combined!DN87,xl/worksheets/sheet7.xml:DN87,0.13263556479999999,"#,##0.000_);\(#,##0.000\)",0.133_),0.133 ,0.133 ,회계 수치·정밀도·통화·공백 정확 일치
poi-src/test-data/spreadsheet/mv-calculator-final-2-20-2013.xlsm,시트 셀,MV Cont. Table - Combined!DN88,xl/worksheets/sheet7.xml:DN88,0.13266251139999999,"#,##0.000_);\(#,##0.000\)",0.133_),0.133 ,0.133 ,회계 수치·정밀도·통화·공백 정확 일치
poi-src/test-data/spreadsheet/mv-calculator-final-2-20-2013.xlsm,시트 셀,MV Cont. Table - Combined!DN9,xl/worksheets/sheet7.xml:DN9,1.2012699999999999E-5,"#,##0.000_);\(#,##0.000\)",0.000_),0.000 ,0.000 ,회계 수치·정밀도·통화·공백 정확 일치
poi-src/test-data/spreadsheet/mv-calculator-final-2-20-2013.xlsm,시트 셀,MV Cont. Table - Combined!DO10,xl/worksheets/sheet7.xml:DO10,1.04825E-5,"#,##0.000_);\(#,##0.000\)",0.000_),0.000 ,0.000 ,회계 수치·정밀도·통화·공백 정확 일치
poi-src/test-data/spreadsheet/mv-calculator-final-2-20-2013.xlsm,시트 셀,MV Cont. Table - Combined!DO11,xl/worksheets/sheet7.xml:DO11,9.3712991000000001E-6,"#,##0.000_);\(#,##0.000\)",0.000_),0.000 ,0.000 ,회계 수치·정밀도·통화·공백 정확 일치
poi-src/test-data/spreadsheet/mv-calculator-final-2-20-2013.xlsm,시트 셀,MV Cont. Table - Combined!DO12,xl/worksheets/sheet7.xml:DO12,8.5217960999999993E-6,"#,##0.000_);\(#,##0.000\)",0.000_),0.000 ,0.000 ,회계 수치·정밀도·통화·공백 정확 일치
poi-src/test-data/spreadsheet/mv-calculator-final-2-20-2013.xlsm,시트 셀,MV Cont. Table - Combined!DO13,xl/worksheets/sheet7.xml:DO13,1.04145E-5,"#,##0.000_);\(#,##0.000\)",0.000_),0.000 ,0.000 ,회계 수치·정밀도·통화·공백 정확 일치
poi-src/test-data/spreadsheet/mv-calculator-final-2-20-2013.xlsm,시트 셀,MV Cont. Table - Combined!DO14,xl/worksheets/sheet7.xml:DO14,2.6018300000000001E-5,"#,##0.000_);\(#,##0.000\)",0.000_),0.000 ,0.000 ,회계 수치·정밀도·통화·공백 정확 일치
poi-src/test-data/spreadsheet/mv-calculator-final-2-20-2013.xlsm,시트 셀,MV Cont. Table - Combined!DO15,xl/worksheets/sheet7.xml:DO15,4.0586000000000001E-5,"#,##0.000_);\(#,##0.000\)",0.000_),0.000 ,0.000 ,회계 수치·정밀도·통화·공백 정확 일치
poi-src/test-data/spreadsheet/mv-calculator-final-2-20-2013.xlsm,시트 셀,MV Cont. Table - Combined!DO16,xl/worksheets/sheet7.xml:DO16,6.9487399999999995E-5,"#,##0.000_);\(#,##0.000\)",0.000_),0.000 ,0.000 ,회계 수치·정밀도·통화·공백 정확 일치
poi-src/test-data/spreadsheet/mv-calculator-final-2-20-2013.xlsm,시트 셀,MV Cont. Table - Combined!DO17,xl/worksheets/sheet7.xml:DO17,8.1943100000000005E-5,"#,##0.000_);\(#,##0.000\)",0.000_),0.000 ,0.000 ,회계 수치·정밀도·통화·공백 정확 일치
poi-src/test-data/spreadsheet/mv-calculator-final-2-20-2013.xlsm,시트 셀,MV Cont. Table - Combined!DO18,xl/worksheets/sheet7.xml:DO18,1.15763E-4,"#,##0.000_);\(#,##0.000\)",0.000_),0.000 ,0.000 ,회계 수치·정밀도·통화·공백 정확 일치
poi-src/test-data/spreadsheet/mv-calculator-final-2-20-2013.xlsm,시트 셀,MV Cont. Table - Combined!DO19,xl/worksheets/sheet7.xml:DO19,1.7190550000000001E-4,"#,##0.000_);\(#,##0.000\)",0.000_),0.000 ,0.000 ,회계 수치·정밀도·통화·공백 정확 일치
poi-src/test-data/spreadsheet/mv-calculator-final-2-20-2013.xlsm,시트 셀,MV Cont. Table - Combined!DO20,xl/worksheets/sheet7.xml:DO20,2.174272E-4,"#,##0.000_);\(#,##0.000\)",0.000_),0.000 ,0.000 ,회계 수치·정밀도·통화·공백 정확 일치
poi-src/test-data/spreadsheet/mv-calculator-final-2-20-2013.xlsm,시트 셀,MV Cont. Table - Combined!DO21,xl/worksheets/sheet7.xml:DO21,3.02522E-4,"#,##0.000_);\(#,##0.000\)",0.000_),0.000 ,0.000 ,회계 수치·정밀도·통화·공백 정확 일치
poi-src/test-data/spreadsheet/mv-calculator-final-2-20-2013.xlsm,시트 셀,MV Cont. Table - Combined!DO22,xl/worksheets/sheet7.xml:DO22,3.5266589999999998E-4,"#,##0.000_);\(#,##0.000\)",0.000_),0.000 ,0.000 ,회계 수치·정밀도·통화·공백 정확 일치
poi-src/test-data/spreadsheet/mv-calculator-final-2-20-2013.xlsm,시트 셀,MV Cont. Table - Combined!DO23,xl/worksheets/sheet7.xml:DO23,4.1860310000000001E-4,"#,##0.000_);\(#,##0.000\)",0.000_),0.000 ,0.000 ,회계 수치·정밀도·통화·공백 정확 일치
poi-src/test-data/spreadsheet/mv-calculator-final-2-20-2013.xlsm,시트 셀,MV Cont. Table - Combined!DO24,xl/worksheets/sheet7.xml:DO24,5.2936750000000005E-4,"#,##0.000_);\(#,##0.000\)",0.001_),0.001 ,0.001 ,회계 수치·정밀도·통화·공백 정확 일치
poi-src/test-data/spreadsheet/mv-calculator-final-2-20-2013.xlsm,시트 셀,MV Cont. Table - Combined!DO25,xl/worksheets/sheet7.xml:DO25,6.4741440000000005E-4,"#,##0.000_);\(#,##0.000\)",0.001_),0.001 ,0.001 ,회계 수치·정밀도·통화·공백 정확 일치
poi-src/test-data/spreadsheet/mv-calculator-final-2-20-2013.xlsm,시트 셀,MV Cont. Table - Combined!DO26,xl/worksheets/sheet7.xml:DO26,7.6981559999999996E-4,"#,##0.000_);\(#,##0.000\)",0.001_),0.001 ,0.001 ,회계 수치·정밀도·통화·공백 정확 일치
poi-src/test-data/spreadsheet/mv-calculator-final-2-20-2013.xlsm,시트 셀,MV Cont. Table - Combined!DO27,xl/worksheets/sheet7.xml:DO27,9.2517010000000004E-4,"#,##0.000_);\(#,##0.000\)",0.001_),0.001 ,0.001 ,회계 수치·정밀도·통화·공백 정확 일치
poi-src/test-data/spreadsheet/mv-calculator-final-2-20-2013.xlsm,시트 셀,MV Cont. Table - Combined!DO28,xl/worksheets/sheet7.xml:DO28,1.0819499999999999E-3,"#,##0.000_);\(#,##0.000\)",0.001_),0.001 ,0.001 ,회계 수치·정밀도·통화·공백 정확 일치
poi-src/test-data/spreadsheet/mv-calculator-final-2-20-2013.xlsm,시트 셀,MV Cont. Table - Combined!DO29,xl/worksheets/sheet7.xml:DO29,1.2551991000000001E-3,"#,##0.000_);\(#,##0.000\)",0.001_),0.001 ,0.001 ,회계 수치·정밀도·통화·공백 정확 일치
poi-src/test-data/spreadsheet/mv-calculator-final-2-20-2013.xlsm,시트 셀,MV Cont. Table - Combined!DO30,xl/worksheets/sheet7.xml:DO30,1.4760626E-3,"#,##0.000_);\(#,##0.000\)",0.001_),0.001 ,0.001 ,회계 수치·정밀도·통화·공백 정확 일치
poi-src/test-data/spreadsheet/mv-calculator-final-2-20-2013.xlsm,시트 셀,MV Cont. Table - Combined!DO31,xl/worksheets/sheet7.xml:DO31,1.7043588000000001E-3,"#,##0.000_);\(#,##0.000\)",0.002_),0.002 ,0.002 ,회계 수치·정밀도·통화·공백 정확 일치
poi-src/test-data/spreadsheet/mv-calculator-final-2-20-2013.xlsm,시트 셀,MV Cont. Table - Combined!DO32,xl/worksheets/sheet7.xml:DO32,1.9052398E-3,"#,##0.000_);\(#,##0.000\)",0.002_),0.002 ,0.002 ,회계 수치·정밀도·통화·공백 정확 일치
poi-src/test-data/spreadsheet/mv-calculator-final-2-20-2013.xlsm,시트 셀,MV Cont. Table - Combined!DO33,xl/worksheets/sheet7.xml:DO33,2.1217292999999998E-3,"#,##0.000_);\(#,##0.000\)",0.002_),0.002 ,0.002 ,회계 수치·정밀도·통화·공백 정확 일치
poi-src/test-data/spreadsheet/mv-calculator-final-2-20-2013.xlsm,시트 셀,MV Cont. Table - Combined!DO34,xl/worksheets/sheet7.xml:DO34,2.3994050999999999E-3,"#,##0.000_);\(#,##0.000\)",0.002_),0.002 ,0.002 ,회계 수치·정밀도·통화·공백 정확 일치
poi-src/test-data/spreadsheet/mv-calculator-final-2-20-2013.xlsm,시트 셀,MV Cont. Table - Combined!DO35,xl/worksheets/sheet7.xml:DO35,2.6689376999999999E-3,"#,##0.000_);\(#,##0.000\)",0.003_),0.003 ,0.003 ,회계 수치·정밀도·통화·공백 정확 일치
poi-src/test-data/spreadsheet/mv-calculator-final-2-20-2013.xlsm,시트 셀,MV Cont. Table - Combined!DO36,xl/worksheets/sheet7.xml:DO36,2.9717197000000001E-3,"#,##0.000_);\(#,##0.000\)",0.003_),0.003 ,0.003 ,회계 수치·정밀도·통화·공백 정확 일치
poi-src/test-data/spreadsheet/mv-calculator-final-2-20-2013.xlsm,시트 셀,MV Cont. Table - Combined!DO37,xl/worksheets/sheet7.xml:DO37,3.2527985000000001E-3,"#,##0.000_);\(#,##0.000\)",0.003_),0.003 ,0.003 ,회계 수치·정밀도·통화·공백 정확 일치
poi-src/test-data/spreadsheet/mv-calculator-final-2-20-2013.xlsm,시트 셀,MV Cont. Table - Combined!DO38,xl/worksheets/sheet7.xml:DO38,3.5534855000000001E-3,"#,##0.000_);\(#,##0.000\)",0.004_),0.004 ,0.004 ,회계 수치·정밀도·통화·공백 정확 일치
poi-src/test-data/spreadsheet/mv-calculator-final-2-20-2013.xlsm,시트 셀,MV Cont. Table - Combined!DO39,xl/worksheets/sheet7.xml:DO39,3.8700080999999999E-3,"#,##0.000_);\(#,##0.000\)",0.004_),0.004 ,0.004 ,회계 수치·정밀도·통화·공백 정확 일치
poi-src/test-data/spreadsheet/mv-calculator-final-2-20-2013.xlsm,시트 셀,MV Cont. Table - Combined!DO40,xl/worksheets/sheet7.xml:DO40,4.1635841000000002E-3,"#,##0.000_);\(#,##0.000\)",0.004_),0.004 ,0.004 ,회계 수치·정밀도·통화·공백 정확 일치
poi-src/test-data/spreadsheet/mv-calculator-final-2-20-2013.xlsm,시트 셀,MV Cont. Table - Combined!DO41,xl/worksheets/sheet7.xml:DO41,4.5603288999999997E-3,"#,##0.000_);\(#,##0.000\)",0.005_),0.005 ,0.005 ,회계 수치·정밀도·통화·공백 정확 일치
poi-src/test-data/spreadsheet/mv-calculator-final-2-20-2013.xlsm,시트 셀,MV Cont. Table - Combined!DO42,xl/worksheets/sheet7.xml:DO42,4.8728442000000004E-3,"#,##0.000_);\(#,##0.000\)",0.005_),0.005 ,0.005 ,회계 수치·정밀도·통화·공백 정확 일치
poi-src/test-data/spreadsheet/mv-calculator-final-2-20-2013.xlsm,시트 셀,MV Cont. Table - Combined!DO43,xl/worksheets/sheet7.xml:DO43,5.2286327000000002E-3,"#,##0.000_);\(#,##0.000\)",0.005_),0.005 ,0.005 ,회계 수치·정밀도·통화·공백 정확 일치
poi-src/test-data/spreadsheet/mv-calculator-final-2-20-2013.xlsm,시트 셀,MV Cont. Table - Combined!DO44,xl/worksheets/sheet7.xml:DO44,5.5888212E-3,"#,##0.000_);\(#,##0.000\)",0.006_),0.006 ,0.006 ,회계 수치·정밀도·통화·공백 정확 일치
poi-src/test-data/spreadsheet/mv-calculator-final-2-20-2013.xlsm,시트 셀,MV Cont. Table - Combined!DO45,xl/worksheets/sheet7.xml:DO45,5.9635288000000003E-3,"#,##0.000_);\(#,##0.000\)",0.006_),0.006 ,0.006 ,회계 수치·정밀도·통화·공백 정확 일치
poi-src/test-data/spreadsheet/mv-calculator-final-2-20-2013.xlsm,시트 셀,MV Cont. Table - Combined!DO46,xl/worksheets/sheet7.xml:DO46,6.3547292E-3,"#,##0.000_);\(#,##0.000\)",0.006_),0.006 ,0.006 ,회계 수치·정밀도·통화·공백 정확 일치
poi-src/test-data/spreadsheet/mv-calculator-final-2-20-2013.xlsm,시트 셀,MV Cont. Table - Combined!DO47,xl/worksheets/sheet7.xml:DO47,6.7126983999999997E-3,"#,##0.000_);\(#,##0.000\)",0.007_),0.007 ,0.007 ,회계 수치·정밀도·통화·공백 정확 일치
poi-src/test-data/spreadsheet/mv-calculator-final-2-20-2013.xlsm,시트 셀,MV Cont. Table - Combined!DO48,xl/worksheets/sheet7.xml:DO48,7.0356259999999997E-3,"#,##0.000_);\(#,##0.000\)",0.007_),0.007 ,0.007 ,회계 수치·정밀도·통화·공백 정확 일치
poi-src/test-data/spreadsheet/mv-calculator-final-2-20-2013.xlsm,시트 셀,MV Cont. Table - Combined!DO49,xl/worksheets/sheet7.xml:DO49,7.3389535999999998E-3,"#,##0.000_);\(#,##0.000\)",0.007_),0.007 ,0.007 ,회계 수치·정밀도·통화·공백 정확 일치
poi-src/test-data/spreadsheet/mv-calculator-final-2-20-2013.xlsm,시트 셀,MV Cont. Table - Combined!DO5,xl/worksheets/sheet7.xml:DO5,0,"#,##0.000_);\(#,##0.000\)",0.000_),0.000 ,0.000 ,회계 수치·정밀도·통화·공백 정확 일치
poi-src/test-data/spreadsheet/mv-calculator-final-2-20-2013.xlsm,시트 셀,MV Cont. Table - Combined!DO50,xl/worksheets/sheet7.xml:DO50,7.6627346000000002E-3,"#,##0.000_);\(#,##0.000\)",0.008_),0.008 ,0.008 ,회계 수치·정밀도·통화·공백 정확 일치
poi-src/test-data/spreadsheet/mv-calculator-final-2-20-2013.xlsm,시트 셀,MV Cont. Table - Combined!DO51,xl/worksheets/sheet7.xml:DO51,8.0129144999999992E-3,"#,##0.000_);\(#,##0.000\)",0.008_),0.008 ,0.008 ,회계 수치·정밀도·통화·공백 정확 일치
poi-src/test-data/spreadsheet/mv-calculator-final-2-20-2013.xlsm,시트 셀,MV Cont. Table - Combined!DO52,xl/worksheets/sheet7.xml:DO52,8.3459737999999999E-3,"#,##0.000_);\(#,##0.000\)",0.008_),0.008 ,0.008 ,회계 수치·정밀도·통화·공백 정확 일치
poi-src/test-data/spreadsheet/mv-calculator-final-2-20-2013.xlsm,시트 셀,MV Cont. Table - Combined!DO53,xl/worksheets/sheet7.xml:DO53,8.6403356000000001E-3,"#,##0.000_);\(#,##0.000\)",0.009_),0.009 ,0.009 ,회계 수치·정밀도·통화·공백 정확 일치
poi-src/test-data/spreadsheet/mv-calculator-final-2-20-2013.xlsm,시트 셀,MV Cont. Table - Combined!DO54,xl/worksheets/sheet7.xml:DO54,8.9068034999999993E-3,"#,##0.000_);\(#,##0.000\)",0.009_),0.009 ,0.009 ,회계 수치·정밀도·통화·공백 정확 일치
poi-src/test-data/spreadsheet/mv-calculator-final-2-20-2013.xlsm,시트 셀,MV Cont. Table - Combined!DO55,xl/worksheets/sheet7.xml:DO55,9.2159550999999992E-3,"#,##0.000_);\(#,##0.000\)",0.009_),0.009 ,0.009 ,회계 수치·정밀도·통화·공백 정확 일치
poi-src/test-data/spreadsheet/mv-calculator-final-2-20-2013.xlsm,시트 셀,MV Cont. Table - Combined!DO56,xl/worksheets/sheet7.xml:DO56,9.4942103999999996E-3,"#,##0.000_);\(#,##0.000\)",0.009_),0.009 ,0.009 ,회계 수치·정밀도·통화·공백 정확 일치
poi-src/test-data/spreadsheet/mv-calculator-final-2-20-2013.xlsm,시트 셀,MV Cont. Table - Combined!DO57,xl/worksheets/sheet7.xml:DO57,9.8227582999999997E-3,"#,##0.000_);\(#,##0.000\)",0.010_),0.010 ,0.010 ,회계 수치·정밀도·통화·공백 정확 일치
poi-src/test-data/spreadsheet/mv-calculator-final-2-20-2013.xlsm,시트 셀,MV Cont. Table - Combined!DO58,xl/worksheets/sheet7.xml:DO58,1.01762126E-2,"#,##0.000_);\(#,##0.000\)",0.010_),0.010 ,0.010 ,회계 수치·정밀도·통화·공백 정확 일치
poi-src/test-data/spreadsheet/mv-calculator-final-2-20-2013.xlsm,시트 셀,MV Cont. Table - Combined!DO59,xl/worksheets/sheet7.xml:DO59,1.04244083E-2,"#,##0.000_);\(#,##0.000\)",0.010_),0.010 ,0.010 ,회계 수치·정밀도·통화·공백 정확 일치
poi-src/test-data/spreadsheet/mv-calculator-final-2-20-2013.xlsm,시트 셀,MV Cont. Table - Combined!DO6,xl/worksheets/sheet7.xml:DO6,0,"#,##0.000_);\(#,##0.000\)",0.000_),0.000 ,0.000 ,회계 수치·정밀도·통화·공백 정확 일치
poi-src/test-data/spreadsheet/mv-calculator-final-2-20-2013.xlsm,시트 셀,MV Cont. Table - Combined!DO60,xl/worksheets/sheet7.xml:DO60,1.07126974E-2,"#,##0.000_);\(#,##0.000\)",0.011_),0.011 ,0.011 ,회계 수치·정밀도·통화·공백 정확 일치
poi-src/test-data/spreadsheet/mv-calculator-final-2-20-2013.xlsm,시트 셀,MV Cont. Table - Combined!DO61,xl/worksheets/sheet7.xml:DO61,1.09853804E-2,"#,##0.000_);\(#,##0.000\)",0.011_),0.011 ,0.011 ,회계 수치·정밀도·통화·공백 정확 일치
poi-src/test-data/spreadsheet/mv-calculator-final-2-20-2013.xlsm,시트 셀,MV Cont. Table - Combined!DO62,xl/worksheets/sheet7.xml:DO62,1.1211250900000001E-2,"#,##0.000_);\(#,##0.000\)",0.011_),0.011 ,0.011 ,회계 수치·정밀도·통화·공백 정확 일치
poi-src/test-data/spreadsheet/mv-calculator-final-2-20-2013.xlsm,시트 셀,MV Cont. Table - Combined!DO63,xl/worksheets/sheet7.xml:DO63,1.1458443E-2,"#,##0.000_);\(#,##0.000\)",0.011_),0.011 ,0.011 ,회계 수치·정밀도·통화·공백 정확 일치
poi-src/test-data/spreadsheet/mv-calculator-final-2-20-2013.xlsm,시트 셀,MV Cont. Table - Combined!DO64,xl/worksheets/sheet7.xml:DO64,1.1695127099999999E-2,"#,##0.000_);\(#,##0.000\)",0.012_),0.012 ,0.012 ,회계 수치·정밀도·통화·공백 정확 일치
poi-src/test-data/spreadsheet/mv-calculator-final-2-20-2013.xlsm,시트 셀,MV Cont. Table - Combined!DO65,xl/worksheets/sheet7.xml:DO65,1.1919868300000001E-2,"#,##0.000_);\(#,##0.000\)",0.012_),0.012 ,0.012 ,회계 수치·정밀도·통화·공백 정확 일치
poi-src/test-data/spreadsheet/mv-calculator-final-2-20-2013.xlsm,시트 셀,MV Cont. Table - Combined!DO66,xl/worksheets/sheet7.xml:DO66,1.21709235E-2,"#,##0.000_);\(#,##0.000\)",0.012_),0.012 ,0.012 ,회계 수치·정밀도·통화·공백 정확 일치
poi-src/test-data/spreadsheet/mv-calculator-final-2-20-2013.xlsm,시트 셀,MV Cont. Table - Combined!DO67,xl/worksheets/sheet7.xml:DO67,1.2328775599999999E-2,"#,##0.000_);\(#,##0.000\)",0.012_),0.012 ,0.012 ,회계 수치·정밀도·통화·공백 정확 일치
poi-src/test-data/spreadsheet/mv-calculator-final-2-20-2013.xlsm,시트 셀,MV Cont. Table - Combined!DO68,xl/worksheets/sheet7.xml:DO68,1.25028568E-2,"#,##0.000_);\(#,##0.000\)",0.013_),0.013 ,0.013 ,회계 수치·정밀도·통화·공백 정확 일치
poi-src/test-data/spreadsheet/mv-calculator-final-2-20-2013.xlsm,시트 셀,MV Cont. Table - Combined!DO69,xl/worksheets/sheet7.xml:DO69,1.27423138E-2,"#,##0.000_);\(#,##0.000\)",0.013_),0.013 ,0.013 ,회계 수치·정밀도·통화·공백 정확 일치
poi-src/test-data/spreadsheet/mv-calculator-final-2-20-2013.xlsm,시트 셀,MV Cont. Table - Combined!DO7,xl/worksheets/sheet7.xml:DO7,0,"#,##0.000_);\(#,##0.000\)",0.000_),0.000 ,0.000 ,회계 수치·정밀도·통화·공백 정확 일치
poi-src/test-data/spreadsheet/mv-calculator-final-2-20-2013.xlsm,시트 셀,MV Cont. Table - Combined!DO70,xl/worksheets/sheet7.xml:DO70,1.2878660599999999E-2,"#,##0.000_);\(#,##0.000\)",0.013_),0.013 ,0.013 ,회계 수치·정밀도·통화·공백 정확 일치
poi-src/test-data/spreadsheet/mv-calculator-final-2-20-2013.xlsm,시트 셀,MV Cont. Table - Combined!DO71,xl/worksheets/sheet7.xml:DO71,1.44707182E-2,"#,##0.000_);\(#,##0.000\)",0.014_),0.014 ,0.014 ,회계 수치·정밀도·통화·공백 정확 일치
poi-src/test-data/spreadsheet/mv-calculator-final-2-20-2013.xlsm,시트 셀,MV Cont. Table - Combined!DO72,xl/worksheets/sheet7.xml:DO72,1.8711352800000001E-2,"#,##0.000_);\(#,##0.000\)",0.019_),0.019 ,0.019 ,회계 수치·정밀도·통화·공백 정확 일치
poi-src/test-data/spreadsheet/mv-calculator-final-2-20-2013.xlsm,시트 셀,MV Cont. Table - Combined!DO73,xl/worksheets/sheet7.xml:DO73,3.1115153199999999E-2,"#,##0.000_);\(#,##0.000\)",0.031_),0.031 ,0.031 ,회계 수치·정밀도·통화·공백 정확 일치
poi-src/test-data/spreadsheet/mv-calculator-final-2-20-2013.xlsm,시트 셀,MV Cont. Table - Combined!DO74,xl/worksheets/sheet7.xml:DO74,4.5436282500000001E-2,"#,##0.000_);\(#,##0.000\)",0.045_),0.045 ,0.045 ,회계 수치·정밀도·통화·공백 정확 일치
poi-src/test-data/spreadsheet/mv-calculator-final-2-20-2013.xlsm,시트 셀,MV Cont. Table - Combined!DO75,xl/worksheets/sheet7.xml:DO75,5.6988181399999997E-2,"#,##0.000_);\(#,##0.000\)",0.057_),0.057 ,0.057 ,회계 수치·정밀도·통화·공백 정확 일치
poi-src/test-data/spreadsheet/mv-calculator-final-2-20-2013.xlsm,시트 셀,MV Cont. Table - Combined!DO76,xl/worksheets/sheet7.xml:DO76,6.6352212100000002E-2,"#,##0.000_);\(#,##0.000\)",0.066_),0.066 ,0.066 ,회계 수치·정밀도·통화·공백 정확 일치
poi-src/test-data/spreadsheet/mv-calculator-final-2-20-2013.xlsm,시트 셀,MV Cont. Table - Combined!DO77,xl/worksheets/sheet7.xml:DO77,7.4175785100000002E-2,"#,##0.000_);\(#,##0.000\)",0.074_),0.074 ,0.074 ,회계 수치·정밀도·통화·공백 정확 일치
poi-src/test-data/spreadsheet/mv-calculator-final-2-20-2013.xlsm,시트 셀,MV Cont. Table - Combined!DO78,xl/worksheets/sheet7.xml:DO78,8.0780005700000004E-2,"#,##0.000_);\(#,##0.000\)",0.081_),0.081 ,0.081 ,회계 수치·정밀도·통화·공백 정확 일치
poi-src/test-data/spreadsheet/mv-calculator-final-2-20-2013.xlsm,시트 셀,MV Cont. Table - Combined!DO79,xl/worksheets/sheet7.xml:DO79,8.6469224100000006E-2,"#,##0.000_);\(#,##0.000\)",0.086_),0.086 ,0.086 ,회계 수치·정밀도·통화·공백 정확 일치
poi-src/test-data/spreadsheet/mv-calculator-final-2-20-2013.xlsm,시트 셀,MV Cont. Table - Combined!DO8,xl/worksheets/sheet7.xml:DO8,0,"#,##0.000_);\(#,##0.000\)",0.000_),0.000 ,0.000 ,회계 수치·정밀도·통화·공백 정확 일치
poi-src/test-data/spreadsheet/mv-calculator-final-2-20-2013.xlsm,시트 셀,MV Cont. Table - Combined!DO80,xl/worksheets/sheet7.xml:DO80,9.1263555900000001E-2,"#,##0.000_);\(#,##0.000\)",0.091_),0.091 ,0.091 ,회계 수치·정밀도·통화·공백 정확 일치
poi-src/test-data/spreadsheet/mv-calculator-final-2-20-2013.xlsm,시트 셀,MV Cont. Table - Combined!DO81,xl/worksheets/sheet7.xml:DO81,0.1168887622,"#,##0.000_);\(#,##0.000\)",0.117_),0.117 ,0.117 ,회계 수치·정밀도·통화·공백 정확 일치
poi-src/test-data/spreadsheet/mv-calculator-final-2-20-2013.xlsm,시트 셀,MV Cont. Table - Combined!DO82,xl/worksheets/sheet7.xml:DO82,0.1318603226,"#,##0.000_);\(#,##0.000\)",0.132_),0.132 ,0.132 ,회계 수치·정밀도·통화·공백 정확 일치
poi-src/test-data/spreadsheet/mv-calculator-final-2-20-2013.xlsm,시트 셀,MV Cont. Table - Combined!DO83,xl/worksheets/sheet7.xml:DO83,0.1361236069,"#,##0.000_);\(#,##0.000\)",0.136_),0.136 ,0.136 ,회계 수치·정밀도·통화·공백 정확 일치
poi-src/test-data/spreadsheet/mv-calculator-final-2-20-2013.xlsm,시트 셀,MV Cont. Table - Combined!DO84,xl/worksheets/sheet7.xml:DO84,0.13790536410000001,"#,##0.000_);\(#,##0.000\)",0.138_),0.138 ,0.138 ,회계 수치·정밀도·통화·공백 정확 일치
poi-src/test-data/spreadsheet/mv-calculator-final-2-20-2013.xlsm,시트 셀,MV Cont. Table - Combined!DO85,xl/worksheets/sheet7.xml:DO85,0.1388290891,"#,##0.000_);\(#,##0.000\)",0.139_),0.139 ,0.139 ,회계 수치·정밀도·통화·공백 정확 일치
poi-src/test-data/spreadsheet/mv-calculator-final-2-20-2013.xlsm,시트 셀,MV Cont. Table - Combined!DO86,xl/worksheets/sheet7.xml:DO86,0.13976206669999999,"#,##0.000_);\(#,##0.000\)",0.140_),0.140 ,0.140 ,회계 수치·정밀도·통화·공백 정확 일치
poi-src/test-data/spreadsheet/mv-calculator-final-2-20-2013.xlsm,시트 셀,MV Cont. Table - Combined!DO87,xl/worksheets/sheet7.xml:DO87,0.1399917768,"#,##0.000_);\(#,##0.000\)",0.140_),0.140 ,0.140 ,회계 수치·정밀도·통화·공백 정확 일치
poi-src/test-data/spreadsheet/mv-calculator-final-2-20-2013.xlsm,시트 셀,MV Cont. Table - Combined!DO88,xl/worksheets/sheet7.xml:DO88,0.14002328680000001,"#,##0.000_);\(#,##0.000\)",0.140_),0.140 ,0.140 ,회계 수치·정밀도·통화·공백 정확 일치
poi-src/test-data/spreadsheet/mv-calculator-final-2-20-2013.xlsm,시트 셀,MV Cont. Table - Combined!DO9,xl/worksheets/sheet7.xml:DO9,1.2012699999999999E-5,"#,##0.000_);\(#,##0.000\)",0.000_),0.000 ,0.000 ,회계 수치·정밀도·통화·공백 정확 일치
poi-src/test-data/spreadsheet/mv-calculator-final-2-20-2013.xlsm,시트 셀,MV Cont. Table - Combined!DP10,xl/worksheets/sheet7.xml:DP10,1.04825E-5,"#,##0.000_);\(#,##0.000\)",0.000_),0.000 ,0.000 ,회계 수치·정밀도·통화·공백 정확 일치
poi-src/test-data/spreadsheet/mv-calculator-final-2-20-2013.xlsm,시트 셀,MV Cont. Table - Combined!DP11,xl/worksheets/sheet7.xml:DP11,9.3712991000000001E-6,"#,##0.000_);\(#,##0.000\)",0.000_),0.000 ,0.000 ,회계 수치·정밀도·통화·공백 정확 일치
poi-src/test-data/spreadsheet/mv-calculator-final-2-20-2013.xlsm,시트 셀,MV Cont. Table - Combined!DP12,xl/worksheets/sheet7.xml:DP12,8.5217960999999993E-6,"#,##0.000_);\(#,##0.000\)",0.000_),0.000 ,0.000 ,회계 수치·정밀도·통화·공백 정확 일치
poi-src/test-data/spreadsheet/mv-calculator-final-2-20-2013.xlsm,시트 셀,MV Cont. Table - Combined!DP13,xl/worksheets/sheet7.xml:DP13,1.04145E-5,"#,##0.000_);\(#,##0.000\)",0.000_),0.000 ,0.000 ,회계 수치·정밀도·통화·공백 정확 일치
poi-src/test-data/spreadsheet/mv-calculator-final-2-20-2013.xlsm,시트 셀,MV Cont. Table - Combined!DP14,xl/worksheets/sheet7.xml:DP14,2.6018300000000001E-5,"#,##0.000_);\(#,##0.000\)",0.000_),0.000 ,0.000 ,회계 수치·정밀도·통화·공백 정확 일치
poi-src/test-data/spreadsheet/mv-calculator-final-2-20-2013.xlsm,시트 셀,MV Cont. Table - Combined!DP15,xl/worksheets/sheet7.xml:DP15,4.0586000000000001E-5,"#,##0.000_);\(#,##0.000\)",0.000_),0.000 ,0.000 ,회계 수치·정밀도·통화·공백 정확 일치
poi-src/test-data/spreadsheet/mv-calculator-final-2-20-2013.xlsm,시트 셀,MV Cont. Table - Combined!DP16,xl/worksheets/sheet7.xml:DP16,6.9487399999999995E-5,"#,##0.000_);\(#,##0.000\)",0.000_),0.000 ,0.000 ,회계 수치·정밀도·통화·공백 정확 일치
poi-src/test-data/spreadsheet/mv-calculator-final-2-20-2013.xlsm,시트 셀,MV Cont. Table - Combined!DP17,xl/worksheets/sheet7.xml:DP17,8.1943100000000005E-5,"#,##0.000_);\(#,##0.000\)",0.000_),0.000 ,0.000 ,회계 수치·정밀도·통화·공백 정확 일치
poi-src/test-data/spreadsheet/mv-calculator-final-2-20-2013.xlsm,시트 셀,MV Cont. Table - Combined!DP18,xl/worksheets/sheet7.xml:DP18,1.15763E-4,"#,##0.000_);\(#,##0.000\)",0.000_),0.000 ,0.000 ,회계 수치·정밀도·통화·공백 정확 일치
poi-src/test-data/spreadsheet/mv-calculator-final-2-20-2013.xlsm,시트 셀,MV Cont. Table - Combined!DP19,xl/worksheets/sheet7.xml:DP19,1.7190550000000001E-4,"#,##0.000_);\(#,##0.000\)",0.000_),0.000 ,0.000 ,회계 수치·정밀도·통화·공백 정확 일치
poi-src/test-data/spreadsheet/mv-calculator-final-2-20-2013.xlsm,시트 셀,MV Cont. Table - Combined!DP20,xl/worksheets/sheet7.xml:DP20,2.174272E-4,"#,##0.000_);\(#,##0.000\)",0.000_),0.000 ,0.000 ,회계 수치·정밀도·통화·공백 정확 일치
poi-src/test-data/spreadsheet/mv-calculator-final-2-20-2013.xlsm,시트 셀,MV Cont. Table - Combined!DP21,xl/worksheets/sheet7.xml:DP21,3.02522E-4,"#,##0.000_);\(#,##0.000\)",0.000_),0.000 ,0.000 ,회계 수치·정밀도·통화·공백 정확 일치
poi-src/test-data/spreadsheet/mv-calculator-final-2-20-2013.xlsm,시트 셀,MV Cont. Table - Combined!DP22,xl/worksheets/sheet7.xml:DP22,3.5266589999999998E-4,"#,##0.000_);\(#,##0.000\)",0.000_),0.000 ,0.000 ,회계 수치·정밀도·통화·공백 정확 일치
poi-src/test-data/spreadsheet/mv-calculator-final-2-20-2013.xlsm,시트 셀,MV Cont. Table - Combined!DP23,xl/worksheets/sheet7.xml:DP23,4.1860310000000001E-4,"#,##0.000_);\(#,##0.000\)",0.000_),0.000 ,0.000 ,회계 수치·정밀도·통화·공백 정확 일치
poi-src/test-data/spreadsheet/mv-calculator-final-2-20-2013.xlsm,시트 셀,MV Cont. Table - Combined!DP24,xl/worksheets/sheet7.xml:DP24,5.2936750000000005E-4,"#,##0.000_);\(#,##0.000\)",0.001_),0.001 ,0.001 ,회계 수치·정밀도·통화·공백 정확 일치
poi-src/test-data/spreadsheet/mv-calculator-final-2-20-2013.xlsm,시트 셀,MV Cont. Table - Combined!DP25,xl/worksheets/sheet7.xml:DP25,6.4971080000000001E-4,"#,##0.000_);\(#,##0.000\)",0.001_),0.001 ,0.001 ,회계 수치·정밀도·통화·공백 정확 일치
poi-src/test-data/spreadsheet/mv-calculator-final-2-20-2013.xlsm,시트 셀,MV Cont. Table - Combined!DP26,xl/worksheets/sheet7.xml:DP26,7.7206270000000003E-4,"#,##0.000_);\(#,##0.000\)",0.001_),0.001 ,0.001 ,회계 수치·정밀도·통화·공백 정확 일치
poi-src/test-data/spreadsheet/mv-calculator-final-2-20-2013.xlsm,시트 셀,MV Cont. Table - Combined!DP27,xl/worksheets/sheet7.xml:DP27,9.2737549999999998E-4,"#,##0.000_);\(#,##0.000\)",0.001_),0.001 ,0.001 ,회계 수치·정밀도·통화·공백 정확 일치
poi-src/test-data/spreadsheet/mv-calculator-final-2-20-2013.xlsm,시트 셀,MV Cont. Table - Combined!DP28,xl/worksheets/sheet7.xml:DP28,1.0841141E-3,"#,##0.000_);\(#,##0.000\)",0.001_),0.001 ,0.001 ,회계 수치·정밀도·통화·공백 정확 일치
poi-src/test-data/spreadsheet/mv-calculator-final-2-20-2013.xlsm,시트 셀,MV Cont. Table - Combined!DP29,xl/worksheets/sheet7.xml:DP29,1.2573273E-3,"#,##0.000_);\(#,##0.000\)",0.001_),0.001 ,0.001 ,회계 수치·정밀도·통화·공백 정확 일치
poi-src/test-data/spreadsheet/mv-calculator-final-2-20-2013.xlsm,시트 셀,MV Cont. Table - Combined!DP30,xl/worksheets/sheet7.xml:DP30,1.4781565E-3,"#,##0.000_);\(#,##0.000\)",0.001_),0.001 ,0.001 ,회계 수치·정밀도·통화·공백 정확 일치
poi-src/test-data/spreadsheet/mv-calculator-final-2-20-2013.xlsm,시트 셀,MV Cont. Table - Combined!DP31,xl/worksheets/sheet7.xml:DP31,1.7064211000000001E-3,"#,##0.000_);\(#,##0.000\)",0.002_),0.002 ,0.002 ,회계 수치·정밀도·통화·공백 정확 일치
poi-src/test-data/spreadsheet/mv-calculator-final-2-20-2013.xlsm,시트 셀,MV Cont. Table - Combined!DP32,xl/worksheets/sheet7.xml:DP32,1.9072716999999999E-3,"#,##0.000_);\(#,##0.000\)",0.002_),0.002 ,0.002 ,회계 수치·정밀도·통화·공백 정확 일치
poi-src/test-data/spreadsheet/mv-calculator-final-2-20-2013.xlsm,시트 셀,MV Cont. Table - Combined!DP33,xl/worksheets/sheet7.xml:DP33,2.1237337999999999E-3,"#,##0.000_);\(#,##0.000\)",0.002_),0.002 ,0.002 ,회계 수치·정밀도·통화·공백 정확 일치
poi-src/test-data/spreadsheet/mv-calculator-final-2-20-2013.xlsm,시트 셀,MV Cont. Table - Combined!DP34,xl/worksheets/sheet7.xml:DP34,2.4013835000000002E-3,"#,##0.000_);\(#,##0.000\)",0.002_),0.002 ,0.002 ,회계 수치·정밀도·통화·공백 정확 일치
poi-src/test-data/spreadsheet/mv-calculator-final-2-20-2013.xlsm,시트 셀,MV Cont. Table - Combined!DP35,xl/worksheets/sheet7.xml:DP35,2.6708931000000002E-3,"#,##0.000_);\(#,##0.000\)",0.003_),0.003 ,0.003 ,회계 수치·정밀도·통화·공백 정확 일치
poi-src/test-data/spreadsheet/mv-calculator-final-2-20-2013.xlsm,시트 셀,MV Cont. Table - Combined!DP36,xl/worksheets/sheet7.xml:DP36,2.9750470000000002E-3,"#,##0.000_);\(#,##0.000\)",0.003_),0.003 ,0.003 ,회계 수치·정밀도·통화·공백 정확 일치
poi-src/test-data/spreadsheet/mv-calculator-final-2-20-2013.xlsm,시트 셀,MV Cont. Table - Combined!DP37,xl/worksheets/sheet7.xml:DP37,3.2560871E-3,"#,##0.000_);\(#,##0.000\)",0.003_),0.003 ,0.003 ,회계 수치·정밀도·통화·공백 정확 일치
poi-src/test-data/spreadsheet/mv-calculator-final-2-20-2013.xlsm,시트 셀,MV Cont. Table - Combined!DP38,xl/worksheets/sheet7.xml:DP38,3.5567388000000001E-3,"#,##0.000_);\(#,##0.000\)",0.004_),0.004 ,0.004 ,회계 수치·정밀도·통화·공백 정확 일치
poi-src/test-data/spreadsheet/mv-calculator-final-2-20-2013.xlsm,시트 셀,MV Cont. Table - Combined!DP39,xl/worksheets/sheet7.xml:DP39,3.8732275000000001E-3,"#,##0.000_);\(#,##0.000\)",0.004_),0.004 ,0.004 ,회계 수치·정밀도·통화·공백 정확 일치
poi-src/test-data/spreadsheet/mv-calculator-final-2-20-2013.xlsm,시트 셀,MV Cont. Table - Combined!DP40,xl/worksheets/sheet7.xml:DP40,4.1667717000000003E-3,"#,##0.000_);\(#,##0.000\)",0.004_),0.004 ,0.004 ,회계 수치·정밀도·통화·공백 정확 일치
poi-src/test-data/spreadsheet/mv-calculator-final-2-20-2013.xlsm,시트 셀,MV Cont. Table - Combined!DP41,xl/worksheets/sheet7.xml:DP41,4.5634877000000004E-3,"#,##0.000_);\(#,##0.000\)",0.005_),0.005 ,0.005 ,회계 수치·정밀도·통화·공백 정확 일치
poi-src/test-data/spreadsheet/mv-calculator-final-2-20-2013.xlsm,시트 셀,MV Cont. Table - Combined!DP42,xl/worksheets/sheet7.xml:DP42,4.8759767000000004E-3,"#,##0.000_);\(#,##0.000\)",0.005_),0.005 ,0.005 ,회계 수치·정밀도·통화·공백 정확 일치
poi-src/test-data/spreadsheet/mv-calculator-final-2-20-2013.xlsm,시트 셀,MV Cont. Table - Combined!DP43,xl/worksheets/sheet7.xml:DP43,5.2322988000000001E-3,"#,##0.000_);\(#,##0.000\)",0.005_),0.005 ,0.005 ,회계 수치·정밀도·통화·공백 정확 일치
poi-src/test-data/spreadsheet/mv-calculator-final-2-20-2013.xlsm,시트 셀,MV Cont. Table - Combined!DP44,xl/worksheets/sheet7.xml:DP44,5.5924570999999999E-3,"#,##0.000_);\(#,##0.000\)",0.006_),0.006 ,0.006 ,회계 수치·정밀도·통화·공백 정확 일치
poi-src/test-data/spreadsheet/mv-calculator-final-2-20-2013.xlsm,시트 셀,MV Cont. Table - Combined!DP45,xl/worksheets/sheet7.xml:DP45,5.9671359999999996E-3,"#,##0.000_);\(#,##0.000\)",0.006_),0.006 ,0.006 ,회계 수치·정밀도·통화·공백 정확 일치
poi-src/test-data/spreadsheet/mv-calculator-final-2-20-2013.xlsm,시트 셀,MV Cont. Table - Combined!DP46,xl/worksheets/sheet7.xml:DP46,6.3588556999999999E-3,"#,##0.000_);\(#,##0.000\)",0.006_),0.006 ,0.006 ,회계 수치·정밀도·통화·공백 정확 일치
poi-src/test-data/spreadsheet/mv-calculator-final-2-20-2013.xlsm,시트 셀,MV Cont. Table - Combined!DP47,xl/worksheets/sheet7.xml:DP47,6.7167946000000001E-3,"#,##0.000_);\(#,##0.000\)",0.007_),0.007 ,0.007 ,회계 수치·정밀도·통화·공백 정확 일치
poi-src/test-data/spreadsheet/mv-calculator-final-2-20-2013.xlsm,시트 셀,MV Cont. Table - Combined!DP48,xl/worksheets/sheet7.xml:DP48,7.0396935999999998E-3,"#,##0.000_);\(#,##0.000\)",0.007_),0.007 ,0.007 ,회계 수치·정밀도·통화·공백 정확 일치
poi-src/test-data/spreadsheet/mv-calculator-final-2-20-2013.xlsm,시트 셀,MV Cont. Table - Combined!DP49,xl/worksheets/sheet7.xml:DP49,7.3429921999999996E-3,"#,##0.000_);\(#,##0.000\)",0.007_),0.007 ,0.007 ,회계 수치·정밀도·통화·공백 정확 일치
poi-src/test-data/spreadsheet/mv-calculator-final-2-20-2013.xlsm,시트 셀,MV Cont. Table - Combined!DP5,xl/worksheets/sheet7.xml:DP5,0,"#,##0.000_);\(#,##0.000\)",0.000_),0.000 ,0.000 ,회계 수치·정밀도·통화·공백 정확 일치
poi-src/test-data/spreadsheet/mv-calculator-final-2-20-2013.xlsm,시트 셀,MV Cont. Table - Combined!DP50,xl/worksheets/sheet7.xml:DP50,7.6699026999999999E-3,"#,##0.000_);\(#,##0.000\)",0.008_),0.008 ,0.008 ,회계 수치·정밀도·통화·공백 정확 일치
poi-src/test-data/spreadsheet/mv-calculator-final-2-20-2013.xlsm,시트 셀,MV Cont. Table - Combined!DP51,xl/worksheets/sheet7.xml:DP51,8.0205655000000001E-3,"#,##0.000_);\(#,##0.000\)",0.008_),0.008 ,0.008 ,회계 수치·정밀도·통화·공백 정확 일치
poi-src/test-data/spreadsheet/mv-calculator-final-2-20-2013.xlsm,시트 셀,MV Cont. Table - Combined!DP52,xl/worksheets/sheet7.xml:DP52,8.3547816999999993E-3,"#,##0.000_);\(#,##0.000\)",0.008_),0.008 ,0.008 ,회계 수치·정밀도·통화·공백 정확 일치
poi-src/test-data/spreadsheet/mv-calculator-final-2-20-2013.xlsm,시트 셀,MV Cont. Table - Combined!DP53,xl/worksheets/sheet7.xml:DP53,8.6501341999999995E-3,"#,##0.000_);\(#,##0.000\)",0.009_),0.009 ,0.009 ,회계 수치·정밀도·통화·공백 정확 일치
poi-src/test-data/spreadsheet/mv-calculator-final-2-20-2013.xlsm,시트 셀,MV Cont. Table - Combined!DP54,xl/worksheets/sheet7.xml:DP54,8.9177344000000002E-3,"#,##0.000_);\(#,##0.000\)",0.009_),0.009 ,0.009 ,회계 수치·정밀도·통화·공백 정확 일치
poi-src/test-data/spreadsheet/mv-calculator-final-2-20-2013.xlsm,시트 셀,MV Cont. Table - Combined!DP55,xl/worksheets/sheet7.xml:DP55,9.2268231999999995E-3,"#,##0.000_);\(#,##0.000\)",0.009_),0.009 ,0.009 ,회계 수치·정밀도·통화·공백 정확 일치
poi-src/test-data/spreadsheet/mv-calculator-final-2-20-2013.xlsm,시트 셀,MV Cont. Table - Combined!DP56,xl/worksheets/sheet7.xml:DP56,9.5070181000000004E-3,"#,##0.000_);\(#,##0.000\)",0.010_),0.010 ,0.010 ,회계 수치·정밀도·통화·공백 정확 일치
poi-src/test-data/spreadsheet/mv-calculator-final-2-20-2013.xlsm,시트 셀,MV Cont. Table - Combined!DP57,xl/worksheets/sheet7.xml:DP57,9.8354974000000005E-3,"#,##0.000_);\(#,##0.000\)",0.010_),0.010 ,0.010 ,회계 수치·정밀도·통화·공백 정확 일치
poi-src/test-data/spreadsheet/mv-calculator-final-2-20-2013.xlsm,시트 셀,MV Cont. Table - Combined!DP58,xl/worksheets/sheet7.xml:DP58,1.0190791899999999E-2,"#,##0.000_);\(#,##0.000\)",0.010_),0.010 ,0.010 ,회계 수치·정밀도·통화·공백 정확 일치
poi-src/test-data/spreadsheet/mv-calculator-final-2-20-2013.xlsm,시트 셀,MV Cont. Table - Combined!DP59,xl/worksheets/sheet7.xml:DP59,1.04389168E-2,"#,##0.000_);\(#,##0.000\)",0.010_),0.010 ,0.010 ,회계 수치·정밀도·통화·공백 정확 일치
poi-src/test-data/spreadsheet/mv-calculator-final-2-20-2013.xlsm,시트 셀,MV Cont. Table - Combined!DP6,xl/worksheets/sheet7.xml:DP6,0,"#,##0.000_);\(#,##0.000\)",0.000_),0.000 ,0.000 ,회계 수치·정밀도·통화·공백 정확 일치
poi-src/test-data/spreadsheet/mv-calculator-final-2-20-2013.xlsm,시트 셀,MV Cont. Table - Combined!DP60,xl/worksheets/sheet7.xml:DP60,1.07292729E-2,"#,##0.000_);\(#,##0.000\)",0.011_),0.011 ,0.011 ,회계 수치·정밀도·통화·공백 정확 일치
poi-src/test-data/spreadsheet/mv-calculator-final-2-20-2013.xlsm,시트 셀,MV Cont. Table - Combined!DP61,xl/worksheets/sheet7.xml:DP61,1.1001877300000001E-2,"#,##0.000_);\(#,##0.000\)",0.011_),0.011 ,0.011 ,회계 수치·정밀도·통화·공백 정확 일치
poi-src/test-data/spreadsheet/mv-calculator-final-2-20-2013.xlsm,시트 셀,MV Cont. Table - Combined!DP62,xl/worksheets/sheet7.xml:DP62,1.12297705E-2,"#,##0.000_);\(#,##0.000\)",0.011_),0.011 ,0.011 ,회계 수치·정밀도·통화·공백 정확 일치
poi-src/test-data/spreadsheet/mv-calculator-final-2-20-2013.xlsm,시트 셀,MV Cont. Table - Combined!DP63,xl/worksheets/sheet7.xml:DP63,1.1477556700000001E-2,"#,##0.000_);\(#,##0.000\)",0.011_),0.011 ,0.011 ,회계 수치·정밀도·통화·공백 정확 일치
poi-src/test-data/spreadsheet/mv-calculator-final-2-20-2013.xlsm,시트 셀,MV Cont. Table - Combined!DP64,xl/worksheets/sheet7.xml:DP64,1.1715296300000001E-2,"#,##0.000_);\(#,##0.000\)",0.012_),0.012 ,0.012 ,회계 수치·정밀도·통화·공백 정확 일치
poi-src/test-data/spreadsheet/mv-calculator-final-2-20-2013.xlsm,시트 셀,MV Cont. Table - Combined!DP65,xl/worksheets/sheet7.xml:DP65,1.19410833E-2,"#,##0.000_);\(#,##0.000\)",0.012_),0.012 ,0.012 ,회계 수치·정밀도·통화·공백 정확 일치
poi-src/test-data/spreadsheet/mv-calculator-final-2-20-2013.xlsm,시트 셀,MV Cont. Table - Combined!DP66,xl/worksheets/sheet7.xml:DP66,1.2192055199999999E-2,"#,##0.000_);\(#,##0.000\)",0.012_),0.012 ,0.012 ,회계 수치·정밀도·통화·공백 정확 일치
poi-src/test-data/spreadsheet/mv-calculator-final-2-20-2013.xlsm,시트 셀,MV Cont. Table - Combined!DP67,xl/worksheets/sheet7.xml:DP67,1.23509503E-2,"#,##0.000_);\(#,##0.000\)",0.012_),0.012 ,0.012 ,회계 수치·정밀도·통화·공백 정확 일치
poi-src/test-data/spreadsheet/mv-calculator-final-2-20-2013.xlsm,시트 셀,MV Cont. Table - Combined!DP68,xl/worksheets/sheet7.xml:DP68,1.2526025E-2,"#,##0.000_);\(#,##0.000\)",0.013_),0.013 ,0.013 ,회계 수치·정밀도·통화·공백 정확 일치
poi-src/test-data/spreadsheet/mv-calculator-final-2-20-2013.xlsm,시트 셀,MV Cont. Table - Combined!DP69,xl/worksheets/sheet7.xml:DP69,1.2767632399999999E-2,"#,##0.000_);\(#,##0.000\)",0.013_),0.013 ,0.013 ,회계 수치·정밀도·통화·공백 정확 일치
poi-src/test-data/spreadsheet/mv-calculator-final-2-20-2013.xlsm,시트 셀,MV Cont. Table - Combined!DP7,xl/worksheets/sheet7.xml:DP7,0,"#,##0.000_);\(#,##0.000\)",0.000_),0.000 ,0.000 ,회계 수치·정밀도·통화·공백 정확 일치
poi-src/test-data/spreadsheet/mv-calculator-final-2-20-2013.xlsm,시트 셀,MV Cont. Table - Combined!DP70,xl/worksheets/sheet7.xml:DP70,1.29045215E-2,"#,##0.000_);\(#,##0.000\)",0.013_),0.013 ,0.013 ,회계 수치·정밀도·통화·공백 정확 일치
poi-src/test-data/spreadsheet/mv-calculator-final-2-20-2013.xlsm,시트 셀,MV Cont. Table - Combined!DP71,xl/worksheets/sheet7.xml:DP71,1.4504609E-2,"#,##0.000_);\(#,##0.000\)",0.015_),0.015 ,0.015 ,회계 수치·정밀도·통화·공백 정확 일치
poi-src/test-data/spreadsheet/mv-calculator-final-2-20-2013.xlsm,시트 셀,MV Cont. Table - Combined!DP72,xl/worksheets/sheet7.xml:DP72,1.87903967E-2,"#,##0.000_);\(#,##0.000\)",0.019_),0.019 ,0.019 ,회계 수치·정밀도·통화·공백 정확 일치
poi-src/test-data/spreadsheet/mv-calculator-final-2-20-2013.xlsm,시트 셀,MV Cont. Table - Combined!DP73,xl/worksheets/sheet7.xml:DP73,3.1313024600000003E-2,"#,##0.000_);\(#,##0.000\)",0.031_),0.031 ,0.031 ,회계 수치·정밀도·통화·공백 정확 일치
poi-src/test-data/spreadsheet/mv-calculator-final-2-20-2013.xlsm,시트 셀,MV Cont. Table - Combined!DP74,xl/worksheets/sheet7.xml:DP74,4.5875522500000002E-2,"#,##0.000_);\(#,##0.000\)",0.046_),0.046 ,0.046 ,회계 수치·정밀도·통화·공백 정확 일치
poi-src/test-data/spreadsheet/mv-calculator-final-2-20-2013.xlsm,시트 셀,MV Cont. Table - Combined!DP75,xl/worksheets/sheet7.xml:DP75,5.7717440600000003E-2,"#,##0.000_);\(#,##0.000\)",0.058_),0.058 ,0.058 ,회계 수치·정밀도·통화·공백 정확 일치
poi-src/test-data/spreadsheet/mv-calculator-final-2-20-2013.xlsm,시트 셀,MV Cont. Table - Combined!DP76,xl/worksheets/sheet7.xml:DP76,6.7388519899999999E-2,"#,##0.000_);\(#,##0.000\)",0.067_),0.067 ,0.067 ,회계 수치·정밀도·통화·공백 정확 일치
poi-src/test-data/spreadsheet/mv-calculator-final-2-20-2013.xlsm,시트 셀,MV Cont. Table - Combined!DP77,xl/worksheets/sheet7.xml:DP77,7.5519942000000007E-2,"#,##0.000_);\(#,##0.000\)",0.076_),0.076 ,0.076 ,회계 수치·정밀도·통화·공백 정확 일치
poi-src/test-data/spreadsheet/mv-calculator-final-2-20-2013.xlsm,시트 셀,MV Cont. Table - Combined!DP78,xl/worksheets/sheet7.xml:DP78,8.2422685100000004E-2,"#,##0.000_);\(#,##0.000\)",0.082_),0.082 ,0.082 ,회계 수치·정밀도·통화·공백 정확 일치
poi-src/test-data/spreadsheet/mv-calculator-final-2-20-2013.xlsm,시트 셀,MV Cont. Table - Combined!DP79,xl/worksheets/sheet7.xml:DP79,8.8396825299999995E-2,"#,##0.000_);\(#,##0.000\)",0.088_),0.088 ,0.088 ,회계 수치·정밀도·통화·공백 정확 일치
poi-src/test-data/spreadsheet/mv-calculator-final-2-20-2013.xlsm,시트 셀,MV Cont. Table - Combined!DP8,xl/worksheets/sheet7.xml:DP8,0,"#,##0.000_);\(#,##0.000\)",0.000_),0.000 ,0.000 ,회계 수치·정밀도·통화·공백 정확 일치
poi-src/test-data/spreadsheet/mv-calculator-final-2-20-2013.xlsm,시트 셀,MV Cont. Table - Combined!DP80,xl/worksheets/sheet7.xml:DP80,9.3434725100000005E-2,"#,##0.000_);\(#,##0.000\)",0.093_),0.093 ,0.093 ,회계 수치·정밀도·통화·공백 정확 일치
poi-src/test-data/spreadsheet/mv-calculator-final-2-20-2013.xlsm,시트 셀,MV Cont. Table - Combined!DP81,xl/worksheets/sheet7.xml:DP81,0.1208823129,"#,##0.000_);\(#,##0.000\)",0.121_),0.121 ,0.121 ,회계 수치·정밀도·통화·공백 정확 일치
poi-src/test-data/spreadsheet/mv-calculator-final-2-20-2013.xlsm,시트 셀,MV Cont. Table - Combined!DP82,xl/worksheets/sheet7.xml:DP82,0.1373998438,"#,##0.000_);\(#,##0.000\)",0.137_),0.137 ,0.137 ,회계 수치·정밀도·통화·공백 정확 일치
poi-src/test-data/spreadsheet/mv-calculator-final-2-20-2013.xlsm,시트 셀,MV Cont. Table - Combined!DP83,xl/worksheets/sheet7.xml:DP83,0.1422090238,"#,##0.000_);\(#,##0.000\)",0.142_),0.142 ,0.142 ,회계 수치·정밀도·통화·공백 정확 일치
poi-src/test-data/spreadsheet/mv-calculator-final-2-20-2013.xlsm,시트 셀,MV Cont. Table - Combined!DP84,xl/worksheets/sheet7.xml:DP84,0.1442300816,"#,##0.000_);\(#,##0.000\)",0.144_),0.144 ,0.144 ,회계 수치·정밀도·통화·공백 정확 일치
poi-src/test-data/spreadsheet/mv-calculator-final-2-20-2013.xlsm,시트 셀,MV Cont. Table - Combined!DP85,xl/worksheets/sheet7.xml:DP85,0.14528365970000001,"#,##0.000_);\(#,##0.000\)",0.145_),0.145 ,0.145 ,회계 수치·정밀도·통화·공백 정확 일치
poi-src/test-data/spreadsheet/mv-calculator-final-2-20-2013.xlsm,시트 셀,MV Cont. Table - Combined!DP86,xl/worksheets/sheet7.xml:DP86,0.14634848689999999,"#,##0.000_);\(#,##0.000\)",0.146_),0.146 ,0.146 ,회계 수치·정밀도·통화·공백 정확 일치
poi-src/test-data/spreadsheet/mv-calculator-final-2-20-2013.xlsm,시트 셀,MV Cont. Table - Combined!DP87,xl/worksheets/sheet7.xml:DP87,0.14661128700000001,"#,##0.000_);\(#,##0.000\)",0.147_),0.147 ,0.147 ,회계 수치·정밀도·통화·공백 정확 일치
poi-src/test-data/spreadsheet/mv-calculator-final-2-20-2013.xlsm,시트 셀,MV Cont. Table - Combined!DP88,xl/worksheets/sheet7.xml:DP88,0.146647364,"#,##0.000_);\(#,##0.000\)",0.147_),0.147 ,0.147 ,회계 수치·정밀도·통화·공백 정확 일치
poi-src/test-data/spreadsheet/mv-calculator-final-2-20-2013.xlsm,시트 셀,MV Cont. Table - Combined!DP9,xl/worksheets/sheet7.xml:DP9,1.2012699999999999E-5,"#,##0.000_);\(#,##0.000\)",0.000_),0.000 ,0.000 ,회계 수치·정밀도·통화·공백 정확 일치
poi-src/test-data/spreadsheet/mv-calculator-final-2-20-2013.xlsm,시트 셀,MV Cont. Table - Combined!DQ10,xl/worksheets/sheet7.xml:DQ10,1.04825E-5,"#,##0.000_);\(#,##0.000\)",0.000_),0.000 ,0.000 ,회계 수치·정밀도·통화·공백 정확 일치
poi-src/test-data/spreadsheet/mv-calculator-final-2-20-2013.xlsm,시트 셀,MV Cont. Table - Combined!DQ11,xl/worksheets/sheet7.xml:DQ11,9.3712991000000001E-6,"#,##0.000_);\(#,##0.000\)",0.000_),0.000 ,0.000 ,회계 수치·정밀도·통화·공백 정확 일치
poi-src/test-data/spreadsheet/mv-calculator-final-2-20-2013.xlsm,시트 셀,MV Cont. Table - Combined!DQ12,xl/worksheets/sheet7.xml:DQ12,8.5217960999999993E-6,"#,##0.000_);\(#,##0.000\)",0.000_),0.000 ,0.000 ,회계 수치·정밀도·통화·공백 정확 일치
poi-src/test-data/spreadsheet/mv-calculator-final-2-20-2013.xlsm,시트 셀,MV Cont. Table - Combined!DQ13,xl/worksheets/sheet7.xml:DQ13,1.04145E-5,"#,##0.000_);\(#,##0.000\)",0.000_),0.000 ,0.000 ,회계 수치·정밀도·통화·공백 정확 일치
poi-src/test-data/spreadsheet/mv-calculator-final-2-20-2013.xlsm,시트 셀,MV Cont. Table - Combined!DQ14,xl/worksheets/sheet7.xml:DQ14,2.6018300000000001E-5,"#,##0.000_);\(#,##0.000\)",0.000_),0.000 ,0.000 ,회계 수치·정밀도·통화·공백 정확 일치
poi-src/test-data/spreadsheet/mv-calculator-final-2-20-2013.xlsm,시트 셀,MV Cont. Table - Combined!DQ15,xl/worksheets/sheet7.xml:DQ15,4.0586000000000001E-5,"#,##0.000_);\(#,##0.000\)",0.000_),0.000 ,0.000 ,회계 수치·정밀도·통화·공백 정확 일치
poi-src/test-data/spreadsheet/mv-calculator-final-2-20-2013.xlsm,시트 셀,MV Cont. Table - Combined!DQ16,xl/worksheets/sheet7.xml:DQ16,6.9487399999999995E-5,"#,##0.000_);\(#,##0.000\)",0.000_),0.000 ,0.000 ,회계 수치·정밀도·통화·공백 정확 일치
poi-src/test-data/spreadsheet/mv-calculator-final-2-20-2013.xlsm,시트 셀,MV Cont. Table - Combined!DQ17,xl/worksheets/sheet7.xml:DQ17,8.1943100000000005E-5,"#,##0.000_);\(#,##0.000\)",0.000_),0.000 ,0.000 ,회계 수치·정밀도·통화·공백 정확 일치
poi-src/test-data/spreadsheet/mv-calculator-final-2-20-2013.xlsm,시트 셀,MV Cont. Table - Combined!DQ18,xl/worksheets/sheet7.xml:DQ18,1.15763E-4,"#,##0.000_);\(#,##0.000\)",0.000_),0.000 ,0.000 ,회계 수치·정밀도·통화·공백 정확 일치
poi-src/test-data/spreadsheet/mv-calculator-final-2-20-2013.xlsm,시트 셀,MV Cont. Table - Combined!DQ19,xl/worksheets/sheet7.xml:DQ19,1.7190550000000001E-4,"#,##0.000_);\(#,##0.000\)",0.000_),0.000 ,0.000 ,회계 수치·정밀도·통화·공백 정확 일치
poi-src/test-data/spreadsheet/mv-calculator-final-2-20-2013.xlsm,시트 셀,MV Cont. Table - Combined!DQ20,xl/worksheets/sheet7.xml:DQ20,2.174272E-4,"#,##0.000_);\(#,##0.000\)",0.000_),0.000 ,0.000 ,회계 수치·정밀도·통화·공백 정확 일치
poi-src/test-data/spreadsheet/mv-calculator-final-2-20-2013.xlsm,시트 셀,MV Cont. Table - Combined!DQ21,xl/worksheets/sheet7.xml:DQ21,3.02522E-4,"#,##0.000_);\(#,##0.000\)",0.000_),0.000 ,0.000 ,회계 수치·정밀도·통화·공백 정확 일치
poi-src/test-data/spreadsheet/mv-calculator-final-2-20-2013.xlsm,시트 셀,MV Cont. Table - Combined!DQ22,xl/worksheets/sheet7.xml:DQ22,3.5266589999999998E-4,"#,##0.000_);\(#,##0.000\)",0.000_),0.000 ,0.000 ,회계 수치·정밀도·통화·공백 정확 일치
poi-src/test-data/spreadsheet/mv-calculator-final-2-20-2013.xlsm,시트 셀,MV Cont. Table - Combined!DQ23,xl/worksheets/sheet7.xml:DQ23,4.1860310000000001E-4,"#,##0.000_);\(#,##0.000\)",0.000_),0.000 ,0.000 ,회계 수치·정밀도·통화·공백 정확 일치
poi-src/test-data/spreadsheet/mv-calculator-final-2-20-2013.xlsm,시트 셀,MV Cont. Table - Combined!DQ24,xl/worksheets/sheet7.xml:DQ24,5.2936750000000005E-4,"#,##0.000_);\(#,##0.000\)",0.001_),0.001 ,0.001 ,회계 수치·정밀도·통화·공백 정확 일치
poi-src/test-data/spreadsheet/mv-calculator-final-2-20-2013.xlsm,시트 셀,MV Cont. Table - Combined!DQ25,xl/worksheets/sheet7.xml:DQ25,6.5200719999999998E-4,"#,##0.000_);\(#,##0.000\)",0.001_),0.001 ,0.001 ,회계 수치·정밀도·통화·공백 정확 일치
poi-src/test-data/spreadsheet/mv-calculator-final-2-20-2013.xlsm,시트 셀,MV Cont. Table - Combined!DQ26,xl/worksheets/sheet7.xml:DQ26,7.7430979999999999E-4,"#,##0.000_);\(#,##0.000\)",0.001_),0.001 ,0.001 ,회계 수치·정밀도·통화·공백 정확 일치
poi-src/test-data/spreadsheet/mv-calculator-final-2-20-2013.xlsm,시트 셀,MV Cont. Table - Combined!DQ27,xl/worksheets/sheet7.xml:DQ27,9.2958090000000004E-4,"#,##0.000_);\(#,##0.000\)",0.001_),0.001 ,0.001 ,회계 수치·정밀도·통화·공백 정확 일치
poi-src/test-data/spreadsheet/mv-calculator-final-2-20-2013.xlsm,시트 셀,MV Cont. Table - Combined!DQ28,xl/worksheets/sheet7.xml:DQ28,1.0862782000000001E-3,"#,##0.000_);\(#,##0.000\)",0.001_),0.001 ,0.001 ,회계 수치·정밀도·통화·공백 정확 일치
poi-src/test-data/spreadsheet/mv-calculator-final-2-20-2013.xlsm,시트 셀,MV Cont. Table - Combined!DQ29,xl/worksheets/sheet7.xml:DQ29,1.2594554E-3,"#,##0.000_);\(#,##0.000\)",0.001_),0.001 ,0.001 ,회계 수치·정밀도·통화·공백 정확 일치
poi-src/test-data/spreadsheet/mv-calculator-final-2-20-2013.xlsm,시트 셀,MV Cont. Table - Combined!DQ30,xl/worksheets/sheet7.xml:DQ30,1.4802505E-3,"#,##0.000_);\(#,##0.000\)",0.001_),0.001 ,0.001 ,회계 수치·정밀도·통화·공백 정확 일치
poi-src/test-data/spreadsheet/mv-calculator-final-2-20-2013.xlsm,시트 셀,MV Cont. Table - Combined!DQ31,xl/worksheets/sheet7.xml:DQ31,1.7084833999999999E-3,"#,##0.000_);\(#,##0.000\)",0.002_),0.002 ,0.002 ,회계 수치·정밀도·통화·공백 정확 일치
poi-src/test-data/spreadsheet/mv-calculator-final-2-20-2013.xlsm,시트 셀,MV Cont. Table - Combined!DQ32,xl/worksheets/sheet7.xml:DQ32,1.9093036E-3,"#,##0.000_);\(#,##0.000\)",0.002_),0.002 ,0.002 ,회계 수치·정밀도·통화·공백 정확 일치
poi-src/test-data/spreadsheet/mv-calculator-final-2-20-2013.xlsm,시트 셀,MV Cont. Table - Combined!DQ33,xl/worksheets/sheet7.xml:DQ33,2.1257382999999999E-3,"#,##0.000_);\(#,##0.000\)",0.002_),0.002 ,0.002 ,회계 수치·정밀도·통화·공백 정확 일치
poi-src/test-data/spreadsheet/mv-calculator-final-2-20-2013.xlsm,시트 셀,MV Cont. Table - Combined!DQ34,xl/worksheets/sheet7.xml:DQ34,2.4033618E-3,"#,##0.000_);\(#,##0.000\)",0.002_),0.002 ,0.002 ,회계 수치·정밀도·통화·공백 정확 일치
poi-src/test-data/spreadsheet/mv-calculator-final-2-20-2013.xlsm,시트 셀,MV Cont. Table - Combined!DQ35,xl/worksheets/sheet7.xml:DQ35,2.6728485E-3,"#,##0.000_);\(#,##0.000\)",0.003_),0.003 ,0.003 ,회계 수치·정밀도·통화·공백 정확 일치
poi-src/test-data/spreadsheet/mv-calculator-final-2-20-2013.xlsm,시트 셀,MV Cont. Table - Combined!DQ36,xl/worksheets/sheet7.xml:DQ36,2.9783742999999999E-3,"#,##0.000_);\(#,##0.000\)",0.003_),0.003 ,0.003 ,회계 수치·정밀도·통화·공백 정확 일치
poi-src/test-data/spreadsheet/mv-calculator-final-2-20-2013.xlsm,시트 셀,MV Cont. Table - Combined!DQ37,xl/worksheets/sheet7.xml:DQ37,3.2593755999999999E-3,"#,##0.000_);\(#,##0.000\)",0.003_),0.003 ,0.003 ,회계 수치·정밀도·통화·공백 정확 일치
poi-src/test-data/spreadsheet/mv-calculator-final-2-20-2013.xlsm,시트 셀,MV Cont. Table - Combined!DQ38,xl/worksheets/sheet7.xml:DQ38,3.5599921000000001E-3,"#,##0.000_);\(#,##0.000\)",0.004_),0.004 ,0.004 ,회계 수치·정밀도·통화·공백 정확 일치
poi-src/test-data/spreadsheet/mv-calculator-final-2-20-2013.xlsm,시트 셀,MV Cont. Table - Combined!DQ39,xl/worksheets/sheet7.xml:DQ39,3.8764469999999999E-3,"#,##0.000_);\(#,##0.000\)",0.004_),0.004 ,0.004 ,회계 수치·정밀도·통화·공백 정확 일치
poi-src/test-data/spreadsheet/mv-calculator-final-2-20-2013.xlsm,시트 셀,MV Cont. Table - Combined!DQ40,xl/worksheets/sheet7.xml:DQ40,4.1699592000000001E-3,"#,##0.000_);\(#,##0.000\)",0.004_),0.004 ,0.004 ,회계 수치·정밀도·통화·공백 정확 일치
poi-src/test-data/spreadsheet/mv-calculator-final-2-20-2013.xlsm,시트 셀,MV Cont. Table - Combined!DQ41,xl/worksheets/sheet7.xml:DQ41,4.5666465000000003E-3,"#,##0.000_);\(#,##0.000\)",0.005_),0.005 ,0.005 ,회계 수치·정밀도·통화·공백 정확 일치
poi-src/test-data/spreadsheet/mv-calculator-final-2-20-2013.xlsm,시트 셀,MV Cont. Table - Combined!DQ42,xl/worksheets/sheet7.xml:DQ42,4.8791091E-3,"#,##0.000_);\(#,##0.000\)",0.005_),0.005 ,0.005 ,회계 수치·정밀도·통화·공백 정확 일치
poi-src/test-data/spreadsheet/mv-calculator-final-2-20-2013.xlsm,시트 셀,MV Cont. Table - Combined!DQ43,xl/worksheets/sheet7.xml:DQ43,5.2359650000000004E-3,"#,##0.000_);\(#,##0.000\)",0.005_),0.005 ,0.005 ,회계 수치·정밀도·통화·공백 정확 일치
poi-src/test-data/spreadsheet/mv-calculator-final-2-20-2013.xlsm,시트 셀,MV Cont. Table - Combined!DQ44,xl/worksheets/sheet7.xml:DQ44,5.5960929999999999E-3,"#,##0.000_);\(#,##0.000\)",0.006_),0.006 ,0.006 ,회계 수치·정밀도·통화·공백 정확 일치
poi-src/test-data/spreadsheet/mv-calculator-final-2-20-2013.xlsm,시트 셀,MV Cont. Table - Combined!DQ45,xl/worksheets/sheet7.xml:DQ45,5.9707431999999998E-3,"#,##0.000_);\(#,##0.000\)",0.006_),0.006 ,0.006 ,회계 수치·정밀도·통화·공백 정확 일치
poi-src/test-data/spreadsheet/mv-calculator-final-2-20-2013.xlsm,시트 셀,MV Cont. Table - Combined!DQ46,xl/worksheets/sheet7.xml:DQ46,6.3624344999999999E-3,"#,##0.000_);\(#,##0.000\)",0.006_),0.006 ,0.006 ,회계 수치·정밀도·통화·공백 정확 일치
poi-src/test-data/spreadsheet/mv-calculator-final-2-20-2013.xlsm,시트 셀,MV Cont. Table - Combined!DQ47,xl/worksheets/sheet7.xml:DQ47,6.7203471000000002E-3,"#,##0.000_);\(#,##0.000\)",0.007_),0.007 ,0.007 ,회계 수치·정밀도·통화·공백 정확 일치
poi-src/test-data/spreadsheet/mv-calculator-final-2-20-2013.xlsm,시트 셀,MV Cont. Table - Combined!DQ48,xl/worksheets/sheet7.xml:DQ48,7.0432215000000003E-3,"#,##0.000_);\(#,##0.000\)",0.007_),0.007 ,0.007 ,회계 수치·정밀도·통화·공백 정확 일치
poi-src/test-data/spreadsheet/mv-calculator-final-2-20-2013.xlsm,시트 셀,MV Cont. Table - Combined!DQ49,xl/worksheets/sheet7.xml:DQ49,7.3464947000000001E-3,"#,##0.000_);\(#,##0.000\)",0.007_),0.007 ,0.007 ,회계 수치·정밀도·통화·공백 정확 일치
poi-src/test-data/spreadsheet/mv-calculator-final-2-20-2013.xlsm,시트 셀,MV Cont. Table - Combined!DQ5,xl/worksheets/sheet7.xml:DQ5,0,"#,##0.000_);\(#,##0.000\)",0.000_),0.000 ,0.000 ,회계 수치·정밀도·통화·공백 정확 일치
poi-src/test-data/spreadsheet/mv-calculator-final-2-20-2013.xlsm,시트 셀,MV Cont. Table - Combined!DQ50,xl/worksheets/sheet7.xml:DQ50,7.6733809000000004E-3,"#,##0.000_);\(#,##0.000\)",0.008_),0.008 ,0.008 ,회계 수치·정밀도·통화·공백 정확 일치
poi-src/test-data/spreadsheet/mv-calculator-final-2-20-2013.xlsm,시트 셀,MV Cont. Table - Combined!DQ51,xl/worksheets/sheet7.xml:DQ51,8.0240221999999996E-3,"#,##0.000_);\(#,##0.000\)",0.008_),0.008 ,0.008 ,회계 수치·정밀도·통화·공백 정확 일치
poi-src/test-data/spreadsheet/mv-calculator-final-2-20-2013.xlsm,시트 셀,MV Cont. Table - Combined!DQ52,xl/worksheets/sheet7.xml:DQ52,8.3582155999999998E-3,"#,##0.000_);\(#,##0.000\)",0.008_),0.008 ,0.008 ,회계 수치·정밀도·통화·공백 정확 일치
poi-src/test-data/spreadsheet/mv-calculator-final-2-20-2013.xlsm,시트 셀,MV Cont. Table - Combined!DQ53,xl/worksheets/sheet7.xml:DQ53,8.6540696999999993E-3,"#,##0.000_);\(#,##0.000\)",0.009_),0.009 ,0.009 ,회계 수치·정밀도·통화·공백 정확 일치
poi-src/test-data/spreadsheet/mv-calculator-final-2-20-2013.xlsm,시트 셀,MV Cont. Table - Combined!DQ54,xl/worksheets/sheet7.xml:DQ54,8.9228385000000004E-3,"#,##0.000_);\(#,##0.000\)",0.009_),0.009 ,0.009 ,회계 수치·정밀도·통화·공백 정확 일치
poi-src/test-data/spreadsheet/mv-calculator-final-2-20-2013.xlsm,시트 셀,MV Cont. Table - Combined!DQ55,xl/worksheets/sheet7.xml:DQ55,9.2318985000000003E-3,"#,##0.000_);\(#,##0.000\)",0.009_),0.009 ,0.009 ,회계 수치·정밀도·통화·공백 정확 일치
poi-src/test-data/spreadsheet/mv-calculator-final-2-20-2013.xlsm,시트 셀,MV Cont. Table - Combined!DQ56,xl/worksheets/sheet7.xml:DQ56,9.5120651999999993E-3,"#,##0.000_);\(#,##0.000\)",0.010_),0.010 ,0.010 ,회계 수치·정밀도·통화·공백 정확 일치
poi-src/test-data/spreadsheet/mv-calculator-final-2-20-2013.xlsm,시트 셀,MV Cont. Table - Combined!DQ57,xl/worksheets/sheet7.xml:DQ57,9.8405175999999994E-3,"#,##0.000_);\(#,##0.000\)",0.010_),0.010 ,0.010 ,회계 수치·정밀도·통화·공백 정확 일치
poi-src/test-data/spreadsheet/mv-calculator-final-2-20-2013.xlsm,시트 셀,MV Cont. Table - Combined!DQ58,xl/worksheets/sheet7.xml:DQ58,1.0197691700000001E-2,"#,##0.000_);\(#,##0.000\)",0.010_),0.010 ,0.010 ,회계 수치·정밀도·통화·공백 정확 일치
poi-src/test-data/spreadsheet/mv-calculator-final-2-20-2013.xlsm,시트 셀,MV Cont. Table - Combined!DQ59,xl/worksheets/sheet7.xml:DQ59,1.0445783E-2,"#,##0.000_);\(#,##0.000\)",0.010_),0.010 ,0.010 ,회계 수치·정밀도·통화·공백 정확 일치
poi-src/test-data/spreadsheet/mv-calculator-final-2-20-2013.xlsm,시트 셀,MV Cont. Table - Combined!DQ6,xl/worksheets/sheet7.xml:DQ6,0,"#,##0.000_);\(#,##0.000\)",0.000_),0.000 ,0.000 ,회계 수치·정밀도·통화·공백 정확 일치
poi-src/test-data/spreadsheet/mv-calculator-final-2-20-2013.xlsm,시트 셀,MV Cont. Table - Combined!DQ60,xl/worksheets/sheet7.xml:DQ60,1.07366066E-2,"#,##0.000_);\(#,##0.000\)",0.011_),0.011 ,0.011 ,회계 수치·정밀도·통화·공백 정확 일치
poi-src/test-data/spreadsheet/mv-calculator-final-2-20-2013.xlsm,시트 셀,MV Cont. Table - Combined!DQ61,xl/worksheets/sheet7.xml:DQ61,1.10091763E-2,"#,##0.000_);\(#,##0.000\)",0.011_),0.011 ,0.011 ,회계 수치·정밀도·통화·공백 정확 일치
poi-src/test-data/spreadsheet/mv-calculator-final-2-20-2013.xlsm,시트 셀,MV Cont. Table - Combined!DQ62,xl/worksheets/sheet7.xml:DQ62,1.12380285E-2,"#,##0.000_);\(#,##0.000\)",0.011_),0.011 ,0.011 ,회계 수치·정밀도·통화·공백 정확 일치
poi-src/test-data/spreadsheet/mv-calculator-final-2-20-2013.xlsm,시트 셀,MV Cont. Table - Combined!DQ63,xl/worksheets/sheet7.xml:DQ63,1.14864523E-2,"#,##0.000_);\(#,##0.000\)",0.011_),0.011 ,0.011 ,회계 수치·정밀도·통화·공백 정확 일치
poi-src/test-data/spreadsheet/mv-calculator-final-2-20-2013.xlsm,시트 셀,MV Cont. Table - Combined!DQ64,xl/worksheets/sheet7.xml:DQ64,1.1724155300000001E-2,"#,##0.000_);\(#,##0.000\)",0.012_),0.012 ,0.012 ,회계 수치·정밀도·통화·공백 정확 일치
poi-src/test-data/spreadsheet/mv-calculator-final-2-20-2013.xlsm,시트 셀,MV Cont. Table - Combined!DQ65,xl/worksheets/sheet7.xml:DQ65,1.19510333E-2,"#,##0.000_);\(#,##0.000\)",0.012_),0.012 ,0.012 ,회계 수치·정밀도·통화·공백 정확 일치
poi-src/test-data/spreadsheet/mv-calculator-final-2-20-2013.xlsm,시트 셀,MV Cont. Table - Combined!DQ66,xl/worksheets/sheet7.xml:DQ66,1.22019665E-2,"#,##0.000_);\(#,##0.000\)",0.012_),0.012 ,0.012 ,회계 수치·정밀도·통화·공백 정확 일치
poi-src/test-data/spreadsheet/mv-calculator-final-2-20-2013.xlsm,시트 셀,MV Cont. Table - Combined!DQ67,xl/worksheets/sheet7.xml:DQ67,1.2361946299999999E-2,"#,##0.000_);\(#,##0.000\)",0.012_),0.012 ,0.012 ,회계 수치·정밀도·통화·공백 정확 일치
poi-src/test-data/spreadsheet/mv-calculator-final-2-20-2013.xlsm,시트 셀,MV Cont. Table - Combined!DQ68,xl/worksheets/sheet7.xml:DQ68,1.25380562E-2,"#,##0.000_);\(#,##0.000\)",0.013_),0.013 ,0.013 ,회계 수치·정밀도·통화·공백 정확 일치
poi-src/test-data/spreadsheet/mv-calculator-final-2-20-2013.xlsm,시트 셀,MV Cont. Table - Combined!DQ69,xl/worksheets/sheet7.xml:DQ69,1.2781195800000001E-2,"#,##0.000_);\(#,##0.000\)",0.013_),0.013 ,0.013 ,회계 수치·정밀도·통화·공백 정확 일치
poi-src/test-data/spreadsheet/mv-calculator-final-2-20-2013.xlsm,시트 셀,MV Cont. Table - Combined!DQ7,xl/worksheets/sheet7.xml:DQ7,0,"#,##0.000_);\(#,##0.000\)",0.000_),0.000 ,0.000 ,회계 수치·정밀도·통화·공백 정확 일치
poi-src/test-data/spreadsheet/mv-calculator-final-2-20-2013.xlsm,시트 셀,MV Cont. Table - Combined!DQ70,xl/worksheets/sheet7.xml:DQ70,1.29186697E-2,"#,##0.000_);\(#,##0.000\)",0.013_),0.013 ,0.013 ,회계 수치·정밀도·통화·공백 정확 일치
poi-src/test-data/spreadsheet/mv-calculator-final-2-20-2013.xlsm,시트 셀,MV Cont. Table - Combined!DQ71,xl/worksheets/sheet7.xml:DQ71,1.45234289E-2,"#,##0.000_);\(#,##0.000\)",0.015_),0.015 ,0.015 ,회계 수치·정밀도·통화·공백 정확 일치
poi-src/test-data/spreadsheet/mv-calculator-final-2-20-2013.xlsm,시트 셀,MV Cont. Table - Combined!DQ72,xl/worksheets/sheet7.xml:DQ72,1.88413287E-2,"#,##0.000_);\(#,##0.000\)",0.019_),0.019 ,0.019 ,회계 수치·정밀도·통화·공백 정확 일치
poi-src/test-data/spreadsheet/mv-calculator-final-2-20-2013.xlsm,시트 셀,MV Cont. Table - Combined!DQ73,xl/worksheets/sheet7.xml:DQ73,3.1442192299999998E-2,"#,##0.000_);\(#,##0.000\)",0.031_),0.031 ,0.031 ,회계 수치·정밀도·통화·공백 정확 일치
poi-src/test-data/spreadsheet/mv-calculator-final-2-20-2013.xlsm,시트 셀,MV Cont. Table - Combined!DQ74,xl/worksheets/sheet7.xml:DQ74,4.6163456800000002E-2,"#,##0.000_);\(#,##0.000\)",0.046_),0.046 ,0.046 ,회계 수치·정밀도·통화·공백 정확 일치
poi-src/test-data/spreadsheet/mv-calculator-final-2-20-2013.xlsm,시트 셀,MV Cont. Table - Combined!DQ75,xl/worksheets/sheet7.xml:DQ75,5.8189901099999997E-2,"#,##0.000_);\(#,##0.000\)",0.058_),0.058 ,0.058 ,회계 수치·정밀도·통화·공백 정확 일치
poi-src/test-data/spreadsheet/mv-calculator-final-2-20-2013.xlsm,시트 셀,MV Cont. Table - Combined!DQ76,xl/worksheets/sheet7.xml:DQ76,6.8094475000000002E-2,"#,##0.000_);\(#,##0.000\)",0.068_),0.068 ,0.068 ,회계 수치·정밀도·통화·공백 정확 일치
poi-src/test-data/spreadsheet/mv-calculator-final-2-20-2013.xlsm,시트 셀,MV Cont. Table - Combined!DQ77,xl/worksheets/sheet7.xml:DQ77,7.6462552500000003E-2,"#,##0.000_);\(#,##0.000\)",0.076_),0.076 ,0.076 ,회계 수치·정밀도·통화·공백 정확 일치
poi-src/test-data/spreadsheet/mv-calculator-final-2-20-2013.xlsm,시트 셀,MV Cont. Table - Combined!DQ78,xl/worksheets/sheet7.xml:DQ78,8.3589020299999997E-2,"#,##0.000_);\(#,##0.000\)",0.084_),0.084 ,0.084 ,회계 수치·정밀도·통화·공백 정확 일치
poi-src/test-data/spreadsheet/mv-calculator-final-2-20-2013.xlsm,시트 셀,MV Cont. Table - Combined!DQ79,xl/worksheets/sheet7.xml:DQ79,8.9795736599999995E-2,"#,##0.000_);\(#,##0.000\)",0.090_),0.090 ,0.090 ,회계 수치·정밀도·통화·공백 정확 일치
poi-src/test-data/spreadsheet/mv-calculator-final-2-20-2013.xlsm,시트 셀,MV Cont. Table - Combined!DQ8,xl/worksheets/sheet7.xml:DQ8,0,"#,##0.000_);\(#,##0.000\)",0.000_),0.000 ,0.000 ,회계 수치·정밀도·통화·공백 정확 일치
poi-src/test-data/spreadsheet/mv-calculator-final-2-20-2013.xlsm,시트 셀,MV Cont. Table - Combined!DQ80,xl/worksheets/sheet7.xml:DQ80,9.5037421699999999E-2,"#,##0.000_);\(#,##0.000\)",0.095_),0.095 ,0.095 ,회계 수치·정밀도·통화·공백 정확 일치
poi-src/test-data/spreadsheet/mv-calculator-final-2-20-2013.xlsm,시트 셀,MV Cont. Table - Combined!DQ81,xl/worksheets/sheet7.xml:DQ81,0.1240483527,"#,##0.000_);\(#,##0.000\)",0.124_),0.124 ,0.124 ,회계 수치·정밀도·통화·공백 정확 일치
poi-src/test-data/spreadsheet/mv-calculator-final-2-20-2013.xlsm,시트 셀,MV Cont. Table - Combined!DQ82,xl/worksheets/sheet7.xml:DQ82,0.1419746043,"#,##0.000_);\(#,##0.000\)",0.142_),0.142 ,0.142 ,회계 수치·정밀도·통화·공백 정확 일치
poi-src/test-data/spreadsheet/mv-calculator-final-2-20-2013.xlsm,시트 셀,MV Cont. Table - Combined!DQ83,xl/worksheets/sheet7.xml:DQ83,0.1473184263,"#,##0.000_);\(#,##0.000\)",0.147_),0.147 ,0.147 ,회계 수치·정밀도·통화·공백 정확 일치
poi-src/test-data/spreadsheet/mv-calculator-final-2-20-2013.xlsm,시트 셀,MV Cont. Table - Combined!DQ84,xl/worksheets/sheet7.xml:DQ84,0.14957351320000001,"#,##0.000_);\(#,##0.000\)",0.150_),0.150 ,0.150 ,회계 수치·정밀도·통화·공백 정확 일치
poi-src/test-data/spreadsheet/mv-calculator-final-2-20-2013.xlsm,시트 셀,MV Cont. Table - Combined!DQ85,xl/worksheets/sheet7.xml:DQ85,0.15075673340000001,"#,##0.000_);\(#,##0.000\)",0.151_),0.151 ,0.151 ,회계 수치·정밀도·통화·공백 정확 일치
poi-src/test-data/spreadsheet/mv-calculator-final-2-20-2013.xlsm,시트 셀,MV Cont. Table - Combined!DQ86,xl/worksheets/sheet7.xml:DQ86,0.15195272109999999,"#,##0.000_);\(#,##0.000\)",0.152_),0.152 ,0.152 ,회계 수치·정밀도·통화·공백 정확 일치
poi-src/test-data/spreadsheet/mv-calculator-final-2-20-2013.xlsm,시트 셀,MV Cont. Table - Combined!DQ87,xl/worksheets/sheet7.xml:DQ87,0.15224865300000001,"#,##0.000_);\(#,##0.000\)",0.152_),0.152 ,0.152 ,회계 수치·정밀도·통화·공백 정확 일치
poi-src/test-data/spreadsheet/mv-calculator-final-2-20-2013.xlsm,시트 셀,MV Cont. Table - Combined!DQ88,xl/worksheets/sheet7.xml:DQ88,0.15228930260000001,"#,##0.000_);\(#,##0.000\)",0.152_),0.152 ,0.152 ,회계 수치·정밀도·통화·공백 정확 일치
poi-src/test-data/spreadsheet/mv-calculator-final-2-20-2013.xlsm,시트 셀,MV Cont. Table - Combined!DQ9,xl/worksheets/sheet7.xml:DQ9,1.2012699999999999E-5,"#,##0.000_);\(#,##0.000\)",0.000_),0.000 ,0.000 ,회계 수치·정밀도·통화·공백 정확 일치
poi-src/test-data/spreadsheet/mv-calculator-final-2-20-2013.xlsm,시트 셀,MV Cont. Table - Combined!DR10,xl/worksheets/sheet7.xml:DR10,1.04825E-5,"#,##0.000_);\(#,##0.000\)",0.000_),0.000 ,0.000 ,회계 수치·정밀도·통화·공백 정확 일치
poi-src/test-data/spreadsheet/mv-calculator-final-2-20-2013.xlsm,시트 셀,MV Cont. Table - Combined!DR11,xl/worksheets/sheet7.xml:DR11,9.3712991000000001E-6,"#,##0.000_);\(#,##0.000\)",0.000_),0.000 ,0.000 ,회계 수치·정밀도·통화·공백 정확 일치
poi-src/test-data/spreadsheet/mv-calculator-final-2-20-2013.xlsm,시트 셀,MV Cont. Table - Combined!DR12,xl/worksheets/sheet7.xml:DR12,8.5217960999999993E-6,"#,##0.000_);\(#,##0.000\)",0.000_),0.000 ,0.000 ,회계 수치·정밀도·통화·공백 정확 일치
poi-src/test-data/spreadsheet/mv-calculator-final-2-20-2013.xlsm,시트 셀,MV Cont. Table - Combined!DR13,xl/worksheets/sheet7.xml:DR13,1.04145E-5,"#,##0.000_);\(#,##0.000\)",0.000_),0.000 ,0.000 ,회계 수치·정밀도·통화·공백 정확 일치
poi-src/test-data/spreadsheet/mv-calculator-final-2-20-2013.xlsm,시트 셀,MV Cont. Table - Combined!DR14,xl/worksheets/sheet7.xml:DR14,2.6018300000000001E-5,"#,##0.000_);\(#,##0.000\)",0.000_),0.000 ,0.000 ,회계 수치·정밀도·통화·공백 정확 일치
poi-src/test-data/spreadsheet/mv-calculator-final-2-20-2013.xlsm,시트 셀,MV Cont. Table - Combined!DR15,xl/worksheets/sheet7.xml:DR15,4.0586000000000001E-5,"#,##0.000_);\(#,##0.000\)",0.000_),0.000 ,0.000 ,회계 수치·정밀도·통화·공백 정확 일치
poi-src/test-data/spreadsheet/mv-calculator-final-2-20-2013.xlsm,시트 셀,MV Cont. Table - Combined!DR16,xl/worksheets/sheet7.xml:DR16,6.9487399999999995E-5,"#,##0.000_);\(#,##0.000\)",0.000_),0.000 ,0.000 ,회계 수치·정밀도·통화·공백 정확 일치
poi-src/test-data/spreadsheet/mv-calculator-final-2-20-2013.xlsm,시트 셀,MV Cont. Table - Combined!DR17,xl/worksheets/sheet7.xml:DR17,8.1943100000000005E-5,"#,##0.000_);\(#,##0.000\)",0.000_),0.000 ,0.000 ,회계 수치·정밀도·통화·공백 정확 일치
poi-src/test-data/spreadsheet/mv-calculator-final-2-20-2013.xlsm,시트 셀,MV Cont. Table - Combined!DR18,xl/worksheets/sheet7.xml:DR18,1.15763E-4,"#,##0.000_);\(#,##0.000\)",0.000_),0.000 ,0.000 ,회계 수치·정밀도·통화·공백 정확 일치
poi-src/test-data/spreadsheet/mv-calculator-final-2-20-2013.xlsm,시트 셀,MV Cont. Table - Combined!DR19,xl/worksheets/sheet7.xml:DR19,1.7190550000000001E-4,"#,##0.000_);\(#,##0.000\)",0.000_),0.000 ,0.000 ,회계 수치·정밀도·통화·공백 정확 일치
poi-src/test-data/spreadsheet/mv-calculator-final-2-20-2013.xlsm,시트 셀,MV Cont. Table - Combined!DR20,xl/worksheets/sheet7.xml:DR20,2.174272E-4,"#,##0.000_);\(#,##0.000\)",0.000_),0.000 ,0.000 ,회계 수치·정밀도·통화·공백 정확 일치
poi-src/test-data/spreadsheet/mv-calculator-final-2-20-2013.xlsm,시트 셀,MV Cont. Table - Combined!DR21,xl/worksheets/sheet7.xml:DR21,3.02522E-4,"#,##0.000_);\(#,##0.000\)",0.000_),0.000 ,0.000 ,회계 수치·정밀도·통화·공백 정확 일치
poi-src/test-data/spreadsheet/mv-calculator-final-2-20-2013.xlsm,시트 셀,MV Cont. Table - Combined!DR22,xl/worksheets/sheet7.xml:DR22,3.5266589999999998E-4,"#,##0.000_);\(#,##0.000\)",0.000_),0.000 ,0.000 ,회계 수치·정밀도·통화·공백 정확 일치
poi-src/test-data/spreadsheet/mv-calculator-final-2-20-2013.xlsm,시트 셀,MV Cont. Table - Combined!DR23,xl/worksheets/sheet7.xml:DR23,4.1860310000000001E-4,"#,##0.000_);\(#,##0.000\)",0.000_),0.000 ,0.000 ,회계 수치·정밀도·통화·공백 정확 일치
poi-src/test-data/spreadsheet/mv-calculator-final-2-20-2013.xlsm,시트 셀,MV Cont. Table - Combined!DR24,xl/worksheets/sheet7.xml:DR24,5.2936750000000005E-4,"#,##0.000_);\(#,##0.000\)",0.001_),0.001 ,0.001 ,회계 수치·정밀도·통화·공백 정확 일치
poi-src/test-data/spreadsheet/mv-calculator-final-2-20-2013.xlsm,시트 셀,MV Cont. Table - Combined!DR25,xl/worksheets/sheet7.xml:DR25,6.5430359999999995E-4,"#,##0.000_);\(#,##0.000\)",0.001_),0.001 ,0.001 ,회계 수치·정밀도·통화·공백 정확 일치
poi-src/test-data/spreadsheet/mv-calculator-final-2-20-2013.xlsm,시트 셀,MV Cont. Table - Combined!DR26,xl/worksheets/sheet7.xml:DR26,7.7655699999999999E-4,"#,##0.000_);\(#,##0.000\)",0.001_),0.001 ,0.001 ,회계 수치·정밀도·통화·공백 정확 일치
poi-src/test-data/spreadsheet/mv-calculator-final-2-20-2013.xlsm,시트 셀,MV Cont. Table - Combined!DR27,xl/worksheets/sheet7.xml:DR27,9.3178629999999998E-4,"#,##0.000_);\(#,##0.000\)",0.001_),0.001 ,0.001 ,회계 수치·정밀도·통화·공백 정확 일치
poi-src/test-data/spreadsheet/mv-calculator-final-2-20-2013.xlsm,시트 셀,MV Cont. Table - Combined!DR28,xl/worksheets/sheet7.xml:DR28,1.0884422999999999E-3,"#,##0.000_);\(#,##0.000\)",0.001_),0.001 ,0.001 ,회계 수치·정밀도·통화·공백 정확 일치
poi-src/test-data/spreadsheet/mv-calculator-final-2-20-2013.xlsm,시트 셀,MV Cont. Table - Combined!DR29,xl/worksheets/sheet7.xml:DR29,1.2615835000000001E-3,"#,##0.000_);\(#,##0.000\)",0.001_),0.001 ,0.001 ,회계 수치·정밀도·통화·공백 정확 일치
poi-src/test-data/spreadsheet/mv-calculator-final-2-20-2013.xlsm,시트 셀,MV Cont. Table - Combined!DR30,xl/worksheets/sheet7.xml:DR30,1.4823443999999999E-3,"#,##0.000_);\(#,##0.000\)",0.001_),0.001 ,0.001 ,회계 수치·정밀도·통화·공백 정확 일치
poi-src/test-data/spreadsheet/mv-calculator-final-2-20-2013.xlsm,시트 셀,MV Cont. Table - Combined!DR31,xl/worksheets/sheet7.xml:DR31,1.7105457E-3,"#,##0.000_);\(#,##0.000\)",0.002_),0.002 ,0.002 ,회계 수치·정밀도·통화·공백 정확 일치
poi-src/test-data/spreadsheet/mv-calculator-final-2-20-2013.xlsm,시트 셀,MV Cont. Table - Combined!DR32,xl/worksheets/sheet7.xml:DR32,1.9113355000000001E-3,"#,##0.000_);\(#,##0.000\)",0.002_),0.002 ,0.002 ,회계 수치·정밀도·통화·공백 정확 일치
poi-src/test-data/spreadsheet/mv-calculator-final-2-20-2013.xlsm,시트 셀,MV Cont. Table - Combined!DR33,xl/worksheets/sheet7.xml:DR33,2.1277429E-3,"#,##0.000_);\(#,##0.000\)",0.002_),0.002 ,0.002 ,회계 수치·정밀도·통화·공백 정확 일치
poi-src/test-data/spreadsheet/mv-calculator-final-2-20-2013.xlsm,시트 셀,MV Cont. Table - Combined!DR34,xl/worksheets/sheet7.xml:DR34,2.4053401999999998E-3,"#,##0.000_);\(#,##0.000\)",0.002_),0.002 ,0.002 ,회계 수치·정밀도·통화·공백 정확 일치
poi-src/test-data/spreadsheet/mv-calculator-final-2-20-2013.xlsm,시트 셀,MV Cont. Table - Combined!DR35,xl/worksheets/sheet7.xml:DR35,2.6748039000000002E-3,"#,##0.000_);\(#,##0.000\)",0.003_),0.003 ,0.003 ,회계 수치·정밀도·통화·공백 정확 일치
poi-src/test-data/spreadsheet/mv-calculator-final-2-20-2013.xlsm,시트 셀,MV Cont. Table - Combined!DR36,xl/worksheets/sheet7.xml:DR36,2.9817017E-3,"#,##0.000_);\(#,##0.000\)",0.003_),0.003 ,0.003 ,회계 수치·정밀도·통화·공백 정확 일치
poi-src/test-data/spreadsheet/mv-calculator-final-2-20-2013.xlsm,시트 셀,MV Cont. Table - Combined!DR37,xl/worksheets/sheet7.xml:DR37,3.2626641999999998E-3,"#,##0.000_);\(#,##0.000\)",0.003_),0.003 ,0.003 ,회계 수치·정밀도·통화·공백 정확 일치
poi-src/test-data/spreadsheet/mv-calculator-final-2-20-2013.xlsm,시트 셀,MV Cont. Table - Combined!DR38,xl/worksheets/sheet7.xml:DR38,3.5632454000000002E-3,"#,##0.000_);\(#,##0.000\)",0.004_),0.004 ,0.004 ,회계 수치·정밀도·통화·공백 정확 일치
poi-src/test-data/spreadsheet/mv-calculator-final-2-20-2013.xlsm,시트 셀,MV Cont. Table - Combined!DR39,xl/worksheets/sheet7.xml:DR39,3.8796664000000001E-3,"#,##0.000_);\(#,##0.000\)",0.004_),0.004 ,0.004 ,회계 수치·정밀도·통화·공백 정확 일치
poi-src/test-data/spreadsheet/mv-calculator-final-2-20-2013.xlsm,시트 셀,MV Cont. Table - Combined!DR40,xl/worksheets/sheet7.xml:DR40,4.1731466999999998E-3,"#,##0.000_);\(#,##0.000\)",0.004_),0.004 ,0.004 ,회계 수치·정밀도·통화·공백 정확 일치
poi-src/test-data/spreadsheet/mv-calculator-final-2-20-2013.xlsm,시트 셀,MV Cont. Table - Combined!DR41,xl/worksheets/sheet7.xml:DR41,4.5698053000000002E-3,"#,##0.000_);\(#,##0.000\)",0.005_),0.005 ,0.005 ,회계 수치·정밀도·통화·공백 정확 일치
poi-src/test-data/spreadsheet/mv-calculator-final-2-20-2013.xlsm,시트 셀,MV Cont. Table - Combined!DR42,xl/worksheets/sheet7.xml:DR42,4.8822416E-3,"#,##0.000_);\(#,##0.000\)",0.005_),0.005 ,0.005 ,회계 수치·정밀도·통화·공백 정확 일치
poi-src/test-data/spreadsheet/mv-calculator-final-2-20-2013.xlsm,시트 셀,MV Cont. Table - Combined!DR43,xl/worksheets/sheet7.xml:DR43,5.2390698999999997E-3,"#,##0.000_);\(#,##0.000\)",0.005_),0.005 ,0.005 ,회계 수치·정밀도·통화·공백 정확 일치
poi-src/test-data/spreadsheet/mv-calculator-final-2-20-2013.xlsm,시트 셀,MV Cont. Table - Combined!DR44,xl/worksheets/sheet7.xml:DR44,5.5991723E-3,"#,##0.000_);\(#,##0.000\)",0.006_),0.006 ,0.006 ,회계 수치·정밀도·통화·공백 정확 일치
poi-src/test-data/spreadsheet/mv-calculator-final-2-20-2013.xlsm,시트 셀,MV Cont. Table - Combined!DR45,xl/worksheets/sheet7.xml:DR45,5.9737983999999999E-3,"#,##0.000_);\(#,##0.000\)",0.006_),0.006 ,0.006 ,회계 수치·정밀도·통화·공백 정확 일치
poi-src/test-data/spreadsheet/mv-calculator-final-2-20-2013.xlsm,시트 셀,MV Cont. Table - Combined!DR46,xl/worksheets/sheet7.xml:DR46,6.3654656999999996E-3,"#,##0.000_);\(#,##0.000\)",0.006_),0.006 ,0.006 ,회계 수치·정밀도·통화·공백 정확 일치
poi-src/test-data/spreadsheet/mv-calculator-final-2-20-2013.xlsm,시트 셀,MV Cont. Table - Combined!DR47,xl/worksheets/sheet7.xml:DR47,6.7233557999999997E-3,"#,##0.000_);\(#,##0.000\)",0.007_),0.007 ,0.007 ,회계 수치·정밀도·통화·공백 정확 일치
poi-src/test-data/spreadsheet/mv-calculator-final-2-20-2013.xlsm,시트 셀,MV Cont. Table - Combined!DR48,xl/worksheets/sheet7.xml:DR48,7.0462095000000001E-3,"#,##0.000_);\(#,##0.000\)",0.007_),0.007 ,0.007 ,회계 수치·정밀도·통화·공백 정확 일치
poi-src/test-data/spreadsheet/mv-calculator-final-2-20-2013.xlsm,시트 셀,MV Cont. Table - Combined!DR49,xl/worksheets/sheet7.xml:DR49,7.3494611000000003E-3,"#,##0.000_);\(#,##0.000\)",0.007_),0.007 ,0.007 ,회계 수치·정밀도·통화·공백 정확 일치
poi-src/test-data/spreadsheet/mv-calculator-final-2-20-2013.xlsm,시트 셀,MV Cont. Table - Combined!DR5,xl/worksheets/sheet7.xml:DR5,0,"#,##0.000_);\(#,##0.000\)",0.000_),0.000 ,0.000 ,회계 수치·정밀도·통화·공백 정확 일치
poi-src/test-data/spreadsheet/mv-calculator-final-2-20-2013.xlsm,시트 셀,MV Cont. Table - Combined!DR50,xl/worksheets/sheet7.xml:DR50,7.6763268000000001E-3,"#,##0.000_);\(#,##0.000\)",0.008_),0.008 ,0.008 ,회계 수치·정밀도·통화·공백 정확 일치
poi-src/test-data/spreadsheet/mv-calculator-final-2-20-2013.xlsm,시트 셀,MV Cont. Table - Combined!DR51,xl/worksheets/sheet7.xml:DR51,8.0269503999999998E-3,"#,##0.000_);\(#,##0.000\)",0.008_),0.008 ,0.008 ,회계 수치·정밀도·통화·공백 정확 일치
poi-src/test-data/spreadsheet/mv-calculator-final-2-20-2013.xlsm,시트 셀,MV Cont. Table - Combined!DR52,xl/worksheets/sheet7.xml:DR52,8.3611243999999994E-3,"#,##0.000_);\(#,##0.000\)",0.008_),0.008 ,0.008 ,회계 수치·정밀도·통화·공백 정확 일치
poi-src/test-data/spreadsheet/mv-calculator-final-2-20-2013.xlsm,시트 셀,MV Cont. Table - Combined!DR53,xl/worksheets/sheet7.xml:DR53,8.6574835000000003E-3,"#,##0.000_);\(#,##0.000\)",0.009_),0.009 ,0.009 ,회계 수치·정밀도·통화·공백 정확 일치
poi-src/test-data/spreadsheet/mv-calculator-final-2-20-2013.xlsm,시트 셀,MV Cont. Table - Combined!DR54,xl/worksheets/sheet7.xml:DR54,8.9274242000000007E-3,"#,##0.000_);\(#,##0.000\)",0.009_),0.009 ,0.009 ,회계 수치·정밀도·통화·공백 정확 일치
poi-src/test-data/spreadsheet/mv-calculator-final-2-20-2013.xlsm,시트 셀,MV Cont. Table - Combined!DR55,xl/worksheets/sheet7.xml:DR55,9.2364583999999996E-3,"#,##0.000_);\(#,##0.000\)",0.009_),0.009 ,0.009 ,회계 수치·정밀도·통화·공백 정확 일치
poi-src/test-data/spreadsheet/mv-calculator-final-2-20-2013.xlsm,시트 셀,MV Cont. Table - Combined!DR56,xl/worksheets/sheet7.xml:DR56,9.5166000999999997E-3,"#,##0.000_);\(#,##0.000\)",0.010_),0.010 ,0.010 ,회계 수치·정밀도·통화·공백 정확 일치
poi-src/test-data/spreadsheet/mv-calculator-final-2-20-2013.xlsm,시트 셀,MV Cont. Table - Combined!DR57,xl/worksheets/sheet7.xml:DR57,9.8450284000000006E-3,"#,##0.000_);\(#,##0.000\)",0.010_),0.010 ,0.010 ,회계 수치·정밀도·통화·공백 정확 일치
poi-src/test-data/spreadsheet/mv-calculator-final-2-20-2013.xlsm,시트 셀,MV Cont. Table - Combined!DR58,xl/worksheets/sheet7.xml:DR58,1.0204084800000001E-2,"#,##0.000_);\(#,##0.000\)",0.010_),0.010 ,0.010 ,회계 수치·정밀도·통화·공백 정확 일치
poi-src/test-data/spreadsheet/mv-calculator-final-2-20-2013.xlsm,시트 셀,MV Cont. Table - Combined!DR59,xl/worksheets/sheet7.xml:DR59,1.04521452E-2,"#,##0.000_);\(#,##0.000\)",0.010_),0.010 ,0.010 ,회계 수치·정밀도·통화·공백 정확 일치
poi-src/test-data/spreadsheet/mv-calculator-final-2-20-2013.xlsm,시트 셀,MV Cont. Table - Combined!DR6,xl/worksheets/sheet7.xml:DR6,0,"#,##0.000_);\(#,##0.000\)",0.000_),0.000 ,0.000 ,회계 수치·정밀도·통화·공백 정확 일치
poi-src/test-data/spreadsheet/mv-calculator-final-2-20-2013.xlsm,시트 셀,MV Cont. Table - Combined!DR60,xl/worksheets/sheet7.xml:DR60,1.07429377E-2,"#,##0.000_);\(#,##0.000\)",0.011_),0.011 ,0.011 ,회계 수치·정밀도·통화·공백 정확 일치
poi-src/test-data/spreadsheet/mv-calculator-final-2-20-2013.xlsm,시트 셀,MV Cont. Table - Combined!DR61,xl/worksheets/sheet7.xml:DR61,1.10154776E-2,"#,##0.000_);\(#,##0.000\)",0.011_),0.011 ,0.011 ,회계 수치·정밀도·통화·공백 정확 일치
poi-src/test-data/spreadsheet/mv-calculator-final-2-20-2013.xlsm,시트 셀,MV Cont. Table - Combined!DR62,xl/worksheets/sheet7.xml:DR62,1.12452934E-2,"#,##0.000_);\(#,##0.000\)",0.011_),0.011 ,0.011 ,회계 수치·정밀도·통화·공백 정확 일치
poi-src/test-data/spreadsheet/mv-calculator-final-2-20-2013.xlsm,시트 셀,MV Cont. Table - Combined!DR63,xl/worksheets/sheet7.xml:DR63,1.14936868E-2,"#,##0.000_);\(#,##0.000\)",0.011_),0.011 ,0.011 ,회계 수치·정밀도·통화·공백 정확 일치
poi-src/test-data/spreadsheet/mv-calculator-final-2-20-2013.xlsm,시트 셀,MV Cont. Table - Combined!DR64,xl/worksheets/sheet7.xml:DR64,1.17313603E-2,"#,##0.000_);\(#,##0.000\)",0.012_),0.012 ,0.012 ,회계 수치·정밀도·통화·공백 정확 일치
poi-src/test-data/spreadsheet/mv-calculator-final-2-20-2013.xlsm,시트 셀,MV Cont. Table - Combined!DR65,xl/worksheets/sheet7.xml:DR65,1.1958208099999999E-2,"#,##0.000_);\(#,##0.000\)",0.012_),0.012 ,0.012 ,회계 수치·정밀도·통화·공백 정확 일치
poi-src/test-data/spreadsheet/mv-calculator-final-2-20-2013.xlsm,시트 셀,MV Cont. Table - Combined!DR66,xl/worksheets/sheet7.xml:DR66,1.22091136E-2,"#,##0.000_);\(#,##0.000\)",0.012_),0.012 ,0.012 ,회계 수치·정밀도·통화·공백 정확 일치
poi-src/test-data/spreadsheet/mv-calculator-final-2-20-2013.xlsm,시트 셀,MV Cont. Table - Combined!DR67,xl/worksheets/sheet7.xml:DR67,1.2370187899999999E-2,"#,##0.000_);\(#,##0.000\)",0.012_),0.012 ,0.012 ,회계 수치·정밀도·통화·공백 정확 일치
poi-src/test-data/spreadsheet/mv-calculator-final-2-20-2013.xlsm,시트 셀,MV Cont. Table - Combined!DR68,xl/worksheets/sheet7.xml:DR68,1.25473437E-2,"#,##0.000_);\(#,##0.000\)",0.013_),0.013 ,0.013 ,회계 수치·정밀도·통화·공백 정확 일치
poi-src/test-data/spreadsheet/mv-calculator-final-2-20-2013.xlsm,시트 셀,MV Cont. Table - Combined!DR69,xl/worksheets/sheet7.xml:DR69,1.2790447E-2,"#,##0.000_);\(#,##0.000\)",0.013_),0.013 ,0.013 ,회계 수치·정밀도·통화·공백 정확 일치
poi-src/test-data/spreadsheet/mv-calculator-final-2-20-2013.xlsm,시트 셀,MV Cont. Table - Combined!DR7,xl/worksheets/sheet7.xml:DR7,0,"#,##0.000_);\(#,##0.000\)",0.000_),0.000 ,0.000 ,회계 수치·정밀도·통화·공백 정확 일치
poi-src/test-data/spreadsheet/mv-calculator-final-2-20-2013.xlsm,시트 셀,MV Cont. Table - Combined!DR70,xl/worksheets/sheet7.xml:DR70,1.2928521E-2,"#,##0.000_);\(#,##0.000\)",0.013_),0.013 ,0.013 ,회계 수치·정밀도·통화·공백 정확 일치
poi-src/test-data/spreadsheet/mv-calculator-final-2-20-2013.xlsm,시트 셀,MV Cont. Table - Combined!DR71,xl/worksheets/sheet7.xml:DR71,1.4538079799999999E-2,"#,##0.000_);\(#,##0.000\)",0.015_),0.015 ,0.015 ,회계 수치·정밀도·통화·공백 정확 일치
poi-src/test-data/spreadsheet/mv-calculator-final-2-20-2013.xlsm,시트 셀,MV Cont. Table - Combined!DR72,xl/worksheets/sheet7.xml:DR72,1.8881528799999998E-2,"#,##0.000_);\(#,##0.000\)",0.019_),0.019 ,0.019 ,회계 수치·정밀도·통화·공백 정확 일치
poi-src/test-data/spreadsheet/mv-calculator-final-2-20-2013.xlsm,시트 셀,MV Cont. Table - Combined!DR73,xl/worksheets/sheet7.xml:DR73,3.1544791400000001E-2,"#,##0.000_);\(#,##0.000\)",0.032_),0.032 ,0.032 ,회계 수치·정밀도·통화·공백 정확 일치
poi-src/test-data/spreadsheet/mv-calculator-final-2-20-2013.xlsm,시트 셀,MV Cont. Table - Combined!DR74,xl/worksheets/sheet7.xml:DR74,4.6405195500000003E-2,"#,##0.000_);\(#,##0.000\)",0.046_),0.046 ,0.046 ,회계 수치·정밀도·통화·공백 정확 일치
poi-src/test-data/spreadsheet/mv-calculator-final-2-20-2013.xlsm,시트 셀,MV Cont. Table - Combined!DR75,xl/worksheets/sheet7.xml:DR75,5.8579490900000003E-2,"#,##0.000_);\(#,##0.000\)",0.059_),0.059 ,0.059 ,회계 수치·정밀도·통화·공백 정확 일치
poi-src/test-data/spreadsheet/mv-calculator-final-2-20-2013.xlsm,시트 셀,MV Cont. Table - Combined!DR76,xl/worksheets/sheet7.xml:DR76,6.8676949099999995E-2,"#,##0.000_);\(#,##0.000\)",0.069_),0.069 ,0.069 ,회계 수치·정밀도·통화·공백 정확 일치
poi-src/test-data/spreadsheet/mv-calculator-final-2-20-2013.xlsm,시트 셀,MV Cont. Table - Combined!DR77,xl/worksheets/sheet7.xml:DR77,7.7244614000000003E-2,"#,##0.000_);\(#,##0.000\)",0.077_),0.077 ,0.077 ,회계 수치·정밀도·통화·공백 정확 일치
poi-src/test-data/spreadsheet/mv-calculator-final-2-20-2013.xlsm,시트 셀,MV Cont. Table - Combined!DR78,xl/worksheets/sheet7.xml:DR78,8.4563038800000004E-2,"#,##0.000_);\(#,##0.000\)",0.085_),0.085 ,0.085 ,회계 수치·정밀도·통화·공백 정확 일치
poi-src/test-data/spreadsheet/mv-calculator-final-2-20-2013.xlsm,시트 셀,MV Cont. Table - Combined!DR79,xl/worksheets/sheet7.xml:DR79,9.0976551700000005E-2,"#,##0.000_);\(#,##0.000\)",0.091_),0.091 ,0.091 ,회계 수치·정밀도·통화·공백 정확 일치
poi-src/test-data/spreadsheet/mv-calculator-final-2-20-2013.xlsm,시트 셀,MV Cont. Table - Combined!DR8,xl/worksheets/sheet7.xml:DR8,0,"#,##0.000_);\(#,##0.000\)",0.000_),0.000 ,0.000 ,회계 수치·정밀도·통화·공백 정확 일치
poi-src/test-data/spreadsheet/mv-calculator-final-2-20-2013.xlsm,시트 셀,MV Cont. Table - Combined!DR80,xl/worksheets/sheet7.xml:DR80,9.6395676299999997E-2,"#,##0.000_);\(#,##0.000\)",0.096_),0.096 ,0.096 ,회계 수치·정밀도·통화·공백 정확 일치
poi-src/test-data/spreadsheet/mv-calculator-final-2-20-2013.xlsm,시트 셀,MV Cont. Table - Combined!DR81,xl/worksheets/sheet7.xml:DR81,0.12677269159999999,"#,##0.000_);\(#,##0.000\)",0.127_),0.127 ,0.127 ,회계 수치·정밀도·통화·공백 정확 일치
poi-src/test-data/spreadsheet/mv-calculator-final-2-20-2013.xlsm,시트 셀,MV Cont. Table - Combined!DR82,xl/worksheets/sheet7.xml:DR82,0.1460086521,"#,##0.000_);\(#,##0.000\)",0.146_),0.146 ,0.146 ,회계 수치·정밀도·통화·공백 정확 일치
poi-src/test-data/spreadsheet/mv-calculator-final-2-20-2013.xlsm,시트 셀,MV Cont. Table - Combined!DR83,xl/worksheets/sheet7.xml:DR83,0.15187002769999999,"#,##0.000_);\(#,##0.000\)",0.152_),0.152 ,0.152 ,회계 수치·정밀도·통화·공백 정확 일치
poi-src/test-data/spreadsheet/mv-calculator-final-2-20-2013.xlsm,시트 셀,MV Cont. Table - Combined!DR84,xl/worksheets/sheet7.xml:DR84,0.15435758090000001,"#,##0.000_);\(#,##0.000\)",0.154_),0.154 ,0.154 ,회계 수치·정밀도·통화·공백 정확 일치
poi-src/test-data/spreadsheet/mv-calculator-final-2-20-2013.xlsm,시트 셀,MV Cont. Table - Combined!DR85,xl/worksheets/sheet7.xml:DR85,0.1556705411,"#,##0.000_);\(#,##0.000\)",0.156_),0.156 ,0.156 ,회계 수치·정밀도·통화·공백 정확 일치
poi-src/test-data/spreadsheet/mv-calculator-final-2-20-2013.xlsm,시트 셀,MV Cont. Table - Combined!DR86,xl/worksheets/sheet7.xml:DR86,0.1569972795,"#,##0.000_);\(#,##0.000\)",0.157_),0.157 ,0.157 ,회계 수치·정밀도·통화·공백 정확 일치
poi-src/test-data/spreadsheet/mv-calculator-final-2-20-2013.xlsm,시트 셀,MV Cont. Table - Combined!DR87,xl/worksheets/sheet7.xml:DR87,0.1573263661,"#,##0.000_);\(#,##0.000\)",0.157_),0.157 ,0.157 ,회계 수치·정밀도·통화·공백 정확 일치
poi-src/test-data/spreadsheet/mv-calculator-final-2-20-2013.xlsm,시트 셀,MV Cont. Table - Combined!DR88,xl/worksheets/sheet7.xml:DR88,0.15737159119999999,"#,##0.000_);\(#,##0.000\)",0.157_),0.157 ,0.157 ,회계 수치·정밀도·통화·공백 정확 일치
poi-src/test-data/spreadsheet/mv-calculator-final-2-20-2013.xlsm,시트 셀,MV Cont. Table - Combined!DR9,xl/worksheets/sheet7.xml:DR9,1.2012699999999999E-5,"#,##0.000_);\(#,##0.000\)",0.000_),0.000 ,0.000 ,회계 수치·정밀도·통화·공백 정확 일치
poi-src/test-data/spreadsheet/mv-calculator-final-2-20-2013.xlsm,시트 셀,MV Cont. Table - Medical!CW10,xl/worksheets/sheet5.xml:CW10,1.03674E-5,"#,##0.000_);\(#,##0.000\)",0.000_),0.000 ,0.000 ,회계 수치·정밀도·통화·공백 정확 일치
poi-src/test-data/spreadsheet/mv-calculator-final-2-20-2013.xlsm,시트 셀,MV Cont. Table - Medical!CW11,xl/worksheets/sheet5.xml:CW11,1.24835E-5,"#,##0.000_);\(#,##0.000\)",0.000_),0.000 ,0.000 ,회계 수치·정밀도·통화·공백 정확 일치
poi-src/test-data/spreadsheet/mv-calculator-final-2-20-2013.xlsm,시트 셀,MV Cont. Table - Medical!CW12,xl/worksheets/sheet5.xml:CW12,1.1426999999999999E-5,"#,##0.000_);\(#,##0.000\)",0.000_),0.000 ,0.000 ,회계 수치·정밀도·통화·공백 정확 일치
poi-src/test-data/spreadsheet/mv-calculator-final-2-20-2013.xlsm,시트 셀,MV Cont. Table - Medical!CW13,xl/worksheets/sheet5.xml:CW13,1.3347500000000001E-5,"#,##0.000_);\(#,##0.000\)",0.000_),0.000 ,0.000 ,회계 수치·정밀도·통화·공백 정확 일치
poi-src/test-data/spreadsheet/mv-calculator-final-2-20-2013.xlsm,시트 셀,MV Cont. Table - Medical!CW14,xl/worksheets/sheet5.xml:CW14,1.8413499999999999E-5,"#,##0.000_);\(#,##0.000\)",0.000_),0.000 ,0.000 ,회계 수치·정밀도·통화·공백 정확 일치
poi-src/test-data/spreadsheet/mv-calculator-final-2-20-2013.xlsm,시트 셀,MV Cont. Table - Medical!CW15,xl/worksheets/sheet5.xml:CW15,3.36354E-5,"#,##0.000_);\(#,##0.000\)",0.000_),0.000 ,0.000 ,회계 수치·정밀도·통화·공백 정확 일치
poi-src/test-data/spreadsheet/mv-calculator-final-2-20-2013.xlsm,시트 셀,MV Cont. Table - Medical!CW16,xl/worksheets/sheet5.xml:CW16,4.8031300000000002E-5,"#,##0.000_);\(#,##0.000\)",0.000_),0.000 ,0.000 ,회계 수치·정밀도·통화·공백 정확 일치
poi-src/test-data/spreadsheet/mv-calculator-final-2-20-2013.xlsm,시트 셀,MV Cont. Table - Medical!CW17,xl/worksheets/sheet5.xml:CW17,5.9326100000000001E-5,"#,##0.000_);\(#,##0.000\)",0.000_),0.000 ,0.000 ,회계 수치·정밀도·통화·공백 정확 일치
poi-src/test-data/spreadsheet/mv-calculator-final-2-20-2013.xlsm,시트 셀,MV Cont. Table - Medical!CW18,xl/worksheets/sheet5.xml:CW18,8.4009000000000002E-5,"#,##0.000_);\(#,##0.000\)",0.000_),0.000 ,0.000 ,회계 수치·정밀도·통화·공백 정확 일치
poi-src/test-data/spreadsheet/mv-calculator-final-2-20-2013.xlsm,시트 셀,MV Cont. Table - Medical!CW19,xl/worksheets/sheet5.xml:CW19,1.120742E-4,"#,##0.000_);\(#,##0.000\)",0.000_),0.000 ,0.000 ,회계 수치·정밀도·통화·공백 정확 일치
poi-src/test-data/spreadsheet/mv-calculator-final-2-20-2013.xlsm,시트 셀,MV Cont. Table - Medical!CW20,xl/worksheets/sheet5.xml:CW20,1.378215E-4,"#,##0.000_);\(#,##0.000\)",0.000_),0.000 ,0.000 ,회계 수치·정밀도·통화·공백 정확 일치
poi-src/test-data/spreadsheet/mv-calculator-final-2-20-2013.xlsm,시트 셀,MV Cont. Table - Medical!CW21,xl/worksheets/sheet5.xml:CW21,1.8060609999999999E-4,"#,##0.000_);\(#,##0.000\)",0.000_),0.000 ,0.000 ,회계 수치·정밀도·통화·공백 정확 일치
poi-src/test-data/spreadsheet/mv-calculator-final-2-20-2013.xlsm,시트 셀,MV Cont. Table - Medical!CW22,xl/worksheets/sheet5.xml:CW22,2.240167E-4,"#,##0.000_);\(#,##0.000\)",0.000_),0.000 ,0.000 ,회계 수치·정밀도·통화·공백 정확 일치
poi-src/test-data/spreadsheet/mv-calculator-final-2-20-2013.xlsm,시트 셀,MV Cont. Table - Medical!CW23,xl/worksheets/sheet5.xml:CW23,2.6232959999999999E-4,"#,##0.000_);\(#,##0.000\)",0.000_),0.000 ,0.000 ,회계 수치·정밀도·통화·공백 정확 일치
poi-src/test-data/spreadsheet/mv-calculator-final-2-20-2013.xlsm,시트 셀,MV Cont. Table - Medical!CW24,xl/worksheets/sheet5.xml:CW24,3.2165409999999997E-4,"#,##0.000_);\(#,##0.000\)",0.000_),0.000 ,0.000 ,회계 수치·정밀도·통화·공백 정확 일치
poi-src/test-data/spreadsheet/mv-calculator-final-2-20-2013.xlsm,시트 셀,MV Cont. Table - Medical!CW25,xl/worksheets/sheet5.xml:CW25,3.8728969999999999E-4,"#,##0.000_);\(#,##0.000\)",0.000_),0.000 ,0.000 ,회계 수치·정밀도·통화·공백 정확 일치
poi-src/test-data/spreadsheet/mv-calculator-final-2-20-2013.xlsm,시트 셀,MV Cont. Table - Medical!CW26,xl/worksheets/sheet5.xml:CW26,4.6062400000000003E-4,"#,##0.000_);\(#,##0.000\)",0.000_),0.000 ,0.000 ,회계 수치·정밀도·통화·공백 정확 일치
poi-src/test-data/spreadsheet/mv-calculator-final-2-20-2013.xlsm,시트 셀,MV Cont. Table - Medical!CW27,xl/worksheets/sheet5.xml:CW27,5.554736E-4,"#,##0.000_);\(#,##0.000\)",0.001_),0.001 ,0.001 ,회계 수치·정밀도·통화·공백 정확 일치
poi-src/test-data/spreadsheet/mv-calculator-final-2-20-2013.xlsm,시트 셀,MV Cont. Table - Medical!CW28,xl/worksheets/sheet5.xml:CW28,6.3703499999999999E-4,"#,##0.000_);\(#,##0.000\)",0.001_),0.001 ,0.001 ,회계 수치·정밀도·통화·공백 정확 일치
poi-src/test-data/spreadsheet/mv-calculator-final-2-20-2013.xlsm,시트 셀,MV Cont. Table - Medical!CW29,xl/worksheets/sheet5.xml:CW29,7.3522949999999996E-4,"#,##0.000_);\(#,##0.000\)",0.001_),0.001 ,0.001 ,회계 수치·정밀도·통화·공백 정확 일치
poi-src/test-data/spreadsheet/mv-calculator-final-2-20-2013.xlsm,시트 셀,MV Cont. Table - Medical!CW30,xl/worksheets/sheet5.xml:CW30,8.4506070000000004E-4,"#,##0.000_);\(#,##0.000\)",0.001_),0.001 ,0.001 ,회계 수치·정밀도·통화·공백 정확 일치
poi-src/test-data/spreadsheet/mv-calculator-final-2-20-2013.xlsm,시트 셀,MV Cont. Table - Medical!CW31,xl/worksheets/sheet5.xml:CW31,9.6849879999999998E-4,"#,##0.000_);\(#,##0.000\)",0.001_),0.001 ,0.001 ,회계 수치·정밀도·통화·공백 정확 일치
poi-src/test-data/spreadsheet/mv-calculator-final-2-20-2013.xlsm,시트 셀,MV Cont. Table - Medical!CW32,xl/worksheets/sheet5.xml:CW32,1.0973129999999999E-3,"#,##0.000_);\(#,##0.000\)",0.001_),0.001 ,0.001 ,회계 수치·정밀도·통화·공백 정확 일치
poi-src/test-data/spreadsheet/mv-calculator-final-2-20-2013.xlsm,시트 셀,MV Cont. Table - Medical!CW33,xl/worksheets/sheet5.xml:CW33,1.2166892E-3,"#,##0.000_);\(#,##0.000\)",0.001_),0.001 ,0.001 ,회계 수치·정밀도·통화·공백 정확 일치
poi-src/test-data/spreadsheet/mv-calculator-final-2-20-2013.xlsm,시트 셀,MV Cont. Table - Medical!CW34,xl/worksheets/sheet5.xml:CW34,1.3653044E-3,"#,##0.000_);\(#,##0.000\)",0.001_),0.001 ,0.001 ,회계 수치·정밀도·통화·공백 정확 일치
poi-src/test-data/spreadsheet/mv-calculator-final-2-20-2013.xlsm,시트 셀,MV Cont. Table - Medical!CW35,xl/worksheets/sheet5.xml:CW35,1.5243408E-3,"#,##0.000_);\(#,##0.000\)",0.002_),0.002 ,0.002 ,회계 수치·정밀도·통화·공백 정확 일치
poi-src/test-data/spreadsheet/mv-calculator-final-2-20-2013.xlsm,시트 셀,MV Cont. Table - Medical!CW36,xl/worksheets/sheet5.xml:CW36,1.6715746000000001E-3,"#,##0.000_);\(#,##0.000\)",0.002_),0.002 ,0.002 ,회계 수치·정밀도·통화·공백 정확 일치
poi-src/test-data/spreadsheet/mv-calculator-final-2-20-2013.xlsm,시트 셀,MV Cont. Table - Medical!CW37,xl/worksheets/sheet5.xml:CW37,1.8366088E-3,"#,##0.000_);\(#,##0.000\)",0.002_),0.002 ,0.002 ,회계 수치·정밀도·통화·공백 정확 일치
poi-src/test-data/spreadsheet/mv-calculator-final-2-20-2013.xlsm,시트 셀,MV Cont. Table - Medical!CW38,xl/worksheets/sheet5.xml:CW38,2.0152706999999998E-3,"#,##0.000_);\(#,##0.000\)",0.002_),0.002 ,0.002 ,회계 수치·정밀도·통화·공백 정확 일치
poi-src/test-data/spreadsheet/mv-calculator-final-2-20-2013.xlsm,시트 셀,MV Cont. Table - Medical!CW39,xl/worksheets/sheet5.xml:CW39,2.1832148E-3,"#,##0.000_);\(#,##0.000\)",0.002_),0.002 ,0.002 ,회계 수치·정밀도·통화·공백 정확 일치
poi-src/test-data/spreadsheet/mv-calculator-final-2-20-2013.xlsm,시트 셀,MV Cont. Table - Medical!CW40,xl/worksheets/sheet5.xml:CW40,2.3462713000000001E-3,"#,##0.000_);\(#,##0.000\)",0.002_),0.002 ,0.002 ,회계 수치·정밀도·통화·공백 정확 일치
poi-src/test-data/spreadsheet/mv-calculator-final-2-20-2013.xlsm,시트 셀,MV Cont. Table - Medical!CW41,xl/worksheets/sheet5.xml:CW41,2.5599461E-3,"#,##0.000_);\(#,##0.000\)",0.003_),0.003 ,0.003 ,회계 수치·정밀도·통화·공백 정확 일치
poi-src/test-data/spreadsheet/mv-calculator-final-2-20-2013.xlsm,시트 셀,MV Cont. Table - Medical!CW42,xl/worksheets/sheet5.xml:CW42,2.7270892999999999E-3,"#,##0.000_);\(#,##0.000\)",0.003_),0.003 ,0.003 ,회계 수치·정밀도·통화·공백 정확 일치
poi-src/test-data/spreadsheet/mv-calculator-final-2-20-2013.xlsm,시트 셀,MV Cont. Table - Medical!CW43,xl/worksheets/sheet5.xml:CW43,2.9195177000000002E-3,"#,##0.000_);\(#,##0.000\)",0.003_),0.003 ,0.003 ,회계 수치·정밀도·통화·공백 정확 일치
poi-src/test-data/spreadsheet/mv-calculator-final-2-20-2013.xlsm,시트 셀,MV Cont. Table - Medical!CW44,xl/worksheets/sheet5.xml:CW44,3.1124574E-3,"#,##0.000_);\(#,##0.000\)",0.003_),0.003 ,0.003 ,회계 수치·정밀도·통화·공백 정확 일치
poi-src/test-data/spreadsheet/mv-calculator-final-2-20-2013.xlsm,시트 셀,MV Cont. Table - Medical!CW45,xl/worksheets/sheet5.xml:CW45,3.3235744999999999E-3,"#,##0.000_);\(#,##0.000\)",0.003_),0.003 ,0.003 ,회계 수치·정밀도·통화·공백 정확 일치
poi-src/test-data/spreadsheet/mv-calculator-final-2-20-2013.xlsm,시트 셀,MV Cont. Table - Medical!CW46,xl/worksheets/sheet5.xml:CW46,3.5308011000000001E-3,"#,##0.000_);\(#,##0.000\)",0.004_),0.004 ,0.004 ,회계 수치·정밀도·통화·공백 정확 일치
poi-src/test-data/spreadsheet/mv-calculator-final-2-20-2013.xlsm,시트 셀,MV Cont. Table - Medical!CW47,xl/worksheets/sheet5.xml:CW47,3.7091174000000002E-3,"#,##0.000_);\(#,##0.000\)",0.004_),0.004 ,0.004 ,회계 수치·정밀도·통화·공백 정확 일치
poi-src/test-data/spreadsheet/mv-calculator-final-2-20-2013.xlsm,시트 셀,MV Cont. Table - Medical!CW48,xl/worksheets/sheet5.xml:CW48,3.9026348000000002E-3,"#,##0.000_);\(#,##0.000\)",0.004_),0.004 ,0.004 ,회계 수치·정밀도·통화·공백 정확 일치
poi-src/test-data/spreadsheet/mv-calculator-final-2-20-2013.xlsm,시트 셀,MV Cont. Table - Medical!CW49,xl/worksheets/sheet5.xml:CW49,4.0861515000000003E-3,"#,##0.000_);\(#,##0.000\)",0.004_),0.004 ,0.004 ,회계 수치·정밀도·통화·공백 정확 일치
poi-src/test-data/spreadsheet/mv-calculator-final-2-20-2013.xlsm,시트 셀,MV Cont. Table - Medical!CW5,xl/worksheets/sheet5.xml:CW5,0,"#,##0.000_);\(#,##0.000\)",0.000_),0.000 ,0.000 ,회계 수치·정밀도·통화·공백 정확 일치
poi-src/test-data/spreadsheet/mv-calculator-final-2-20-2013.xlsm,시트 셀,MV Cont. Table - Medical!CW50,xl/worksheets/sheet5.xml:CW50,4.2577867999999998E-3,"#,##0.000_);\(#,##0.000\)",0.004_),0.004 ,0.004 ,회계 수치·정밀도·통화·공백 정확 일치
poi-src/test-data/spreadsheet/mv-calculator-final-2-20-2013.xlsm,시트 셀,MV Cont. Table - Medical!CW51,xl/worksheets/sheet5.xml:CW51,4.4550524000000003E-3,"#,##0.000_);\(#,##0.000\)",0.004_),0.004 ,0.004 ,회계 수치·정밀도·통화·공백 정확 일치
poi-src/test-data/spreadsheet/mv-calculator-final-2-20-2013.xlsm,시트 셀,MV Cont. Table - Medical!CW52,xl/worksheets/sheet5.xml:CW52,4.6404753000000003E-3,"#,##0.000_);\(#,##0.000\)",0.005_),0.005 ,0.005 ,회계 수치·정밀도·통화·공백 정확 일치
poi-src/test-data/spreadsheet/mv-calculator-final-2-20-2013.xlsm,시트 셀,MV Cont. Table - Medical!CW53,xl/worksheets/sheet5.xml:CW53,4.8005492000000004E-3,"#,##0.000_);\(#,##0.000\)",0.005_),0.005 ,0.005 ,회계 수치·정밀도·통화·공백 정확 일치
poi-src/test-data/spreadsheet/mv-calculator-final-2-20-2013.xlsm,시트 셀,MV Cont. Table - Medical!CW54,xl/worksheets/sheet5.xml:CW54,4.9559451000000003E-3,"#,##0.000_);\(#,##0.000\)",0.005_),0.005 ,0.005 ,회계 수치·정밀도·통화·공백 정확 일치
poi-src/test-data/spreadsheet/mv-calculator-final-2-20-2013.xlsm,시트 셀,MV Cont. Table - Medical!CW55,xl/worksheets/sheet5.xml:CW55,5.1115224000000004E-3,"#,##0.000_);\(#,##0.000\)",0.005_),0.005 ,0.005 ,회계 수치·정밀도·통화·공백 정확 일치
poi-src/test-data/spreadsheet/mv-calculator-final-2-20-2013.xlsm,시트 셀,MV Cont. Table - Medical!CW56,xl/worksheets/sheet5.xml:CW56,5.2562764999999996E-3,"#,##0.000_);\(#,##0.000\)",0.005_),0.005 ,0.005 ,회계 수치·정밀도·통화·공백 정확 일치
poi-src/test-data/spreadsheet/mv-calculator-final-2-20-2013.xlsm,시트 셀,MV Cont. Table - Medical!CW57,xl/worksheets/sheet5.xml:CW57,5.4620386E-3,"#,##0.000_);\(#,##0.000\)",0.005_),0.005 ,0.005 ,회계 수치·정밀도·통화·공백 정확 일치
poi-src/test-data/spreadsheet/mv-calculator-final-2-20-2013.xlsm,시트 셀,MV Cont. Table - Medical!CW58,xl/worksheets/sheet5.xml:CW58,5.6388931000000003E-3,"#,##0.000_);\(#,##0.000\)",0.006_),0.006 ,0.006 ,회계 수치·정밀도·통화·공백 정확 일치
poi-src/test-data/spreadsheet/mv-calculator-final-2-20-2013.xlsm,시트 셀,MV Cont. Table - Medical!CW59,xl/worksheets/sheet5.xml:CW59,5.7935225999999999E-3,"#,##0.000_);\(#,##0.000\)",0.006_),0.006 ,0.006 ,회계 수치·정밀도·통화·공백 정확 일치
poi-src/test-data/spreadsheet/mv-calculator-final-2-20-2013.xlsm,시트 셀,MV Cont. Table - Medical!CW6,xl/worksheets/sheet5.xml:CW6,0,"#,##0.000_);\(#,##0.000\)",0.000_),0.000 ,0.000 ,회계 수치·정밀도·통화·공백 정확 일치
poi-src/test-data/spreadsheet/mv-calculator-final-2-20-2013.xlsm,시트 셀,MV Cont. Table - Medical!CW60,xl/worksheets/sheet5.xml:CW60,5.9209359999999999E-3,"#,##0.000_);\(#,##0.000\)",0.006_),0.006 ,0.006 ,회계 수치·정밀도·통화·공백 정확 일치
poi-src/test-data/spreadsheet/mv-calculator-final-2-20-2013.xlsm,시트 셀,MV Cont. Table - Medical!CW61,xl/worksheets/sheet5.xml:CW61,6.0801698999999997E-3,"#,##0.000_);\(#,##0.000\)",0.006_),0.006 ,0.006 ,회계 수치·정밀도·통화·공백 정확 일치
poi-src/test-data/spreadsheet/mv-calculator-final-2-20-2013.xlsm,시트 셀,MV Cont. Table - Medical!CW62,xl/worksheets/sheet5.xml:CW62,6.2020696000000004E-3,"#,##0.000_);\(#,##0.000\)",0.006_),0.006 ,0.006 ,회계 수치·정밀도·통화·공백 정확 일치
poi-src/test-data/spreadsheet/mv-calculator-final-2-20-2013.xlsm,시트 셀,MV Cont. Table - Medical!CW63,xl/worksheets/sheet5.xml:CW63,6.3342629000000001E-3,"#,##0.000_);\(#,##0.000\)",0.006_),0.006 ,0.006 ,회계 수치·정밀도·통화·공백 정확 일치
poi-src/test-data/spreadsheet/mv-calculator-final-2-20-2013.xlsm,시트 셀,MV Cont. Table - Medical!CW64,xl/worksheets/sheet5.xml:CW64,6.4513742999999998E-3,"#,##0.000_);\(#,##0.000\)",0.006_),0.006 ,0.006 ,회계 수치·정밀도·통화·공백 정확 일치
poi-src/test-data/spreadsheet/mv-calculator-final-2-20-2013.xlsm,시트 셀,MV Cont. Table - Medical!CW65,xl/worksheets/sheet5.xml:CW65,6.5646615999999996E-3,"#,##0.000_);\(#,##0.000\)",0.007_),0.007 ,0.007 ,회계 수치·정밀도·통화·공백 정확 일치
poi-src/test-data/spreadsheet/mv-calculator-final-2-20-2013.xlsm,시트 셀,MV Cont. Table - Medical!CW66,xl/worksheets/sheet5.xml:CW66,6.6708308000000003E-3,"#,##0.000_);\(#,##0.000\)",0.007_),0.007 ,0.007 ,회계 수치·정밀도·통화·공백 정확 일치
poi-src/test-data/spreadsheet/mv-calculator-final-2-20-2013.xlsm,시트 셀,MV Cont. Table - Medical!CW67,xl/worksheets/sheet5.xml:CW67,6.7867316999999996E-3,"#,##0.000_);\(#,##0.000\)",0.007_),0.007 ,0.007 ,회계 수치·정밀도·통화·공백 정확 일치
poi-src/test-data/spreadsheet/mv-calculator-final-2-20-2013.xlsm,시트 셀,MV Cont. Table - Medical!CW68,xl/worksheets/sheet5.xml:CW68,6.8995217999999999E-3,"#,##0.000_);\(#,##0.000\)",0.007_),0.007 ,0.007 ,회계 수치·정밀도·통화·공백 정확 일치
poi-src/test-data/spreadsheet/mv-calculator-final-2-20-2013.xlsm,시트 셀,MV Cont. Table - Medical!CW69,xl/worksheets/sheet5.xml:CW69,7.0187479000000004E-3,"#,##0.000_);\(#,##0.000\)",0.007_),0.007 ,0.007 ,회계 수치·정밀도·통화·공백 정확 일치
poi-src/test-data/spreadsheet/mv-calculator-final-2-20-2013.xlsm,시트 셀,MV Cont. Table - Medical!CW7,xl/worksheets/sheet5.xml:CW7,1.3043E-5,"#,##0.000_);\(#,##0.000\)",0.000_),0.000 ,0.000 ,회계 수치·정밀도·통화·공백 정확 일치
poi-src/test-data/spreadsheet/mv-calculator-final-2-20-2013.xlsm,시트 셀,MV Cont. Table - Medical!CW70,xl/worksheets/sheet5.xml:CW70,7.1151419E-3,"#,##0.000_);\(#,##0.000\)",0.007_),0.007 ,0.007 ,회계 수치·정밀도·통화·공백 정확 일치
poi-src/test-data/spreadsheet/mv-calculator-final-2-20-2013.xlsm,시트 셀,MV Cont. Table - Medical!CW71,xl/worksheets/sheet5.xml:CW71,8.0433152999999993E-3,"#,##0.000_);\(#,##0.000\)",0.008_),0.008 ,0.008 ,회계 수치·정밀도·통화·공백 정확 일치
poi-src/test-data/spreadsheet/mv-calculator-final-2-20-2013.xlsm,시트 셀,MV Cont. Table - Medical!CW72,xl/worksheets/sheet5.xml:CW72,1.0570858900000001E-2,"#,##0.000_);\(#,##0.000\)",0.011_),0.011 ,0.011 ,회계 수치·정밀도·통화·공백 정확 일치
poi-src/test-data/spreadsheet/mv-calculator-final-2-20-2013.xlsm,시트 셀,MV Cont. Table - Medical!CW73,xl/worksheets/sheet5.xml:CW73,1.7244949999999998E-2,"#,##0.000_);\(#,##0.000\)",0.017_),0.017 ,0.017 ,회계 수치·정밀도·통화·공백 정확 일치
poi-src/test-data/spreadsheet/mv-calculator-final-2-20-2013.xlsm,시트 셀,MV Cont. Table - Medical!CW74,xl/worksheets/sheet5.xml:CW74,2.3211768599999998E-2,"#,##0.000_);\(#,##0.000\)",0.023_),0.023 ,0.023 ,회계 수치·정밀도·통화·공백 정확 일치
poi-src/test-data/spreadsheet/mv-calculator-final-2-20-2013.xlsm,시트 셀,MV Cont. Table - Medical!CW75,xl/worksheets/sheet5.xml:CW75,2.7263144E-2,"#,##0.000_);\(#,##0.000\)",0.027_),0.027 ,0.027 ,회계 수치·정밀도·통화·공백 정확 일치
poi-src/test-data/spreadsheet/mv-calculator-final-2-20-2013.xlsm,시트 셀,MV Cont. Table - Medical!CW76,xl/worksheets/sheet5.xml:CW76,3.0245617999999998E-2,"#,##0.000_);\(#,##0.000\)",0.030_),0.030 ,0.030 ,회계 수치·정밀도·통화·공백 정확 일치
poi-src/test-data/spreadsheet/mv-calculator-final-2-20-2013.xlsm,시트 셀,MV Cont. Table - Medical!CW77,xl/worksheets/sheet5.xml:CW77,3.2471963700000002E-2,"#,##0.000_);\(#,##0.000\)",0.032_),0.032 ,0.032 ,회계 수치·정밀도·통화·공백 정확 일치
poi-src/test-data/spreadsheet/mv-calculator-final-2-20-2013.xlsm,시트 셀,MV Cont. Table - Medical!CW78,xl/worksheets/sheet5.xml:CW78,3.4271660299999999E-2,"#,##0.000_);\(#,##0.000\)",0.034_),0.034 ,0.034 ,회계 수치·정밀도·통화·공백 정확 일치
poi-src/test-data/spreadsheet/mv-calculator-final-2-20-2013.xlsm,시트 셀,MV Cont. Table - Medical!CW79,xl/worksheets/sheet5.xml:CW79,3.5731285500000001E-2,"#,##0.000_);\(#,##0.000\)",0.036_),0.036 ,0.036 ,회계 수치·정밀도·통화·공백 정확 일치
poi-src/test-data/spreadsheet/mv-calculator-final-2-20-2013.xlsm,시트 셀,MV Cont. Table - Medical!CW8,xl/worksheets/sheet5.xml:CW8,1.03982E-5,"#,##0.000_);\(#,##0.000\)",0.000_),0.000 ,0.000 ,회계 수치·정밀도·통화·공백 정확 일치
poi-src/test-data/spreadsheet/mv-calculator-final-2-20-2013.xlsm,시트 셀,MV Cont. Table - Medical!CW80,xl/worksheets/sheet5.xml:CW80,3.6855783699999999E-2,"#,##0.000_);\(#,##0.000\)",0.037_),0.037 ,0.037 ,회계 수치·정밀도·통화·공백 정확 일치
poi-src/test-data/spreadsheet/mv-calculator-final-2-20-2013.xlsm,시트 셀,MV Cont. Table - Medical!CW81,xl/worksheets/sheet5.xml:CW81,4.1898004799999999E-2,"#,##0.000_);\(#,##0.000\)",0.042_),0.042 ,0.042 ,회계 수치·정밀도·통화·공백 정확 일치
poi-src/test-data/spreadsheet/mv-calculator-final-2-20-2013.xlsm,시트 셀,MV Cont. Table - Medical!CW82,xl/worksheets/sheet5.xml:CW82,4.4204475799999997E-2,"#,##0.000_);\(#,##0.000\)",0.044_),0.044 ,0.044 ,회계 수치·정밀도·통화·공백 정확 일치
poi-src/test-data/spreadsheet/mv-calculator-final-2-20-2013.xlsm,시트 셀,MV Cont. Table - Medical!CW83,xl/worksheets/sheet5.xml:CW83,4.4788255200000002E-2,"#,##0.000_);\(#,##0.000\)",0.045_),0.045 ,0.045 ,회계 수치·정밀도·통화·공백 정확 일치
poi-src/test-data/spreadsheet/mv-calculator-final-2-20-2013.xlsm,시트 셀,MV Cont. Table - Medical!CW84,xl/worksheets/sheet5.xml:CW84,4.5036578100000002E-2,"#,##0.000_);\(#,##0.000\)",0.045_),0.045 ,0.045 ,회계 수치·정밀도·통화·공백 정확 일치
poi-src/test-data/spreadsheet/mv-calculator-final-2-20-2013.xlsm,시트 셀,MV Cont. Table - Medical!CW85,xl/worksheets/sheet5.xml:CW85,4.5150672699999998E-2,"#,##0.000_);\(#,##0.000\)",0.045_),0.045 ,0.045 ,회계 수치·정밀도·통화·공백 정확 일치
poi-src/test-data/spreadsheet/mv-calculator-final-2-20-2013.xlsm,시트 셀,MV Cont. Table - Medical!CW86,xl/worksheets/sheet5.xml:CW86,4.5276912400000001E-2,"#,##0.000_);\(#,##0.000\)",0.045_),0.045 ,0.045 ,회계 수치·정밀도·통화·공백 정확 일치
poi-src/test-data/spreadsheet/mv-calculator-final-2-20-2013.xlsm,시트 셀,MV Cont. Table - Medical!CW87,xl/worksheets/sheet5.xml:CW87,4.5308870100000002E-2,"#,##0.000_);\(#,##0.000\)",0.045_),0.045 ,0.045 ,회계 수치·정밀도·통화·공백 정확 일치
poi-src/test-data/spreadsheet/mv-calculator-final-2-20-2013.xlsm,시트 셀,MV Cont. Table - Medical!CW88,xl/worksheets/sheet5.xml:CW88,4.5313249600000001E-2,"#,##0.000_);\(#,##0.000\)",0.045_),0.045 ,0.045 ,회계 수치·정밀도·통화·공백 정확 일치
poi-src/test-data/spreadsheet/mv-calculator-final-2-20-2013.xlsm,시트 셀,MV Cont. Table - Medical!CW9,xl/worksheets/sheet5.xml:CW9,1.1836499999999999E-5,"#,##0.000_);\(#,##0.000\)",0.000_),0.000 ,0.000 ,회계 수치·정밀도·통화·공백 정확 일치
poi-src/test-data/spreadsheet/mv-calculator-final-2-20-2013.xlsm,시트 셀,MV Cont. Table - Medical!CX10,xl/worksheets/sheet5.xml:CX10,1.6526100000000001E-5,"#,##0.000_);\(#,##0.000\)",0.000_),0.000 ,0.000 ,회계 수치·정밀도·통화·공백 정확 일치
poi-src/test-data/spreadsheet/mv-calculator-final-2-20-2013.xlsm,시트 셀,MV Cont. Table - Medical!CX11,xl/worksheets/sheet5.xml:CX11,1.79938E-5,"#,##0.000_);\(#,##0.000\)",0.000_),0.000 ,0.000 ,회계 수치·정밀도·통화·공백 정확 일치
poi-src/test-data/spreadsheet/mv-calculator-final-2-20-2013.xlsm,시트 셀,MV Cont. Table - Medical!CX12,xl/worksheets/sheet5.xml:CX12,1.6459900000000001E-5,"#,##0.000_);\(#,##0.000\)",0.000_),0.000 ,0.000 ,회계 수치·정밀도·통화·공백 정확 일치
poi-src/test-data/spreadsheet/mv-calculator-final-2-20-2013.xlsm,시트 셀,MV Cont. Table - Medical!CX13,xl/worksheets/sheet5.xml:CX13,1.88311E-5,"#,##0.000_);\(#,##0.000\)",0.000_),0.000 ,0.000 ,회계 수치·정밀도·통화·공백 정확 일치
poi-src/test-data/spreadsheet/mv-calculator-final-2-20-2013.xlsm,시트 셀,MV Cont. Table - Medical!CX14,xl/worksheets/sheet5.xml:CX14,2.8627299999999999E-5,"#,##0.000_);\(#,##0.000\)",0.000_),0.000 ,0.000 ,회계 수치·정밀도·통화·공백 정확 일치
poi-src/test-data/spreadsheet/mv-calculator-final-2-20-2013.xlsm,시트 셀,MV Cont. Table - Medical!CX15,xl/worksheets/sheet5.xml:CX15,4.5077400000000003E-5,"#,##0.000_);\(#,##0.000\)",0.000_),0.000 ,0.000 ,회계 수치·정밀도·통화·공백 정확 일치
poi-src/test-data/spreadsheet/mv-calculator-final-2-20-2013.xlsm,시트 셀,MV Cont. Table - Medical!CX16,xl/worksheets/sheet5.xml:CX16,6.4373299999999996E-5,"#,##0.000_);\(#,##0.000\)",0.000_),0.000 ,0.000 ,회계 수치·정밀도·통화·공백 정확 일치
poi-src/test-data/spreadsheet/mv-calculator-final-2-20-2013.xlsm,시트 셀,MV Cont. Table - Medical!CX17,xl/worksheets/sheet5.xml:CX17,7.5969600000000005E-5,"#,##0.000_);\(#,##0.000\)",0.000_),0.000 ,0.000 ,회계 수치·정밀도·통화·공백 정확 일치
poi-src/test-data/spreadsheet/mv-calculator-final-2-20-2013.xlsm,시트 셀,MV Cont. Table - Medical!CX18,xl/worksheets/sheet5.xml:CX18,1.0324019999999999E-4,"#,##0.000_);\(#,##0.000\)",0.000_),0.000 ,0.000 ,회계 수치·정밀도·통화·공백 정확 일치
poi-src/test-data/spreadsheet/mv-calculator-final-2-20-2013.xlsm,시트 셀,MV Cont. Table - Medical!CX19,xl/worksheets/sheet5.xml:CX19,1.4317679999999999E-4,"#,##0.000_);\(#,##0.000\)",0.000_),0.000 ,0.000 ,회계 수치·정밀도·통화·공백 정확 일치
poi-src/test-data/spreadsheet/mv-calculator-final-2-20-2013.xlsm,시트 셀,MV Cont. Table - Medical!CX20,xl/worksheets/sheet5.xml:CX20,1.760155E-4,"#,##0.000_);\(#,##0.000\)",0.000_),0.000 ,0.000 ,회계 수치·정밀도·통화·공백 정확 일치
poi-src/test-data/spreadsheet/mv-calculator-final-2-20-2013.xlsm,시트 셀,MV Cont. Table - Medical!CX21,xl/worksheets/sheet5.xml:CX21,2.4377789999999999E-4,"#,##0.000_);\(#,##0.000\)",0.000_),0.000 ,0.000 ,회계 수치·정밀도·통화·공백 정확 일치
poi-src/test-data/spreadsheet/mv-calculator-final-2-20-2013.xlsm,시트 셀,MV Cont. Table - Medical!CX22,xl/worksheets/sheet5.xml:CX22,2.9332769999999999E-4,"#,##0.000_);\(#,##0.000\)",0.000_),0.000 ,0.000 ,회계 수치·정밀도·통화·공백 정확 일치
poi-src/test-data/spreadsheet/mv-calculator-final-2-20-2013.xlsm,시트 셀,MV Cont. Table - Medical!CX23,xl/worksheets/sheet5.xml:CX23,3.4674499999999997E-4,"#,##0.000_);\(#,##0.000\)",0.000_),0.000 ,0.000 ,회계 수치·정밀도·통화·공백 정확 일치
poi-src/test-data/spreadsheet/mv-calculator-final-2-20-2013.xlsm,시트 셀,MV Cont. Table - Medical!CX24,xl/worksheets/sheet5.xml:CX24,4.342619E-4,"#,##0.000_);\(#,##0.000\)",0.000_),0.000 ,0.000 ,회계 수치·정밀도·통화·공백 정확 일치
poi-src/test-data/spreadsheet/mv-calculator-final-2-20-2013.xlsm,시트 셀,MV Cont. Table - Medical!CX25,xl/worksheets/sheet5.xml:CX25,5.2862679999999998E-4,"#,##0.000_);\(#,##0.000\)",0.001_),0.001 ,0.001 ,회계 수치·정밀도·통화·공백 정확 일치
poi-src/test-data/spreadsheet/mv-calculator-final-2-20-2013.xlsm,시트 셀,MV Cont. Table - Medical!CX26,xl/worksheets/sheet5.xml:CX26,6.2911330000000004E-4,"#,##0.000_);\(#,##0.000\)",0.001_),0.001 ,0.001 ,회계 수치·정밀도·통화·공백 정확 일치
poi-src/test-data/spreadsheet/mv-calculator-final-2-20-2013.xlsm,시트 셀,MV Cont. Table - Medical!CX27,xl/worksheets/sheet5.xml:CX27,7.5669789999999995E-4,"#,##0.000_);\(#,##0.000\)",0.001_),0.001 ,0.001 ,회계 수치·정밀도·통화·공백 정확 일치
poi-src/test-data/spreadsheet/mv-calculator-final-2-20-2013.xlsm,시트 셀,MV Cont. Table - Medical!CX28,xl/worksheets/sheet5.xml:CX28,8.7834420000000005E-4,"#,##0.000_);\(#,##0.000\)",0.001_),0.001 ,0.001 ,회계 수치·정밀도·통화·공백 정확 일치
poi-src/test-data/spreadsheet/mv-calculator-final-2-20-2013.xlsm,시트 셀,MV Cont. Table - Medical!CX29,xl/worksheets/sheet5.xml:CX29,1.0240258999999999E-3,"#,##0.000_);\(#,##0.000\)",0.001_),0.001 ,0.001 ,회계 수치·정밀도·통화·공백 정확 일치
poi-src/test-data/spreadsheet/mv-calculator-final-2-20-2013.xlsm,시트 셀,MV Cont. Table - Medical!CX30,xl/worksheets/sheet5.xml:CX30,1.1963427E-3,"#,##0.000_);\(#,##0.000\)",0.001_),0.001 ,0.001 ,회계 수치·정밀도·통화·공백 정확 일치
poi-src/test-data/spreadsheet/mv-calculator-final-2-20-2013.xlsm,시트 셀,MV Cont. Table - Medical!CX31,xl/worksheets/sheet5.xml:CX31,1.3865405999999999E-3,"#,##0.000_);\(#,##0.000\)",0.001_),0.001 ,0.001 ,회계 수치·정밀도·통화·공백 정확 일치
poi-src/test-data/spreadsheet/mv-calculator-final-2-20-2013.xlsm,시트 셀,MV Cont. Table - Medical!CX32,xl/worksheets/sheet5.xml:CX32,1.5709696E-3,"#,##0.000_);\(#,##0.000\)",0.002_),0.002 ,0.002 ,회계 수치·정밀도·통화·공백 정확 일치
poi-src/test-data/spreadsheet/mv-calculator-final-2-20-2013.xlsm,시트 셀,MV Cont. Table - Medical!CX33,xl/worksheets/sheet5.xml:CX33,1.7551956E-3,"#,##0.000_);\(#,##0.000\)",0.002_),0.002 ,0.002 ,회계 수치·정밀도·통화·공백 정확 일치
poi-src/test-data/spreadsheet/mv-calculator-final-2-20-2013.xlsm,시트 셀,MV Cont. Table - Medical!CX34,xl/worksheets/sheet5.xml:CX34,1.9774093E-3,"#,##0.000_);\(#,##0.000\)",0.002_),0.002 ,0.002 ,회계 수치·정밀도·통화·공백 정확 일치
poi-src/test-data/spreadsheet/mv-calculator-final-2-20-2013.xlsm,시트 셀,MV Cont. Table - Medical!CX35,xl/worksheets/sheet5.xml:CX35,2.2165863000000001E-3,"#,##0.000_);\(#,##0.000\)",0.002_),0.002 ,0.002 ,회계 수치·정밀도·통화·공백 정확 일치
poi-src/test-data/spreadsheet/mv-calculator-final-2-20-2013.xlsm,시트 셀,MV Cont. Table - Medical!CX36,xl/worksheets/sheet5.xml:CX36,2.4485831999999999E-3,"#,##0.000_);\(#,##0.000\)",0.002_),0.002 ,0.002 ,회계 수치·정밀도·통화·공백 정확 일치
poi-src/test-data/spreadsheet/mv-calculator-final-2-20-2013.xlsm,시트 셀,MV Cont. Table - Medical!CX37,xl/worksheets/sheet5.xml:CX37,2.7078610999999998E-3,"#,##0.000_);\(#,##0.000\)",0.003_),0.003 ,0.003 ,회계 수치·정밀도·통화·공백 정확 일치
poi-src/test-data/spreadsheet/mv-calculator-final-2-20-2013.xlsm,시트 셀,MV Cont. Table - Medical!CX38,xl/worksheets/sheet5.xml:CX38,2.9656472000000001E-3,"#,##0.000_);\(#,##0.000\)",0.003_),0.003 ,0.003 ,회계 수치·정밀도·통화·공백 정확 일치
poi-src/test-data/spreadsheet/mv-calculator-final-2-20-2013.xlsm,시트 셀,MV Cont. Table - Medical!CX39,xl/worksheets/sheet5.xml:CX39,3.2244929000000001E-3,"#,##0.000_);\(#,##0.000\)",0.003_),0.003 ,0.003 ,회계 수치·정밀도·통화·공백 정확 일치
poi-src/test-data/spreadsheet/mv-calculator-final-2-20-2013.xlsm,시트 셀,MV Cont. Table - Medical!CX40,xl/worksheets/sheet5.xml:CX40,3.4819374000000002E-3,"#,##0.000_);\(#,##0.000\)",0.003_),0.003 ,0.003 ,회계 수치·정밀도·통화·공백 정확 일치
poi-src/test-data/spreadsheet/mv-calculator-final-2-20-2013.xlsm,시트 셀,MV Cont. Table - Medical!CX41,xl/worksheets/sheet5.xml:CX41,3.8193251000000002E-3,"#,##0.000_);\(#,##0.000\)",0.004_),0.004 ,0.004 ,회계 수치·정밀도·통화·공백 정확 일치
poi-src/test-data/spreadsheet/mv-calculator-final-2-20-2013.xlsm,시트 셀,MV Cont. Table - Medical!CX42,xl/worksheets/sheet5.xml:CX42,4.0806234000000004E-3,"#,##0.000_);\(#,##0.000\)",0.004_),0.004 ,0.004 ,회계 수치·정밀도·통화·공백 정확 일치
poi-src/test-data/spreadsheet/mv-calculator-final-2-20-2013.xlsm,시트 셀,MV Cont. Table - Medical!CX43,xl/worksheets/sheet5.xml:CX43,4.3708451000000004E-3,"#,##0.000_);\(#,##0.000\)",0.004_),0.004 ,0.004 ,회계 수치·정밀도·통화·공백 정확 일치
poi-src/test-data/spreadsheet/mv-calculator-final-2-20-2013.xlsm,시트 셀,MV Cont. Table - Medical!CX44,xl/worksheets/sheet5.xml:CX44,4.6749877E-3,"#,##0.000_);\(#,##0.000\)",0.005_),0.005 ,0.005 ,회계 수치·정밀도·통화·공백 정확 일치
poi-src/test-data/spreadsheet/mv-calculator-final-2-20-2013.xlsm,시트 셀,MV Cont. Table - Medical!CX45,xl/worksheets/sheet5.xml:CX45,5.0063757000000002E-3,"#,##0.000_);\(#,##0.000\)",0.005_),0.005 ,0.005 ,회계 수치·정밀도·통화·공백 정확 일치
poi-src/test-data/spreadsheet/mv-calculator-final-2-20-2013.xlsm,시트 셀,MV Cont. Table - Medical!CX46,xl/worksheets/sheet5.xml:CX46,5.3404919999999996E-3,"#,##0.000_);\(#,##0.000\)",0.005_),0.005 ,0.005 ,회계 수치·정밀도·통화·공백 정확 일치
poi-src/test-data/spreadsheet/mv-calculator-final-2-20-2013.xlsm,시트 셀,MV Cont. Table - Medical!CX47,xl/worksheets/sheet5.xml:CX47,5.6210859000000004E-3,"#,##0.000_);\(#,##0.000\)",0.006_),0.006 ,0.006 ,회계 수치·정밀도·통화·공백 정확 일치
poi-src/test-data/spreadsheet/mv-calculator-final-2-20-2013.xlsm,시트 셀,MV Cont. Table - Medical!CX48,xl/worksheets/sheet5.xml:CX48,5.9199821999999999E-3,"#,##0.000_);\(#,##0.000\)",0.006_),0.006 ,0.006 ,회계 수치·정밀도·통화·공백 정확 일치
poi-src/test-data/spreadsheet/mv-calculator-final-2-20-2013.xlsm,시트 셀,MV Cont. Table - Medical!CX49,xl/worksheets/sheet5.xml:CX49,6.1933476000000003E-3,"#,##0.000_);\(#,##0.000\)",0.006_),0.006 ,0.006 ,회계 수치·정밀도·통화·공백 정확 일치
poi-src/test-data/spreadsheet/mv-calculator-final-2-20-2013.xlsm,시트 셀,MV Cont. Table - Medical!CX5,xl/worksheets/sheet5.xml:CX5,0,"#,##0.000_);\(#,##0.000\)",0.000_),0.000 ,0.000 ,회계 수치·정밀도·통화·공백 정확 일치
poi-src/test-data/spreadsheet/mv-calculator-final-2-20-2013.xlsm,시트 셀,MV Cont. Table - Medical!CX50,xl/worksheets/sheet5.xml:CX50,6.4542547999999998E-3,"#,##0.000_);\(#,##0.000\)",0.006_),0.006 ,0.006 ,회계 수치·정밀도·통화·공백 정확 일치
poi-src/test-data/spreadsheet/mv-calculator-final-2-20-2013.xlsm,시트 셀,MV Cont. Table - Medical!CX51,xl/worksheets/sheet5.xml:CX51,6.7759960000000003E-3,"#,##0.000_);\(#,##0.000\)",0.007_),0.007 ,0.007 ,회계 수치·정밀도·통화·공백 정확 일치
poi-src/test-data/spreadsheet/mv-calculator-final-2-20-2013.xlsm,시트 셀,MV Cont. Table - Medical!CX52,xl/worksheets/sheet5.xml:CX52,7.0545089E-3,"#,##0.000_);\(#,##0.000\)",0.007_),0.007 ,0.007 ,회계 수치·정밀도·통화·공백 정확 일치
poi-src/test-data/spreadsheet/mv-calculator-final-2-20-2013.xlsm,시트 셀,MV Cont. Table - Medical!CX53,xl/worksheets/sheet5.xml:CX53,7.3104909999999997E-3,"#,##0.000_);\(#,##0.000\)",0.007_),0.007 ,0.007 ,회계 수치·정밀도·통화·공백 정확 일치
poi-src/test-data/spreadsheet/mv-calculator-final-2-20-2013.xlsm,시트 셀,MV Cont. Table - Medical!CX54,xl/worksheets/sheet5.xml:CX54,7.5574989E-3,"#,##0.000_);\(#,##0.000\)",0.008_),0.008 ,0.008 ,회계 수치·정밀도·통화·공백 정확 일치
poi-src/test-data/spreadsheet/mv-calculator-final-2-20-2013.xlsm,시트 셀,MV Cont. Table - Medical!CX55,xl/worksheets/sheet5.xml:CX55,7.7908982000000002E-3,"#,##0.000_);\(#,##0.000\)",0.008_),0.008 ,0.008 ,회계 수치·정밀도·통화·공백 정확 일치
poi-src/test-data/spreadsheet/mv-calculator-final-2-20-2013.xlsm,시트 셀,MV Cont. Table - Medical!CX56,xl/worksheets/sheet5.xml:CX56,8.0133704000000007E-3,"#,##0.000_);\(#,##0.000\)",0.008_),0.008 ,0.008 ,회계 수치·정밀도·통화·공백 정확 일치
poi-src/test-data/spreadsheet/mv-calculator-final-2-20-2013.xlsm,시트 셀,MV Cont. Table - Medical!CX57,xl/worksheets/sheet5.xml:CX57,8.3355032000000003E-3,"#,##0.000_);\(#,##0.000\)",0.008_),0.008 ,0.008 ,회계 수치·정밀도·통화·공백 정확 일치
poi-src/test-data/spreadsheet/mv-calculator-final-2-20-2013.xlsm,시트 셀,MV Cont. Table - Medical!CX58,xl/worksheets/sheet5.xml:CX58,8.6094519000000005E-3,"#,##0.000_);\(#,##0.000\)",0.009_),0.009 ,0.009 ,회계 수치·정밀도·통화·공백 정확 일치
poi-src/test-data/spreadsheet/mv-calculator-final-2-20-2013.xlsm,시트 셀,MV Cont. Table - Medical!CX59,xl/worksheets/sheet5.xml:CX59,8.8487310999999999E-3,"#,##0.000_);\(#,##0.000\)",0.009_),0.009 ,0.009 ,회계 수치·정밀도·통화·공백 정확 일치
poi-src/test-data/spreadsheet/mv-calculator-final-2-20-2013.xlsm,시트 셀,MV Cont. Table - Medical!CX6,xl/worksheets/sheet5.xml:CX6,0,"#,##0.000_);\(#,##0.000\)",0.000_),0.000 ,0.000 ,회계 수치·정밀도·통화·공백 정확 일치
poi-src/test-data/spreadsheet/mv-calculator-final-2-20-2013.xlsm,시트 셀,MV Cont. Table - Medical!CX60,xl/worksheets/sheet5.xml:CX60,9.0539166999999993E-3,"#,##0.000_);\(#,##0.000\)",0.009_),0.009 ,0.009 ,회계 수치·정밀도·통화·공백 정확 일치
poi-src/test-data/spreadsheet/mv-calculator-final-2-20-2013.xlsm,시트 셀,MV Cont. Table - Medical!CX61,xl/worksheets/sheet5.xml:CX61,9.3011156999999994E-3,"#,##0.000_);\(#,##0.000\)",0.009_),0.009 ,0.009 ,회계 수치·정밀도·통화·공백 정확 일치
poi-src/test-data/spreadsheet/mv-calculator-final-2-20-2013.xlsm,시트 셀,MV Cont. Table - Medical!CX62,xl/worksheets/sheet5.xml:CX62,9.4944003000000006E-3,"#,##0.000_);\(#,##0.000\)",0.009_),0.009 ,0.009 ,회계 수치·정밀도·통화·공백 정확 일치
poi-src/test-data/spreadsheet/mv-calculator-final-2-20-2013.xlsm,시트 셀,MV Cont. Table - Medical!CX63,xl/worksheets/sheet5.xml:CX63,9.6992568000000001E-3,"#,##0.000_);\(#,##0.000\)",0.010_),0.010 ,0.010 ,회계 수치·정밀도·통화·공백 정확 일치
poi-src/test-data/spreadsheet/mv-calculator-final-2-20-2013.xlsm,시트 셀,MV Cont. Table - Medical!CX64,xl/worksheets/sheet5.xml:CX64,9.8793348999999999E-3,"#,##0.000_);\(#,##0.000\)",0.010_),0.010 ,0.010 ,회계 수치·정밀도·통화·공백 정확 일치
poi-src/test-data/spreadsheet/mv-calculator-final-2-20-2013.xlsm,시트 셀,MV Cont. Table - Medical!CX65,xl/worksheets/sheet5.xml:CX65,1.00550889E-2,"#,##0.000_);\(#,##0.000\)",0.010_),0.010 ,0.010 ,회계 수치·정밀도·통화·공백 정확 일치
poi-src/test-data/spreadsheet/mv-calculator-final-2-20-2013.xlsm,시트 셀,MV Cont. Table - Medical!CX66,xl/worksheets/sheet5.xml:CX66,1.02212949E-2,"#,##0.000_);\(#,##0.000\)",0.010_),0.010 ,0.010 ,회계 수치·정밀도·통화·공백 정확 일치
poi-src/test-data/spreadsheet/mv-calculator-final-2-20-2013.xlsm,시트 셀,MV Cont. Table - Medical!CX67,xl/worksheets/sheet5.xml:CX67,1.0396584699999999E-2,"#,##0.000_);\(#,##0.000\)",0.010_),0.010 ,0.010 ,회계 수치·정밀도·통화·공백 정확 일치
poi-src/test-data/spreadsheet/mv-calculator-final-2-20-2013.xlsm,시트 셀,MV Cont. Table - Medical!CX68,xl/worksheets/sheet5.xml:CX68,1.05709297E-2,"#,##0.000_);\(#,##0.000\)",0.011_),0.011 ,0.011 ,회계 수치·정밀도·통화·공백 정확 일치
poi-src/test-data/spreadsheet/mv-calculator-final-2-20-2013.xlsm,시트 셀,MV Cont. Table - Medical!CX69,xl/worksheets/sheet5.xml:CX69,1.0759086399999999E-2,"#,##0.000_);\(#,##0.000\)",0.011_),0.011 ,0.011 ,회계 수치·정밀도·통화·공백 정확 일치
poi-src/test-data/spreadsheet/mv-calculator-final-2-20-2013.xlsm,시트 셀,MV Cont. Table - Medical!CX7,xl/worksheets/sheet5.xml:CX7,1.90136E-5,"#,##0.000_);\(#,##0.000\)",0.000_),0.000 ,0.000 ,회계 수치·정밀도·통화·공백 정확 일치
poi-src/test-data/spreadsheet/mv-calculator-final-2-20-2013.xlsm,시트 셀,MV Cont. Table - Medical!CX70,xl/worksheets/sheet5.xml:CX70,1.0901032999999999E-2,"#,##0.000_);\(#,##0.000\)",0.011_),0.011 ,0.011 ,회계 수치·정밀도·통화·공백 정확 일치
poi-src/test-data/spreadsheet/mv-calculator-final-2-20-2013.xlsm,시트 셀,MV Cont. Table - Medical!CX71,xl/worksheets/sheet5.xml:CX71,1.2321402299999999E-2,"#,##0.000_);\(#,##0.000\)",0.012_),0.012 ,0.012 ,회계 수치·정밀도·통화·공백 정확 일치
poi-src/test-data/spreadsheet/mv-calculator-final-2-20-2013.xlsm,시트 셀,MV Cont. Table - Medical!CX72,xl/worksheets/sheet5.xml:CX72,1.6195710499999998E-2,"#,##0.000_);\(#,##0.000\)",0.016_),0.016 ,0.016 ,회계 수치·정밀도·통화·공백 정확 일치
poi-src/test-data/spreadsheet/mv-calculator-final-2-20-2013.xlsm,시트 셀,MV Cont. Table - Medical!CX73,xl/worksheets/sheet5.xml:CX73,2.6859355099999999E-2,"#,##0.000_);\(#,##0.000\)",0.027_),0.027 ,0.027 ,회계 수치·정밀도·통화·공백 정확 일치
poi-src/test-data/spreadsheet/mv-calculator-final-2-20-2013.xlsm,시트 셀,MV Cont. Table - Medical!CX74,xl/worksheets/sheet5.xml:CX74,3.6911514600000001E-2,"#,##0.000_);\(#,##0.000\)",0.037_),0.037 ,0.037 ,회계 수치·정밀도·통화·공백 정확 일치
poi-src/test-data/spreadsheet/mv-calculator-final-2-20-2013.xlsm,시트 셀,MV Cont. Table - Medical!CX75,xl/worksheets/sheet5.xml:CX75,4.3854426500000002E-2,"#,##0.000_);\(#,##0.000\)",0.044_),0.044 ,0.044 ,회계 수치·정밀도·통화·공백 정확 일치
poi-src/test-data/spreadsheet/mv-calculator-final-2-20-2013.xlsm,시트 셀,MV Cont. Table - Medical!CX76,xl/worksheets/sheet5.xml:CX76,4.9076015600000002E-2,"#,##0.000_);\(#,##0.000\)",0.049_),0.049 ,0.049 ,회계 수치·정밀도·통화·공백 정확 일치
poi-src/test-data/spreadsheet/mv-calculator-final-2-20-2013.xlsm,시트 셀,MV Cont. Table - Medical!CX77,xl/worksheets/sheet5.xml:CX77,5.3035746600000003E-2,"#,##0.000_);\(#,##0.000\)",0.053_),0.053 ,0.053 ,회계 수치·정밀도·통화·공백 정확 일치
poi-src/test-data/spreadsheet/mv-calculator-final-2-20-2013.xlsm,시트 셀,MV Cont. Table - Medical!CX78,xl/worksheets/sheet5.xml:CX78,5.6254524799999997E-2,"#,##0.000_);\(#,##0.000\)",0.056_),0.056 ,0.056 ,회계 수치·정밀도·통화·공백 정확 일치
poi-src/test-data/spreadsheet/mv-calculator-final-2-20-2013.xlsm,시트 셀,MV Cont. Table - Medical!CX79,xl/worksheets/sheet5.xml:CX79,5.8910907999999998E-2,"#,##0.000_);\(#,##0.000\)",0.059_),0.059 ,0.059 ,회계 수치·정밀도·통화·공백 정확 일치
poi-src/test-data/spreadsheet/mv-calculator-final-2-20-2013.xlsm,시트 셀,MV Cont. Table - Medical!CX8,xl/worksheets/sheet5.xml:CX8,1.5169300000000001E-5,"#,##0.000_);\(#,##0.000\)",0.000_),0.000 ,0.000 ,회계 수치·정밀도·통화·공백 정확 일치
poi-src/test-data/spreadsheet/mv-calculator-final-2-20-2013.xlsm,시트 셀,MV Cont. Table - Medical!CX80,xl/worksheets/sheet5.xml:CX80,6.0973296000000003E-2,"#,##0.000_);\(#,##0.000\)",0.061_),0.061 ,0.061 ,회계 수치·정밀도·통화·공백 정확 일치
poi-src/test-data/spreadsheet/mv-calculator-final-2-20-2013.xlsm,시트 셀,MV Cont. Table - Medical!CX81,xl/worksheets/sheet5.xml:CX81,7.0476038399999996E-2,"#,##0.000_);\(#,##0.000\)",0.070_),0.070 ,0.070 ,회계 수치·정밀도·통화·공백 정확 일치
poi-src/test-data/spreadsheet/mv-calculator-final-2-20-2013.xlsm,시트 셀,MV Cont. Table - Medical!CX82,xl/worksheets/sheet5.xml:CX82,7.4962671699999997E-2,"#,##0.000_);\(#,##0.000\)",0.075_),0.075 ,0.075 ,회계 수치·정밀도·통화·공백 정확 일치
poi-src/test-data/spreadsheet/mv-calculator-final-2-20-2013.xlsm,시트 셀,MV Cont. Table - Medical!CX83,xl/worksheets/sheet5.xml:CX83,7.61238308E-2,"#,##0.000_);\(#,##0.000\)",0.076_),0.076 ,0.076 ,회계 수치·정밀도·통화·공백 정확 일치
poi-src/test-data/spreadsheet/mv-calculator-final-2-20-2013.xlsm,시트 셀,MV Cont. Table - Medical!CX84,xl/worksheets/sheet5.xml:CX84,7.6619986599999995E-2,"#,##0.000_);\(#,##0.000\)",0.077_),0.077 ,0.077 ,회계 수치·정밀도·통화·공백 정확 일치
poi-src/test-data/spreadsheet/mv-calculator-final-2-20-2013.xlsm,시트 셀,MV Cont. Table - Medical!CX85,xl/worksheets/sheet5.xml:CX85,7.6847069200000007E-2,"#,##0.000_);\(#,##0.000\)",0.077_),0.077 ,0.077 ,회계 수치·정밀도·통화·공백 정확 일치
poi-src/test-data/spreadsheet/mv-calculator-final-2-20-2013.xlsm,시트 셀,MV Cont. Table - Medical!CX86,xl/worksheets/sheet5.xml:CX86,7.7101119699999998E-2,"#,##0.000_);\(#,##0.000\)",0.077_),0.077 ,0.077 ,회계 수치·정밀도·통화·공백 정확 일치
poi-src/test-data/spreadsheet/mv-calculator-final-2-20-2013.xlsm,시트 셀,MV Cont. Table - Medical!CX87,xl/worksheets/sheet5.xml:CX87,7.7165573799999998E-2,"#,##0.000_);\(#,##0.000\)",0.077_),0.077 ,0.077 ,회계 수치·정밀도·통화·공백 정확 일치
poi-src/test-data/spreadsheet/mv-calculator-final-2-20-2013.xlsm,시트 셀,MV Cont. Table - Medical!CX88,xl/worksheets/sheet5.xml:CX88,7.7174398599999999E-2,"#,##0.000_);\(#,##0.000\)",0.077_),0.077 ,0.077 ,회계 수치·정밀도·통화·공백 정확 일치
poi-src/test-data/spreadsheet/mv-calculator-final-2-20-2013.xlsm,시트 셀,MV Cont. Table - Medical!CX9,xl/worksheets/sheet5.xml:CX9,1.88868E-5,"#,##0.000_);\(#,##0.000\)",0.000_),0.000 ,0.000 ,회계 수치·정밀도·통화·공백 정확 일치
poi-src/test-data/spreadsheet/mv-calculator-final-2-20-2013.xlsm,시트 셀,MV Cont. Table - Medical!CY10,xl/worksheets/sheet5.xml:CY10,1.9140999999999999E-5,"#,##0.000_);\(#,##0.000\)",0.000_),0.000 ,0.000 ,회계 수치·정밀도·통화·공백 정확 일치
poi-src/test-data/spreadsheet/mv-calculator-final-2-20-2013.xlsm,시트 셀,MV Cont. Table - Medical!CY11,xl/worksheets/sheet5.xml:CY11,2.03253E-5,"#,##0.000_);\(#,##0.000\)",0.000_),0.000 ,0.000 ,회계 수치·정밀도·통화·공백 정확 일치
poi-src/test-data/spreadsheet/mv-calculator-final-2-20-2013.xlsm,시트 셀,MV Cont. Table - Medical!CY12,xl/worksheets/sheet5.xml:CY12,1.8584799999999999E-5,"#,##0.000_);\(#,##0.000\)",0.000_),0.000 ,0.000 ,회계 수치·정밀도·통화·공백 정확 일치
poi-src/test-data/spreadsheet/mv-calculator-final-2-20-2013.xlsm,시트 셀,MV Cont. Table - Medical!CY13,xl/worksheets/sheet5.xml:CY13,2.0799399999999999E-5,"#,##0.000_);\(#,##0.000\)",0.000_),0.000 ,0.000 ,회계 수치·정밀도·통화·공백 정확 일치
poi-src/test-data/spreadsheet/mv-calculator-final-2-20-2013.xlsm,시트 셀,MV Cont. Table - Medical!CY14,xl/worksheets/sheet5.xml:CY14,3.0474300000000001E-5,"#,##0.000_);\(#,##0.000\)",0.000_),0.000 ,0.000 ,회계 수치·정밀도·통화·공백 정확 일치
poi-src/test-data/spreadsheet/mv-calculator-final-2-20-2013.xlsm,시트 셀,MV Cont. Table - Medical!CY15,xl/worksheets/sheet5.xml:CY15,4.6826400000000003E-5,"#,##0.000_);\(#,##0.000\)",0.000_),0.000 ,0.000 ,회계 수치·정밀도·통화·공백 정확 일치
poi-src/test-data/spreadsheet/mv-calculator-final-2-20-2013.xlsm,시트 셀,MV Cont. Table - Medical!CY16,xl/worksheets/sheet5.xml:CY16,6.6042299999999996E-5,"#,##0.000_);\(#,##0.000\)",0.000_),0.000 ,0.000 ,회계 수치·정밀도·통화·공백 정확 일치
poi-src/test-data/spreadsheet/mv-calculator-final-2-20-2013.xlsm,시트 셀,MV Cont. Table - Medical!CY17,xl/worksheets/sheet5.xml:CY17,7.75742E-5,"#,##0.000_);\(#,##0.000\)",0.000_),0.000 ,0.000 ,회계 수치·정밀도·통화·공백 정확 일치
poi-src/test-data/spreadsheet/mv-calculator-final-2-20-2013.xlsm,시트 셀,MV Cont. Table - Medical!CY18,xl/worksheets/sheet5.xml:CY18,1.047874E-4,"#,##0.000_);\(#,##0.000\)",0.000_),0.000 ,0.000 ,회계 수치·정밀도·통화·공백 정확 일치
poi-src/test-data/spreadsheet/mv-calculator-final-2-20-2013.xlsm,시트 셀,MV Cont. Table - Medical!CY19,xl/worksheets/sheet5.xml:CY19,1.4704790000000001E-4,"#,##0.000_);\(#,##0.000\)",0.000_),0.000 ,0.000 ,회계 수치·정밀도·통화·공백 정확 일치
poi-src/test-data/spreadsheet/mv-calculator-final-2-20-2013.xlsm,시트 셀,MV Cont. Table - Medical!CY20,xl/worksheets/sheet5.xml:CY20,1.843832E-4,"#,##0.000_);\(#,##0.000\)",0.000_),0.000 ,0.000 ,회계 수치·정밀도·통화·공백 정확 일치
poi-src/test-data/spreadsheet/mv-calculator-final-2-20-2013.xlsm,시트 셀,MV Cont. Table - Medical!CY21,xl/worksheets/sheet5.xml:CY21,2.545634E-4,"#,##0.000_);\(#,##0.000\)",0.000_),0.000 ,0.000 ,회계 수치·정밀도·통화·공백 정확 일치
poi-src/test-data/spreadsheet/mv-calculator-final-2-20-2013.xlsm,시트 셀,MV Cont. Table - Medical!CY22,xl/worksheets/sheet5.xml:CY22,3.0388209999999998E-4,"#,##0.000_);\(#,##0.000\)",0.000_),0.000 ,0.000 ,회계 수치·정밀도·통화·공백 정확 일치
poi-src/test-data/spreadsheet/mv-calculator-final-2-20-2013.xlsm,시트 셀,MV Cont. Table - Medical!CY23,xl/worksheets/sheet5.xml:CY23,3.6134779999999998E-4,"#,##0.000_);\(#,##0.000\)",0.000_),0.000 ,0.000 ,회계 수치·정밀도·통화·공백 정확 일치
poi-src/test-data/spreadsheet/mv-calculator-final-2-20-2013.xlsm,시트 셀,MV Cont. Table - Medical!CY24,xl/worksheets/sheet5.xml:CY24,4.5247080000000001E-4,"#,##0.000_);\(#,##0.000\)",0.000_),0.000 ,0.000 ,회계 수치·정밀도·통화·공백 정확 일치
poi-src/test-data/spreadsheet/mv-calculator-final-2-20-2013.xlsm,시트 셀,MV Cont. Table - Medical!CY25,xl/worksheets/sheet5.xml:CY25,5.5118189999999996E-4,"#,##0.000_);\(#,##0.000\)",0.001_),0.001 ,0.001 ,회계 수치·정밀도·통화·공백 정확 일치
poi-src/test-data/spreadsheet/mv-calculator-final-2-20-2013.xlsm,시트 셀,MV Cont. Table - Medical!CY26,xl/worksheets/sheet5.xml:CY26,6.543117E-4,"#,##0.000_);\(#,##0.000\)",0.001_),0.001 ,0.001 ,회계 수치·정밀도·통화·공백 정확 일치
poi-src/test-data/spreadsheet/mv-calculator-final-2-20-2013.xlsm,시트 셀,MV Cont. Table - Medical!CY27,xl/worksheets/sheet5.xml:CY27,7.8956079999999997E-4,"#,##0.000_);\(#,##0.000\)",0.001_),0.001 ,0.001 ,회계 수치·정밀도·통화·공백 정확 일치
poi-src/test-data/spreadsheet/mv-calculator-final-2-20-2013.xlsm,시트 셀,MV Cont. Table - Medical!CY28,xl/worksheets/sheet5.xml:CY28,9.2351870000000004E-4,"#,##0.000_);\(#,##0.000\)",0.001_),0.001 ,0.001 ,회계 수치·정밀도·통화·공백 정확 일치
poi-src/test-data/spreadsheet/mv-calculator-final-2-20-2013.xlsm,시트 셀,MV Cont. Table - Medical!CY29,xl/worksheets/sheet5.xml:CY29,1.0804745000000001E-3,"#,##0.000_);\(#,##0.000\)",0.001_),0.001 ,0.001 ,회계 수치·정밀도·통화·공백 정확 일치
poi-src/test-data/spreadsheet/mv-calculator-final-2-20-2013.xlsm,시트 셀,MV Cont. Table - Medical!CY30,xl/worksheets/sheet5.xml:CY30,1.2712183000000001E-3,"#,##0.000_);\(#,##0.000\)",0.001_),0.001 ,0.001 ,회계 수치·정밀도·통화·공백 정확 일치
poi-src/test-data/spreadsheet/mv-calculator-final-2-20-2013.xlsm,시트 셀,MV Cont. Table - Medical!CY31,xl/worksheets/sheet5.xml:CY31,1.477529E-3,"#,##0.000_);\(#,##0.000\)",0.001_),0.001 ,0.001 ,회계 수치·정밀도·통화·공백 정확 일치
poi-src/test-data/spreadsheet/mv-calculator-final-2-20-2013.xlsm,시트 셀,MV Cont. Table - Medical!CY32,xl/worksheets/sheet5.xml:CY32,1.668746E-3,"#,##0.000_);\(#,##0.000\)",0.002_),0.002 ,0.002 ,회계 수치·정밀도·통화·공백 정확 일치
poi-src/test-data/spreadsheet/mv-calculator-final-2-20-2013.xlsm,시트 셀,MV Cont. Table - Medical!CY33,xl/worksheets/sheet5.xml:CY33,1.8647227000000001E-3,"#,##0.000_);\(#,##0.000\)",0.002_),0.002 ,0.002 ,회계 수치·정밀도·통화·공백 정확 일치
poi-src/test-data/spreadsheet/mv-calculator-final-2-20-2013.xlsm,시트 셀,MV Cont. Table - Medical!CY34,xl/worksheets/sheet5.xml:CY34,2.1013592999999998E-3,"#,##0.000_);\(#,##0.000\)",0.002_),0.002 ,0.002 ,회계 수치·정밀도·통화·공백 정확 일치
poi-src/test-data/spreadsheet/mv-calculator-final-2-20-2013.xlsm,시트 셀,MV Cont. Table - Medical!CY35,xl/worksheets/sheet5.xml:CY35,2.3608118999999999E-3,"#,##0.000_);\(#,##0.000\)",0.002_),0.002 ,0.002 ,회계 수치·정밀도·통화·공백 정확 일치
poi-src/test-data/spreadsheet/mv-calculator-final-2-20-2013.xlsm,시트 셀,MV Cont. Table - Medical!CY36,xl/worksheets/sheet5.xml:CY36,2.6141856E-3,"#,##0.000_);\(#,##0.000\)",0.003_),0.003 ,0.003 ,회계 수치·정밀도·통화·공백 정확 일치
poi-src/test-data/spreadsheet/mv-calculator-final-2-20-2013.xlsm,시트 셀,MV Cont. Table - Medical!CY37,xl/worksheets/sheet5.xml:CY37,2.8954323E-3,"#,##0.000_);\(#,##0.000\)",0.003_),0.003 ,0.003 ,회계 수치·정밀도·통화·공백 정확 일치
poi-src/test-data/spreadsheet/mv-calculator-final-2-20-2013.xlsm,시트 셀,MV Cont. Table - Medical!CY38,xl/worksheets/sheet5.xml:CY38,3.1772768E-3,"#,##0.000_);\(#,##0.000\)",0.003_),0.003 ,0.003 ,회계 수치·정밀도·통화·공백 정확 일치
poi-src/test-data/spreadsheet/mv-calculator-final-2-20-2013.xlsm,시트 셀,MV Cont. Table - Medical!CY39,xl/worksheets/sheet5.xml:CY39,3.4583437999999998E-3,"#,##0.000_);\(#,##0.000\)",0.003_),0.003 ,0.003 ,회계 수치·정밀도·통화·공백 정확 일치
poi-src/test-data/spreadsheet/mv-calculator-final-2-20-2013.xlsm,시트 셀,MV Cont. Table - Medical!CY40,xl/worksheets/sheet5.xml:CY40,3.7427897000000001E-3,"#,##0.000_);\(#,##0.000\)",0.004_),0.004 ,0.004 ,회계 수치·정밀도·통화·공백 정확 일치
poi-src/test-data/spreadsheet/mv-calculator-final-2-20-2013.xlsm,시트 셀,MV Cont. Table - Medical!CY41,xl/worksheets/sheet5.xml:CY41,4.1117007000000001E-3,"#,##0.000_);\(#,##0.000\)",0.004_),0.004 ,0.004 ,회계 수치·정밀도·통화·공백 정확 일치
poi-src/test-data/spreadsheet/mv-calculator-final-2-20-2013.xlsm,시트 셀,MV Cont. Table - Medical!CY42,xl/worksheets/sheet5.xml:CY42,4.3975858999999997E-3,"#,##0.000_);\(#,##0.000\)",0.004_),0.004 ,0.004 ,회계 수치·정밀도·통화·공백 정확 일치
poi-src/test-data/spreadsheet/mv-calculator-final-2-20-2013.xlsm,시트 셀,MV Cont. Table - Medical!CY43,xl/worksheets/sheet5.xml:CY43,4.7142801E-3,"#,##0.000_);\(#,##0.000\)",0.005_),0.005 ,0.005 ,회계 수치·정밀도·통화·공백 정확 일치
poi-src/test-data/spreadsheet/mv-calculator-final-2-20-2013.xlsm,시트 셀,MV Cont. Table - Medical!CY44,xl/worksheets/sheet5.xml:CY44,5.0532913999999998E-3,"#,##0.000_);\(#,##0.000\)",0.005_),0.005 ,0.005 ,회계 수치·정밀도·통화·공백 정확 일치
poi-src/test-data/spreadsheet/mv-calculator-final-2-20-2013.xlsm,시트 셀,MV Cont. Table - Medical!CY45,xl/worksheets/sheet5.xml:CY45,5.4230564999999996E-3,"#,##0.000_);\(#,##0.000\)",0.005_),0.005 ,0.005 ,회계 수치·정밀도·통화·공백 정확 일치
poi-src/test-data/spreadsheet/mv-calculator-final-2-20-2013.xlsm,시트 셀,MV Cont. Table - Medical!CY46,xl/worksheets/sheet5.xml:CY46,5.7913651999999998E-3,"#,##0.000_);\(#,##0.000\)",0.006_),0.006 ,0.006 ,회계 수치·정밀도·통화·공백 정확 일치
poi-src/test-data/spreadsheet/mv-calculator-final-2-20-2013.xlsm,시트 셀,MV Cont. Table - Medical!CY47,xl/worksheets/sheet5.xml:CY47,6.1100766999999997E-3,"#,##0.000_);\(#,##0.000\)",0.006_),0.006 ,0.006 ,회계 수치·정밀도·통화·공백 정확 일치
poi-src/test-data/spreadsheet/mv-calculator-final-2-20-2013.xlsm,시트 셀,MV Cont. Table - Medical!CY48,xl/worksheets/sheet5.xml:CY48,6.4361169999999999E-3,"#,##0.000_);\(#,##0.000\)",0.006_),0.006 ,0.006 ,회계 수치·정밀도·통화·공백 정확 일치
poi-src/test-data/spreadsheet/mv-calculator-final-2-20-2013.xlsm,시트 셀,MV Cont. Table - Medical!CY49,xl/worksheets/sheet5.xml:CY49,6.7332064000000004E-3,"#,##0.000_);\(#,##0.000\)",0.007_),0.007 ,0.007 ,회계 수치·정밀도·통화·공백 정확 일치
poi-src/test-data/spreadsheet/mv-calculator-final-2-20-2013.xlsm,시트 셀,MV Cont. Table - Medical!CY5,xl/worksheets/sheet5.xml:CY5,0,"#,##0.000_);\(#,##0.000\)",0.000_),0.000 ,0.000 ,회계 수치·정밀도·통화·공백 정확 일치
poi-src/test-data/spreadsheet/mv-calculator-final-2-20-2013.xlsm,시트 셀,MV Cont. Table - Medical!CY50,xl/worksheets/sheet5.xml:CY50,7.0200738000000002E-3,"#,##0.000_);\(#,##0.000\)",0.007_),0.007 ,0.007 ,회계 수치·정밀도·통화·공백 정확 일치
poi-src/test-data/spreadsheet/mv-calculator-final-2-20-2013.xlsm,시트 셀,MV Cont. Table - Medical!CY51,xl/worksheets/sheet5.xml:CY51,7.3855539999999999E-3,"#,##0.000_);\(#,##0.000\)",0.007_),0.007 ,0.007 ,회계 수치·정밀도·통화·공백 정확 일치
poi-src/test-data/spreadsheet/mv-calculator-final-2-20-2013.xlsm,시트 셀,MV Cont. Table - Medical!CY52,xl/worksheets/sheet5.xml:CY52,7.6937806000000001E-3,"#,##0.000_);\(#,##0.000\)",0.008_),0.008 ,0.008 ,회계 수치·정밀도·통화·공백 정확 일치
poi-src/test-data/spreadsheet/mv-calculator-final-2-20-2013.xlsm,시트 셀,MV Cont. Table - Medical!CY53,xl/worksheets/sheet5.xml:CY53,7.9771345E-3,"#,##0.000_);\(#,##0.000\)",0.008_),0.008 ,0.008 ,회계 수치·정밀도·통화·공백 정확 일치
poi-src/test-data/spreadsheet/mv-calculator-final-2-20-2013.xlsm,시트 셀,MV Cont. Table - Medical!CY54,xl/worksheets/sheet5.xml:CY54,8.2549955000000008E-3,"#,##0.000_);\(#,##0.000\)",0.008_),0.008 ,0.008 ,회계 수치·정밀도·통화·공백 정확 일치
poi-src/test-data/spreadsheet/mv-calculator-final-2-20-2013.xlsm,시트 셀,MV Cont. Table - Medical!CY55,xl/worksheets/sheet5.xml:CY55,8.5254179000000003E-3,"#,##0.000_);\(#,##0.000\)",0.009_),0.009 ,0.009 ,회계 수치·정밀도·통화·공백 정확 일치
poi-src/test-data/spreadsheet/mv-calculator-final-2-20-2013.xlsm,시트 셀,MV Cont. Table - Medical!CY56,xl/worksheets/sheet5.xml:CY56,8.7809245000000005E-3,"#,##0.000_);\(#,##0.000\)",0.009_),0.009 ,0.009 ,회계 수치·정밀도·통화·공백 정확 일치
poi-src/test-data/spreadsheet/mv-calculator-final-2-20-2013.xlsm,시트 셀,MV Cont. Table - Medical!CY57,xl/worksheets/sheet5.xml:CY57,9.1442542999999998E-3,"#,##0.000_);\(#,##0.000\)",0.009_),0.009 ,0.009 ,회계 수치·정밀도·통화·공백 정확 일치
poi-src/test-data/spreadsheet/mv-calculator-final-2-20-2013.xlsm,시트 셀,MV Cont. Table - Medical!CY58,xl/worksheets/sheet5.xml:CY58,9.4537217000000007E-3,"#,##0.000_);\(#,##0.000\)",0.009_),0.009 ,0.009 ,회계 수치·정밀도·통화·공백 정확 일치
poi-src/test-data/spreadsheet/mv-calculator-final-2-20-2013.xlsm,시트 셀,MV Cont. Table - Medical!CY59,xl/worksheets/sheet5.xml:CY59,9.7376262000000002E-3,"#,##0.000_);\(#,##0.000\)",0.010_),0.010 ,0.010 ,회계 수치·정밀도·통화·공백 정확 일치
poi-src/test-data/spreadsheet/mv-calculator-final-2-20-2013.xlsm,시트 셀,MV Cont. Table - Medical!CY6,xl/worksheets/sheet5.xml:CY6,0,"#,##0.000_);\(#,##0.000\)",0.000_),0.000 ,0.000 ,회계 수치·정밀도·통화·공백 정확 일치
poi-src/test-data/spreadsheet/mv-calculator-final-2-20-2013.xlsm,시트 셀,MV Cont. Table - Medical!CY60,xl/worksheets/sheet5.xml:CY60,9.9795697999999992E-3,"#,##0.000_);\(#,##0.000\)",0.010_),0.010 ,0.010 ,회계 수치·정밀도·통화·공백 정확 일치
poi-src/test-data/spreadsheet/mv-calculator-final-2-20-2013.xlsm,시트 셀,MV Cont. Table - Medical!CY61,xl/worksheets/sheet5.xml:CY61,1.02654088E-2,"#,##0.000_);\(#,##0.000\)",0.010_),0.010 ,0.010 ,회계 수치·정밀도·통화·공백 정확 일치
poi-src/test-data/spreadsheet/mv-calculator-final-2-20-2013.xlsm,시트 셀,MV Cont. Table - Medical!CY62,xl/worksheets/sheet5.xml:CY62,1.04913833E-2,"#,##0.000_);\(#,##0.000\)",0.010_),0.010 ,0.010 ,회계 수치·정밀도·통화·공백 정확 일치
poi-src/test-data/spreadsheet/mv-calculator-final-2-20-2013.xlsm,시트 셀,MV Cont. Table - Medical!CY63,xl/worksheets/sheet5.xml:CY63,1.0732462999999999E-2,"#,##0.000_);\(#,##0.000\)",0.011_),0.011 ,0.011 ,회계 수치·정밀도·통화·공백 정확 일치
poi-src/test-data/spreadsheet/mv-calculator-final-2-20-2013.xlsm,시트 셀,MV Cont. Table - Medical!CY64,xl/worksheets/sheet5.xml:CY64,1.0941330399999999E-2,"#,##0.000_);\(#,##0.000\)",0.011_),0.011 ,0.011 ,회계 수치·정밀도·통화·공백 정확 일치
poi-src/test-data/spreadsheet/mv-calculator-final-2-20-2013.xlsm,시트 셀,MV Cont. Table - Medical!CY65,xl/worksheets/sheet5.xml:CY65,1.11443467E-2,"#,##0.000_);\(#,##0.000\)",0.011_),0.011 ,0.011 ,회계 수치·정밀도·통화·공백 정확 일치
poi-src/test-data/spreadsheet/mv-calculator-final-2-20-2013.xlsm,시트 셀,MV Cont. Table - Medical!CY66,xl/worksheets/sheet5.xml:CY66,1.13298354E-2,"#,##0.000_);\(#,##0.000\)",0.011_),0.011 ,0.011 ,회계 수치·정밀도·통화·공백 정확 일치
poi-src/test-data/spreadsheet/mv-calculator-final-2-20-2013.xlsm,시트 셀,MV Cont. Table - Medical!CY67,xl/worksheets/sheet5.xml:CY67,1.15252814E-2,"#,##0.000_);\(#,##0.000\)",0.012_),0.012 ,0.012 ,회계 수치·정밀도·통화·공백 정확 일치
poi-src/test-data/spreadsheet/mv-calculator-final-2-20-2013.xlsm,시트 셀,MV Cont. Table - Medical!CY68,xl/worksheets/sheet5.xml:CY68,1.17296269E-2,"#,##0.000_);\(#,##0.000\)",0.012_),0.012 ,0.012 ,회계 수치·정밀도·통화·공백 정확 일치
poi-src/test-data/spreadsheet/mv-calculator-final-2-20-2013.xlsm,시트 셀,MV Cont. Table - Medical!CY69,xl/worksheets/sheet5.xml:CY69,1.1959363299999999E-2,"#,##0.000_);\(#,##0.000\)",0.012_),0.012 ,0.012 ,회계 수치·정밀도·통화·공백 정확 일치
poi-src/test-data/spreadsheet/mv-calculator-final-2-20-2013.xlsm,시트 셀,MV Cont. Table - Medical!CY7,xl/worksheets/sheet5.xml:CY7,1.90136E-5,"#,##0.000_);\(#,##0.000\)",0.000_),0.000 ,0.000 ,회계 수치·정밀도·통화·공백 정확 일치
poi-src/test-data/spreadsheet/mv-calculator-final-2-20-2013.xlsm,시트 셀,MV Cont. Table - Medical!CY70,xl/worksheets/sheet5.xml:CY70,1.21330441E-2,"#,##0.000_);\(#,##0.000\)",0.012_),0.012 ,0.012 ,회계 수치·정밀도·통화·공백 정확 일치
poi-src/test-data/spreadsheet/mv-calculator-final-2-20-2013.xlsm,시트 셀,MV Cont. Table - Medical!CY71,xl/worksheets/sheet5.xml:CY71,1.38086567E-2,"#,##0.000_);\(#,##0.000\)",0.014_),0.014 ,0.014 ,회계 수치·정밀도·통화·공백 정확 일치
poi-src/test-data/spreadsheet/mv-calculator-final-2-20-2013.xlsm,시트 셀,MV Cont. Table - Medical!CY72,xl/worksheets/sheet5.xml:CY72,1.83357164E-2,"#,##0.000_);\(#,##0.000\)",0.018_),0.018 ,0.018 ,회계 수치·정밀도·통화·공백 정확 일치
poi-src/test-data/spreadsheet/mv-calculator-final-2-20-2013.xlsm,시트 셀,MV Cont. Table - Medical!CY73,xl/worksheets/sheet5.xml:CY73,3.0863084900000001E-2,"#,##0.000_);\(#,##0.000\)",0.031_),0.031 ,0.031 ,회계 수치·정밀도·통화·공백 정확 일치
poi-src/test-data/spreadsheet/mv-calculator-final-2-20-2013.xlsm,시트 셀,MV Cont. Table - Medical!CY74,xl/worksheets/sheet5.xml:CY74,4.3157989600000002E-2,"#,##0.000_);\(#,##0.000\)",0.043_),0.043 ,0.043 ,회계 수치·정밀도·통화·공백 정확 일치
poi-src/test-data/spreadsheet/mv-calculator-final-2-20-2013.xlsm,시트 셀,MV Cont. Table - Medical!CY75,xl/worksheets/sheet5.xml:CY75,5.19542921E-2,"#,##0.000_);\(#,##0.000\)",0.052_),0.052 ,0.052 ,회계 수치·정밀도·통화·공백 정확 일치
poi-src/test-data/spreadsheet/mv-calculator-final-2-20-2013.xlsm,시트 셀,MV Cont. Table - Medical!CY76,xl/worksheets/sheet5.xml:CY76,5.8763520299999997E-2,"#,##0.000_);\(#,##0.000\)",0.059_),0.059 ,0.059 ,회계 수치·정밀도·통화·공백 정확 일치
poi-src/test-data/spreadsheet/mv-calculator-final-2-20-2013.xlsm,시트 셀,MV Cont. Table - Medical!CY77,xl/worksheets/sheet5.xml:CY77,6.4010773500000007E-2,"#,##0.000_);\(#,##0.000\)",0.064_),0.064 ,0.064 ,회계 수치·정밀도·통화·공백 정확 일치
poi-src/test-data/spreadsheet/mv-calculator-final-2-20-2013.xlsm,시트 셀,MV Cont. Table - Medical!CY78,xl/worksheets/sheet5.xml:CY78,6.8304010200000001E-2,"#,##0.000_);\(#,##0.000\)",0.068_),0.068 ,0.068 ,회계 수치·정밀도·통화·공백 정확 일치
poi-src/test-data/spreadsheet/mv-calculator-final-2-20-2013.xlsm,시트 셀,MV Cont. Table - Medical!CY79,xl/worksheets/sheet5.xml:CY79,7.1864641800000004E-2,"#,##0.000_);\(#,##0.000\)",0.072_),0.072 ,0.072 ,회계 수치·정밀도·통화·공백 정확 일치
poi-src/test-data/spreadsheet/mv-calculator-final-2-20-2013.xlsm,시트 셀,MV Cont. Table - Medical!CY8,xl/worksheets/sheet5.xml:CY8,1.5169300000000001E-5,"#,##0.000_);\(#,##0.000\)",0.000_),0.000 ,0.000 ,회계 수치·정밀도·통화·공백 정확 일치
poi-src/test-data/spreadsheet/mv-calculator-final-2-20-2013.xlsm,시트 셀,MV Cont. Table - Medical!CY80,xl/worksheets/sheet5.xml:CY80,7.4687103199999993E-2,"#,##0.000_);\(#,##0.000\)",0.075_),0.075 ,0.075 ,회계 수치·정밀도·통화·공백 정확 일치
poi-src/test-data/spreadsheet/mv-calculator-final-2-20-2013.xlsm,시트 셀,MV Cont. Table - Medical!CY81,xl/worksheets/sheet5.xml:CY81,8.7964633900000005E-2,"#,##0.000_);\(#,##0.000\)",0.088_),0.088 ,0.088 ,회계 수치·정밀도·통화·공백 정확 일치
poi-src/test-data/spreadsheet/mv-calculator-final-2-20-2013.xlsm,시트 셀,MV Cont. Table - Medical!CY82,xl/worksheets/sheet5.xml:CY82,9.4530189000000001E-2,"#,##0.000_);\(#,##0.000\)",0.095_),0.095 ,0.095 ,회계 수치·정밀도·통화·공백 정확 일치
poi-src/test-data/spreadsheet/mv-calculator-final-2-20-2013.xlsm,시트 셀,MV Cont. Table - Medical!CY83,xl/worksheets/sheet5.xml:CY83,9.6262555E-2,"#,##0.000_);\(#,##0.000\)",0.096_),0.096 ,0.096 ,회계 수치·정밀도·통화·공백 정확 일치
poi-src/test-data/spreadsheet/mv-calculator-final-2-20-2013.xlsm,시트 셀,MV Cont. Table - Medical!CY84,xl/worksheets/sheet5.xml:CY84,9.7007435899999994E-2,"#,##0.000_);\(#,##0.000\)",0.097_),0.097 ,0.097 ,회계 수치·정밀도·통화·공백 정확 일치
poi-src/test-data/spreadsheet/mv-calculator-final-2-20-2013.xlsm,시트 셀,MV Cont. Table - Medical!CY85,xl/worksheets/sheet5.xml:CY85,9.7347701699999997E-2,"#,##0.000_);\(#,##0.000\)",0.097_),0.097 ,0.097 ,회계 수치·정밀도·통화·공백 정확 일치
poi-src/test-data/spreadsheet/mv-calculator-final-2-20-2013.xlsm,시트 셀,MV Cont. Table - Medical!CY86,xl/worksheets/sheet5.xml:CY86,9.7729341299999994E-2,"#,##0.000_);\(#,##0.000\)",0.098_),0.098 ,0.098 ,회계 수치·정밀도·통화·공백 정확 일치
poi-src/test-data/spreadsheet/mv-calculator-final-2-20-2013.xlsm,시트 셀,MV Cont. Table - Medical!CY87,xl/worksheets/sheet5.xml:CY87,9.7825859900000006E-2,"#,##0.000_);\(#,##0.000\)",0.098_),0.098 ,0.098 ,회계 수치·정밀도·통화·공백 정확 일치
poi-src/test-data/spreadsheet/mv-calculator-final-2-20-2013.xlsm,시트 셀,MV Cont. Table - Medical!CY88,xl/worksheets/sheet5.xml:CY88,9.7839181400000003E-2,"#,##0.000_);\(#,##0.000\)",0.098_),0.098 ,0.098 ,회계 수치·정밀도·통화·공백 정확 일치
poi-src/test-data/spreadsheet/mv-calculator-final-2-20-2013.xlsm,시트 셀,MV Cont. Table - Medical!CY9,xl/worksheets/sheet5.xml:CY9,2.1906999999999999E-5,"#,##0.000_);\(#,##0.000\)",0.000_),0.000 ,0.000 ,회계 수치·정밀도·통화·공백 정확 일치
poi-src/test-data/spreadsheet/mv-calculator-final-2-20-2013.xlsm,시트 셀,MV Cont. Table - Medical!CZ10,xl/worksheets/sheet5.xml:CZ10,1.9140999999999999E-5,"#,##0.000_);\(#,##0.000\)",0.000_),0.000 ,0.000 ,회계 수치·정밀도·통화·공백 정확 일치
poi-src/test-data/spreadsheet/mv-calculator-final-2-20-2013.xlsm,시트 셀,MV Cont. Table - Medical!CZ11,xl/worksheets/sheet5.xml:CZ11,2.03253E-5,"#,##0.000_);\(#,##0.000\)",0.000_),0.000 ,0.000 ,회계 수치·정밀도·통화·공백 정확 일치
poi-src/test-data/spreadsheet/mv-calculator-final-2-20-2013.xlsm,시트 셀,MV Cont. Table - Medical!CZ12,xl/worksheets/sheet5.xml:CZ12,1.8584799999999999E-5,"#,##0.000_);\(#,##0.000\)",0.000_),0.000 ,0.000 ,회계 수치·정밀도·통화·공백 정확 일치
poi-src/test-data/spreadsheet/mv-calculator-final-2-20-2013.xlsm,시트 셀,MV Cont. Table - Medical!CZ13,xl/worksheets/sheet5.xml:CZ13,2.0799399999999999E-5,"#,##0.000_);\(#,##0.000\)",0.000_),0.000 ,0.000 ,회계 수치·정밀도·통화·공백 정확 일치
poi-src/test-data/spreadsheet/mv-calculator-final-2-20-2013.xlsm,시트 셀,MV Cont. Table - Medical!CZ14,xl/worksheets/sheet5.xml:CZ14,3.0474300000000001E-5,"#,##0.000_);\(#,##0.000\)",0.000_),0.000 ,0.000 ,회계 수치·정밀도·통화·공백 정확 일치
poi-src/test-data/spreadsheet/mv-calculator-final-2-20-2013.xlsm,시트 셀,MV Cont. Table - Medical!CZ15,xl/worksheets/sheet5.xml:CZ15,4.6826400000000003E-5,"#,##0.000_);\(#,##0.000\)",0.000_),0.000 ,0.000 ,회계 수치·정밀도·통화·공백 정확 일치
poi-src/test-data/spreadsheet/mv-calculator-final-2-20-2013.xlsm,시트 셀,MV Cont. Table - Medical!CZ16,xl/worksheets/sheet5.xml:CZ16,6.6042299999999996E-5,"#,##0.000_);\(#,##0.000\)",0.000_),0.000 ,0.000 ,회계 수치·정밀도·통화·공백 정확 일치
poi-src/test-data/spreadsheet/mv-calculator-final-2-20-2013.xlsm,시트 셀,MV Cont. Table - Medical!CZ17,xl/worksheets/sheet5.xml:CZ17,7.75742E-5,"#,##0.000_);\(#,##0.000\)",0.000_),0.000 ,0.000 ,회계 수치·정밀도·통화·공백 정확 일치
poi-src/test-data/spreadsheet/mv-calculator-final-2-20-2013.xlsm,시트 셀,MV Cont. Table - Medical!CZ18,xl/worksheets/sheet5.xml:CZ18,1.047874E-4,"#,##0.000_);\(#,##0.000\)",0.000_),0.000 ,0.000 ,회계 수치·정밀도·통화·공백 정확 일치
poi-src/test-data/spreadsheet/mv-calculator-final-2-20-2013.xlsm,시트 셀,MV Cont. Table - Medical!CZ19,xl/worksheets/sheet5.xml:CZ19,1.4791000000000001E-4,"#,##0.000_);\(#,##0.000\)",0.000_),0.000 ,0.000 ,회계 수치·정밀도·통화·공백 정확 일치
poi-src/test-data/spreadsheet/mv-calculator-final-2-20-2013.xlsm,시트 셀,MV Cont. Table - Medical!CZ20,xl/worksheets/sheet5.xml:CZ20,1.891873E-4,"#,##0.000_);\(#,##0.000\)",0.000_),0.000 ,0.000 ,회계 수치·정밀도·통화·공백 정확 일치
poi-src/test-data/spreadsheet/mv-calculator-final-2-20-2013.xlsm,시트 셀,MV Cont. Table - Medical!CZ21,xl/worksheets/sheet5.xml:CZ21,2.5986610000000002E-4,"#,##0.000_);\(#,##0.000\)",0.000_),0.000 ,0.000 ,회계 수치·정밀도·통화·공백 정확 일치
poi-src/test-data/spreadsheet/mv-calculator-final-2-20-2013.xlsm,시트 셀,MV Cont. Table - Medical!CZ22,xl/worksheets/sheet5.xml:CZ22,3.0906720000000001E-4,"#,##0.000_);\(#,##0.000\)",0.000_),0.000 ,0.000 ,회계 수치·정밀도·통화·공백 정확 일치
poi-src/test-data/spreadsheet/mv-calculator-final-2-20-2013.xlsm,시트 셀,MV Cont. Table - Medical!CZ23,xl/worksheets/sheet5.xml:CZ23,3.6835330000000002E-4,"#,##0.000_);\(#,##0.000\)",0.000_),0.000 ,0.000 ,회계 수치·정밀도·통화·공백 정확 일치
poi-src/test-data/spreadsheet/mv-calculator-final-2-20-2013.xlsm,시트 셀,MV Cont. Table - Medical!CZ24,xl/worksheets/sheet5.xml:CZ24,4.6145449999999998E-4,"#,##0.000_);\(#,##0.000\)",0.000_),0.000 ,0.000 ,회계 수치·정밀도·통화·공백 정확 일치
poi-src/test-data/spreadsheet/mv-calculator-final-2-20-2013.xlsm,시트 셀,MV Cont. Table - Medical!CZ25,xl/worksheets/sheet5.xml:CZ25,5.6245579999999996E-4,"#,##0.000_);\(#,##0.000\)",0.001_),0.001 ,0.001 ,회계 수치·정밀도·통화·공백 정확 일치
poi-src/test-data/spreadsheet/mv-calculator-final-2-20-2013.xlsm,시트 셀,MV Cont. Table - Medical!CZ26,xl/worksheets/sheet5.xml:CZ26,6.6541739999999999E-4,"#,##0.000_);\(#,##0.000\)",0.001_),0.001 ,0.001 ,회계 수치·정밀도·통화·공백 정확 일치
poi-src/test-data/spreadsheet/mv-calculator-final-2-20-2013.xlsm,시트 셀,MV Cont. Table - Medical!CZ27,xl/worksheets/sheet5.xml:CZ27,8.0238800000000002E-4,"#,##0.000_);\(#,##0.000\)",0.001_),0.001 ,0.001 ,회계 수치·정밀도·통화·공백 정확 일치
poi-src/test-data/spreadsheet/mv-calculator-final-2-20-2013.xlsm,시트 셀,MV Cont. Table - Medical!CZ28,xl/worksheets/sheet5.xml:CZ28,9.4329349999999995E-4,"#,##0.000_);\(#,##0.000\)",0.001_),0.001 ,0.001 ,회계 수치·정밀도·통화·공백 정확 일치
poi-src/test-data/spreadsheet/mv-calculator-final-2-20-2013.xlsm,시트 셀,MV Cont. Table - Medical!CZ29,xl/worksheets/sheet5.xml:CZ29,1.1023877000000001E-3,"#,##0.000_);\(#,##0.000\)",0.001_),0.001 ,0.001 ,회계 수치·정밀도·통화·공백 정확 일치
poi-src/test-data/spreadsheet/mv-calculator-final-2-20-2013.xlsm,시트 셀,MV Cont. Table - Medical!CZ30,xl/worksheets/sheet5.xml:CZ30,1.3020934E-3,"#,##0.000_);\(#,##0.000\)",0.001_),0.001 ,0.001 ,회계 수치·정밀도·통화·공백 정확 일치
poi-src/test-data/spreadsheet/mv-calculator-final-2-20-2013.xlsm,시트 셀,MV Cont. Table - Medical!CZ31,xl/worksheets/sheet5.xml:CZ31,1.5125424000000001E-3,"#,##0.000_);\(#,##0.000\)",0.002_),0.002 ,0.002 ,회계 수치·정밀도·통화·공백 정확 일치
poi-src/test-data/spreadsheet/mv-calculator-final-2-20-2013.xlsm,시트 셀,MV Cont. Table - Medical!CZ32,xl/worksheets/sheet5.xml:CZ32,1.7051714E-3,"#,##0.000_);\(#,##0.000\)",0.002_),0.002 ,0.002 ,회계 수치·정밀도·통화·공백 정확 일치
poi-src/test-data/spreadsheet/mv-calculator-final-2-20-2013.xlsm,시트 셀,MV Cont. Table - Medical!CZ33,xl/worksheets/sheet5.xml:CZ33,1.9037902999999999E-3,"#,##0.000_);\(#,##0.000\)",0.002_),0.002 ,0.002 ,회계 수치·정밀도·통화·공백 정확 일치
poi-src/test-data/spreadsheet/mv-calculator-final-2-20-2013.xlsm,시트 셀,MV Cont. Table - Medical!CZ34,xl/worksheets/sheet5.xml:CZ34,2.1445195999999999E-3,"#,##0.000_);\(#,##0.000\)",0.002_),0.002 ,0.002 ,회계 수치·정밀도·통화·공백 정확 일치
poi-src/test-data/spreadsheet/mv-calculator-final-2-20-2013.xlsm,시트 셀,MV Cont. Table - Medical!CZ35,xl/worksheets/sheet5.xml:CZ35,2.4072078E-3,"#,##0.000_);\(#,##0.000\)",0.002_),0.002 ,0.002 ,회계 수치·정밀도·통화·공백 정확 일치
poi-src/test-data/spreadsheet/mv-calculator-final-2-20-2013.xlsm,시트 셀,MV Cont. Table - Medical!CZ36,xl/worksheets/sheet5.xml:CZ36,2.6664957999999999E-3,"#,##0.000_);\(#,##0.000\)",0.003_),0.003 ,0.003 ,회계 수치·정밀도·통화·공백 정확 일치
poi-src/test-data/spreadsheet/mv-calculator-final-2-20-2013.xlsm,시트 셀,MV Cont. Table - Medical!CZ37,xl/worksheets/sheet5.xml:CZ37,2.9559450999999998E-3,"#,##0.000_);\(#,##0.000\)",0.003_),0.003 ,0.003 ,회계 수치·정밀도·통화·공백 정확 일치
poi-src/test-data/spreadsheet/mv-calculator-final-2-20-2013.xlsm,시트 셀,MV Cont. Table - Medical!CZ38,xl/worksheets/sheet5.xml:CZ38,3.2416277999999998E-3,"#,##0.000_);\(#,##0.000\)",0.003_),0.003 ,0.003 ,회계 수치·정밀도·통화·공백 정확 일치
poi-src/test-data/spreadsheet/mv-calculator-final-2-20-2013.xlsm,시트 셀,MV Cont. Table - Medical!CZ39,xl/worksheets/sheet5.xml:CZ39,3.5282107000000002E-3,"#,##0.000_);\(#,##0.000\)",0.004_),0.004 ,0.004 ,회계 수치·정밀도·통화·공백 정확 일치
poi-src/test-data/spreadsheet/mv-calculator-final-2-20-2013.xlsm,시트 셀,MV Cont. Table - Medical!CZ40,xl/worksheets/sheet5.xml:CZ40,3.8159668999999999E-3,"#,##0.000_);\(#,##0.000\)",0.004_),0.004 ,0.004 ,회계 수치·정밀도·통화·공백 정확 일치
poi-src/test-data/spreadsheet/mv-calculator-final-2-20-2013.xlsm,시트 셀,MV Cont. Table - Medical!CZ41,xl/worksheets/sheet5.xml:CZ41,4.2001421000000001E-3,"#,##0.000_);\(#,##0.000\)",0.004_),0.004 ,0.004 ,회계 수치·정밀도·통화·공백 정확 일치
poi-src/test-data/spreadsheet/mv-calculator-final-2-20-2013.xlsm,시트 셀,MV Cont. Table - Medical!CZ42,xl/worksheets/sheet5.xml:CZ42,4.491821E-3,"#,##0.000_);\(#,##0.000\)",0.004_),0.004 ,0.004 ,회계 수치·정밀도·통화·공백 정확 일치
poi-src/test-data/spreadsheet/mv-calculator-final-2-20-2013.xlsm,시트 셀,MV Cont. Table - Medical!CZ43,xl/worksheets/sheet5.xml:CZ43,4.8168051E-3,"#,##0.000_);\(#,##0.000\)",0.005_),0.005 ,0.005 ,회계 수치·정밀도·통화·공백 정확 일치
poi-src/test-data/spreadsheet/mv-calculator-final-2-20-2013.xlsm,시트 셀,MV Cont. Table - Medical!CZ44,xl/worksheets/sheet5.xml:CZ44,5.1710630999999996E-3,"#,##0.000_);\(#,##0.000\)",0.005_),0.005 ,0.005 ,회계 수치·정밀도·통화·공백 정확 일치
poi-src/test-data/spreadsheet/mv-calculator-final-2-20-2013.xlsm,시트 셀,MV Cont. Table - Medical!CZ45,xl/worksheets/sheet5.xml:CZ45,5.5502314000000002E-3,"#,##0.000_);\(#,##0.000\)",0.006_),0.006 ,0.006 ,회계 수치·정밀도·통화·공백 정확 일치
poi-src/test-data/spreadsheet/mv-calculator-final-2-20-2013.xlsm,시트 셀,MV Cont. Table - Medical!CZ46,xl/worksheets/sheet5.xml:CZ46,5.9222835000000001E-3,"#,##0.000_);\(#,##0.000\)",0.006_),0.006 ,0.006 ,회계 수치·정밀도·통화·공백 정확 일치
poi-src/test-data/spreadsheet/mv-calculator-final-2-20-2013.xlsm,시트 셀,MV Cont. Table - Medical!CZ47,xl/worksheets/sheet5.xml:CZ47,6.2525274E-3,"#,##0.000_);\(#,##0.000\)",0.006_),0.006 ,0.006 ,회계 수치·정밀도·통화·공백 정확 일치
poi-src/test-data/spreadsheet/mv-calculator-final-2-20-2013.xlsm,시트 셀,MV Cont. Table - Medical!CZ48,xl/worksheets/sheet5.xml:CZ48,6.5827005000000001E-3,"#,##0.000_);\(#,##0.000\)",0.007_),0.007 ,0.007 ,회계 수치·정밀도·통화·공백 정확 일치
poi-src/test-data/spreadsheet/mv-calculator-final-2-20-2013.xlsm,시트 셀,MV Cont. Table - Medical!CZ49,xl/worksheets/sheet5.xml:CZ49,6.8854524000000004E-3,"#,##0.000_);\(#,##0.000\)",0.007_),0.007 ,0.007 ,회계 수치·정밀도·통화·공백 정확 일치
poi-src/test-data/spreadsheet/mv-calculator-final-2-20-2013.xlsm,시트 셀,MV Cont. Table - Medical!CZ5,xl/worksheets/sheet5.xml:CZ5,0,"#,##0.000_);\(#,##0.000\)",0.000_),0.000 ,0.000 ,회계 수치·정밀도·통화·공백 정확 일치
poi-src/test-data/spreadsheet/mv-calculator-final-2-20-2013.xlsm,시트 셀,MV Cont. Table - Medical!CZ50,xl/worksheets/sheet5.xml:CZ50,7.1807523E-3,"#,##0.000_);\(#,##0.000\)",0.007_),0.007 ,0.007 ,회계 수치·정밀도·통화·공백 정확 일치
poi-src/test-data/spreadsheet/mv-calculator-final-2-20-2013.xlsm,시트 셀,MV Cont. Table - Medical!CZ51,xl/worksheets/sheet5.xml:CZ51,7.5590331000000002E-3,"#,##0.000_);\(#,##0.000\)",0.008_),0.008 ,0.008 ,회계 수치·정밀도·통화·공백 정확 일치
poi-src/test-data/spreadsheet/mv-calculator-final-2-20-2013.xlsm,시트 셀,MV Cont. Table - Medical!CZ52,xl/worksheets/sheet5.xml:CZ52,7.8791742999999997E-3,"#,##0.000_);\(#,##0.000\)",0.008_),0.008 ,0.008 ,회계 수치·정밀도·통화·공백 정확 일치
poi-src/test-data/spreadsheet/mv-calculator-final-2-20-2013.xlsm,시트 셀,MV Cont. Table - Medical!CZ53,xl/worksheets/sheet5.xml:CZ53,8.1702735999999998E-3,"#,##0.000_);\(#,##0.000\)",0.008_),0.008 ,0.008 ,회계 수치·정밀도·통화·공백 정확 일치
poi-src/test-data/spreadsheet/mv-calculator-final-2-20-2013.xlsm,시트 셀,MV Cont. Table - Medical!CZ54,xl/worksheets/sheet5.xml:CZ54,8.4497245999999998E-3,"#,##0.000_);\(#,##0.000\)",0.008_),0.008 ,0.008 ,회계 수치·정밀도·통화·공백 정확 일치
poi-src/test-data/spreadsheet/mv-calculator-final-2-20-2013.xlsm,시트 셀,MV Cont. Table - Medical!CZ55,xl/worksheets/sheet5.xml:CZ55,8.7298328000000001E-3,"#,##0.000_);\(#,##0.000\)",0.009_),0.009 ,0.009 ,회계 수치·정밀도·통화·공백 정확 일치
poi-src/test-data/spreadsheet/mv-calculator-final-2-20-2013.xlsm,시트 셀,MV Cont. Table - Medical!CZ56,xl/worksheets/sheet5.xml:CZ56,8.9941893999999998E-3,"#,##0.000_);\(#,##0.000\)",0.009_),0.009 ,0.009 ,회계 수치·정밀도·통화·공백 정확 일치
poi-src/test-data/spreadsheet/mv-calculator-final-2-20-2013.xlsm,시트 셀,MV Cont. Table - Medical!CZ57,xl/worksheets/sheet5.xml:CZ57,9.3735525999999996E-3,"#,##0.000_);\(#,##0.000\)",0.009_),0.009 ,0.009 ,회계 수치·정밀도·통화·공백 정확 일치
poi-src/test-data/spreadsheet/mv-calculator-final-2-20-2013.xlsm,시트 셀,MV Cont. Table - Medical!CZ58,xl/worksheets/sheet5.xml:CZ58,9.7014900999999997E-3,"#,##0.000_);\(#,##0.000\)",0.010_),0.010 ,0.010 ,회계 수치·정밀도·통화·공백 정확 일치
poi-src/test-data/spreadsheet/mv-calculator-final-2-20-2013.xlsm,시트 셀,MV Cont. Table - Medical!CZ59,xl/worksheets/sheet5.xml:CZ59,9.9968890999999997E-3,"#,##0.000_);\(#,##0.000\)",0.010_),0.010 ,0.010 ,회계 수치·정밀도·통화·공백 정확 일치
poi-src/test-data/spreadsheet/mv-calculator-final-2-20-2013.xlsm,시트 셀,MV Cont. Table - Medical!CZ6,xl/worksheets/sheet5.xml:CZ6,0,"#,##0.000_);\(#,##0.000\)",0.000_),0.000 ,0.000 ,회계 수치·정밀도·통화·공백 정확 일치
poi-src/test-data/spreadsheet/mv-calculator-final-2-20-2013.xlsm,시트 셀,MV Cont. Table - Medical!CZ60,xl/worksheets/sheet5.xml:CZ60,1.02485135E-2,"#,##0.000_);\(#,##0.000\)",0.010_),0.010 ,0.010 ,회계 수치·정밀도·통화·공백 정확 일치
poi-src/test-data/spreadsheet/mv-calculator-final-2-20-2013.xlsm,시트 셀,MV Cont. Table - Medical!CZ61,xl/worksheets/sheet5.xml:CZ61,1.0545966699999999E-2,"#,##0.000_);\(#,##0.000\)",0.011_),0.011 ,0.011 ,회계 수치·정밀도·통화·공백 정확 일치
poi-src/test-data/spreadsheet/mv-calculator-final-2-20-2013.xlsm,시트 셀,MV Cont. Table - Medical!CZ62,xl/worksheets/sheet5.xml:CZ62,1.07894737E-2,"#,##0.000_);\(#,##0.000\)",0.011_),0.011 ,0.011 ,회계 수치·정밀도·통화·공백 정확 일치
poi-src/test-data/spreadsheet/mv-calculator-final-2-20-2013.xlsm,시트 셀,MV Cont. Table - Medical!CZ63,xl/worksheets/sheet5.xml:CZ63,1.1043540899999999E-2,"#,##0.000_);\(#,##0.000\)",0.011_),0.011 ,0.011 ,회계 수치·정밀도·통화·공백 정확 일치
poi-src/test-data/spreadsheet/mv-calculator-final-2-20-2013.xlsm,시트 셀,MV Cont. Table - Medical!CZ64,xl/worksheets/sheet5.xml:CZ64,1.12641919E-2,"#,##0.000_);\(#,##0.000\)",0.011_),0.011 ,0.011 ,회계 수치·정밀도·통화·공백 정확 일치
poi-src/test-data/spreadsheet/mv-calculator-final-2-20-2013.xlsm,시트 셀,MV Cont. Table - Medical!CZ65,xl/worksheets/sheet5.xml:CZ65,1.1477778399999999E-2,"#,##0.000_);\(#,##0.000\)",0.011_),0.011 ,0.011 ,회계 수치·정밀도·통화·공백 정확 일치
poi-src/test-data/spreadsheet/mv-calculator-final-2-20-2013.xlsm,시트 셀,MV Cont. Table - Medical!CZ66,xl/worksheets/sheet5.xml:CZ66,1.16713631E-2,"#,##0.000_);\(#,##0.000\)",0.012_),0.012 ,0.012 ,회계 수치·정밀도·통화·공백 정확 일치
poi-src/test-data/spreadsheet/mv-calculator-final-2-20-2013.xlsm,시트 셀,MV Cont. Table - Medical!CZ67,xl/worksheets/sheet5.xml:CZ67,1.1878066200000001E-2,"#,##0.000_);\(#,##0.000\)",0.012_),0.012 ,0.012 ,회계 수치·정밀도·통화·공백 정확 일치
poi-src/test-data/spreadsheet/mv-calculator-final-2-20-2013.xlsm,시트 셀,MV Cont. Table - Medical!CZ68,xl/worksheets/sheet5.xml:CZ68,1.2090677100000001E-2,"#,##0.000_);\(#,##0.000\)",0.012_),0.012 ,0.012 ,회계 수치·정밀도·통화·공백 정확 일치
poi-src/test-data/spreadsheet/mv-calculator-final-2-20-2013.xlsm,시트 셀,MV Cont. Table - Medical!CZ69,xl/worksheets/sheet5.xml:CZ69,1.2332126000000001E-2,"#,##0.000_);\(#,##0.000\)",0.012_),0.012 ,0.012 ,회계 수치·정밀도·통화·공백 정확 일치
poi-src/test-data/spreadsheet/mv-calculator-final-2-20-2013.xlsm,시트 셀,MV Cont. Table - Medical!CZ7,xl/worksheets/sheet5.xml:CZ7,1.90136E-5,"#,##0.000_);\(#,##0.000\)",0.000_),0.000 ,0.000 ,회계 수치·정밀도·통화·공백 정확 일치
poi-src/test-data/spreadsheet/mv-calculator-final-2-20-2013.xlsm,시트 셀,MV Cont. Table - Medical!CZ70,xl/worksheets/sheet5.xml:CZ70,1.2521255300000001E-2,"#,##0.000_);\(#,##0.000\)",0.013_),0.013 ,0.013 ,회계 수치·정밀도·통화·공백 정확 일치
poi-src/test-data/spreadsheet/mv-calculator-final-2-20-2013.xlsm,시트 셀,MV Cont. Table - Medical!CZ71,xl/worksheets/sheet5.xml:CZ71,1.4308471499999999E-2,"#,##0.000_);\(#,##0.000\)",0.014_),0.014 ,0.014 ,회계 수치·정밀도·통화·공백 정확 일치
poi-src/test-data/spreadsheet/mv-calculator-final-2-20-2013.xlsm,시트 셀,MV Cont. Table - Medical!CZ72,xl/worksheets/sheet5.xml:CZ72,1.9196603E-2,"#,##0.000_);\(#,##0.000\)",0.019_),0.019 ,0.019 ,회계 수치·정밀도·통화·공백 정확 일치
poi-src/test-data/spreadsheet/mv-calculator-final-2-20-2013.xlsm,시트 셀,MV Cont. Table - Medical!CZ73,xl/worksheets/sheet5.xml:CZ73,3.2770248600000003E-2,"#,##0.000_);\(#,##0.000\)",0.033_),0.033 ,0.033 ,회계 수치·정밀도·통화·공백 정확 일치
poi-src/test-data/spreadsheet/mv-calculator-final-2-20-2013.xlsm,시트 셀,MV Cont. Table - Medical!CZ74,xl/worksheets/sheet5.xml:CZ74,4.6379484499999998E-2,"#,##0.000_);\(#,##0.000\)",0.046_),0.046 ,0.046 ,회계 수치·정밀도·통화·공백 정확 일치
poi-src/test-data/spreadsheet/mv-calculator-final-2-20-2013.xlsm,시트 셀,MV Cont. Table - Medical!CZ75,xl/worksheets/sheet5.xml:CZ75,5.6349095199999998E-2,"#,##0.000_);\(#,##0.000\)",0.056_),0.056 ,0.056 ,회계 수치·정밀도·통화·공백 정확 일치
poi-src/test-data/spreadsheet/mv-calculator-final-2-20-2013.xlsm,시트 셀,MV Cont. Table - Medical!CZ76,xl/worksheets/sheet5.xml:CZ76,6.4262355500000007E-2,"#,##0.000_);\(#,##0.000\)",0.064_),0.064 ,0.064 ,회계 수치·정밀도·통화·공백 정확 일치
poi-src/test-data/spreadsheet/mv-calculator-final-2-20-2013.xlsm,시트 셀,MV Cont. Table - Medical!CZ77,xl/worksheets/sheet5.xml:CZ77,7.0432600799999995E-2,"#,##0.000_);\(#,##0.000\)",0.070_),0.070 ,0.070 ,회계 수치·정밀도·통화·공백 정확 일치
poi-src/test-data/spreadsheet/mv-calculator-final-2-20-2013.xlsm,시트 셀,MV Cont. Table - Medical!CZ78,xl/worksheets/sheet5.xml:CZ78,7.5499027299999993E-2,"#,##0.000_);\(#,##0.000\)",0.075_),0.075 ,0.075 ,회계 수치·정밀도·통화·공백 정확 일치
poi-src/test-data/spreadsheet/mv-calculator-final-2-20-2013.xlsm,시트 셀,MV Cont. Table - Medical!CZ79,xl/worksheets/sheet5.xml:CZ79,7.9739149499999995E-2,"#,##0.000_);\(#,##0.000\)",0.080_),0.080 ,0.080 ,회계 수치·정밀도·통화·공백 정확 일치
poi-src/test-data/spreadsheet/mv-calculator-final-2-20-2013.xlsm,시트 셀,MV Cont. Table - Medical!CZ8,xl/worksheets/sheet5.xml:CZ8,1.5169300000000001E-5,"#,##0.000_);\(#,##0.000\)",0.000_),0.000 ,0.000 ,회계 수치·정밀도·통화·공백 정확 일치
poi-src/test-data/spreadsheet/mv-calculator-final-2-20-2013.xlsm,시트 셀,MV Cont. Table - Medical!CZ80,xl/worksheets/sheet5.xml:CZ80,8.3138758399999999E-2,"#,##0.000_);\(#,##0.000\)",0.083_),0.083 ,0.083 ,회계 수치·정밀도·통화·공백 정확 일치
poi-src/test-data/spreadsheet/mv-calculator-final-2-20-2013.xlsm,시트 셀,MV Cont. Table - Medical!CZ81,xl/worksheets/sheet5.xml:CZ81,9.9641969100000005E-2,"#,##0.000_);\(#,##0.000\)",0.100_),0.100 ,0.100 ,회계 수치·정밀도·통화·공백 정확 일치
poi-src/test-data/spreadsheet/mv-calculator-final-2-20-2013.xlsm,시트 셀,MV Cont. Table - Medical!CZ82,xl/worksheets/sheet5.xml:CZ82,0.10815496870000001,"#,##0.000_);\(#,##0.000\)",0.108_),0.108 ,0.108 ,회계 수치·정밀도·통화·공백 정확 일치
poi-src/test-data/spreadsheet/mv-calculator-final-2-20-2013.xlsm,시트 셀,MV Cont. Table - Medical!CZ83,xl/worksheets/sheet5.xml:CZ83,0.1104523306,"#,##0.000_);\(#,##0.000\)",0.110_),0.110 ,0.110 ,회계 수치·정밀도·통화·공백 정확 일치
poi-src/test-data/spreadsheet/mv-calculator-final-2-20-2013.xlsm,시트 셀,MV Cont. Table - Medical!CZ84,xl/worksheets/sheet5.xml:CZ84,0.1114454496,"#,##0.000_);\(#,##0.000\)",0.111_),0.111 ,0.111 ,회계 수치·정밀도·통화·공백 정확 일치
poi-src/test-data/spreadsheet/mv-calculator-final-2-20-2013.xlsm,시트 셀,MV Cont. Table - Medical!CZ85,xl/worksheets/sheet5.xml:CZ85,0.1118992369,"#,##0.000_);\(#,##0.000\)",0.112_),0.112 ,0.112 ,회계 수치·정밀도·통화·공백 정확 일치
poi-src/test-data/spreadsheet/mv-calculator-final-2-20-2013.xlsm,시트 셀,MV Cont. Table - Medical!CZ86,xl/worksheets/sheet5.xml:CZ86,0.112408073,"#,##0.000_);\(#,##0.000\)",0.112_),0.112 ,0.112 ,회계 수치·정밀도·통화·공백 정확 일치
poi-src/test-data/spreadsheet/mv-calculator-final-2-20-2013.xlsm,시트 셀,MV Cont. Table - Medical!CZ87,xl/worksheets/sheet5.xml:CZ87,0.1125368724,"#,##0.000_);\(#,##0.000\)",0.113_),0.113 ,0.113 ,회계 수치·정밀도·통화·공백 정확 일치
poi-src/test-data/spreadsheet/mv-calculator-final-2-20-2013.xlsm,시트 셀,MV Cont. Table - Medical!CZ88,xl/worksheets/sheet5.xml:CZ88,0.1125547192,"#,##0.000_);\(#,##0.000\)",0.113_),0.113 ,0.113 ,회계 수치·정밀도·통화·공백 정확 일치
poi-src/test-data/spreadsheet/mv-calculator-final-2-20-2013.xlsm,시트 셀,MV Cont. Table - Medical!CZ9,xl/worksheets/sheet5.xml:CZ9,2.1906999999999999E-5,"#,##0.000_);\(#,##0.000\)",0.000_),0.000 ,0.000 ,회계 수치·정밀도·통화·공백 정확 일치
poi-src/test-data/spreadsheet/mv-calculator-final-2-20-2013.xlsm,시트 셀,MV Cont. Table - Medical!DA10,xl/worksheets/sheet5.xml:DA10,1.9140999999999999E-5,"#,##0.000_);\(#,##0.000\)",0.000_),0.000 ,0.000 ,회계 수치·정밀도·통화·공백 정확 일치
poi-src/test-data/spreadsheet/mv-calculator-final-2-20-2013.xlsm,시트 셀,MV Cont. Table - Medical!DA11,xl/worksheets/sheet5.xml:DA11,2.03253E-5,"#,##0.000_);\(#,##0.000\)",0.000_),0.000 ,0.000 ,회계 수치·정밀도·통화·공백 정확 일치
poi-src/test-data/spreadsheet/mv-calculator-final-2-20-2013.xlsm,시트 셀,MV Cont. Table - Medical!DA12,xl/worksheets/sheet5.xml:DA12,1.8584799999999999E-5,"#,##0.000_);\(#,##0.000\)",0.000_),0.000 ,0.000 ,회계 수치·정밀도·통화·공백 정확 일치
poi-src/test-data/spreadsheet/mv-calculator-final-2-20-2013.xlsm,시트 셀,MV Cont. Table - Medical!DA13,xl/worksheets/sheet5.xml:DA13,2.0799399999999999E-5,"#,##0.000_);\(#,##0.000\)",0.000_),0.000 ,0.000 ,회계 수치·정밀도·통화·공백 정확 일치
poi-src/test-data/spreadsheet/mv-calculator-final-2-20-2013.xlsm,시트 셀,MV Cont. Table - Medical!DA14,xl/worksheets/sheet5.xml:DA14,3.0474300000000001E-5,"#,##0.000_);\(#,##0.000\)",0.000_),0.000 ,0.000 ,회계 수치·정밀도·통화·공백 정확 일치
poi-src/test-data/spreadsheet/mv-calculator-final-2-20-2013.xlsm,시트 셀,MV Cont. Table - Medical!DA15,xl/worksheets/sheet5.xml:DA15,4.6826400000000003E-5,"#,##0.000_);\(#,##0.000\)",0.000_),0.000 ,0.000 ,회계 수치·정밀도·통화·공백 정확 일치
poi-src/test-data/spreadsheet/mv-calculator-final-2-20-2013.xlsm,시트 셀,MV Cont. Table - Medical!DA16,xl/worksheets/sheet5.xml:DA16,6.6042299999999996E-5,"#,##0.000_);\(#,##0.000\)",0.000_),0.000 ,0.000 ,회계 수치·정밀도·통화·공백 정확 일치
poi-src/test-data/spreadsheet/mv-calculator-final-2-20-2013.xlsm,시트 셀,MV Cont. Table - Medical!DA17,xl/worksheets/sheet5.xml:DA17,7.75742E-5,"#,##0.000_);\(#,##0.000\)",0.000_),0.000 ,0.000 ,회계 수치·정밀도·통화·공백 정확 일치
poi-src/test-data/spreadsheet/mv-calculator-final-2-20-2013.xlsm,시트 셀,MV Cont. Table - Medical!DA18,xl/worksheets/sheet5.xml:DA18,1.047874E-4,"#,##0.000_);\(#,##0.000\)",0.000_),0.000 ,0.000 ,회계 수치·정밀도·통화·공백 정확 일치
poi-src/test-data/spreadsheet/mv-calculator-final-2-20-2013.xlsm,시트 셀,MV Cont. Table - Medical!DA19,xl/worksheets/sheet5.xml:DA19,1.4791000000000001E-4,"#,##0.000_);\(#,##0.000\)",0.000_),0.000 ,0.000 ,회계 수치·정밀도·통화·공백 정확 일치
poi-src/test-data/spreadsheet/mv-calculator-final-2-20-2013.xlsm,시트 셀,MV Cont. Table - Medical!DA20,xl/worksheets/sheet5.xml:DA20,1.891873E-4,"#,##0.000_);\(#,##0.000\)",0.000_),0.000 ,0.000 ,회계 수치·정밀도·통화·공백 정확 일치
poi-src/test-data/spreadsheet/mv-calculator-final-2-20-2013.xlsm,시트 셀,MV Cont. Table - Medical!DA21,xl/worksheets/sheet5.xml:DA21,2.5986610000000002E-4,"#,##0.000_);\(#,##0.000\)",0.000_),0.000 ,0.000 ,회계 수치·정밀도·통화·공백 정확 일치
poi-src/test-data/spreadsheet/mv-calculator-final-2-20-2013.xlsm,시트 셀,MV Cont. Table - Medical!DA22,xl/worksheets/sheet5.xml:DA22,3.0906720000000001E-4,"#,##0.000_);\(#,##0.000\)",0.000_),0.000 ,0.000 ,회계 수치·정밀도·통화·공백 정확 일치
poi-src/test-data/spreadsheet/mv-calculator-final-2-20-2013.xlsm,시트 셀,MV Cont. Table - Medical!DA23,xl/worksheets/sheet5.xml:DA23,3.7027989999999998E-4,"#,##0.000_);\(#,##0.000\)",0.000_),0.000 ,0.000 ,회계 수치·정밀도·통화·공백 정확 일치
poi-src/test-data/spreadsheet/mv-calculator-final-2-20-2013.xlsm,시트 셀,MV Cont. Table - Medical!DA24,xl/worksheets/sheet5.xml:DA24,4.6334739999999999E-4,"#,##0.000_);\(#,##0.000\)",0.000_),0.000 ,0.000 ,회계 수치·정밀도·통화·공백 정확 일치
poi-src/test-data/spreadsheet/mv-calculator-final-2-20-2013.xlsm,시트 셀,MV Cont. Table - Medical!DA25,xl/worksheets/sheet5.xml:DA25,5.6676440000000001E-4,"#,##0.000_);\(#,##0.000\)",0.001_),0.001 ,0.001 ,회계 수치·정밀도·통화·공백 정확 일치
poi-src/test-data/spreadsheet/mv-calculator-final-2-20-2013.xlsm,시트 셀,MV Cont. Table - Medical!DA26,xl/worksheets/sheet5.xml:DA26,6.6966539999999998E-4,"#,##0.000_);\(#,##0.000\)",0.001_),0.001 ,0.001 ,회계 수치·정밀도·통화·공백 정확 일치
poi-src/test-data/spreadsheet/mv-calculator-final-2-20-2013.xlsm,시트 셀,MV Cont. Table - Medical!DA27,xl/worksheets/sheet5.xml:DA27,8.0714399999999998E-4,"#,##0.000_);\(#,##0.000\)",0.001_),0.001 ,0.001 ,회계 수치·정밀도·통화·공백 정확 일치
poi-src/test-data/spreadsheet/mv-calculator-final-2-20-2013.xlsm,시트 셀,MV Cont. Table - Medical!DA28,xl/worksheets/sheet5.xml:DA28,9.4927770000000002E-4,"#,##0.000_);\(#,##0.000\)",0.001_),0.001 ,0.001 ,회계 수치·정밀도·통화·공백 정확 일치
poi-src/test-data/spreadsheet/mv-calculator-final-2-20-2013.xlsm,시트 셀,MV Cont. Table - Medical!DA29,xl/worksheets/sheet5.xml:DA29,1.1083046E-3,"#,##0.000_);\(#,##0.000\)",0.001_),0.001 ,0.001 ,회계 수치·정밀도·통화·공백 정확 일치
poi-src/test-data/spreadsheet/mv-calculator-final-2-20-2013.xlsm,시트 셀,MV Cont. Table - Medical!DA30,xl/worksheets/sheet5.xml:DA30,1.3079472999999999E-3,"#,##0.000_);\(#,##0.000\)",0.001_),0.001 ,0.001 ,회계 수치·정밀도·통화·공백 정확 일치
poi-src/test-data/spreadsheet/mv-calculator-final-2-20-2013.xlsm,시트 셀,MV Cont. Table - Medical!DA31,xl/worksheets/sheet5.xml:DA31,1.5215185999999999E-3,"#,##0.000_);\(#,##0.000\)",0.002_),0.002 ,0.002 ,회계 수치·정밀도·통화·공백 정확 일치
poi-src/test-data/spreadsheet/mv-calculator-final-2-20-2013.xlsm,시트 셀,MV Cont. Table - Medical!DA32,xl/worksheets/sheet5.xml:DA32,1.7140644999999999E-3,"#,##0.000_);\(#,##0.000\)",0.002_),0.002 ,0.002 ,회계 수치·정밀도·통화·공백 정확 일치
poi-src/test-data/spreadsheet/mv-calculator-final-2-20-2013.xlsm,시트 셀,MV Cont. Table - Medical!DA33,xl/worksheets/sheet5.xml:DA33,1.9131338000000001E-3,"#,##0.000_);\(#,##0.000\)",0.002_),0.002 ,0.002 ,회계 수치·정밀도·통화·공백 정확 일치
poi-src/test-data/spreadsheet/mv-calculator-final-2-20-2013.xlsm,시트 셀,MV Cont. Table - Medical!DA34,xl/worksheets/sheet5.xml:DA34,2.1543074E-3,"#,##0.000_);\(#,##0.000\)",0.002_),0.002 ,0.002 ,회계 수치·정밀도·통화·공백 정확 일치
poi-src/test-data/spreadsheet/mv-calculator-final-2-20-2013.xlsm,시트 셀,MV Cont. Table - Medical!DA35,xl/worksheets/sheet5.xml:DA35,2.4188369E-3,"#,##0.000_);\(#,##0.000\)",0.002_),0.002 ,0.002 ,회계 수치·정밀도·통화·공백 정확 일치
poi-src/test-data/spreadsheet/mv-calculator-final-2-20-2013.xlsm,시트 셀,MV Cont. Table - Medical!DA36,xl/worksheets/sheet5.xml:DA36,2.6804142E-3,"#,##0.000_);\(#,##0.000\)",0.003_),0.003 ,0.003 ,회계 수치·정밀도·통화·공백 정확 일치
poi-src/test-data/spreadsheet/mv-calculator-final-2-20-2013.xlsm,시트 셀,MV Cont. Table - Medical!DA37,xl/worksheets/sheet5.xml:DA37,2.9728491000000001E-3,"#,##0.000_);\(#,##0.000\)",0.003_),0.003 ,0.003 ,회계 수치·정밀도·통화·공백 정확 일치
poi-src/test-data/spreadsheet/mv-calculator-final-2-20-2013.xlsm,시트 셀,MV Cont. Table - Medical!DA38,xl/worksheets/sheet5.xml:DA38,3.2589125999999999E-3,"#,##0.000_);\(#,##0.000\)",0.003_),0.003 ,0.003 ,회계 수치·정밀도·통화·공백 정확 일치
poi-src/test-data/spreadsheet/mv-calculator-final-2-20-2013.xlsm,시트 셀,MV Cont. Table - Medical!DA39,xl/worksheets/sheet5.xml:DA39,3.5458771999999999E-3,"#,##0.000_);\(#,##0.000\)",0.004_),0.004 ,0.004 ,회계 수치·정밀도·통화·공백 정확 일치
poi-src/test-data/spreadsheet/mv-calculator-final-2-20-2013.xlsm,시트 셀,MV Cont. Table - Medical!DA40,xl/worksheets/sheet5.xml:DA40,3.8335129000000002E-3,"#,##0.000_);\(#,##0.000\)",0.004_),0.004 ,0.004 ,회계 수치·정밀도·통화·공백 정확 일치
poi-src/test-data/spreadsheet/mv-calculator-final-2-20-2013.xlsm,시트 셀,MV Cont. Table - Medical!DA41,xl/worksheets/sheet5.xml:DA41,4.2187235999999999E-3,"#,##0.000_);\(#,##0.000\)",0.004_),0.004 ,0.004 ,회계 수치·정밀도·통화·공백 정확 일치
poi-src/test-data/spreadsheet/mv-calculator-final-2-20-2013.xlsm,시트 셀,MV Cont. Table - Medical!DA42,xl/worksheets/sheet5.xml:DA42,4.5113938999999997E-3,"#,##0.000_);\(#,##0.000\)",0.005_),0.005 ,0.005 ,회계 수치·정밀도·통화·공백 정확 일치
poi-src/test-data/spreadsheet/mv-calculator-final-2-20-2013.xlsm,시트 셀,MV Cont. Table - Medical!DA43,xl/worksheets/sheet5.xml:DA43,4.8385562999999996E-3,"#,##0.000_);\(#,##0.000\)",0.005_),0.005 ,0.005 ,회계 수치·정밀도·통화·공백 정확 일치
poi-src/test-data/spreadsheet/mv-calculator-final-2-20-2013.xlsm,시트 셀,MV Cont. Table - Medical!DA44,xl/worksheets/sheet5.xml:DA44,5.1933483999999997E-3,"#,##0.000_);\(#,##0.000\)",0.005_),0.005 ,0.005 ,회계 수치·정밀도·통화·공백 정확 일치
poi-src/test-data/spreadsheet/mv-calculator-final-2-20-2013.xlsm,시트 셀,MV Cont. Table - Medical!DA45,xl/worksheets/sheet5.xml:DA45,5.5768683000000001E-3,"#,##0.000_);\(#,##0.000\)",0.006_),0.006 ,0.006 ,회계 수치·정밀도·통화·공백 정확 일치
poi-src/test-data/spreadsheet/mv-calculator-final-2-20-2013.xlsm,시트 셀,MV Cont. Table - Medical!DA46,xl/worksheets/sheet5.xml:DA46,5.9520340999999997E-3,"#,##0.000_);\(#,##0.000\)",0.006_),0.006 ,0.006 ,회계 수치·정밀도·통화·공백 정확 일치
poi-src/test-data/spreadsheet/mv-calculator-final-2-20-2013.xlsm,시트 셀,MV Cont. Table - Medical!DA47,xl/worksheets/sheet5.xml:DA47,6.2827724E-3,"#,##0.000_);\(#,##0.000\)",0.006_),0.006 ,0.006 ,회계 수치·정밀도·통화·공백 정확 일치
poi-src/test-data/spreadsheet/mv-calculator-final-2-20-2013.xlsm,시트 셀,MV Cont. Table - Medical!DA48,xl/worksheets/sheet5.xml:DA48,6.6138641000000001E-3,"#,##0.000_);\(#,##0.000\)",0.007_),0.007 ,0.007 ,회계 수치·정밀도·통화·공백 정확 일치
poi-src/test-data/spreadsheet/mv-calculator-final-2-20-2013.xlsm,시트 셀,MV Cont. Table - Medical!DA49,xl/worksheets/sheet5.xml:DA49,6.9188334000000002E-3,"#,##0.000_);\(#,##0.000\)",0.007_),0.007 ,0.007 ,회계 수치·정밀도·통화·공백 정확 일치
poi-src/test-data/spreadsheet/mv-calculator-final-2-20-2013.xlsm,시트 셀,MV Cont. Table - Medical!DA5,xl/worksheets/sheet5.xml:DA5,0,"#,##0.000_);\(#,##0.000\)",0.000_),0.000 ,0.000 ,회계 수치·정밀도·통화·공백 정확 일치
poi-src/test-data/spreadsheet/mv-calculator-final-2-20-2013.xlsm,시트 셀,MV Cont. Table - Medical!DA50,xl/worksheets/sheet5.xml:DA50,7.2179380000000001E-3,"#,##0.000_);\(#,##0.000\)",0.007_),0.007 ,0.007 ,회계 수치·정밀도·통화·공백 정확 일치
poi-src/test-data/spreadsheet/mv-calculator-final-2-20-2013.xlsm,시트 셀,MV Cont. Table - Medical!DA51,xl/worksheets/sheet5.xml:DA51,7.6017072999999998E-3,"#,##0.000_);\(#,##0.000\)",0.008_),0.008 ,0.008 ,회계 수치·정밀도·통화·공백 정확 일치
poi-src/test-data/spreadsheet/mv-calculator-final-2-20-2013.xlsm,시트 셀,MV Cont. Table - Medical!DA52,xl/worksheets/sheet5.xml:DA52,7.9248702999999993E-3,"#,##0.000_);\(#,##0.000\)",0.008_),0.008 ,0.008 ,회계 수치·정밀도·통화·공백 정확 일치
poi-src/test-data/spreadsheet/mv-calculator-final-2-20-2013.xlsm,시트 셀,MV Cont. Table - Medical!DA53,xl/worksheets/sheet5.xml:DA53,8.2198604000000008E-3,"#,##0.000_);\(#,##0.000\)",0.008_),0.008 ,0.008 ,회계 수치·정밀도·통화·공백 정확 일치
poi-src/test-data/spreadsheet/mv-calculator-final-2-20-2013.xlsm,시트 셀,MV Cont. Table - Medical!DA54,xl/worksheets/sheet5.xml:DA54,8.4991161000000006E-3,"#,##0.000_);\(#,##0.000\)",0.008_),0.008 ,0.008 ,회계 수치·정밀도·통화·공백 정확 일치
poi-src/test-data/spreadsheet/mv-calculator-final-2-20-2013.xlsm,시트 셀,MV Cont. Table - Medical!DA55,xl/worksheets/sheet5.xml:DA55,8.7822078000000005E-3,"#,##0.000_);\(#,##0.000\)",0.009_),0.009 ,0.009 ,회계 수치·정밀도·통화·공백 정확 일치
poi-src/test-data/spreadsheet/mv-calculator-final-2-20-2013.xlsm,시트 셀,MV Cont. Table - Medical!DA56,xl/worksheets/sheet5.xml:DA56,9.0492495999999999E-3,"#,##0.000_);\(#,##0.000\)",0.009_),0.009 ,0.009 ,회계 수치·정밀도·통화·공백 정확 일치
poi-src/test-data/spreadsheet/mv-calculator-final-2-20-2013.xlsm,시트 셀,MV Cont. Table - Medical!DA57,xl/worksheets/sheet5.xml:DA57,9.4313016000000006E-3,"#,##0.000_);\(#,##0.000\)",0.009_),0.009 ,0.009 ,회계 수치·정밀도·통화·공백 정확 일치
poi-src/test-data/spreadsheet/mv-calculator-final-2-20-2013.xlsm,시트 셀,MV Cont. Table - Medical!DA58,xl/worksheets/sheet5.xml:DA58,9.7627384000000001E-3,"#,##0.000_);\(#,##0.000\)",0.010_),0.010 ,0.010 ,회계 수치·정밀도·통화·공백 정확 일치
poi-src/test-data/spreadsheet/mv-calculator-final-2-20-2013.xlsm,시트 셀,MV Cont. Table - Medical!DA59,xl/worksheets/sheet5.xml:DA59,1.0059931500000001E-2,"#,##0.000_);\(#,##0.000\)",0.010_),0.010 ,0.010 ,회계 수치·정밀도·통화·공백 정확 일치
poi-src/test-data/spreadsheet/mv-calculator-final-2-20-2013.xlsm,시트 셀,MV Cont. Table - Medical!DA6,xl/worksheets/sheet5.xml:DA6,0,"#,##0.000_);\(#,##0.000\)",0.000_),0.000 ,0.000 ,회계 수치·정밀도·통화·공백 정확 일치
poi-src/test-data/spreadsheet/mv-calculator-final-2-20-2013.xlsm,시트 셀,MV Cont. Table - Medical!DA60,xl/worksheets/sheet5.xml:DA60,1.03139422E-2,"#,##0.000_);\(#,##0.000\)",0.010_),0.010 ,0.010 ,회계 수치·정밀도·통화·공백 정확 일치
poi-src/test-data/spreadsheet/mv-calculator-final-2-20-2013.xlsm,시트 셀,MV Cont. Table - Medical!DA61,xl/worksheets/sheet5.xml:DA61,1.0615324000000001E-2,"#,##0.000_);\(#,##0.000\)",0.011_),0.011 ,0.011 ,회계 수치·정밀도·통화·공백 정확 일치
poi-src/test-data/spreadsheet/mv-calculator-final-2-20-2013.xlsm,시트 셀,MV Cont. Table - Medical!DA62,xl/worksheets/sheet5.xml:DA62,1.0861111200000001E-2,"#,##0.000_);\(#,##0.000\)",0.011_),0.011 ,0.011 ,회계 수치·정밀도·통화·공백 정확 일치
poi-src/test-data/spreadsheet/mv-calculator-final-2-20-2013.xlsm,시트 셀,MV Cont. Table - Medical!DA63,xl/worksheets/sheet5.xml:DA63,1.11193375E-2,"#,##0.000_);\(#,##0.000\)",0.011_),0.011 ,0.011 ,회계 수치·정밀도·통화·공백 정확 일치
poi-src/test-data/spreadsheet/mv-calculator-final-2-20-2013.xlsm,시트 셀,MV Cont. Table - Medical!DA64,xl/worksheets/sheet5.xml:DA64,1.1346582799999999E-2,"#,##0.000_);\(#,##0.000\)",0.011_),0.011 ,0.011 ,회계 수치·정밀도·통화·공백 정확 일치
poi-src/test-data/spreadsheet/mv-calculator-final-2-20-2013.xlsm,시트 셀,MV Cont. Table - Medical!DA65,xl/worksheets/sheet5.xml:DA65,1.15656354E-2,"#,##0.000_);\(#,##0.000\)",0.012_),0.012 ,0.012 ,회계 수치·정밀도·통화·공백 정확 일치
poi-src/test-data/spreadsheet/mv-calculator-final-2-20-2013.xlsm,시트 셀,MV Cont. Table - Medical!DA66,xl/worksheets/sheet5.xml:DA66,1.17594577E-2,"#,##0.000_);\(#,##0.000\)",0.012_),0.012 ,0.012 ,회계 수치·정밀도·통화·공백 정확 일치
poi-src/test-data/spreadsheet/mv-calculator-final-2-20-2013.xlsm,시트 셀,MV Cont. Table - Medical!DA67,xl/worksheets/sheet5.xml:DA67,1.1968634400000001E-2,"#,##0.000_);\(#,##0.000\)",0.012_),0.012 ,0.012 ,회계 수치·정밀도·통화·공백 정확 일치
poi-src/test-data/spreadsheet/mv-calculator-final-2-20-2013.xlsm,시트 셀,MV Cont. Table - Medical!DA68,xl/worksheets/sheet5.xml:DA68,1.2183027900000001E-2,"#,##0.000_);\(#,##0.000\)",0.012_),0.012 ,0.012 ,회계 수치·정밀도·통화·공백 정확 일치
poi-src/test-data/spreadsheet/mv-calculator-final-2-20-2013.xlsm,시트 셀,MV Cont. Table - Medical!DA69,xl/worksheets/sheet5.xml:DA69,1.2425760399999999E-2,"#,##0.000_);\(#,##0.000\)",0.012_),0.012 ,0.012 ,회계 수치·정밀도·통화·공백 정확 일치
poi-src/test-data/spreadsheet/mv-calculator-final-2-20-2013.xlsm,시트 셀,MV Cont. Table - Medical!DA7,xl/worksheets/sheet5.xml:DA7,1.90136E-5,"#,##0.000_);\(#,##0.000\)",0.000_),0.000 ,0.000 ,회계 수치·정밀도·통화·공백 정확 일치
poi-src/test-data/spreadsheet/mv-calculator-final-2-20-2013.xlsm,시트 셀,MV Cont. Table - Medical!DA70,xl/worksheets/sheet5.xml:DA70,1.2618916399999999E-2,"#,##0.000_);\(#,##0.000\)",0.013_),0.013 ,0.013 ,회계 수치·정밀도·통화·공백 정확 일치
poi-src/test-data/spreadsheet/mv-calculator-final-2-20-2013.xlsm,시트 셀,MV Cont. Table - Medical!DA71,xl/worksheets/sheet5.xml:DA71,1.44575078E-2,"#,##0.000_);\(#,##0.000\)",0.014_),0.014 ,0.014 ,회계 수치·정밀도·통화·공백 정확 일치
poi-src/test-data/spreadsheet/mv-calculator-final-2-20-2013.xlsm,시트 셀,MV Cont. Table - Medical!DA72,xl/worksheets/sheet5.xml:DA72,1.9524666499999999E-2,"#,##0.000_);\(#,##0.000\)",0.020_),0.020 ,0.020 ,회계 수치·정밀도·통화·공백 정확 일치
poi-src/test-data/spreadsheet/mv-calculator-final-2-20-2013.xlsm,시트 셀,MV Cont. Table - Medical!DA73,xl/worksheets/sheet5.xml:DA73,3.3631942900000003E-2,"#,##0.000_);\(#,##0.000\)",0.034_),0.034 ,0.034 ,회계 수치·정밀도·통화·공백 정확 일치
poi-src/test-data/spreadsheet/mv-calculator-final-2-20-2013.xlsm,시트 셀,MV Cont. Table - Medical!DA74,xl/worksheets/sheet5.xml:DA74,4.7982401899999999E-2,"#,##0.000_);\(#,##0.000\)",0.048_),0.048 ,0.048 ,회계 수치·정밀도·통화·공백 정확 일치
poi-src/test-data/spreadsheet/mv-calculator-final-2-20-2013.xlsm,시트 셀,MV Cont. Table - Medical!DA75,xl/worksheets/sheet5.xml:DA75,5.8704904400000001E-2,"#,##0.000_);\(#,##0.000\)",0.059_),0.059 ,0.059 ,회계 수치·정밀도·통화·공백 정확 일치
poi-src/test-data/spreadsheet/mv-calculator-final-2-20-2013.xlsm,시트 셀,MV Cont. Table - Medical!DA76,xl/worksheets/sheet5.xml:DA76,6.7337881399999994E-2,"#,##0.000_);\(#,##0.000\)",0.067_),0.067 ,0.067 ,회계 수치·정밀도·통화·공백 정확 일치
poi-src/test-data/spreadsheet/mv-calculator-final-2-20-2013.xlsm,시트 셀,MV Cont. Table - Medical!DA77,xl/worksheets/sheet5.xml:DA77,7.4159200600000003E-2,"#,##0.000_);\(#,##0.000\)",0.074_),0.074 ,0.074 ,회계 수치·정밀도·통화·공백 정확 일치
poi-src/test-data/spreadsheet/mv-calculator-final-2-20-2013.xlsm,시트 셀,MV Cont. Table - Medical!DA78,xl/worksheets/sheet5.xml:DA78,7.9822753600000004E-2,"#,##0.000_);\(#,##0.000\)",0.080_),0.080 ,0.080 ,회계 수치·정밀도·통화·공백 정확 일치
poi-src/test-data/spreadsheet/mv-calculator-final-2-20-2013.xlsm,시트 셀,MV Cont. Table - Medical!DA79,xl/worksheets/sheet5.xml:DA79,8.4573568599999996E-2,"#,##0.000_);\(#,##0.000\)",0.085_),0.085 ,0.085 ,회계 수치·정밀도·통화·공백 정확 일치
poi-src/test-data/spreadsheet/mv-calculator-final-2-20-2013.xlsm,시트 셀,MV Cont. Table - Medical!DA8,xl/worksheets/sheet5.xml:DA8,1.5169300000000001E-5,"#,##0.000_);\(#,##0.000\)",0.000_),0.000 ,0.000 ,회계 수치·정밀도·통화·공백 정확 일치
poi-src/test-data/spreadsheet/mv-calculator-final-2-20-2013.xlsm,시트 셀,MV Cont. Table - Medical!DA80,xl/worksheets/sheet5.xml:DA80,8.8407840799999998E-2,"#,##0.000_);\(#,##0.000\)",0.088_),0.088 ,0.088 ,회계 수치·정밀도·통화·공백 정확 일치
poi-src/test-data/spreadsheet/mv-calculator-final-2-20-2013.xlsm,시트 셀,MV Cont. Table - Medical!DA81,xl/worksheets/sheet5.xml:DA81,0.1075926109,"#,##0.000_);\(#,##0.000\)",0.108_),0.108 ,0.108 ,회계 수치·정밀도·통화·공백 정확 일치
poi-src/test-data/spreadsheet/mv-calculator-final-2-20-2013.xlsm,시트 셀,MV Cont. Table - Medical!DA82,xl/worksheets/sheet5.xml:DA82,0.1179078033,"#,##0.000_);\(#,##0.000\)",0.118_),0.118 ,0.118 ,회계 수치·정밀도·통화·공백 정확 일치
poi-src/test-data/spreadsheet/mv-calculator-final-2-20-2013.xlsm,시트 셀,MV Cont. Table - Medical!DA83,xl/worksheets/sheet5.xml:DA83,0.12075953,"#,##0.000_);\(#,##0.000\)",0.121_),0.121 ,0.121 ,회계 수치·정밀도·통화·공백 정확 일치
poi-src/test-data/spreadsheet/mv-calculator-final-2-20-2013.xlsm,시트 셀,MV Cont. Table - Medical!DA84,xl/worksheets/sheet5.xml:DA84,0.1219967829,"#,##0.000_);\(#,##0.000\)",0.122_),0.122 ,0.122 ,회계 수치·정밀도·통화·공백 정확 일치
poi-src/test-data/spreadsheet/mv-calculator-final-2-20-2013.xlsm,시트 셀,MV Cont. Table - Medical!DA85,xl/worksheets/sheet5.xml:DA85,0.1225641519,"#,##0.000_);\(#,##0.000\)",0.123_),0.123 ,0.123 ,회계 수치·정밀도·통화·공백 정확 일치
poi-src/test-data/spreadsheet/mv-calculator-final-2-20-2013.xlsm,시트 셀,MV Cont. Table - Medical!DA86,xl/worksheets/sheet5.xml:DA86,0.1232007602,"#,##0.000_);\(#,##0.000\)",0.123_),0.123 ,0.123 ,회계 수치·정밀도·통화·공백 정확 일치
poi-src/test-data/spreadsheet/mv-calculator-final-2-20-2013.xlsm,시트 셀,MV Cont. Table - Medical!DA87,xl/worksheets/sheet5.xml:DA87,0.12336198900000001,"#,##0.000_);\(#,##0.000\)",0.123_),0.123 ,0.123 ,회계 수치·정밀도·통화·공백 정확 일치
poi-src/test-data/spreadsheet/mv-calculator-final-2-20-2013.xlsm,시트 셀,MV Cont. Table - Medical!DA88,xl/worksheets/sheet5.xml:DA88,0.12338438190000001,"#,##0.000_);\(#,##0.000\)",0.123_),0.123 ,0.123 ,회계 수치·정밀도·통화·공백 정확 일치
poi-src/test-data/spreadsheet/mv-calculator-final-2-20-2013.xlsm,시트 셀,MV Cont. Table - Medical!DA9,xl/worksheets/sheet5.xml:DA9,2.1906999999999999E-5,"#,##0.000_);\(#,##0.000\)",0.000_),0.000 ,0.000 ,회계 수치·정밀도·통화·공백 정확 일치
poi-src/test-data/spreadsheet/mv-calculator-final-2-20-2013.xlsm,시트 셀,MV Cont. Table - Medical!DB10,xl/worksheets/sheet5.xml:DB10,1.9140999999999999E-5,"#,##0.000_);\(#,##0.000\)",0.000_),0.000 ,0.000 ,회계 수치·정밀도·통화·공백 정확 일치
poi-src/test-data/spreadsheet/mv-calculator-final-2-20-2013.xlsm,시트 셀,MV Cont. Table - Medical!DB11,xl/worksheets/sheet5.xml:DB11,2.03253E-5,"#,##0.000_);\(#,##0.000\)",0.000_),0.000 ,0.000 ,회계 수치·정밀도·통화·공백 정확 일치
poi-src/test-data/spreadsheet/mv-calculator-final-2-20-2013.xlsm,시트 셀,MV Cont. Table - Medical!DB12,xl/worksheets/sheet5.xml:DB12,1.8584799999999999E-5,"#,##0.000_);\(#,##0.000\)",0.000_),0.000 ,0.000 ,회계 수치·정밀도·통화·공백 정확 일치
poi-src/test-data/spreadsheet/mv-calculator-final-2-20-2013.xlsm,시트 셀,MV Cont. Table - Medical!DB13,xl/worksheets/sheet5.xml:DB13,2.0799399999999999E-5,"#,##0.000_);\(#,##0.000\)",0.000_),0.000 ,0.000 ,회계 수치·정밀도·통화·공백 정확 일치
poi-src/test-data/spreadsheet/mv-calculator-final-2-20-2013.xlsm,시트 셀,MV Cont. Table - Medical!DB14,xl/worksheets/sheet5.xml:DB14,3.0474300000000001E-5,"#,##0.000_);\(#,##0.000\)",0.000_),0.000 ,0.000 ,회계 수치·정밀도·통화·공백 정확 일치
poi-src/test-data/spreadsheet/mv-calculator-final-2-20-2013.xlsm,시트 셀,MV Cont. Table - Medical!DB15,xl/worksheets/sheet5.xml:DB15,4.6826400000000003E-5,"#,##0.000_);\(#,##0.000\)",0.000_),0.000 ,0.000 ,회계 수치·정밀도·통화·공백 정확 일치
poi-src/test-data/spreadsheet/mv-calculator-final-2-20-2013.xlsm,시트 셀,MV Cont. Table - Medical!DB16,xl/worksheets/sheet5.xml:DB16,6.6042299999999996E-5,"#,##0.000_);\(#,##0.000\)",0.000_),0.000 ,0.000 ,회계 수치·정밀도·통화·공백 정확 일치
poi-src/test-data/spreadsheet/mv-calculator-final-2-20-2013.xlsm,시트 셀,MV Cont. Table - Medical!DB17,xl/worksheets/sheet5.xml:DB17,7.75742E-5,"#,##0.000_);\(#,##0.000\)",0.000_),0.000 ,0.000 ,회계 수치·정밀도·통화·공백 정확 일치
poi-src/test-data/spreadsheet/mv-calculator-final-2-20-2013.xlsm,시트 셀,MV Cont. Table - Medical!DB18,xl/worksheets/sheet5.xml:DB18,1.047874E-4,"#,##0.000_);\(#,##0.000\)",0.000_),0.000 ,0.000 ,회계 수치·정밀도·통화·공백 정확 일치
poi-src/test-data/spreadsheet/mv-calculator-final-2-20-2013.xlsm,시트 셀,MV Cont. Table - Medical!DB19,xl/worksheets/sheet5.xml:DB19,1.4791000000000001E-4,"#,##0.000_);\(#,##0.000\)",0.000_),0.000 ,0.000 ,회계 수치·정밀도·통화·공백 정확 일치
poi-src/test-data/spreadsheet/mv-calculator-final-2-20-2013.xlsm,시트 셀,MV Cont. Table - Medical!DB20,xl/worksheets/sheet5.xml:DB20,1.891873E-4,"#,##0.000_);\(#,##0.000\)",0.000_),0.000 ,0.000 ,회계 수치·정밀도·통화·공백 정확 일치
poi-src/test-data/spreadsheet/mv-calculator-final-2-20-2013.xlsm,시트 셀,MV Cont. Table - Medical!DB21,xl/worksheets/sheet5.xml:DB21,2.5986610000000002E-4,"#,##0.000_);\(#,##0.000\)",0.000_),0.000 ,0.000 ,회계 수치·정밀도·통화·공백 정확 일치
poi-src/test-data/spreadsheet/mv-calculator-final-2-20-2013.xlsm,시트 셀,MV Cont. Table - Medical!DB22,xl/worksheets/sheet5.xml:DB22,3.0906720000000001E-4,"#,##0.000_);\(#,##0.000\)",0.000_),0.000 ,0.000 ,회계 수치·정밀도·통화·공백 정확 일치
poi-src/test-data/spreadsheet/mv-calculator-final-2-20-2013.xlsm,시트 셀,MV Cont. Table - Medical!DB23,xl/worksheets/sheet5.xml:DB23,3.7220640000000001E-4,"#,##0.000_);\(#,##0.000\)",0.000_),0.000 ,0.000 ,회계 수치·정밀도·통화·공백 정확 일치
poi-src/test-data/spreadsheet/mv-calculator-final-2-20-2013.xlsm,시트 셀,MV Cont. Table - Medical!DB24,xl/worksheets/sheet5.xml:DB24,4.6524039999999998E-4,"#,##0.000_);\(#,##0.000\)",0.000_),0.000 ,0.000 ,회계 수치·정밀도·통화·공백 정확 일치
poi-src/test-data/spreadsheet/mv-calculator-final-2-20-2013.xlsm,시트 셀,MV Cont. Table - Medical!DB25,xl/worksheets/sheet5.xml:DB25,5.7049580000000002E-4,"#,##0.000_);\(#,##0.000\)",0.001_),0.001 ,0.001 ,회계 수치·정밀도·통화·공백 정확 일치
poi-src/test-data/spreadsheet/mv-calculator-final-2-20-2013.xlsm,시트 셀,MV Cont. Table - Medical!DB26,xl/worksheets/sheet5.xml:DB26,6.7334389999999995E-4,"#,##0.000_);\(#,##0.000\)",0.001_),0.001 ,0.001 ,회계 수치·정밀도·통화·공백 정확 일치
poi-src/test-data/spreadsheet/mv-calculator-final-2-20-2013.xlsm,시트 셀,MV Cont. Table - Medical!DB27,xl/worksheets/sheet5.xml:DB27,8.1133780000000003E-4,"#,##0.000_);\(#,##0.000\)",0.001_),0.001 ,0.001 ,회계 수치·정밀도·통화·공백 정확 일치
poi-src/test-data/spreadsheet/mv-calculator-final-2-20-2013.xlsm,시트 셀,MV Cont. Table - Medical!DB28,xl/worksheets/sheet5.xml:DB28,9.5470630000000004E-4,"#,##0.000_);\(#,##0.000\)",0.001_),0.001 ,0.001 ,회계 수치·정밀도·통화·공백 정확 일치
poi-src/test-data/spreadsheet/mv-calculator-final-2-20-2013.xlsm,시트 셀,MV Cont. Table - Medical!DB29,xl/worksheets/sheet5.xml:DB29,1.113672E-3,"#,##0.000_);\(#,##0.000\)",0.001_),0.001 ,0.001 ,회계 수치·정밀도·통화·공백 정확 일치
poi-src/test-data/spreadsheet/mv-calculator-final-2-20-2013.xlsm,시트 셀,MV Cont. Table - Medical!DB30,xl/worksheets/sheet5.xml:DB30,1.3132574999999999E-3,"#,##0.000_);\(#,##0.000\)",0.001_),0.001 ,0.001 ,회계 수치·정밀도·통화·공백 정확 일치
poi-src/test-data/spreadsheet/mv-calculator-final-2-20-2013.xlsm,시트 셀,MV Cont. Table - Medical!DB31,xl/worksheets/sheet5.xml:DB31,1.5278529E-3,"#,##0.000_);\(#,##0.000\)",0.002_),0.002 ,0.002 ,회계 수치·정밀도·통화·공백 정확 일치
poi-src/test-data/spreadsheet/mv-calculator-final-2-20-2013.xlsm,시트 셀,MV Cont. Table - Medical!DB32,xl/worksheets/sheet5.xml:DB32,1.7203404E-3,"#,##0.000_);\(#,##0.000\)",0.002_),0.002 ,0.002 ,회계 수치·정밀도·통화·공백 정확 일치
poi-src/test-data/spreadsheet/mv-calculator-final-2-20-2013.xlsm,시트 셀,MV Cont. Table - Medical!DB33,xl/worksheets/sheet5.xml:DB33,1.9198819999999999E-3,"#,##0.000_);\(#,##0.000\)",0.002_),0.002 ,0.002 ,회계 수치·정밀도·통화·공백 정확 일치
poi-src/test-data/spreadsheet/mv-calculator-final-2-20-2013.xlsm,시트 셀,MV Cont. Table - Medical!DB34,xl/worksheets/sheet5.xml:DB34,2.1615216999999998E-3,"#,##0.000_);\(#,##0.000\)",0.002_),0.002 ,0.002 ,회계 수치·정밀도·통화·공백 정확 일치
poi-src/test-data/spreadsheet/mv-calculator-final-2-20-2013.xlsm,시트 셀,MV Cont. Table - Medical!DB35,xl/worksheets/sheet5.xml:DB35,2.4266722E-3,"#,##0.000_);\(#,##0.000\)",0.002_),0.002 ,0.002 ,회계 수치·정밀도·통화·공백 정확 일치
poi-src/test-data/spreadsheet/mv-calculator-final-2-20-2013.xlsm,시트 셀,MV Cont. Table - Medical!DB36,xl/worksheets/sheet5.xml:DB36,2.6894163000000001E-3,"#,##0.000_);\(#,##0.000\)",0.003_),0.003 ,0.003 ,회계 수치·정밀도·통화·공백 정확 일치
poi-src/test-data/spreadsheet/mv-calculator-final-2-20-2013.xlsm,시트 셀,MV Cont. Table - Medical!DB37,xl/worksheets/sheet5.xml:DB37,2.9817827999999999E-3,"#,##0.000_);\(#,##0.000\)",0.003_),0.003 ,0.003 ,회계 수치·정밀도·통화·공백 정확 일치
poi-src/test-data/spreadsheet/mv-calculator-final-2-20-2013.xlsm,시트 셀,MV Cont. Table - Medical!DB38,xl/worksheets/sheet5.xml:DB38,3.2682881999999999E-3,"#,##0.000_);\(#,##0.000\)",0.003_),0.003 ,0.003 ,회계 수치·정밀도·통화·공백 정확 일치
poi-src/test-data/spreadsheet/mv-calculator-final-2-20-2013.xlsm,시트 셀,MV Cont. Table - Medical!DB39,xl/worksheets/sheet5.xml:DB39,3.5556911000000002E-3,"#,##0.000_);\(#,##0.000\)",0.004_),0.004 ,0.004 ,회계 수치·정밀도·통화·공백 정확 일치
poi-src/test-data/spreadsheet/mv-calculator-final-2-20-2013.xlsm,시트 셀,MV Cont. Table - Medical!DB40,xl/worksheets/sheet5.xml:DB40,3.8432619E-3,"#,##0.000_);\(#,##0.000\)",0.004_),0.004 ,0.004 ,회계 수치·정밀도·통화·공백 정확 일치
poi-src/test-data/spreadsheet/mv-calculator-final-2-20-2013.xlsm,시트 셀,MV Cont. Table - Medical!DB41,xl/worksheets/sheet5.xml:DB41,4.2290623999999997E-3,"#,##0.000_);\(#,##0.000\)",0.004_),0.004 ,0.004 ,회계 수치·정밀도·통화·공백 정확 일치
poi-src/test-data/spreadsheet/mv-calculator-final-2-20-2013.xlsm,시트 셀,MV Cont. Table - Medical!DB42,xl/worksheets/sheet5.xml:DB42,4.5216728000000003E-3,"#,##0.000_);\(#,##0.000\)",0.005_),0.005 ,0.005 ,회계 수치·정밀도·통화·공백 정확 일치
poi-src/test-data/spreadsheet/mv-calculator-final-2-20-2013.xlsm,시트 셀,MV Cont. Table - Medical!DB43,xl/worksheets/sheet5.xml:DB43,4.8504283999999996E-3,"#,##0.000_);\(#,##0.000\)",0.005_),0.005 ,0.005 ,회계 수치·정밀도·통화·공백 정확 일치
poi-src/test-data/spreadsheet/mv-calculator-final-2-20-2013.xlsm,시트 셀,MV Cont. Table - Medical!DB44,xl/worksheets/sheet5.xml:DB44,5.2058093000000001E-3,"#,##0.000_);\(#,##0.000\)",0.005_),0.005 ,0.005 ,회계 수치·정밀도·통화·공백 정확 일치
poi-src/test-data/spreadsheet/mv-calculator-final-2-20-2013.xlsm,시트 셀,MV Cont. Table - Medical!DB45,xl/worksheets/sheet5.xml:DB45,5.5918182999999998E-3,"#,##0.000_);\(#,##0.000\)",0.006_),0.006 ,0.006 ,회계 수치·정밀도·통화·공백 정확 일치
poi-src/test-data/spreadsheet/mv-calculator-final-2-20-2013.xlsm,시트 셀,MV Cont. Table - Medical!DB46,xl/worksheets/sheet5.xml:DB46,5.9701564999999996E-3,"#,##0.000_);\(#,##0.000\)",0.006_),0.006 ,0.006 ,회계 수치·정밀도·통화·공백 정확 일치
poi-src/test-data/spreadsheet/mv-calculator-final-2-20-2013.xlsm,시트 셀,MV Cont. Table - Medical!DB47,xl/worksheets/sheet5.xml:DB47,6.3014450000000001E-3,"#,##0.000_);\(#,##0.000\)",0.006_),0.006 ,0.006 ,회계 수치·정밀도·통화·공백 정확 일치
poi-src/test-data/spreadsheet/mv-calculator-final-2-20-2013.xlsm,시트 셀,MV Cont. Table - Medical!DB48,xl/worksheets/sheet5.xml:DB48,6.6335148000000003E-3,"#,##0.000_);\(#,##0.000\)",0.007_),0.007 ,0.007 ,회계 수치·정밀도·통화·공백 정확 일치
poi-src/test-data/spreadsheet/mv-calculator-final-2-20-2013.xlsm,시트 셀,MV Cont. Table - Medical!DB49,xl/worksheets/sheet5.xml:DB49,6.9388712000000002E-3,"#,##0.000_);\(#,##0.000\)",0.007_),0.007 ,0.007 ,회계 수치·정밀도·통화·공백 정확 일치
poi-src/test-data/spreadsheet/mv-calculator-final-2-20-2013.xlsm,시트 셀,MV Cont. Table - Medical!DB5,xl/worksheets/sheet5.xml:DB5,0,"#,##0.000_);\(#,##0.000\)",0.000_),0.000 ,0.000 ,회계 수치·정밀도·통화·공백 정확 일치
poi-src/test-data/spreadsheet/mv-calculator-final-2-20-2013.xlsm,시트 셀,MV Cont. Table - Medical!DB50,xl/worksheets/sheet5.xml:DB50,7.2418402000000003E-3,"#,##0.000_);\(#,##0.000\)",0.007_),0.007 ,0.007 ,회계 수치·정밀도·통화·공백 정확 일치
poi-src/test-data/spreadsheet/mv-calculator-final-2-20-2013.xlsm,시트 셀,MV Cont. Table - Medical!DB51,xl/worksheets/sheet5.xml:DB51,7.6311542000000003E-3,"#,##0.000_);\(#,##0.000\)",0.008_),0.008 ,0.008 ,회계 수치·정밀도·통화·공백 정확 일치
poi-src/test-data/spreadsheet/mv-calculator-final-2-20-2013.xlsm,시트 셀,MV Cont. Table - Medical!DB52,xl/worksheets/sheet5.xml:DB52,7.9573907000000006E-3,"#,##0.000_);\(#,##0.000\)",0.008_),0.008 ,0.008 ,회계 수치·정밀도·통화·공백 정확 일치
poi-src/test-data/spreadsheet/mv-calculator-final-2-20-2013.xlsm,시트 셀,MV Cont. Table - Medical!DB53,xl/worksheets/sheet5.xml:DB53,8.2563215999999998E-3,"#,##0.000_);\(#,##0.000\)",0.008_),0.008 ,0.008 ,회계 수치·정밀도·통화·공백 정확 일치
poi-src/test-data/spreadsheet/mv-calculator-final-2-20-2013.xlsm,시트 셀,MV Cont. Table - Medical!DB54,xl/worksheets/sheet5.xml:DB54,8.5354317999999998E-3,"#,##0.000_);\(#,##0.000\)",0.009_),0.009 ,0.009 ,회계 수치·정밀도·통화·공백 정확 일치
poi-src/test-data/spreadsheet/mv-calculator-final-2-20-2013.xlsm,시트 셀,MV Cont. Table - Medical!DB55,xl/worksheets/sheet5.xml:DB55,8.8215528999999997E-3,"#,##0.000_);\(#,##0.000\)",0.009_),0.009 ,0.009 ,회계 수치·정밀도·통화·공백 정확 일치
poi-src/test-data/spreadsheet/mv-calculator-final-2-20-2013.xlsm,시트 셀,MV Cont. Table - Medical!DB56,xl/worksheets/sheet5.xml:DB56,9.0913250000000008E-3,"#,##0.000_);\(#,##0.000\)",0.009_),0.009 ,0.009 ,회계 수치·정밀도·통화·공백 정확 일치
poi-src/test-data/spreadsheet/mv-calculator-final-2-20-2013.xlsm,시트 셀,MV Cont. Table - Medical!DB57,xl/worksheets/sheet5.xml:DB57,9.475186E-3,"#,##0.000_);\(#,##0.000\)",0.009_),0.009 ,0.009 ,회계 수치·정밀도·통화·공백 정확 일치
poi-src/test-data/spreadsheet/mv-calculator-final-2-20-2013.xlsm,시트 셀,MV Cont. Table - Medical!DB58,xl/worksheets/sheet5.xml:DB58,9.8101679999999993E-3,"#,##0.000_);\(#,##0.000\)",0.010_),0.010 ,0.010 ,회계 수치·정밀도·통화·공백 정확 일치
poi-src/test-data/spreadsheet/mv-calculator-final-2-20-2013.xlsm,시트 셀,MV Cont. Table - Medical!DB59,xl/worksheets/sheet5.xml:DB59,1.01091975E-2,"#,##0.000_);\(#,##0.000\)",0.010_),0.010 ,0.010 ,회계 수치·정밀도·통화·공백 정확 일치
poi-src/test-data/spreadsheet/mv-calculator-final-2-20-2013.xlsm,시트 셀,MV Cont. Table - Medical!DB6,xl/worksheets/sheet5.xml:DB6,0,"#,##0.000_);\(#,##0.000\)",0.000_),0.000 ,0.000 ,회계 수치·정밀도·통화·공백 정확 일치
poi-src/test-data/spreadsheet/mv-calculator-final-2-20-2013.xlsm,시트 셀,MV Cont. Table - Medical!DB60,xl/worksheets/sheet5.xml:DB60,1.03656371E-2,"#,##0.000_);\(#,##0.000\)",0.010_),0.010 ,0.010 ,회계 수치·정밀도·통화·공백 정확 일치
poi-src/test-data/spreadsheet/mv-calculator-final-2-20-2013.xlsm,시트 셀,MV Cont. Table - Medical!DB61,xl/worksheets/sheet5.xml:DB61,1.06709878E-2,"#,##0.000_);\(#,##0.000\)",0.011_),0.011 ,0.011 ,회계 수치·정밀도·통화·공백 정확 일치
poi-src/test-data/spreadsheet/mv-calculator-final-2-20-2013.xlsm,시트 셀,MV Cont. Table - Medical!DB62,xl/worksheets/sheet5.xml:DB62,1.0919093E-2,"#,##0.000_);\(#,##0.000\)",0.011_),0.011 ,0.011 ,회계 수치·정밀도·통화·공백 정확 일치
poi-src/test-data/spreadsheet/mv-calculator-final-2-20-2013.xlsm,시트 셀,MV Cont. Table - Medical!DB63,xl/worksheets/sheet5.xml:DB63,1.11800215E-2,"#,##0.000_);\(#,##0.000\)",0.011_),0.011 ,0.011 ,회계 수치·정밀도·통화·공백 정확 일치
poi-src/test-data/spreadsheet/mv-calculator-final-2-20-2013.xlsm,시트 셀,MV Cont. Table - Medical!DB64,xl/worksheets/sheet5.xml:DB64,1.14091608E-2,"#,##0.000_);\(#,##0.000\)",0.011_),0.011 ,0.011 ,회계 수치·정밀도·통화·공백 정확 일치
poi-src/test-data/spreadsheet/mv-calculator-final-2-20-2013.xlsm,시트 셀,MV Cont. Table - Medical!DB65,xl/worksheets/sheet5.xml:DB65,1.16337322E-2,"#,##0.000_);\(#,##0.000\)",0.012_),0.012 ,0.012 ,회계 수치·정밀도·통화·공백 정확 일치
poi-src/test-data/spreadsheet/mv-calculator-final-2-20-2013.xlsm,시트 셀,MV Cont. Table - Medical!DB66,xl/worksheets/sheet5.xml:DB66,1.1827837399999999E-2,"#,##0.000_);\(#,##0.000\)",0.012_),0.012 ,0.012 ,회계 수치·정밀도·통화·공백 정확 일치
poi-src/test-data/spreadsheet/mv-calculator-final-2-20-2013.xlsm,시트 셀,MV Cont. Table - Medical!DB67,xl/worksheets/sheet5.xml:DB67,1.2039088599999999E-2,"#,##0.000_);\(#,##0.000\)",0.012_),0.012 ,0.012 ,회계 수치·정밀도·통화·공백 정확 일치
poi-src/test-data/spreadsheet/mv-calculator-final-2-20-2013.xlsm,시트 셀,MV Cont. Table - Medical!DB68,xl/worksheets/sheet5.xml:DB68,1.2254311699999999E-2,"#,##0.000_);\(#,##0.000\)",0.012_),0.012 ,0.012 ,회계 수치·정밀도·통화·공백 정확 일치
poi-src/test-data/spreadsheet/mv-calculator-final-2-20-2013.xlsm,시트 셀,MV Cont. Table - Medical!DB69,xl/worksheets/sheet5.xml:DB69,1.24983748E-2,"#,##0.000_);\(#,##0.000\)",0.012_),0.012 ,0.012 ,회계 수치·정밀도·통화·공백 정확 일치
poi-src/test-data/spreadsheet/mv-calculator-final-2-20-2013.xlsm,시트 셀,MV Cont. Table - Medical!DB7,xl/worksheets/sheet5.xml:DB7,1.90136E-5,"#,##0.000_);\(#,##0.000\)",0.000_),0.000 ,0.000 ,회계 수치·정밀도·통화·공백 정확 일치
poi-src/test-data/spreadsheet/mv-calculator-final-2-20-2013.xlsm,시트 셀,MV Cont. Table - Medical!DB70,xl/worksheets/sheet5.xml:DB70,1.2695158200000001E-2,"#,##0.000_);\(#,##0.000\)",0.013_),0.013 ,0.013 ,회계 수치·정밀도·통화·공백 정확 일치
poi-src/test-data/spreadsheet/mv-calculator-final-2-20-2013.xlsm,시트 셀,MV Cont. Table - Medical!DB71,xl/worksheets/sheet5.xml:DB71,1.4566608E-2,"#,##0.000_);\(#,##0.000\)",0.015_),0.015 ,0.015 ,회계 수치·정밀도·통화·공백 정확 일치
poi-src/test-data/spreadsheet/mv-calculator-final-2-20-2013.xlsm,시트 셀,MV Cont. Table - Medical!DB72,xl/worksheets/sheet5.xml:DB72,1.9761943600000002E-2,"#,##0.000_);\(#,##0.000\)",0.020_),0.020 ,0.020 ,회계 수치·정밀도·통화·공백 정확 일치
poi-src/test-data/spreadsheet/mv-calculator-final-2-20-2013.xlsm,시트 셀,MV Cont. Table - Medical!DB73,xl/worksheets/sheet5.xml:DB73,3.4266949300000002E-2,"#,##0.000_);\(#,##0.000\)",0.034_),0.034 ,0.034 ,회계 수치·정밀도·통화·공백 정확 일치
poi-src/test-data/spreadsheet/mv-calculator-final-2-20-2013.xlsm,시트 셀,MV Cont. Table - Medical!DB74,xl/worksheets/sheet5.xml:DB74,4.9199563299999999E-2,"#,##0.000_);\(#,##0.000\)",0.049_),0.049 ,0.049 ,회계 수치·정밀도·통화·공백 정확 일치
poi-src/test-data/spreadsheet/mv-calculator-final-2-20-2013.xlsm,시트 셀,MV Cont. Table - Medical!DB75,xl/worksheets/sheet5.xml:DB75,6.0518135399999999E-2,"#,##0.000_);\(#,##0.000\)",0.061_),0.061 ,0.061 ,회계 수치·정밀도·통화·공백 정확 일치
poi-src/test-data/spreadsheet/mv-calculator-final-2-20-2013.xlsm,시트 셀,MV Cont. Table - Medical!DB76,xl/worksheets/sheet5.xml:DB76,6.9719938699999998E-2,"#,##0.000_);\(#,##0.000\)",0.070_),0.070 ,0.070 ,회계 수치·정밀도·통화·공백 정확 일치
poi-src/test-data/spreadsheet/mv-calculator-final-2-20-2013.xlsm,시트 셀,MV Cont. Table - Medical!DB77,xl/worksheets/sheet5.xml:DB77,7.70794707E-2,"#,##0.000_);\(#,##0.000\)",0.077_),0.077 ,0.077 ,회계 수치·정밀도·통화·공백 정확 일치
poi-src/test-data/spreadsheet/mv-calculator-final-2-20-2013.xlsm,시트 셀,MV Cont. Table - Medical!DB78,xl/worksheets/sheet5.xml:DB78,8.3224348700000006E-2,"#,##0.000_);\(#,##0.000\)",0.083_),0.083 ,0.083 ,회계 수치·정밀도·통화·공백 정확 일치
poi-src/test-data/spreadsheet/mv-calculator-final-2-20-2013.xlsm,시트 셀,MV Cont. Table - Medical!DB79,xl/worksheets/sheet5.xml:DB79,8.8395203199999994E-2,"#,##0.000_);\(#,##0.000\)",0.088_),0.088 ,0.088 ,회계 수치·정밀도·통화·공백 정확 일치
poi-src/test-data/spreadsheet/mv-calculator-final-2-20-2013.xlsm,시트 셀,MV Cont. Table - Medical!DB8,xl/worksheets/sheet5.xml:DB8,1.5169300000000001E-5,"#,##0.000_);\(#,##0.000\)",0.000_),0.000 ,0.000 ,회계 수치·정밀도·통화·공백 정확 일치
poi-src/test-data/spreadsheet/mv-calculator-final-2-20-2013.xlsm,시트 셀,MV Cont. Table - Medical!DB80,xl/worksheets/sheet5.xml:DB80,9.2594508399999997E-2,"#,##0.000_);\(#,##0.000\)",0.093_),0.093 ,0.093 ,회계 수치·정밀도·통화·공백 정확 일치
poi-src/test-data/spreadsheet/mv-calculator-final-2-20-2013.xlsm,시트 셀,MV Cont. Table - Medical!DB81,xl/worksheets/sheet5.xml:DB81,0.11412922490000001,"#,##0.000_);\(#,##0.000\)",0.114_),0.114 ,0.114 ,회계 수치·정밀도·통화·공백 정확 일치
poi-src/test-data/spreadsheet/mv-calculator-final-2-20-2013.xlsm,시트 셀,MV Cont. Table - Medical!DB82,xl/worksheets/sheet5.xml:DB82,0.12612622849999999,"#,##0.000_);\(#,##0.000\)",0.126_),0.126 ,0.126 ,회계 수치·정밀도·통화·공백 정확 일치
poi-src/test-data/spreadsheet/mv-calculator-final-2-20-2013.xlsm,시트 셀,MV Cont. Table - Medical!DB83,xl/worksheets/sheet5.xml:DB83,0.12952008849999999,"#,##0.000_);\(#,##0.000\)",0.130_),0.130 ,0.130 ,회계 수치·정밀도·통화·공백 정확 일치
poi-src/test-data/spreadsheet/mv-calculator-final-2-20-2013.xlsm,시트 셀,MV Cont. Table - Medical!DB84,xl/worksheets/sheet5.xml:DB84,0.1309969084,"#,##0.000_);\(#,##0.000\)",0.131_),0.131 ,0.131 ,회계 수치·정밀도·통화·공백 정확 일치
poi-src/test-data/spreadsheet/mv-calculator-final-2-20-2013.xlsm,시트 셀,MV Cont. Table - Medical!DB85,xl/worksheets/sheet5.xml:DB85,0.13167723419999999,"#,##0.000_);\(#,##0.000\)",0.132_),0.132 ,0.132 ,회계 수치·정밀도·통화·공백 정확 일치
poi-src/test-data/spreadsheet/mv-calculator-final-2-20-2013.xlsm,시트 셀,MV Cont. Table - Medical!DB86,xl/worksheets/sheet5.xml:DB86,0.13244184880000001,"#,##0.000_);\(#,##0.000\)",0.132_),0.132 ,0.132 ,회계 수치·정밀도·통화·공백 정확 일치
poi-src/test-data/spreadsheet/mv-calculator-final-2-20-2013.xlsm,시트 셀,MV Cont. Table - Medical!DB87,xl/worksheets/sheet5.xml:DB87,0.13263556479999999,"#,##0.000_);\(#,##0.000\)",0.133_),0.133 ,0.133 ,회계 수치·정밀도·통화·공백 정확 일치
poi-src/test-data/spreadsheet/mv-calculator-final-2-20-2013.xlsm,시트 셀,MV Cont. Table - Medical!DB88,xl/worksheets/sheet5.xml:DB88,0.13266251139999999,"#,##0.000_);\(#,##0.000\)",0.133_),0.133 ,0.133 ,회계 수치·정밀도·통화·공백 정확 일치
poi-src/test-data/spreadsheet/mv-calculator-final-2-20-2013.xlsm,시트 셀,MV Cont. Table - Medical!DB9,xl/worksheets/sheet5.xml:DB9,2.1906999999999999E-5,"#,##0.000_);\(#,##0.000\)",0.000_),0.000 ,0.000 ,회계 수치·정밀도·통화·공백 정확 일치
poi-src/test-data/spreadsheet/mv-calculator-final-2-20-2013.xlsm,시트 셀,MV Cont. Table - Medical!DC10,xl/worksheets/sheet5.xml:DC10,1.9140999999999999E-5,"#,##0.000_);\(#,##0.000\)",0.000_),0.000 ,0.000 ,회계 수치·정밀도·통화·공백 정확 일치
poi-src/test-data/spreadsheet/mv-calculator-final-2-20-2013.xlsm,시트 셀,MV Cont. Table - Medical!DC11,xl/worksheets/sheet5.xml:DC11,2.03253E-5,"#,##0.000_);\(#,##0.000\)",0.000_),0.000 ,0.000 ,회계 수치·정밀도·통화·공백 정확 일치
poi-src/test-data/spreadsheet/mv-calculator-final-2-20-2013.xlsm,시트 셀,MV Cont. Table - Medical!DC12,xl/worksheets/sheet5.xml:DC12,1.8584799999999999E-5,"#,##0.000_);\(#,##0.000\)",0.000_),0.000 ,0.000 ,회계 수치·정밀도·통화·공백 정확 일치
poi-src/test-data/spreadsheet/mv-calculator-final-2-20-2013.xlsm,시트 셀,MV Cont. Table - Medical!DC13,xl/worksheets/sheet5.xml:DC13,2.0799399999999999E-5,"#,##0.000_);\(#,##0.000\)",0.000_),0.000 ,0.000 ,회계 수치·정밀도·통화·공백 정확 일치
poi-src/test-data/spreadsheet/mv-calculator-final-2-20-2013.xlsm,시트 셀,MV Cont. Table - Medical!DC14,xl/worksheets/sheet5.xml:DC14,3.0474300000000001E-5,"#,##0.000_);\(#,##0.000\)",0.000_),0.000 ,0.000 ,회계 수치·정밀도·통화·공백 정확 일치
poi-src/test-data/spreadsheet/mv-calculator-final-2-20-2013.xlsm,시트 셀,MV Cont. Table - Medical!DC15,xl/worksheets/sheet5.xml:DC15,4.6826400000000003E-5,"#,##0.000_);\(#,##0.000\)",0.000_),0.000 ,0.000 ,회계 수치·정밀도·통화·공백 정확 일치
poi-src/test-data/spreadsheet/mv-calculator-final-2-20-2013.xlsm,시트 셀,MV Cont. Table - Medical!DC16,xl/worksheets/sheet5.xml:DC16,6.6042299999999996E-5,"#,##0.000_);\(#,##0.000\)",0.000_),0.000 ,0.000 ,회계 수치·정밀도·통화·공백 정확 일치
poi-src/test-data/spreadsheet/mv-calculator-final-2-20-2013.xlsm,시트 셀,MV Cont. Table - Medical!DC17,xl/worksheets/sheet5.xml:DC17,7.75742E-5,"#,##0.000_);\(#,##0.000\)",0.000_),0.000 ,0.000 ,회계 수치·정밀도·통화·공백 정확 일치
poi-src/test-data/spreadsheet/mv-calculator-final-2-20-2013.xlsm,시트 셀,MV Cont. Table - Medical!DC18,xl/worksheets/sheet5.xml:DC18,1.047874E-4,"#,##0.000_);\(#,##0.000\)",0.000_),0.000 ,0.000 ,회계 수치·정밀도·통화·공백 정확 일치
poi-src/test-data/spreadsheet/mv-calculator-final-2-20-2013.xlsm,시트 셀,MV Cont. Table - Medical!DC19,xl/worksheets/sheet5.xml:DC19,1.4791000000000001E-4,"#,##0.000_);\(#,##0.000\)",0.000_),0.000 ,0.000 ,회계 수치·정밀도·통화·공백 정확 일치
poi-src/test-data/spreadsheet/mv-calculator-final-2-20-2013.xlsm,시트 셀,MV Cont. Table - Medical!DC20,xl/worksheets/sheet5.xml:DC20,1.891873E-4,"#,##0.000_);\(#,##0.000\)",0.000_),0.000 ,0.000 ,회계 수치·정밀도·통화·공백 정확 일치
poi-src/test-data/spreadsheet/mv-calculator-final-2-20-2013.xlsm,시트 셀,MV Cont. Table - Medical!DC21,xl/worksheets/sheet5.xml:DC21,2.5986610000000002E-4,"#,##0.000_);\(#,##0.000\)",0.000_),0.000 ,0.000 ,회계 수치·정밀도·통화·공백 정확 일치
poi-src/test-data/spreadsheet/mv-calculator-final-2-20-2013.xlsm,시트 셀,MV Cont. Table - Medical!DC22,xl/worksheets/sheet5.xml:DC22,3.0906720000000001E-4,"#,##0.000_);\(#,##0.000\)",0.000_),0.000 ,0.000 ,회계 수치·정밀도·통화·공백 정확 일치
poi-src/test-data/spreadsheet/mv-calculator-final-2-20-2013.xlsm,시트 셀,MV Cont. Table - Medical!DC23,xl/worksheets/sheet5.xml:DC23,3.7413289999999998E-4,"#,##0.000_);\(#,##0.000\)",0.000_),0.000 ,0.000 ,회계 수치·정밀도·통화·공백 정확 일치
poi-src/test-data/spreadsheet/mv-calculator-final-2-20-2013.xlsm,시트 셀,MV Cont. Table - Medical!DC24,xl/worksheets/sheet5.xml:DC24,4.671333E-4,"#,##0.000_);\(#,##0.000\)",0.000_),0.000 ,0.000 ,회계 수치·정밀도·통화·공백 정확 일치
poi-src/test-data/spreadsheet/mv-calculator-final-2-20-2013.xlsm,시트 셀,MV Cont. Table - Medical!DC25,xl/worksheets/sheet5.xml:DC25,5.742271E-4,"#,##0.000_);\(#,##0.000\)",0.001_),0.001 ,0.001 ,회계 수치·정밀도·통화·공백 정확 일치
poi-src/test-data/spreadsheet/mv-calculator-final-2-20-2013.xlsm,시트 셀,MV Cont. Table - Medical!DC26,xl/worksheets/sheet5.xml:DC26,6.7702249999999995E-4,"#,##0.000_);\(#,##0.000\)",0.001_),0.001 ,0.001 ,회계 수치·정밀도·통화·공백 정확 일치
poi-src/test-data/spreadsheet/mv-calculator-final-2-20-2013.xlsm,시트 셀,MV Cont. Table - Medical!DC27,xl/worksheets/sheet5.xml:DC27,8.1496919999999998E-4,"#,##0.000_);\(#,##0.000\)",0.001_),0.001 ,0.001 ,회계 수치·정밀도·통화·공백 정확 일치
poi-src/test-data/spreadsheet/mv-calculator-final-2-20-2013.xlsm,시트 셀,MV Cont. Table - Medical!DC28,xl/worksheets/sheet5.xml:DC28,9.582945E-4,"#,##0.000_);\(#,##0.000\)",0.001_),0.001 ,0.001 ,회계 수치·정밀도·통화·공백 정확 일치
poi-src/test-data/spreadsheet/mv-calculator-final-2-20-2013.xlsm,시트 셀,MV Cont. Table - Medical!DC29,xl/worksheets/sheet5.xml:DC29,1.1172203E-3,"#,##0.000_);\(#,##0.000\)",0.001_),0.001 ,0.001 ,회계 수치·정밀도·통화·공백 정확 일치
poi-src/test-data/spreadsheet/mv-calculator-final-2-20-2013.xlsm,시트 셀,MV Cont. Table - Medical!DC30,xl/worksheets/sheet5.xml:DC30,1.3167684E-3,"#,##0.000_);\(#,##0.000\)",0.001_),0.001 ,0.001 ,회계 수치·정밀도·통화·공백 정확 일치
poi-src/test-data/spreadsheet/mv-calculator-final-2-20-2013.xlsm,시트 셀,MV Cont. Table - Medical!DC31,xl/worksheets/sheet5.xml:DC31,1.5313306E-3,"#,##0.000_);\(#,##0.000\)",0.002_),0.002 ,0.002 ,회계 수치·정밀도·통화·공백 정확 일치
poi-src/test-data/spreadsheet/mv-calculator-final-2-20-2013.xlsm,시트 셀,MV Cont. Table - Medical!DC32,xl/worksheets/sheet5.xml:DC32,1.7237877999999999E-3,"#,##0.000_);\(#,##0.000\)",0.002_),0.002 ,0.002 ,회계 수치·정밀도·통화·공백 정확 일치
poi-src/test-data/spreadsheet/mv-calculator-final-2-20-2013.xlsm,시트 셀,MV Cont. Table - Medical!DC33,xl/worksheets/sheet5.xml:DC33,1.9233E-3,"#,##0.000_);\(#,##0.000\)",0.002_),0.002 ,0.002 ,회계 수치·정밀도·통화·공백 정확 일치
poi-src/test-data/spreadsheet/mv-calculator-final-2-20-2013.xlsm,시트 셀,MV Cont. Table - Medical!DC34,xl/worksheets/sheet5.xml:DC34,2.1649091000000001E-3,"#,##0.000_);\(#,##0.000\)",0.002_),0.002 ,0.002 ,회계 수치·정밀도·통화·공백 정확 일치
poi-src/test-data/spreadsheet/mv-calculator-final-2-20-2013.xlsm,시트 셀,MV Cont. Table - Medical!DC35,xl/worksheets/sheet5.xml:DC35,2.4300346E-3,"#,##0.000_);\(#,##0.000\)",0.002_),0.002 ,0.002 ,회계 수치·정밀도·통화·공백 정확 일치
poi-src/test-data/spreadsheet/mv-calculator-final-2-20-2013.xlsm,시트 셀,MV Cont. Table - Medical!DC36,xl/worksheets/sheet5.xml:DC36,2.6939815E-3,"#,##0.000_);\(#,##0.000\)",0.003_),0.003 ,0.003 ,회계 수치·정밀도·통화·공백 정확 일치
poi-src/test-data/spreadsheet/mv-calculator-final-2-20-2013.xlsm,시트 셀,MV Cont. Table - Medical!DC37,xl/worksheets/sheet5.xml:DC37,2.9863139999999999E-3,"#,##0.000_);\(#,##0.000\)",0.003_),0.003 ,0.003 ,회계 수치·정밀도·통화·공백 정확 일치
poi-src/test-data/spreadsheet/mv-calculator-final-2-20-2013.xlsm,시트 셀,MV Cont. Table - Medical!DC38,xl/worksheets/sheet5.xml:DC38,3.2727864999999999E-3,"#,##0.000_);\(#,##0.000\)",0.003_),0.003 ,0.003 ,회계 수치·정밀도·통화·공백 정확 일치
poi-src/test-data/spreadsheet/mv-calculator-final-2-20-2013.xlsm,시트 셀,MV Cont. Table - Medical!DC39,xl/worksheets/sheet5.xml:DC39,3.5601577999999998E-3,"#,##0.000_);\(#,##0.000\)",0.004_),0.004 ,0.004 ,회계 수치·정밀도·통화·공백 정확 일치
poi-src/test-data/spreadsheet/mv-calculator-final-2-20-2013.xlsm,시트 셀,MV Cont. Table - Medical!DC40,xl/worksheets/sheet5.xml:DC40,3.8476994000000001E-3,"#,##0.000_);\(#,##0.000\)",0.004_),0.004 ,0.004 ,회계 수치·정밀도·통화·공백 정확 일치
poi-src/test-data/spreadsheet/mv-calculator-final-2-20-2013.xlsm,시트 셀,MV Cont. Table - Medical!DC41,xl/worksheets/sheet5.xml:DC41,4.2334731999999998E-3,"#,##0.000_);\(#,##0.000\)",0.004_),0.004 ,0.004 ,회계 수치·정밀도·통화·공백 정확 일치
poi-src/test-data/spreadsheet/mv-calculator-final-2-20-2013.xlsm,시트 셀,MV Cont. Table - Medical!DC42,xl/worksheets/sheet5.xml:DC42,4.5260596999999996E-3,"#,##0.000_);\(#,##0.000\)",0.005_),0.005 ,0.005 ,회계 수치·정밀도·통화·공백 정확 일치
poi-src/test-data/spreadsheet/mv-calculator-final-2-20-2013.xlsm,시트 셀,MV Cont. Table - Medical!DC43,xl/worksheets/sheet5.xml:DC43,4.8552824E-3,"#,##0.000_);\(#,##0.000\)",0.005_),0.005 ,0.005 ,회계 수치·정밀도·통화·공백 정확 일치
poi-src/test-data/spreadsheet/mv-calculator-final-2-20-2013.xlsm,시트 셀,MV Cont. Table - Medical!DC44,xl/worksheets/sheet5.xml:DC44,5.2106371000000002E-3,"#,##0.000_);\(#,##0.000\)",0.005_),0.005 ,0.005 ,회계 수치·정밀도·통화·공백 정확 일치
poi-src/test-data/spreadsheet/mv-calculator-final-2-20-2013.xlsm,시트 셀,MV Cont. Table - Medical!DC45,xl/worksheets/sheet5.xml:DC45,5.5986917999999997E-3,"#,##0.000_);\(#,##0.000\)",0.006_),0.006 ,0.006 ,회계 수치·정밀도·통화·공백 정확 일치
poi-src/test-data/spreadsheet/mv-calculator-final-2-20-2013.xlsm,시트 셀,MV Cont. Table - Medical!DC46,xl/worksheets/sheet5.xml:DC46,5.9774818E-3,"#,##0.000_);\(#,##0.000\)",0.006_),0.006 ,0.006 ,회계 수치·정밀도·통화·공백 정확 일치
poi-src/test-data/spreadsheet/mv-calculator-final-2-20-2013.xlsm,시트 셀,MV Cont. Table - Medical!DC47,xl/worksheets/sheet5.xml:DC47,6.3087335000000001E-3,"#,##0.000_);\(#,##0.000\)",0.006_),0.006 ,0.006 ,회계 수치·정밀도·통화·공백 정확 일치
poi-src/test-data/spreadsheet/mv-calculator-final-2-20-2013.xlsm,시트 셀,MV Cont. Table - Medical!DC48,xl/worksheets/sheet5.xml:DC48,6.6407714999999999E-3,"#,##0.000_);\(#,##0.000\)",0.007_),0.007 ,0.007 ,회계 수치·정밀도·통화·공백 정확 일치
poi-src/test-data/spreadsheet/mv-calculator-final-2-20-2013.xlsm,시트 셀,MV Cont. Table - Medical!DC49,xl/worksheets/sheet5.xml:DC49,6.9460965999999999E-3,"#,##0.000_);\(#,##0.000\)",0.007_),0.007 ,0.007 ,회계 수치·정밀도·통화·공백 정확 일치
poi-src/test-data/spreadsheet/mv-calculator-final-2-20-2013.xlsm,시트 셀,MV Cont. Table - Medical!DC5,xl/worksheets/sheet5.xml:DC5,0,"#,##0.000_);\(#,##0.000\)",0.000_),0.000 ,0.000 ,회계 수치·정밀도·통화·공백 정확 일치
poi-src/test-data/spreadsheet/mv-calculator-final-2-20-2013.xlsm,시트 셀,MV Cont. Table - Medical!DC50,xl/worksheets/sheet5.xml:DC50,7.2529899000000004E-3,"#,##0.000_);\(#,##0.000\)",0.007_),0.007 ,0.007 ,회계 수치·정밀도·통화·공백 정확 일치
poi-src/test-data/spreadsheet/mv-calculator-final-2-20-2013.xlsm,시트 셀,MV Cont. Table - Medical!DC51,xl/worksheets/sheet5.xml:DC51,7.6428946999999997E-3,"#,##0.000_);\(#,##0.000\)",0.008_),0.008 ,0.008 ,회계 수치·정밀도·통화·공백 정확 일치
poi-src/test-data/spreadsheet/mv-calculator-final-2-20-2013.xlsm,시트 셀,MV Cont. Table - Medical!DC52,xl/worksheets/sheet5.xml:DC52,7.9701844000000001E-3,"#,##0.000_);\(#,##0.000\)",0.008_),0.008 ,0.008 ,회계 수치·정밀도·통화·공백 정확 일치
poi-src/test-data/spreadsheet/mv-calculator-final-2-20-2013.xlsm,시트 셀,MV Cont. Table - Medical!DC53,xl/worksheets/sheet5.xml:DC53,8.2721989999999992E-3,"#,##0.000_);\(#,##0.000\)",0.008_),0.008 ,0.008 ,회계 수치·정밀도·통화·공백 정확 일치
poi-src/test-data/spreadsheet/mv-calculator-final-2-20-2013.xlsm,시트 셀,MV Cont. Table - Medical!DC54,xl/worksheets/sheet5.xml:DC54,8.5512461999999994E-3,"#,##0.000_);\(#,##0.000\)",0.009_),0.009 ,0.009 ,회계 수치·정밀도·통화·공백 정확 일치
poi-src/test-data/spreadsheet/mv-calculator-final-2-20-2013.xlsm,시트 셀,MV Cont. Table - Medical!DC55,xl/worksheets/sheet5.xml:DC55,8.8373112999999993E-3,"#,##0.000_);\(#,##0.000\)",0.009_),0.009 ,0.009 ,회계 수치·정밀도·통화·공백 정확 일치
poi-src/test-data/spreadsheet/mv-calculator-final-2-20-2013.xlsm,시트 셀,MV Cont. Table - Medical!DC56,xl/worksheets/sheet5.xml:DC56,9.1088638999999999E-3,"#,##0.000_);\(#,##0.000\)",0.009_),0.009 ,0.009 ,회계 수치·정밀도·통화·공백 정확 일치
poi-src/test-data/spreadsheet/mv-calculator-final-2-20-2013.xlsm,시트 셀,MV Cont. Table - Medical!DC57,xl/worksheets/sheet5.xml:DC57,9.4931287000000007E-3,"#,##0.000_);\(#,##0.000\)",0.009_),0.009 ,0.009 ,회계 수치·정밀도·통화·공백 정확 일치
poi-src/test-data/spreadsheet/mv-calculator-final-2-20-2013.xlsm,시트 셀,MV Cont. Table - Medical!DC58,xl/worksheets/sheet5.xml:DC58,9.8297971000000008E-3,"#,##0.000_);\(#,##0.000\)",0.010_),0.010 ,0.010 ,회계 수치·정밀도·통화·공백 정확 일치
poi-src/test-data/spreadsheet/mv-calculator-final-2-20-2013.xlsm,시트 셀,MV Cont. Table - Medical!DC59,xl/worksheets/sheet5.xml:DC59,1.01292234E-2,"#,##0.000_);\(#,##0.000\)",0.010_),0.010 ,0.010 ,회계 수치·정밀도·통화·공백 정확 일치
poi-src/test-data/spreadsheet/mv-calculator-final-2-20-2013.xlsm,시트 셀,MV Cont. Table - Medical!DC6,xl/worksheets/sheet5.xml:DC6,0,"#,##0.000_);\(#,##0.000\)",0.000_),0.000 ,0.000 ,회계 수치·정밀도·통화·공백 정확 일치
poi-src/test-data/spreadsheet/mv-calculator-final-2-20-2013.xlsm,시트 셀,MV Cont. Table - Medical!DC60,xl/worksheets/sheet5.xml:DC60,1.03877256E-2,"#,##0.000_);\(#,##0.000\)",0.010_),0.010 ,0.010 ,회계 수치·정밀도·통화·공백 정확 일치
poi-src/test-data/spreadsheet/mv-calculator-final-2-20-2013.xlsm,시트 셀,MV Cont. Table - Medical!DC61,xl/worksheets/sheet5.xml:DC61,1.06930116E-2,"#,##0.000_);\(#,##0.000\)",0.011_),0.011 ,0.011 ,회계 수치·정밀도·통화·공백 정확 일치
poi-src/test-data/spreadsheet/mv-calculator-final-2-20-2013.xlsm,시트 셀,MV Cont. Table - Medical!DC62,xl/worksheets/sheet5.xml:DC62,1.0943534899999999E-2,"#,##0.000_);\(#,##0.000\)",0.011_),0.011 ,0.011 ,회계 수치·정밀도·통화·공백 정확 일치
poi-src/test-data/spreadsheet/mv-calculator-final-2-20-2013.xlsm,시트 셀,MV Cont. Table - Medical!DC63,xl/worksheets/sheet5.xml:DC63,1.12056333E-2,"#,##0.000_);\(#,##0.000\)",0.011_),0.011 ,0.011 ,회계 수치·정밀도·통화·공백 정확 일치
poi-src/test-data/spreadsheet/mv-calculator-final-2-20-2013.xlsm,시트 셀,MV Cont. Table - Medical!DC64,xl/worksheets/sheet5.xml:DC64,1.14357564E-2,"#,##0.000_);\(#,##0.000\)",0.011_),0.011 ,0.011 ,회계 수치·정밀도·통화·공백 정확 일치
poi-src/test-data/spreadsheet/mv-calculator-final-2-20-2013.xlsm,시트 셀,MV Cont. Table - Medical!DC65,xl/worksheets/sheet5.xml:DC65,1.1663100900000001E-2,"#,##0.000_);\(#,##0.000\)",0.012_),0.012 ,0.012 ,회계 수치·정밀도·통화·공백 정확 일치
poi-src/test-data/spreadsheet/mv-calculator-final-2-20-2013.xlsm,시트 셀,MV Cont. Table - Medical!DC66,xl/worksheets/sheet5.xml:DC66,1.1857584799999999E-2,"#,##0.000_);\(#,##0.000\)",0.012_),0.012 ,0.012 ,회계 수치·정밀도·통화·공백 정확 일치
poi-src/test-data/spreadsheet/mv-calculator-final-2-20-2013.xlsm,시트 셀,MV Cont. Table - Medical!DC67,xl/worksheets/sheet5.xml:DC67,1.20698093E-2,"#,##0.000_);\(#,##0.000\)",0.012_),0.012 ,0.012 ,회계 수치·정밀도·통화·공백 정확 일치
poi-src/test-data/spreadsheet/mv-calculator-final-2-20-2013.xlsm,시트 셀,MV Cont. Table - Medical!DC68,xl/worksheets/sheet5.xml:DC68,1.22859588E-2,"#,##0.000_);\(#,##0.000\)",0.012_),0.012 ,0.012 ,회계 수치·정밀도·통화·공백 정확 일치
poi-src/test-data/spreadsheet/mv-calculator-final-2-20-2013.xlsm,시트 셀,MV Cont. Table - Medical!DC69,xl/worksheets/sheet5.xml:DC69,1.2530555299999999E-2,"#,##0.000_);\(#,##0.000\)",0.013_),0.013 ,0.013 ,회계 수치·정밀도·통화·공백 정확 일치
poi-src/test-data/spreadsheet/mv-calculator-final-2-20-2013.xlsm,시트 셀,MV Cont. Table - Medical!DC7,xl/worksheets/sheet5.xml:DC7,1.90136E-5,"#,##0.000_);\(#,##0.000\)",0.000_),0.000 ,0.000 ,회계 수치·정밀도·통화·공백 정확 일치
poi-src/test-data/spreadsheet/mv-calculator-final-2-20-2013.xlsm,시트 셀,MV Cont. Table - Medical!DC70,xl/worksheets/sheet5.xml:DC70,1.27306135E-2,"#,##0.000_);\(#,##0.000\)",0.013_),0.013 ,0.013 ,회계 수치·정밀도·통화·공백 정확 일치
poi-src/test-data/spreadsheet/mv-calculator-final-2-20-2013.xlsm,시트 셀,MV Cont. Table - Medical!DC71,xl/worksheets/sheet5.xml:DC71,1.46146351E-2,"#,##0.000_);\(#,##0.000\)",0.015_),0.015 ,0.015 ,회계 수치·정밀도·통화·공백 정확 일치
poi-src/test-data/spreadsheet/mv-calculator-final-2-20-2013.xlsm,시트 셀,MV Cont. Table - Medical!DC72,xl/worksheets/sheet5.xml:DC72,1.98802184E-2,"#,##0.000_);\(#,##0.000\)",0.020_),0.020 ,0.020 ,회계 수치·정밀도·통화·공백 정확 일치
poi-src/test-data/spreadsheet/mv-calculator-final-2-20-2013.xlsm,시트 셀,MV Cont. Table - Medical!DC73,xl/worksheets/sheet5.xml:DC73,3.4618848600000002E-2,"#,##0.000_);\(#,##0.000\)",0.035_),0.035 ,0.035 ,회계 수치·정밀도·통화·공백 정확 일치
poi-src/test-data/spreadsheet/mv-calculator-final-2-20-2013.xlsm,시트 셀,MV Cont. Table - Medical!DC74,xl/worksheets/sheet5.xml:DC74,4.9877207899999998E-2,"#,##0.000_);\(#,##0.000\)",0.050_),0.050 ,0.050 ,회계 수치·정밀도·통화·공백 정확 일치
poi-src/test-data/spreadsheet/mv-calculator-final-2-20-2013.xlsm,시트 셀,MV Cont. Table - Medical!DC75,xl/worksheets/sheet5.xml:DC75,6.1582998399999998E-2,"#,##0.000_);\(#,##0.000\)",0.062_),0.062 ,0.062 ,회계 수치·정밀도·통화·공백 정확 일치
poi-src/test-data/spreadsheet/mv-calculator-final-2-20-2013.xlsm,시트 셀,MV Cont. Table - Medical!DC76,xl/worksheets/sheet5.xml:DC76,7.1178711500000005E-2,"#,##0.000_);\(#,##0.000\)",0.071_),0.071 ,0.071 ,회계 수치·정밀도·통화·공백 정확 일치
poi-src/test-data/spreadsheet/mv-calculator-final-2-20-2013.xlsm,시트 셀,MV Cont. Table - Medical!DC77,xl/worksheets/sheet5.xml:DC77,7.8922135199999993E-2,"#,##0.000_);\(#,##0.000\)",0.079_),0.079 ,0.079 ,회계 수치·정밀도·통화·공백 정확 일치
poi-src/test-data/spreadsheet/mv-calculator-final-2-20-2013.xlsm,시트 셀,MV Cont. Table - Medical!DC78,xl/worksheets/sheet5.xml:DC78,8.5430228900000002E-2,"#,##0.000_);\(#,##0.000\)",0.085_),0.085 ,0.085 ,회계 수치·정밀도·통화·공백 정확 일치
poi-src/test-data/spreadsheet/mv-calculator-final-2-20-2013.xlsm,시트 셀,MV Cont. Table - Medical!DC79,xl/worksheets/sheet5.xml:DC79,9.0923019800000004E-2,"#,##0.000_);\(#,##0.000\)",0.091_),0.091 ,0.091 ,회계 수치·정밀도·통화·공백 정확 일치
poi-src/test-data/spreadsheet/mv-calculator-final-2-20-2013.xlsm,시트 셀,MV Cont. Table - Medical!DC8,xl/worksheets/sheet5.xml:DC8,1.5169300000000001E-5,"#,##0.000_);\(#,##0.000\)",0.000_),0.000 ,0.000 ,회계 수치·정밀도·통화·공백 정확 일치
poi-src/test-data/spreadsheet/mv-calculator-final-2-20-2013.xlsm,시트 셀,MV Cont. Table - Medical!DC80,xl/worksheets/sheet5.xml:DC80,9.5398589500000006E-2,"#,##0.000_);\(#,##0.000\)",0.095_),0.095 ,0.095 ,회계 수치·정밀도·통화·공백 정확 일치
poi-src/test-data/spreadsheet/mv-calculator-final-2-20-2013.xlsm,시트 셀,MV Cont. Table - Medical!DC81,xl/worksheets/sheet5.xml:DC81,0.11891134439999999,"#,##0.000_);\(#,##0.000\)",0.119_),0.119 ,0.119 ,회계 수치·정밀도·통화·공백 정확 일치
poi-src/test-data/spreadsheet/mv-calculator-final-2-20-2013.xlsm,시트 셀,MV Cont. Table - Medical!DC82,xl/worksheets/sheet5.xml:DC82,0.13245205660000001,"#,##0.000_);\(#,##0.000\)",0.132_),0.132 ,0.132 ,회계 수치·정밀도·통화·공백 정확 일치
poi-src/test-data/spreadsheet/mv-calculator-final-2-20-2013.xlsm,시트 셀,MV Cont. Table - Medical!DC83,xl/worksheets/sheet5.xml:DC83,0.13637025929999999,"#,##0.000_);\(#,##0.000\)",0.136_),0.136 ,0.136 ,회계 수치·정밀도·통화·공백 정확 일치
poi-src/test-data/spreadsheet/mv-calculator-final-2-20-2013.xlsm,시트 셀,MV Cont. Table - Medical!DC84,xl/worksheets/sheet5.xml:DC84,0.1380818747,"#,##0.000_);\(#,##0.000\)",0.138_),0.138 ,0.138 ,회계 수치·정밀도·통화·공백 정확 일치
poi-src/test-data/spreadsheet/mv-calculator-final-2-20-2013.xlsm,시트 셀,MV Cont. Table - Medical!DC85,xl/worksheets/sheet5.xml:DC85,0.1388754371,"#,##0.000_);\(#,##0.000\)",0.139_),0.139 ,0.139 ,회계 수치·정밀도·통화·공백 정확 일치
poi-src/test-data/spreadsheet/mv-calculator-final-2-20-2013.xlsm,시트 셀,MV Cont. Table - Medical!DC86,xl/worksheets/sheet5.xml:DC86,0.13976549799999999,"#,##0.000_);\(#,##0.000\)",0.140_),0.140 ,0.140 ,회계 수치·정밀도·통화·공백 정확 일치
poi-src/test-data/spreadsheet/mv-calculator-final-2-20-2013.xlsm,시트 셀,MV Cont. Table - Medical!DC87,xl/worksheets/sheet5.xml:DC87,0.1399917768,"#,##0.000_);\(#,##0.000\)",0.140_),0.140 ,0.140 ,회계 수치·정밀도·통화·공백 정확 일치
poi-src/test-data/spreadsheet/mv-calculator-final-2-20-2013.xlsm,시트 셀,MV Cont. Table - Medical!DC88,xl/worksheets/sheet5.xml:DC88,0.14002328680000001,"#,##0.000_);\(#,##0.000\)",0.140_),0.140 ,0.140 ,회계 수치·정밀도·통화·공백 정확 일치
poi-src/test-data/spreadsheet/mv-calculator-final-2-20-2013.xlsm,시트 셀,MV Cont. Table - Medical!DC9,xl/worksheets/sheet5.xml:DC9,2.1906999999999999E-5,"#,##0.000_);\(#,##0.000\)",0.000_),0.000 ,0.000 ,회계 수치·정밀도·통화·공백 정확 일치
poi-src/test-data/spreadsheet/mv-calculator-final-2-20-2013.xlsm,시트 셀,MV Cont. Table - Medical!DD10,xl/worksheets/sheet5.xml:DD10,1.9140999999999999E-5,"#,##0.000_);\(#,##0.000\)",0.000_),0.000 ,0.000 ,회계 수치·정밀도·통화·공백 정확 일치
poi-src/test-data/spreadsheet/mv-calculator-final-2-20-2013.xlsm,시트 셀,MV Cont. Table - Medical!DD11,xl/worksheets/sheet5.xml:DD11,2.03253E-5,"#,##0.000_);\(#,##0.000\)",0.000_),0.000 ,0.000 ,회계 수치·정밀도·통화·공백 정확 일치
poi-src/test-data/spreadsheet/mv-calculator-final-2-20-2013.xlsm,시트 셀,MV Cont. Table - Medical!DD12,xl/worksheets/sheet5.xml:DD12,1.8584799999999999E-5,"#,##0.000_);\(#,##0.000\)",0.000_),0.000 ,0.000 ,회계 수치·정밀도·통화·공백 정확 일치
poi-src/test-data/spreadsheet/mv-calculator-final-2-20-2013.xlsm,시트 셀,MV Cont. Table - Medical!DD13,xl/worksheets/sheet5.xml:DD13,2.0799399999999999E-5,"#,##0.000_);\(#,##0.000\)",0.000_),0.000 ,0.000 ,회계 수치·정밀도·통화·공백 정확 일치
poi-src/test-data/spreadsheet/mv-calculator-final-2-20-2013.xlsm,시트 셀,MV Cont. Table - Medical!DD14,xl/worksheets/sheet5.xml:DD14,3.0474300000000001E-5,"#,##0.000_);\(#,##0.000\)",0.000_),0.000 ,0.000 ,회계 수치·정밀도·통화·공백 정확 일치
poi-src/test-data/spreadsheet/mv-calculator-final-2-20-2013.xlsm,시트 셀,MV Cont. Table - Medical!DD15,xl/worksheets/sheet5.xml:DD15,4.6826400000000003E-5,"#,##0.000_);\(#,##0.000\)",0.000_),0.000 ,0.000 ,회계 수치·정밀도·통화·공백 정확 일치
poi-src/test-data/spreadsheet/mv-calculator-final-2-20-2013.xlsm,시트 셀,MV Cont. Table - Medical!DD16,xl/worksheets/sheet5.xml:DD16,6.6042299999999996E-5,"#,##0.000_);\(#,##0.000\)",0.000_),0.000 ,0.000 ,회계 수치·정밀도·통화·공백 정확 일치
poi-src/test-data/spreadsheet/mv-calculator-final-2-20-2013.xlsm,시트 셀,MV Cont. Table - Medical!DD17,xl/worksheets/sheet5.xml:DD17,7.75742E-5,"#,##0.000_);\(#,##0.000\)",0.000_),0.000 ,0.000 ,회계 수치·정밀도·통화·공백 정확 일치
poi-src/test-data/spreadsheet/mv-calculator-final-2-20-2013.xlsm,시트 셀,MV Cont. Table - Medical!DD18,xl/worksheets/sheet5.xml:DD18,1.047874E-4,"#,##0.000_);\(#,##0.000\)",0.000_),0.000 ,0.000 ,회계 수치·정밀도·통화·공백 정확 일치
poi-src/test-data/spreadsheet/mv-calculator-final-2-20-2013.xlsm,시트 셀,MV Cont. Table - Medical!DD19,xl/worksheets/sheet5.xml:DD19,1.4791000000000001E-4,"#,##0.000_);\(#,##0.000\)",0.000_),0.000 ,0.000 ,회계 수치·정밀도·통화·공백 정확 일치
poi-src/test-data/spreadsheet/mv-calculator-final-2-20-2013.xlsm,시트 셀,MV Cont. Table - Medical!DD20,xl/worksheets/sheet5.xml:DD20,1.891873E-4,"#,##0.000_);\(#,##0.000\)",0.000_),0.000 ,0.000 ,회계 수치·정밀도·통화·공백 정확 일치
poi-src/test-data/spreadsheet/mv-calculator-final-2-20-2013.xlsm,시트 셀,MV Cont. Table - Medical!DD21,xl/worksheets/sheet5.xml:DD21,2.5986610000000002E-4,"#,##0.000_);\(#,##0.000\)",0.000_),0.000 ,0.000 ,회계 수치·정밀도·통화·공백 정확 일치
poi-src/test-data/spreadsheet/mv-calculator-final-2-20-2013.xlsm,시트 셀,MV Cont. Table - Medical!DD22,xl/worksheets/sheet5.xml:DD22,3.0906720000000001E-4,"#,##0.000_);\(#,##0.000\)",0.000_),0.000 ,0.000 ,회계 수치·정밀도·통화·공백 정확 일치
poi-src/test-data/spreadsheet/mv-calculator-final-2-20-2013.xlsm,시트 셀,MV Cont. Table - Medical!DD23,xl/worksheets/sheet5.xml:DD23,3.7413289999999998E-4,"#,##0.000_);\(#,##0.000\)",0.000_),0.000 ,0.000 ,회계 수치·정밀도·통화·공백 정확 일치
poi-src/test-data/spreadsheet/mv-calculator-final-2-20-2013.xlsm,시트 셀,MV Cont. Table - Medical!DD24,xl/worksheets/sheet5.xml:DD24,4.671333E-4,"#,##0.000_);\(#,##0.000\)",0.000_),0.000 ,0.000 ,회계 수치·정밀도·통화·공백 정확 일치
poi-src/test-data/spreadsheet/mv-calculator-final-2-20-2013.xlsm,시트 셀,MV Cont. Table - Medical!DD25,xl/worksheets/sheet5.xml:DD25,5.760928E-4,"#,##0.000_);\(#,##0.000\)",0.001_),0.001 ,0.001 ,회계 수치·정밀도·통화·공백 정확 일치
poi-src/test-data/spreadsheet/mv-calculator-final-2-20-2013.xlsm,시트 셀,MV Cont. Table - Medical!DD26,xl/worksheets/sheet5.xml:DD26,6.7886170000000003E-4,"#,##0.000_);\(#,##0.000\)",0.001_),0.001 ,0.001 ,회계 수치·정밀도·통화·공백 정확 일치
poi-src/test-data/spreadsheet/mv-calculator-final-2-20-2013.xlsm,시트 셀,MV Cont. Table - Medical!DD27,xl/worksheets/sheet5.xml:DD27,8.1678499999999999E-4,"#,##0.000_);\(#,##0.000\)",0.001_),0.001 ,0.001 ,회계 수치·정밀도·통화·공백 정확 일치
poi-src/test-data/spreadsheet/mv-calculator-final-2-20-2013.xlsm,시트 셀,MV Cont. Table - Medical!DD28,xl/worksheets/sheet5.xml:DD28,9.6008849999999995E-4,"#,##0.000_);\(#,##0.000\)",0.001_),0.001 ,0.001 ,회계 수치·정밀도·통화·공백 정확 일치
poi-src/test-data/spreadsheet/mv-calculator-final-2-20-2013.xlsm,시트 셀,MV Cont. Table - Medical!DD29,xl/worksheets/sheet5.xml:DD29,1.1189945000000001E-3,"#,##0.000_);\(#,##0.000\)",0.001_),0.001 ,0.001 ,회계 수치·정밀도·통화·공백 정확 일치
poi-src/test-data/spreadsheet/mv-calculator-final-2-20-2013.xlsm,시트 셀,MV Cont. Table - Medical!DD30,xl/worksheets/sheet5.xml:DD30,1.3185238999999999E-3,"#,##0.000_);\(#,##0.000\)",0.001_),0.001 ,0.001 ,회계 수치·정밀도·통화·공백 정확 일치
poi-src/test-data/spreadsheet/mv-calculator-final-2-20-2013.xlsm,시트 셀,MV Cont. Table - Medical!DD31,xl/worksheets/sheet5.xml:DD31,1.5330694000000001E-3,"#,##0.000_);\(#,##0.000\)",0.002_),0.002 ,0.002 ,회계 수치·정밀도·통화·공백 정확 일치
poi-src/test-data/spreadsheet/mv-calculator-final-2-20-2013.xlsm,시트 셀,MV Cont. Table - Medical!DD32,xl/worksheets/sheet5.xml:DD32,1.7255116000000001E-3,"#,##0.000_);\(#,##0.000\)",0.002_),0.002 ,0.002 ,회계 수치·정밀도·통화·공백 정확 일치
poi-src/test-data/spreadsheet/mv-calculator-final-2-20-2013.xlsm,시트 셀,MV Cont. Table - Medical!DD33,xl/worksheets/sheet5.xml:DD33,1.9250090000000001E-3,"#,##0.000_);\(#,##0.000\)",0.002_),0.002 ,0.002 ,회계 수치·정밀도·통화·공백 정확 일치
poi-src/test-data/spreadsheet/mv-calculator-final-2-20-2013.xlsm,시트 셀,MV Cont. Table - Medical!DD34,xl/worksheets/sheet5.xml:DD34,2.1666028E-3,"#,##0.000_);\(#,##0.000\)",0.002_),0.002 ,0.002 ,회계 수치·정밀도·통화·공백 정확 일치
poi-src/test-data/spreadsheet/mv-calculator-final-2-20-2013.xlsm,시트 셀,MV Cont. Table - Medical!DD35,xl/worksheets/sheet5.xml:DD35,2.4317157999999999E-3,"#,##0.000_);\(#,##0.000\)",0.002_),0.002 ,0.002 ,회계 수치·정밀도·통화·공백 정확 일치
poi-src/test-data/spreadsheet/mv-calculator-final-2-20-2013.xlsm,시트 셀,MV Cont. Table - Medical!DD36,xl/worksheets/sheet5.xml:DD36,2.6968780000000002E-3,"#,##0.000_);\(#,##0.000\)",0.003_),0.003 ,0.003 ,회계 수치·정밀도·통화·공백 정확 일치
poi-src/test-data/spreadsheet/mv-calculator-final-2-20-2013.xlsm,시트 셀,MV Cont. Table - Medical!DD37,xl/worksheets/sheet5.xml:DD37,2.9891884E-3,"#,##0.000_);\(#,##0.000\)",0.003_),0.003 ,0.003 ,회계 수치·정밀도·통화·공백 정확 일치
poi-src/test-data/spreadsheet/mv-calculator-final-2-20-2013.xlsm,시트 셀,MV Cont. Table - Medical!DD38,xl/worksheets/sheet5.xml:DD38,3.2756394E-3,"#,##0.000_);\(#,##0.000\)",0.003_),0.003 ,0.003 ,회계 수치·정밀도·통화·공백 정확 일치
poi-src/test-data/spreadsheet/mv-calculator-final-2-20-2013.xlsm,시트 셀,MV Cont. Table - Medical!DD39,xl/worksheets/sheet5.xml:DD39,3.5629896000000001E-3,"#,##0.000_);\(#,##0.000\)",0.004_),0.004 ,0.004 ,회계 수치·정밀도·통화·공백 정확 일치
poi-src/test-data/spreadsheet/mv-calculator-final-2-20-2013.xlsm,시트 셀,MV Cont. Table - Medical!DD40,xl/worksheets/sheet5.xml:DD40,3.8505114000000002E-3,"#,##0.000_);\(#,##0.000\)",0.004_),0.004 ,0.004 ,회계 수치·정밀도·통화·공백 정확 일치
poi-src/test-data/spreadsheet/mv-calculator-final-2-20-2013.xlsm,시트 셀,MV Cont. Table - Medical!DD41,xl/worksheets/sheet5.xml:DD41,4.2362678000000004E-3,"#,##0.000_);\(#,##0.000\)",0.004_),0.004 ,0.004 ,회계 수치·정밀도·통화·공백 정확 일치
poi-src/test-data/spreadsheet/mv-calculator-final-2-20-2013.xlsm,시트 셀,MV Cont. Table - Medical!DD42,xl/worksheets/sheet5.xml:DD42,4.5288382000000004E-3,"#,##0.000_);\(#,##0.000\)",0.005_),0.005 ,0.005 ,회계 수치·정밀도·통화·공백 정확 일치
poi-src/test-data/spreadsheet/mv-calculator-final-2-20-2013.xlsm,시트 셀,MV Cont. Table - Medical!DD43,xl/worksheets/sheet5.xml:DD43,4.8585358999999996E-3,"#,##0.000_);\(#,##0.000\)",0.005_),0.005 ,0.005 ,회계 수치·정밀도·통화·공백 정확 일치
poi-src/test-data/spreadsheet/mv-calculator-final-2-20-2013.xlsm,시트 셀,MV Cont. Table - Medical!DD44,xl/worksheets/sheet5.xml:DD44,5.2138723000000001E-3,"#,##0.000_);\(#,##0.000\)",0.005_),0.005 ,0.005 ,회계 수치·정밀도·통화·공백 정확 일치
poi-src/test-data/spreadsheet/mv-calculator-final-2-20-2013.xlsm,시트 셀,MV Cont. Table - Medical!DD45,xl/worksheets/sheet5.xml:DD45,5.6034941999999997E-3,"#,##0.000_);\(#,##0.000\)",0.006_),0.006 ,0.006 ,회계 수치·정밀도·통화·공백 정확 일치
poi-src/test-data/spreadsheet/mv-calculator-final-2-20-2013.xlsm,시트 셀,MV Cont. Table - Medical!DD46,xl/worksheets/sheet5.xml:DD46,5.9827450000000003E-3,"#,##0.000_);\(#,##0.000\)",0.006_),0.006 ,0.006 ,회계 수치·정밀도·통화·공백 정확 일치
poi-src/test-data/spreadsheet/mv-calculator-final-2-20-2013.xlsm,시트 셀,MV Cont. Table - Medical!DD47,xl/worksheets/sheet5.xml:DD47,6.3139700000000003E-3,"#,##0.000_);\(#,##0.000\)",0.006_),0.006 ,0.006 ,회계 수치·정밀도·통화·공백 정확 일치
poi-src/test-data/spreadsheet/mv-calculator-final-2-20-2013.xlsm,시트 셀,MV Cont. Table - Medical!DD48,xl/worksheets/sheet5.xml:DD48,6.6459845000000004E-3,"#,##0.000_);\(#,##0.000\)",0.007_),0.007 ,0.007 ,회계 수치·정밀도·통화·공백 정확 일치
poi-src/test-data/spreadsheet/mv-calculator-final-2-20-2013.xlsm,시트 셀,MV Cont. Table - Medical!DD49,xl/worksheets/sheet5.xml:DD49,6.9512864999999998E-3,"#,##0.000_);\(#,##0.000\)",0.007_),0.007 ,0.007 ,회계 수치·정밀도·통화·공백 정확 일치
poi-src/test-data/spreadsheet/mv-calculator-final-2-20-2013.xlsm,시트 셀,MV Cont. Table - Medical!DD5,xl/worksheets/sheet5.xml:DD5,0,"#,##0.000_);\(#,##0.000\)",0.000_),0.000 ,0.000 ,회계 수치·정밀도·통화·공백 정확 일치
poi-src/test-data/spreadsheet/mv-calculator-final-2-20-2013.xlsm,시트 셀,MV Cont. Table - Medical!DD50,xl/worksheets/sheet5.xml:DD50,7.2614925999999998E-3,"#,##0.000_);\(#,##0.000\)",0.007_),0.007 ,0.007 ,회계 수치·정밀도·통화·공백 정확 일치
poi-src/test-data/spreadsheet/mv-calculator-final-2-20-2013.xlsm,시트 셀,MV Cont. Table - Medical!DD51,xl/worksheets/sheet5.xml:DD51,7.6513615000000004E-3,"#,##0.000_);\(#,##0.000\)",0.008_),0.008 ,0.008 ,회계 수치·정밀도·통화·공백 정확 일치
poi-src/test-data/spreadsheet/mv-calculator-final-2-20-2013.xlsm,시트 셀,MV Cont. Table - Medical!DD52,xl/worksheets/sheet5.xml:DD52,7.9797168999999994E-3,"#,##0.000_);\(#,##0.000\)",0.008_),0.008 ,0.008 ,회계 수치·정밀도·통화·공백 정확 일치
poi-src/test-data/spreadsheet/mv-calculator-final-2-20-2013.xlsm,시트 셀,MV Cont. Table - Medical!DD53,xl/worksheets/sheet5.xml:DD53,8.2848264000000005E-3,"#,##0.000_);\(#,##0.000\)",0.008_),0.008 ,0.008 ,회계 수치·정밀도·통화·공백 정확 일치
poi-src/test-data/spreadsheet/mv-calculator-final-2-20-2013.xlsm,시트 셀,MV Cont. Table - Medical!DD54,xl/worksheets/sheet5.xml:DD54,8.5638215000000007E-3,"#,##0.000_);\(#,##0.000\)",0.009_),0.009 ,0.009 ,회계 수치·정밀도·통화·공백 정확 일치
poi-src/test-data/spreadsheet/mv-calculator-final-2-20-2013.xlsm,시트 셀,MV Cont. Table - Medical!DD55,xl/worksheets/sheet5.xml:DD55,8.8498411000000003E-3,"#,##0.000_);\(#,##0.000\)",0.009_),0.009 ,0.009 ,회계 수치·정밀도·통화·공백 정확 일치
poi-src/test-data/spreadsheet/mv-calculator-final-2-20-2013.xlsm,시트 셀,MV Cont. Table - Medical!DD56,xl/worksheets/sheet5.xml:DD56,9.1231847999999997E-3,"#,##0.000_);\(#,##0.000\)",0.009_),0.009 ,0.009 ,회계 수치·정밀도·통화·공백 정확 일치
poi-src/test-data/spreadsheet/mv-calculator-final-2-20-2013.xlsm,시트 셀,MV Cont. Table - Medical!DD57,xl/worksheets/sheet5.xml:DD57,9.5078631999999993E-3,"#,##0.000_);\(#,##0.000\)",0.010_),0.010 ,0.010 ,회계 수치·정밀도·통화·공백 정확 일치
poi-src/test-data/spreadsheet/mv-calculator-final-2-20-2013.xlsm,시트 셀,MV Cont. Table - Medical!DD58,xl/worksheets/sheet5.xml:DD58,9.8462271000000004E-3,"#,##0.000_);\(#,##0.000\)",0.010_),0.010 ,0.010 ,회계 수치·정밀도·통화·공백 정확 일치
poi-src/test-data/spreadsheet/mv-calculator-final-2-20-2013.xlsm,시트 셀,MV Cont. Table - Medical!DD59,xl/worksheets/sheet5.xml:DD59,1.01460597E-2,"#,##0.000_);\(#,##0.000\)",0.010_),0.010 ,0.010 ,회계 수치·정밀도·통화·공백 정확 일치
poi-src/test-data/spreadsheet/mv-calculator-final-2-20-2013.xlsm,시트 셀,MV Cont. Table - Medical!DD6,xl/worksheets/sheet5.xml:DD6,0,"#,##0.000_);\(#,##0.000\)",0.000_),0.000 ,0.000 ,회계 수치·정밀도·통화·공백 정확 일치
poi-src/test-data/spreadsheet/mv-calculator-final-2-20-2013.xlsm,시트 셀,MV Cont. Table - Medical!DD60,xl/worksheets/sheet5.xml:DD60,1.04066336E-2,"#,##0.000_);\(#,##0.000\)",0.010_),0.010 ,0.010 ,회계 수치·정밀도·통화·공백 정확 일치
poi-src/test-data/spreadsheet/mv-calculator-final-2-20-2013.xlsm,시트 셀,MV Cont. Table - Medical!DD61,xl/worksheets/sheet5.xml:DD61,1.0711863199999999E-2,"#,##0.000_);\(#,##0.000\)",0.011_),0.011 ,0.011 ,회계 수치·정밀도·통화·공백 정확 일치
poi-src/test-data/spreadsheet/mv-calculator-final-2-20-2013.xlsm,시트 셀,MV Cont. Table - Medical!DD62,xl/worksheets/sheet5.xml:DD62,1.09648131E-2,"#,##0.000_);\(#,##0.000\)",0.011_),0.011 ,0.011 ,회계 수치·정밀도·통화·공백 정확 일치
poi-src/test-data/spreadsheet/mv-calculator-final-2-20-2013.xlsm,시트 셀,MV Cont. Table - Medical!DD63,xl/worksheets/sheet5.xml:DD63,1.1228089E-2,"#,##0.000_);\(#,##0.000\)",0.011_),0.011 ,0.011 ,회계 수치·정밀도·통화·공백 정확 일치
poi-src/test-data/spreadsheet/mv-calculator-final-2-20-2013.xlsm,시트 셀,MV Cont. Table - Medical!DD64,xl/worksheets/sheet5.xml:DD64,1.14592038E-2,"#,##0.000_);\(#,##0.000\)",0.011_),0.011 ,0.011 ,회계 수치·정밀도·통화·공백 정확 일치
poi-src/test-data/spreadsheet/mv-calculator-final-2-20-2013.xlsm,시트 셀,MV Cont. Table - Medical!DD65,xl/worksheets/sheet5.xml:DD65,1.16893287E-2,"#,##0.000_);\(#,##0.000\)",0.012_),0.012 ,0.012 ,회계 수치·정밀도·통화·공백 정확 일치
poi-src/test-data/spreadsheet/mv-calculator-final-2-20-2013.xlsm,시트 셀,MV Cont. Table - Medical!DD66,xl/worksheets/sheet5.xml:DD66,1.18837492E-2,"#,##0.000_);\(#,##0.000\)",0.012_),0.012 ,0.012 ,회계 수치·정밀도·통화·공백 정확 일치
poi-src/test-data/spreadsheet/mv-calculator-final-2-20-2013.xlsm,시트 셀,MV Cont. Table - Medical!DD67,xl/worksheets/sheet5.xml:DD67,1.2096955E-2,"#,##0.000_);\(#,##0.000\)",0.012_),0.012 ,0.012 ,회계 수치·정밀도·통화·공백 정확 일치
poi-src/test-data/spreadsheet/mv-calculator-final-2-20-2013.xlsm,시트 셀,MV Cont. Table - Medical!DD68,xl/worksheets/sheet5.xml:DD68,1.2314039000000001E-2,"#,##0.000_);\(#,##0.000\)",0.012_),0.012 ,0.012 ,회계 수치·정밀도·통화·공백 정확 일치
poi-src/test-data/spreadsheet/mv-calculator-final-2-20-2013.xlsm,시트 셀,MV Cont. Table - Medical!DD69,xl/worksheets/sheet5.xml:DD69,1.25591773E-2,"#,##0.000_);\(#,##0.000\)",0.013_),0.013 ,0.013 ,회계 수치·정밀도·통화·공백 정확 일치
poi-src/test-data/spreadsheet/mv-calculator-final-2-20-2013.xlsm,시트 셀,MV Cont. Table - Medical!DD7,xl/worksheets/sheet5.xml:DD7,1.90136E-5,"#,##0.000_);\(#,##0.000\)",0.000_),0.000 ,0.000 ,회계 수치·정밀도·통화·공백 정확 일치
poi-src/test-data/spreadsheet/mv-calculator-final-2-20-2013.xlsm,시트 셀,MV Cont. Table - Medical!DD70,xl/worksheets/sheet5.xml:DD70,1.27625178E-2,"#,##0.000_);\(#,##0.000\)",0.013_),0.013 ,0.013 ,회계 수치·정밀도·통화·공백 정확 일치
poi-src/test-data/spreadsheet/mv-calculator-final-2-20-2013.xlsm,시트 셀,MV Cont. Table - Medical!DD71,xl/worksheets/sheet5.xml:DD71,1.4655531899999999E-2,"#,##0.000_);\(#,##0.000\)",0.015_),0.015 ,0.015 ,회계 수치·정밀도·통화·공백 정확 일치
poi-src/test-data/spreadsheet/mv-calculator-final-2-20-2013.xlsm,시트 셀,MV Cont. Table - Medical!DD72,xl/worksheets/sheet5.xml:DD72,1.9976641100000001E-2,"#,##0.000_);\(#,##0.000\)",0.020_),0.020 ,0.020 ,회계 수치·정밀도·통화·공백 정확 일치
poi-src/test-data/spreadsheet/mv-calculator-final-2-20-2013.xlsm,시트 셀,MV Cont. Table - Medical!DD73,xl/worksheets/sheet5.xml:DD73,3.48974175E-2,"#,##0.000_);\(#,##0.000\)",0.035_),0.035 ,0.035 ,회계 수치·정밀도·통화·공백 정확 일치
poi-src/test-data/spreadsheet/mv-calculator-final-2-20-2013.xlsm,시트 셀,MV Cont. Table - Medical!DD74,xl/worksheets/sheet5.xml:DD74,5.0438061700000002E-2,"#,##0.000_);\(#,##0.000\)",0.050_),0.050 ,0.050 ,회계 수치·정밀도·통화·공백 정확 일치
poi-src/test-data/spreadsheet/mv-calculator-final-2-20-2013.xlsm,시트 셀,MV Cont. Table - Medical!DD75,xl/worksheets/sheet5.xml:DD75,6.2474694400000003E-2,"#,##0.000_);\(#,##0.000\)",0.062_),0.062 ,0.062 ,회계 수치·정밀도·통화·공백 정확 일치
poi-src/test-data/spreadsheet/mv-calculator-final-2-20-2013.xlsm,시트 셀,MV Cont. Table - Medical!DD76,xl/worksheets/sheet5.xml:DD76,7.2410035499999997E-2,"#,##0.000_);\(#,##0.000\)",0.072_),0.072 ,0.072 ,회계 수치·정밀도·통화·공백 정확 일치
poi-src/test-data/spreadsheet/mv-calculator-final-2-20-2013.xlsm,시트 셀,MV Cont. Table - Medical!DD77,xl/worksheets/sheet5.xml:DD77,8.0477147600000007E-2,"#,##0.000_);\(#,##0.000\)",0.080_),0.080 ,0.080 ,회계 수치·정밀도·통화·공백 정확 일치
poi-src/test-data/spreadsheet/mv-calculator-final-2-20-2013.xlsm,시트 셀,MV Cont. Table - Medical!DD78,xl/worksheets/sheet5.xml:DD78,8.7305094700000002E-2,"#,##0.000_);\(#,##0.000\)",0.087_),0.087 ,0.087 ,회계 수치·정밀도·통화·공백 정확 일치
poi-src/test-data/spreadsheet/mv-calculator-final-2-20-2013.xlsm,시트 셀,MV Cont. Table - Medical!DD79,xl/worksheets/sheet5.xml:DD79,9.3081054600000004E-2,"#,##0.000_);\(#,##0.000\)",0.093_),0.093 ,0.093 ,회계 수치·정밀도·통화·공백 정확 일치
poi-src/test-data/spreadsheet/mv-calculator-final-2-20-2013.xlsm,시트 셀,MV Cont. Table - Medical!DD8,xl/worksheets/sheet5.xml:DD8,1.5169300000000001E-5,"#,##0.000_);\(#,##0.000\)",0.000_),0.000 ,0.000 ,회계 수치·정밀도·통화·공백 정확 일치
poi-src/test-data/spreadsheet/mv-calculator-final-2-20-2013.xlsm,시트 셀,MV Cont. Table - Medical!DD80,xl/worksheets/sheet5.xml:DD80,9.7791970000000006E-2,"#,##0.000_);\(#,##0.000\)",0.098_),0.098 ,0.098 ,회계 수치·정밀도·통화·공백 정확 일치
poi-src/test-data/spreadsheet/mv-calculator-final-2-20-2013.xlsm,시트 셀,MV Cont. Table - Medical!DD81,xl/worksheets/sheet5.xml:DD81,0.12307342340000001,"#,##0.000_);\(#,##0.000\)",0.123_),0.123 ,0.123 ,회계 수치·정밀도·통화·공백 정확 일치
poi-src/test-data/spreadsheet/mv-calculator-final-2-20-2013.xlsm,시트 셀,MV Cont. Table - Medical!DD82,xl/worksheets/sheet5.xml:DD82,0.1380602396,"#,##0.000_);\(#,##0.000\)",0.138_),0.138 ,0.138 ,회계 수치·정밀도·통화·공백 정확 일치
poi-src/test-data/spreadsheet/mv-calculator-final-2-20-2013.xlsm,시트 셀,MV Cont. Table - Medical!DD83,xl/worksheets/sheet5.xml:DD83,0.14248634969999999,"#,##0.000_);\(#,##0.000\)",0.142_),0.142 ,0.142 ,회계 수치·정밀도·통화·공백 정확 일치
poi-src/test-data/spreadsheet/mv-calculator-final-2-20-2013.xlsm,시트 셀,MV Cont. Table - Medical!DD84,xl/worksheets/sheet5.xml:DD84,0.1444298876,"#,##0.000_);\(#,##0.000\)",0.144_),0.144 ,0.144 ,회계 수치·정밀도·통화·공백 정확 일치
poi-src/test-data/spreadsheet/mv-calculator-final-2-20-2013.xlsm,시트 셀,MV Cont. Table - Medical!DD85,xl/worksheets/sheet5.xml:DD85,0.1453367955,"#,##0.000_);\(#,##0.000\)",0.145_),0.145 ,0.145 ,회계 수치·정밀도·통화·공백 정확 일치
poi-src/test-data/spreadsheet/mv-calculator-final-2-20-2013.xlsm,시트 셀,MV Cont. Table - Medical!DD86,xl/worksheets/sheet5.xml:DD86,0.14635241530000001,"#,##0.000_);\(#,##0.000\)",0.146_),0.146 ,0.146 ,회계 수치·정밀도·통화·공백 정확 일치
poi-src/test-data/spreadsheet/mv-calculator-final-2-20-2013.xlsm,시트 셀,MV Cont. Table - Medical!DD87,xl/worksheets/sheet5.xml:DD87,0.14661128700000001,"#,##0.000_);\(#,##0.000\)",0.147_),0.147 ,0.147 ,회계 수치·정밀도·통화·공백 정확 일치
poi-src/test-data/spreadsheet/mv-calculator-final-2-20-2013.xlsm,시트 셀,MV Cont. Table - Medical!DD88,xl/worksheets/sheet5.xml:DD88,0.146647364,"#,##0.000_);\(#,##0.000\)",0.147_),0.147 ,0.147 ,회계 수치·정밀도·통화·공백 정확 일치
poi-src/test-data/spreadsheet/mv-calculator-final-2-20-2013.xlsm,시트 셀,MV Cont. Table - Medical!DD9,xl/worksheets/sheet5.xml:DD9,2.1906999999999999E-5,"#,##0.000_);\(#,##0.000\)",0.000_),0.000 ,0.000 ,회계 수치·정밀도·통화·공백 정확 일치
poi-src/test-data/spreadsheet/mv-calculator-final-2-20-2013.xlsm,시트 셀,MV Cont. Table - Medical!DE10,xl/worksheets/sheet5.xml:DE10,1.9140999999999999E-5,"#,##0.000_);\(#,##0.000\)",0.000_),0.000 ,0.000 ,회계 수치·정밀도·통화·공백 정확 일치
poi-src/test-data/spreadsheet/mv-calculator-final-2-20-2013.xlsm,시트 셀,MV Cont. Table - Medical!DE11,xl/worksheets/sheet5.xml:DE11,2.03253E-5,"#,##0.000_);\(#,##0.000\)",0.000_),0.000 ,0.000 ,회계 수치·정밀도·통화·공백 정확 일치
poi-src/test-data/spreadsheet/mv-calculator-final-2-20-2013.xlsm,시트 셀,MV Cont. Table - Medical!DE12,xl/worksheets/sheet5.xml:DE12,1.8584799999999999E-5,"#,##0.000_);\(#,##0.000\)",0.000_),0.000 ,0.000 ,회계 수치·정밀도·통화·공백 정확 일치
poi-src/test-data/spreadsheet/mv-calculator-final-2-20-2013.xlsm,시트 셀,MV Cont. Table - Medical!DE13,xl/worksheets/sheet5.xml:DE13,2.0799399999999999E-5,"#,##0.000_);\(#,##0.000\)",0.000_),0.000 ,0.000 ,회계 수치·정밀도·통화·공백 정확 일치
poi-src/test-data/spreadsheet/mv-calculator-final-2-20-2013.xlsm,시트 셀,MV Cont. Table - Medical!DE14,xl/worksheets/sheet5.xml:DE14,3.0474300000000001E-5,"#,##0.000_);\(#,##0.000\)",0.000_),0.000 ,0.000 ,회계 수치·정밀도·통화·공백 정확 일치
poi-src/test-data/spreadsheet/mv-calculator-final-2-20-2013.xlsm,시트 셀,MV Cont. Table - Medical!DE15,xl/worksheets/sheet5.xml:DE15,4.6826400000000003E-5,"#,##0.000_);\(#,##0.000\)",0.000_),0.000 ,0.000 ,회계 수치·정밀도·통화·공백 정확 일치
poi-src/test-data/spreadsheet/mv-calculator-final-2-20-2013.xlsm,시트 셀,MV Cont. Table - Medical!DE16,xl/worksheets/sheet5.xml:DE16,6.6042299999999996E-5,"#,##0.000_);\(#,##0.000\)",0.000_),0.000 ,0.000 ,회계 수치·정밀도·통화·공백 정확 일치
poi-src/test-data/spreadsheet/mv-calculator-final-2-20-2013.xlsm,시트 셀,MV Cont. Table - Medical!DE17,xl/worksheets/sheet5.xml:DE17,7.75742E-5,"#,##0.000_);\(#,##0.000\)",0.000_),0.000 ,0.000 ,회계 수치·정밀도·통화·공백 정확 일치
poi-src/test-data/spreadsheet/mv-calculator-final-2-20-2013.xlsm,시트 셀,MV Cont. Table - Medical!DE18,xl/worksheets/sheet5.xml:DE18,1.047874E-4,"#,##0.000_);\(#,##0.000\)",0.000_),0.000 ,0.000 ,회계 수치·정밀도·통화·공백 정확 일치
poi-src/test-data/spreadsheet/mv-calculator-final-2-20-2013.xlsm,시트 셀,MV Cont. Table - Medical!DE19,xl/worksheets/sheet5.xml:DE19,1.4791000000000001E-4,"#,##0.000_);\(#,##0.000\)",0.000_),0.000 ,0.000 ,회계 수치·정밀도·통화·공백 정확 일치
poi-src/test-data/spreadsheet/mv-calculator-final-2-20-2013.xlsm,시트 셀,MV Cont. Table - Medical!DE20,xl/worksheets/sheet5.xml:DE20,1.891873E-4,"#,##0.000_);\(#,##0.000\)",0.000_),0.000 ,0.000 ,회계 수치·정밀도·통화·공백 정확 일치
poi-src/test-data/spreadsheet/mv-calculator-final-2-20-2013.xlsm,시트 셀,MV Cont. Table - Medical!DE21,xl/worksheets/sheet5.xml:DE21,2.5986610000000002E-4,"#,##0.000_);\(#,##0.000\)",0.000_),0.000 ,0.000 ,회계 수치·정밀도·통화·공백 정확 일치
poi-src/test-data/spreadsheet/mv-calculator-final-2-20-2013.xlsm,시트 셀,MV Cont. Table - Medical!DE22,xl/worksheets/sheet5.xml:DE22,3.0906720000000001E-4,"#,##0.000_);\(#,##0.000\)",0.000_),0.000 ,0.000 ,회계 수치·정밀도·통화·공백 정확 일치
poi-src/test-data/spreadsheet/mv-calculator-final-2-20-2013.xlsm,시트 셀,MV Cont. Table - Medical!DE23,xl/worksheets/sheet5.xml:DE23,3.7413289999999998E-4,"#,##0.000_);\(#,##0.000\)",0.000_),0.000 ,0.000 ,회계 수치·정밀도·통화·공백 정확 일치
poi-src/test-data/spreadsheet/mv-calculator-final-2-20-2013.xlsm,시트 셀,MV Cont. Table - Medical!DE24,xl/worksheets/sheet5.xml:DE24,4.671333E-4,"#,##0.000_);\(#,##0.000\)",0.000_),0.000 ,0.000 ,회계 수치·정밀도·통화·공백 정확 일치
poi-src/test-data/spreadsheet/mv-calculator-final-2-20-2013.xlsm,시트 셀,MV Cont. Table - Medical!DE25,xl/worksheets/sheet5.xml:DE25,5.7795850000000001E-4,"#,##0.000_);\(#,##0.000\)",0.001_),0.001 ,0.001 ,회계 수치·정밀도·통화·공백 정확 일치
poi-src/test-data/spreadsheet/mv-calculator-final-2-20-2013.xlsm,시트 셀,MV Cont. Table - Medical!DE26,xl/worksheets/sheet5.xml:DE26,6.8070100000000003E-4,"#,##0.000_);\(#,##0.000\)",0.001_),0.001 ,0.001 ,회계 수치·정밀도·통화·공백 정확 일치
poi-src/test-data/spreadsheet/mv-calculator-final-2-20-2013.xlsm,시트 셀,MV Cont. Table - Medical!DE27,xl/worksheets/sheet5.xml:DE27,8.1860069999999997E-4,"#,##0.000_);\(#,##0.000\)",0.001_),0.001 ,0.001 ,회계 수치·정밀도·통화·공백 정확 일치
poi-src/test-data/spreadsheet/mv-calculator-final-2-20-2013.xlsm,시트 셀,MV Cont. Table - Medical!DE28,xl/worksheets/sheet5.xml:DE28,9.6188260000000005E-4,"#,##0.000_);\(#,##0.000\)",0.001_),0.001 ,0.001 ,회계 수치·정밀도·통화·공백 정확 일치
poi-src/test-data/spreadsheet/mv-calculator-final-2-20-2013.xlsm,시트 셀,MV Cont. Table - Medical!DE29,xl/worksheets/sheet5.xml:DE29,1.1207687000000001E-3,"#,##0.000_);\(#,##0.000\)",0.001_),0.001 ,0.001 ,회계 수치·정밀도·통화·공백 정확 일치
poi-src/test-data/spreadsheet/mv-calculator-final-2-20-2013.xlsm,시트 셀,MV Cont. Table - Medical!DE30,xl/worksheets/sheet5.xml:DE30,1.3202793E-3,"#,##0.000_);\(#,##0.000\)",0.001_),0.001 ,0.001 ,회계 수치·정밀도·통화·공백 정확 일치
poi-src/test-data/spreadsheet/mv-calculator-final-2-20-2013.xlsm,시트 셀,MV Cont. Table - Medical!DE31,xl/worksheets/sheet5.xml:DE31,1.5348083E-3,"#,##0.000_);\(#,##0.000\)",0.002_),0.002 ,0.002 ,회계 수치·정밀도·통화·공백 정확 일치
poi-src/test-data/spreadsheet/mv-calculator-final-2-20-2013.xlsm,시트 셀,MV Cont. Table - Medical!DE32,xl/worksheets/sheet5.xml:DE32,1.7272353E-3,"#,##0.000_);\(#,##0.000\)",0.002_),0.002 ,0.002 ,회계 수치·정밀도·통화·공백 정확 일치
poi-src/test-data/spreadsheet/mv-calculator-final-2-20-2013.xlsm,시트 셀,MV Cont. Table - Medical!DE33,xl/worksheets/sheet5.xml:DE33,1.926718E-3,"#,##0.000_);\(#,##0.000\)",0.002_),0.002 ,0.002 ,회계 수치·정밀도·통화·공백 정확 일치
poi-src/test-data/spreadsheet/mv-calculator-final-2-20-2013.xlsm,시트 셀,MV Cont. Table - Medical!DE34,xl/worksheets/sheet5.xml:DE34,2.1682963999999998E-3,"#,##0.000_);\(#,##0.000\)",0.002_),0.002 ,0.002 ,회계 수치·정밀도·통화·공백 정확 일치
poi-src/test-data/spreadsheet/mv-calculator-final-2-20-2013.xlsm,시트 셀,MV Cont. Table - Medical!DE35,xl/worksheets/sheet5.xml:DE35,2.4333968999999999E-3,"#,##0.000_);\(#,##0.000\)",0.002_),0.002 ,0.002 ,회계 수치·정밀도·통화·공백 정확 일치
poi-src/test-data/spreadsheet/mv-calculator-final-2-20-2013.xlsm,시트 셀,MV Cont. Table - Medical!DE36,xl/worksheets/sheet5.xml:DE36,2.6997744E-3,"#,##0.000_);\(#,##0.000\)",0.003_),0.003 ,0.003 ,회계 수치·정밀도·통화·공백 정확 일치
poi-src/test-data/spreadsheet/mv-calculator-final-2-20-2013.xlsm,시트 셀,MV Cont. Table - Medical!DE37,xl/worksheets/sheet5.xml:DE37,2.9920628E-3,"#,##0.000_);\(#,##0.000\)",0.003_),0.003 ,0.003 ,회계 수치·정밀도·통화·공백 정확 일치
poi-src/test-data/spreadsheet/mv-calculator-final-2-20-2013.xlsm,시트 셀,MV Cont. Table - Medical!DE38,xl/worksheets/sheet5.xml:DE38,3.2784922000000001E-3,"#,##0.000_);\(#,##0.000\)",0.003_),0.003 ,0.003 ,회계 수치·정밀도·통화·공백 정확 일치
poi-src/test-data/spreadsheet/mv-calculator-final-2-20-2013.xlsm,시트 셀,MV Cont. Table - Medical!DE39,xl/worksheets/sheet5.xml:DE39,3.5658212999999999E-3,"#,##0.000_);\(#,##0.000\)",0.004_),0.004 ,0.004 ,회계 수치·정밀도·통화·공백 정확 일치
poi-src/test-data/spreadsheet/mv-calculator-final-2-20-2013.xlsm,시트 셀,MV Cont. Table - Medical!DE40,xl/worksheets/sheet5.xml:DE40,3.8533234999999998E-3,"#,##0.000_);\(#,##0.000\)",0.004_),0.004 ,0.004 ,회계 수치·정밀도·통화·공백 정확 일치
poi-src/test-data/spreadsheet/mv-calculator-final-2-20-2013.xlsm,시트 셀,MV Cont. Table - Medical!DE41,xl/worksheets/sheet5.xml:DE41,4.2390622999999997E-3,"#,##0.000_);\(#,##0.000\)",0.004_),0.004 ,0.004 ,회계 수치·정밀도·통화·공백 정확 일치
poi-src/test-data/spreadsheet/mv-calculator-final-2-20-2013.xlsm,시트 셀,MV Cont. Table - Medical!DE42,xl/worksheets/sheet5.xml:DE42,4.5316167000000003E-3,"#,##0.000_);\(#,##0.000\)",0.005_),0.005 ,0.005 ,회계 수치·정밀도·통화·공백 정확 일치
poi-src/test-data/spreadsheet/mv-calculator-final-2-20-2013.xlsm,시트 셀,MV Cont. Table - Medical!DE43,xl/worksheets/sheet5.xml:DE43,4.8617892999999997E-3,"#,##0.000_);\(#,##0.000\)",0.005_),0.005 ,0.005 ,회계 수치·정밀도·통화·공백 정확 일치
poi-src/test-data/spreadsheet/mv-calculator-final-2-20-2013.xlsm,시트 셀,MV Cont. Table - Medical!DE44,xl/worksheets/sheet5.xml:DE44,5.2171075999999997E-3,"#,##0.000_);\(#,##0.000\)",0.005_),0.005 ,0.005 ,회계 수치·정밀도·통화·공백 정확 일치
poi-src/test-data/spreadsheet/mv-calculator-final-2-20-2013.xlsm,시트 셀,MV Cont. Table - Medical!DE45,xl/worksheets/sheet5.xml:DE45,5.6082965000000002E-3,"#,##0.000_);\(#,##0.000\)",0.006_),0.006 ,0.006 ,회계 수치·정밀도·통화·공백 정확 일치
poi-src/test-data/spreadsheet/mv-calculator-final-2-20-2013.xlsm,시트 셀,MV Cont. Table - Medical!DE46,xl/worksheets/sheet5.xml:DE46,5.9875244999999999E-3,"#,##0.000_);\(#,##0.000\)",0.006_),0.006 ,0.006 ,회계 수치·정밀도·통화·공백 정확 일치
poi-src/test-data/spreadsheet/mv-calculator-final-2-20-2013.xlsm,시트 셀,MV Cont. Table - Medical!DE47,xl/worksheets/sheet5.xml:DE47,6.3187254E-3,"#,##0.000_);\(#,##0.000\)",0.006_),0.006 ,0.006 ,회계 수치·정밀도·통화·공백 정확 일치
poi-src/test-data/spreadsheet/mv-calculator-final-2-20-2013.xlsm,시트 셀,MV Cont. Table - Medical!DE48,xl/worksheets/sheet5.xml:DE48,6.6507188000000002E-3,"#,##0.000_);\(#,##0.000\)",0.007_),0.007 ,0.007 ,회계 수치·정밀도·통화·공백 정확 일치
poi-src/test-data/spreadsheet/mv-calculator-final-2-20-2013.xlsm,시트 셀,MV Cont. Table - Medical!DE49,xl/worksheets/sheet5.xml:DE49,6.9560000000000004E-3,"#,##0.000_);\(#,##0.000\)",0.007_),0.007 ,0.007 ,회계 수치·정밀도·통화·공백 정확 일치
poi-src/test-data/spreadsheet/mv-calculator-final-2-20-2013.xlsm,시트 셀,MV Cont. Table - Medical!DE5,xl/worksheets/sheet5.xml:DE5,0,"#,##0.000_);\(#,##0.000\)",0.000_),0.000 ,0.000 ,회계 수치·정밀도·통화·공백 정확 일치
poi-src/test-data/spreadsheet/mv-calculator-final-2-20-2013.xlsm,시트 셀,MV Cont. Table - Medical!DE50,xl/worksheets/sheet5.xml:DE50,7.2661857999999999E-3,"#,##0.000_);\(#,##0.000\)",0.007_),0.007 ,0.007 ,회계 수치·정밀도·통화·공백 정확 일치
poi-src/test-data/spreadsheet/mv-calculator-final-2-20-2013.xlsm,시트 셀,MV Cont. Table - Medical!DE51,xl/worksheets/sheet5.xml:DE51,7.6560352000000003E-3,"#,##0.000_);\(#,##0.000\)",0.008_),0.008 ,0.008 ,회계 수치·정밀도·통화·공백 정확 일치
poi-src/test-data/spreadsheet/mv-calculator-final-2-20-2013.xlsm,시트 셀,MV Cont. Table - Medical!DE52,xl/worksheets/sheet5.xml:DE52,7.9843715999999999E-3,"#,##0.000_);\(#,##0.000\)",0.008_),0.008 ,0.008 ,회계 수치·정밀도·통화·공백 정확 일치
poi-src/test-data/spreadsheet/mv-calculator-final-2-20-2013.xlsm,시트 셀,MV Cont. Table - Medical!DE53,xl/worksheets/sheet5.xml:DE53,8.2921274999999996E-3,"#,##0.000_);\(#,##0.000\)",0.008_),0.008 ,0.008 ,회계 수치·정밀도·통화·공백 정확 일치
poi-src/test-data/spreadsheet/mv-calculator-final-2-20-2013.xlsm,시트 셀,MV Cont. Table - Medical!DE54,xl/worksheets/sheet5.xml:DE54,8.5710926E-3,"#,##0.000_);\(#,##0.000\)",0.009_),0.009 ,0.009 ,회계 수치·정밀도·통화·공백 정확 일치
poi-src/test-data/spreadsheet/mv-calculator-final-2-20-2013.xlsm,시트 셀,MV Cont. Table - Medical!DE55,xl/worksheets/sheet5.xml:DE55,8.8570864999999999E-3,"#,##0.000_);\(#,##0.000\)",0.009_),0.009 ,0.009 ,회계 수치·정밀도·통화·공백 정확 일치
poi-src/test-data/spreadsheet/mv-calculator-final-2-20-2013.xlsm,시트 셀,MV Cont. Table - Medical!DE56,xl/worksheets/sheet5.xml:DE56,9.1304031999999997E-3,"#,##0.000_);\(#,##0.000\)",0.009_),0.009 ,0.009 ,회계 수치·정밀도·통화·공백 정확 일치
poi-src/test-data/spreadsheet/mv-calculator-final-2-20-2013.xlsm,시트 셀,MV Cont. Table - Medical!DE57,xl/worksheets/sheet5.xml:DE57,9.5155190999999997E-3,"#,##0.000_);\(#,##0.000\)",0.010_),0.010 ,0.010 ,회계 수치·정밀도·통화·공백 정확 일치
poi-src/test-data/spreadsheet/mv-calculator-final-2-20-2013.xlsm,시트 셀,MV Cont. Table - Medical!DE58,xl/worksheets/sheet5.xml:DE58,9.8556019000000002E-3,"#,##0.000_);\(#,##0.000\)",0.010_),0.010 ,0.010 ,회계 수치·정밀도·통화·공백 정확 일치
poi-src/test-data/spreadsheet/mv-calculator-final-2-20-2013.xlsm,시트 셀,MV Cont. Table - Medical!DE59,xl/worksheets/sheet5.xml:DE59,1.01558629E-2,"#,##0.000_);\(#,##0.000\)",0.010_),0.010 ,0.010 ,회계 수치·정밀도·통화·공백 정확 일치
poi-src/test-data/spreadsheet/mv-calculator-final-2-20-2013.xlsm,시트 셀,MV Cont. Table - Medical!DE6,xl/worksheets/sheet5.xml:DE6,0,"#,##0.000_);\(#,##0.000\)",0.000_),0.000 ,0.000 ,회계 수치·정밀도·통화·공백 정확 일치
poi-src/test-data/spreadsheet/mv-calculator-final-2-20-2013.xlsm,시트 셀,MV Cont. Table - Medical!DE60,xl/worksheets/sheet5.xml:DE60,1.04170275E-2,"#,##0.000_);\(#,##0.000\)",0.010_),0.010 ,0.010 ,회계 수치·정밀도·통화·공백 정확 일치
poi-src/test-data/spreadsheet/mv-calculator-final-2-20-2013.xlsm,시트 셀,MV Cont. Table - Medical!DE61,xl/worksheets/sheet5.xml:DE61,1.0722225700000001E-2,"#,##0.000_);\(#,##0.000\)",0.011_),0.011 ,0.011 ,회계 수치·정밀도·통화·공백 정확 일치
poi-src/test-data/spreadsheet/mv-calculator-final-2-20-2013.xlsm,시트 셀,MV Cont. Table - Medical!DE62,xl/worksheets/sheet5.xml:DE62,1.0976611900000001E-2,"#,##0.000_);\(#,##0.000\)",0.011_),0.011 ,0.011 ,회계 수치·정밀도·통화·공백 정확 일치
poi-src/test-data/spreadsheet/mv-calculator-final-2-20-2013.xlsm,시트 셀,MV Cont. Table - Medical!DE63,xl/worksheets/sheet5.xml:DE63,1.12410905E-2,"#,##0.000_);\(#,##0.000\)",0.011_),0.011 ,0.011 ,회계 수치·정밀도·통화·공백 정확 일치
poi-src/test-data/spreadsheet/mv-calculator-final-2-20-2013.xlsm,시트 셀,MV Cont. Table - Medical!DE64,xl/worksheets/sheet5.xml:DE64,1.1472169900000001E-2,"#,##0.000_);\(#,##0.000\)",0.011_),0.011 ,0.011 ,회계 수치·정밀도·통화·공백 정확 일치
poi-src/test-data/spreadsheet/mv-calculator-final-2-20-2013.xlsm,시트 셀,MV Cont. Table - Medical!DE65,xl/worksheets/sheet5.xml:DE65,1.1705103E-2,"#,##0.000_);\(#,##0.000\)",0.012_),0.012 ,0.012 ,회계 수치·정밀도·통화·공백 정확 일치
poi-src/test-data/spreadsheet/mv-calculator-final-2-20-2013.xlsm,시트 셀,MV Cont. Table - Medical!DE66,xl/worksheets/sheet5.xml:DE66,1.1899485499999999E-2,"#,##0.000_);\(#,##0.000\)",0.012_),0.012 ,0.012 ,회계 수치·정밀도·통화·공백 정확 일치
poi-src/test-data/spreadsheet/mv-calculator-final-2-20-2013.xlsm,시트 셀,MV Cont. Table - Medical!DE67,xl/worksheets/sheet5.xml:DE67,1.21136983E-2,"#,##0.000_);\(#,##0.000\)",0.012_),0.012 ,0.012 ,회계 수치·정밀도·통화·공백 정확 일치
poi-src/test-data/spreadsheet/mv-calculator-final-2-20-2013.xlsm,시트 셀,MV Cont. Table - Medical!DE68,xl/worksheets/sheet5.xml:DE68,1.2331740799999999E-2,"#,##0.000_);\(#,##0.000\)",0.012_),0.012 ,0.012 ,회계 수치·정밀도·통화·공백 정확 일치
poi-src/test-data/spreadsheet/mv-calculator-final-2-20-2013.xlsm,시트 셀,MV Cont. Table - Medical!DE69,xl/worksheets/sheet5.xml:DE69,1.2576835499999999E-2,"#,##0.000_);\(#,##0.000\)",0.013_),0.013 ,0.013 ,회계 수치·정밀도·통화·공백 정확 일치
poi-src/test-data/spreadsheet/mv-calculator-final-2-20-2013.xlsm,시트 셀,MV Cont. Table - Medical!DE7,xl/worksheets/sheet5.xml:DE7,1.90136E-5,"#,##0.000_);\(#,##0.000\)",0.000_),0.000 ,0.000 ,회계 수치·정밀도·통화·공백 정확 일치
poi-src/test-data/spreadsheet/mv-calculator-final-2-20-2013.xlsm,시트 셀,MV Cont. Table - Medical!DE70,xl/worksheets/sheet5.xml:DE70,1.27817114E-2,"#,##0.000_);\(#,##0.000\)",0.013_),0.013 ,0.013 ,회계 수치·정밀도·통화·공백 정확 일치
poi-src/test-data/spreadsheet/mv-calculator-final-2-20-2013.xlsm,시트 셀,MV Cont. Table - Medical!DE71,xl/worksheets/sheet5.xml:DE71,1.46812379E-2,"#,##0.000_);\(#,##0.000\)",0.015_),0.015 ,0.015 ,회계 수치·정밀도·통화·공백 정확 일치
poi-src/test-data/spreadsheet/mv-calculator-final-2-20-2013.xlsm,시트 셀,MV Cont. Table - Medical!DE72,xl/worksheets/sheet5.xml:DE72,2.0040842699999999E-2,"#,##0.000_);\(#,##0.000\)",0.020_),0.020 ,0.020 ,회계 수치·정밀도·통화·공백 정확 일치
poi-src/test-data/spreadsheet/mv-calculator-final-2-20-2013.xlsm,시트 셀,MV Cont. Table - Medical!DE73,xl/worksheets/sheet5.xml:DE73,3.50858114E-2,"#,##0.000_);\(#,##0.000\)",0.035_),0.035 ,0.035 ,회계 수치·정밀도·통화·공백 정확 일치
poi-src/test-data/spreadsheet/mv-calculator-final-2-20-2013.xlsm,시트 셀,MV Cont. Table - Medical!DE74,xl/worksheets/sheet5.xml:DE74,5.0809331300000003E-2,"#,##0.000_);\(#,##0.000\)",0.051_),0.051 ,0.051 ,회계 수치·정밀도·통화·공백 정확 일치
poi-src/test-data/spreadsheet/mv-calculator-final-2-20-2013.xlsm,시트 셀,MV Cont. Table - Medical!DE75,xl/worksheets/sheet5.xml:DE75,6.3076564700000004E-2,"#,##0.000_);\(#,##0.000\)",0.063_),0.063 ,0.063 ,회계 수치·정밀도·통화·공백 정확 일치
poi-src/test-data/spreadsheet/mv-calculator-final-2-20-2013.xlsm,시트 셀,MV Cont. Table - Medical!DE76,xl/worksheets/sheet5.xml:DE76,7.3270011400000001E-2,"#,##0.000_);\(#,##0.000\)",0.073_),0.073 ,0.073 ,회계 수치·정밀도·통화·공백 정확 일치
poi-src/test-data/spreadsheet/mv-calculator-final-2-20-2013.xlsm,시트 셀,MV Cont. Table - Medical!DE77,xl/worksheets/sheet5.xml:DE77,8.1570656199999994E-2,"#,##0.000_);\(#,##0.000\)",0.082_),0.082 ,0.082 ,회계 수치·정밀도·통화·공백 정확 일치
poi-src/test-data/spreadsheet/mv-calculator-final-2-20-2013.xlsm,시트 셀,MV Cont. Table - Medical!DE78,xl/worksheets/sheet5.xml:DE78,8.86584022E-2,"#,##0.000_);\(#,##0.000\)",0.089_),0.089 ,0.089 ,회계 수치·정밀도·통화·공백 정확 일치
poi-src/test-data/spreadsheet/mv-calculator-final-2-20-2013.xlsm,시트 셀,MV Cont. Table - Medical!DE79,xl/worksheets/sheet5.xml:DE79,9.4662303099999998E-2,"#,##0.000_);\(#,##0.000\)",0.095_),0.095 ,0.095 ,회계 수치·정밀도·통화·공백 정확 일치
poi-src/test-data/spreadsheet/mv-calculator-final-2-20-2013.xlsm,시트 셀,MV Cont. Table - Medical!DE8,xl/worksheets/sheet5.xml:DE8,1.5169300000000001E-5,"#,##0.000_);\(#,##0.000\)",0.000_),0.000 ,0.000 ,회계 수치·정밀도·통화·공백 정확 일치
poi-src/test-data/spreadsheet/mv-calculator-final-2-20-2013.xlsm,시트 셀,MV Cont. Table - Medical!DE80,xl/worksheets/sheet5.xml:DE80,9.9567368399999995E-2,"#,##0.000_);\(#,##0.000\)",0.100_),0.100 ,0.100 ,회계 수치·정밀도·통화·공백 정확 일치
poi-src/test-data/spreadsheet/mv-calculator-final-2-20-2013.xlsm,시트 셀,MV Cont. Table - Medical!DE81,xl/worksheets/sheet5.xml:DE81,0.12639185219999999,"#,##0.000_);\(#,##0.000\)",0.126_),0.126 ,0.126 ,회계 수치·정밀도·통화·공백 정확 일치
poi-src/test-data/spreadsheet/mv-calculator-final-2-20-2013.xlsm,시트 셀,MV Cont. Table - Medical!DE82,xl/worksheets/sheet5.xml:DE82,0.14270000669999999,"#,##0.000_);\(#,##0.000\)",0.143_),0.143 ,0.143 ,회계 수치·정밀도·통화·공백 정확 일치
poi-src/test-data/spreadsheet/mv-calculator-final-2-20-2013.xlsm,시트 셀,MV Cont. Table - Medical!DE83,xl/worksheets/sheet5.xml:DE83,0.1476259902,"#,##0.000_);\(#,##0.000\)",0.148_),0.148 ,0.148 ,회계 수치·정밀도·통화·공백 정확 일치
poi-src/test-data/spreadsheet/mv-calculator-final-2-20-2013.xlsm,시트 셀,MV Cont. Table - Medical!DE84,xl/worksheets/sheet5.xml:DE84,0.14979665040000001,"#,##0.000_);\(#,##0.000\)",0.150_),0.150 ,0.150 ,회계 수치·정밀도·통화·공백 정확 일치
poi-src/test-data/spreadsheet/mv-calculator-final-2-20-2013.xlsm,시트 셀,MV Cont. Table - Medical!DE85,xl/worksheets/sheet5.xml:DE85,0.15081667100000001,"#,##0.000_);\(#,##0.000\)",0.151_),0.151 ,0.151 ,회계 수치·정밀도·통화·공백 정확 일치
poi-src/test-data/spreadsheet/mv-calculator-final-2-20-2013.xlsm,시트 셀,MV Cont. Table - Medical!DE86,xl/worksheets/sheet5.xml:DE86,0.15195714699999999,"#,##0.000_);\(#,##0.000\)",0.152_),0.152 ,0.152 ,회계 수치·정밀도·통화·공백 정확 일치
poi-src/test-data/spreadsheet/mv-calculator-final-2-20-2013.xlsm,시트 셀,MV Cont. Table - Medical!DE87,xl/worksheets/sheet5.xml:DE87,0.15224865300000001,"#,##0.000_);\(#,##0.000\)",0.152_),0.152 ,0.152 ,회계 수치·정밀도·통화·공백 정확 일치
poi-src/test-data/spreadsheet/mv-calculator-final-2-20-2013.xlsm,시트 셀,MV Cont. Table - Medical!DE88,xl/worksheets/sheet5.xml:DE88,0.15228930260000001,"#,##0.000_);\(#,##0.000\)",0.152_),0.152 ,0.152 ,회계 수치·정밀도·통화·공백 정확 일치
poi-src/test-data/spreadsheet/mv-calculator-final-2-20-2013.xlsm,시트 셀,MV Cont. Table - Medical!DE9,xl/worksheets/sheet5.xml:DE9,2.1906999999999999E-5,"#,##0.000_);\(#,##0.000\)",0.000_),0.000 ,0.000 ,회계 수치·정밀도·통화·공백 정확 일치
poi-src/test-data/spreadsheet/mv-calculator-final-2-20-2013.xlsm,시트 셀,MV Cont. Table - Medical!DF10,xl/worksheets/sheet5.xml:DF10,1.9140999999999999E-5,"#,##0.000_);\(#,##0.000\)",0.000_),0.000 ,0.000 ,회계 수치·정밀도·통화·공백 정확 일치
poi-src/test-data/spreadsheet/mv-calculator-final-2-20-2013.xlsm,시트 셀,MV Cont. Table - Medical!DF11,xl/worksheets/sheet5.xml:DF11,2.03253E-5,"#,##0.000_);\(#,##0.000\)",0.000_),0.000 ,0.000 ,회계 수치·정밀도·통화·공백 정확 일치
poi-src/test-data/spreadsheet/mv-calculator-final-2-20-2013.xlsm,시트 셀,MV Cont. Table - Medical!DF12,xl/worksheets/sheet5.xml:DF12,1.8584799999999999E-5,"#,##0.000_);\(#,##0.000\)",0.000_),0.000 ,0.000 ,회계 수치·정밀도·통화·공백 정확 일치
poi-src/test-data/spreadsheet/mv-calculator-final-2-20-2013.xlsm,시트 셀,MV Cont. Table - Medical!DF13,xl/worksheets/sheet5.xml:DF13,2.0799399999999999E-5,"#,##0.000_);\(#,##0.000\)",0.000_),0.000 ,0.000 ,회계 수치·정밀도·통화·공백 정확 일치
poi-src/test-data/spreadsheet/mv-calculator-final-2-20-2013.xlsm,시트 셀,MV Cont. Table - Medical!DF14,xl/worksheets/sheet5.xml:DF14,3.0474300000000001E-5,"#,##0.000_);\(#,##0.000\)",0.000_),0.000 ,0.000 ,회계 수치·정밀도·통화·공백 정확 일치
poi-src/test-data/spreadsheet/mv-calculator-final-2-20-2013.xlsm,시트 셀,MV Cont. Table - Medical!DF15,xl/worksheets/sheet5.xml:DF15,4.6826400000000003E-5,"#,##0.000_);\(#,##0.000\)",0.000_),0.000 ,0.000 ,회계 수치·정밀도·통화·공백 정확 일치
poi-src/test-data/spreadsheet/mv-calculator-final-2-20-2013.xlsm,시트 셀,MV Cont. Table - Medical!DF16,xl/worksheets/sheet5.xml:DF16,6.6042299999999996E-5,"#,##0.000_);\(#,##0.000\)",0.000_),0.000 ,0.000 ,회계 수치·정밀도·통화·공백 정확 일치
poi-src/test-data/spreadsheet/mv-calculator-final-2-20-2013.xlsm,시트 셀,MV Cont. Table - Medical!DF17,xl/worksheets/sheet5.xml:DF17,7.75742E-5,"#,##0.000_);\(#,##0.000\)",0.000_),0.000 ,0.000 ,회계 수치·정밀도·통화·공백 정확 일치
poi-src/test-data/spreadsheet/mv-calculator-final-2-20-2013.xlsm,시트 셀,MV Cont. Table - Medical!DF18,xl/worksheets/sheet5.xml:DF18,1.047874E-4,"#,##0.000_);\(#,##0.000\)",0.000_),0.000 ,0.000 ,회계 수치·정밀도·통화·공백 정확 일치
poi-src/test-data/spreadsheet/mv-calculator-final-2-20-2013.xlsm,시트 셀,MV Cont. Table - Medical!DF19,xl/worksheets/sheet5.xml:DF19,1.4791000000000001E-4,"#,##0.000_);\(#,##0.000\)",0.000_),0.000 ,0.000 ,회계 수치·정밀도·통화·공백 정확 일치
poi-src/test-data/spreadsheet/mv-calculator-final-2-20-2013.xlsm,시트 셀,MV Cont. Table - Medical!DF20,xl/worksheets/sheet5.xml:DF20,1.891873E-4,"#,##0.000_);\(#,##0.000\)",0.000_),0.000 ,0.000 ,회계 수치·정밀도·통화·공백 정확 일치
poi-src/test-data/spreadsheet/mv-calculator-final-2-20-2013.xlsm,시트 셀,MV Cont. Table - Medical!DF21,xl/worksheets/sheet5.xml:DF21,2.5986610000000002E-4,"#,##0.000_);\(#,##0.000\)",0.000_),0.000 ,0.000 ,회계 수치·정밀도·통화·공백 정확 일치
poi-src/test-data/spreadsheet/mv-calculator-final-2-20-2013.xlsm,시트 셀,MV Cont. Table - Medical!DF22,xl/worksheets/sheet5.xml:DF22,3.0906720000000001E-4,"#,##0.000_);\(#,##0.000\)",0.000_),0.000 ,0.000 ,회계 수치·정밀도·통화·공백 정확 일치
poi-src/test-data/spreadsheet/mv-calculator-final-2-20-2013.xlsm,시트 셀,MV Cont. Table - Medical!DF23,xl/worksheets/sheet5.xml:DF23,3.7413289999999998E-4,"#,##0.000_);\(#,##0.000\)",0.000_),0.000 ,0.000 ,회계 수치·정밀도·통화·공백 정확 일치
poi-src/test-data/spreadsheet/mv-calculator-final-2-20-2013.xlsm,시트 셀,MV Cont. Table - Medical!DF24,xl/worksheets/sheet5.xml:DF24,4.671333E-4,"#,##0.000_);\(#,##0.000\)",0.000_),0.000 ,0.000 ,회계 수치·정밀도·통화·공백 정확 일치
poi-src/test-data/spreadsheet/mv-calculator-final-2-20-2013.xlsm,시트 셀,MV Cont. Table - Medical!DF25,xl/worksheets/sheet5.xml:DF25,5.7982409999999998E-4,"#,##0.000_);\(#,##0.000\)",0.001_),0.001 ,0.001 ,회계 수치·정밀도·통화·공백 정확 일치
poi-src/test-data/spreadsheet/mv-calculator-final-2-20-2013.xlsm,시트 셀,MV Cont. Table - Medical!DF26,xl/worksheets/sheet5.xml:DF26,6.8254030000000003E-4,"#,##0.000_);\(#,##0.000\)",0.001_),0.001 ,0.001 ,회계 수치·정밀도·통화·공백 정확 일치
poi-src/test-data/spreadsheet/mv-calculator-final-2-20-2013.xlsm,시트 셀,MV Cont. Table - Medical!DF27,xl/worksheets/sheet5.xml:DF27,8.2041639999999995E-4,"#,##0.000_);\(#,##0.000\)",0.001_),0.001 ,0.001 ,회계 수치·정밀도·통화·공백 정확 일치
poi-src/test-data/spreadsheet/mv-calculator-final-2-20-2013.xlsm,시트 셀,MV Cont. Table - Medical!DF28,xl/worksheets/sheet5.xml:DF28,9.6367670000000003E-4,"#,##0.000_);\(#,##0.000\)",0.001_),0.001 ,0.001 ,회계 수치·정밀도·통화·공백 정확 일치
poi-src/test-data/spreadsheet/mv-calculator-final-2-20-2013.xlsm,시트 셀,MV Cont. Table - Medical!DF29,xl/worksheets/sheet5.xml:DF29,1.1225428999999999E-3,"#,##0.000_);\(#,##0.000\)",0.001_),0.001 ,0.001 ,회계 수치·정밀도·통화·공백 정확 일치
poi-src/test-data/spreadsheet/mv-calculator-final-2-20-2013.xlsm,시트 셀,MV Cont. Table - Medical!DF30,xl/worksheets/sheet5.xml:DF30,1.3220348E-3,"#,##0.000_);\(#,##0.000\)",0.001_),0.001 ,0.001 ,회계 수치·정밀도·통화·공백 정확 일치
poi-src/test-data/spreadsheet/mv-calculator-final-2-20-2013.xlsm,시트 셀,MV Cont. Table - Medical!DF31,xl/worksheets/sheet5.xml:DF31,1.5365471999999999E-3,"#,##0.000_);\(#,##0.000\)",0.002_),0.002 ,0.002 ,회계 수치·정밀도·통화·공백 정확 일치
poi-src/test-data/spreadsheet/mv-calculator-final-2-20-2013.xlsm,시트 셀,MV Cont. Table - Medical!DF32,xl/worksheets/sheet5.xml:DF32,1.728959E-3,"#,##0.000_);\(#,##0.000\)",0.002_),0.002 ,0.002 ,회계 수치·정밀도·통화·공백 정확 일치
poi-src/test-data/spreadsheet/mv-calculator-final-2-20-2013.xlsm,시트 셀,MV Cont. Table - Medical!DF33,xl/worksheets/sheet5.xml:DF33,1.9284269999999999E-3,"#,##0.000_);\(#,##0.000\)",0.002_),0.002 ,0.002 ,회계 수치·정밀도·통화·공백 정확 일치
poi-src/test-data/spreadsheet/mv-calculator-final-2-20-2013.xlsm,시트 셀,MV Cont. Table - Medical!DF34,xl/worksheets/sheet5.xml:DF34,2.1699901000000001E-3,"#,##0.000_);\(#,##0.000\)",0.002_),0.002 ,0.002 ,회계 수치·정밀도·통화·공백 정확 일치
poi-src/test-data/spreadsheet/mv-calculator-final-2-20-2013.xlsm,시트 셀,MV Cont. Table - Medical!DF35,xl/worksheets/sheet5.xml:DF35,2.4350780999999998E-3,"#,##0.000_);\(#,##0.000\)",0.002_),0.002 ,0.002 ,회계 수치·정밀도·통화·공백 정확 일치
poi-src/test-data/spreadsheet/mv-calculator-final-2-20-2013.xlsm,시트 셀,MV Cont. Table - Medical!DF36,xl/worksheets/sheet5.xml:DF36,2.7026709000000002E-3,"#,##0.000_);\(#,##0.000\)",0.003_),0.003 ,0.003 ,회계 수치·정밀도·통화·공백 정확 일치
poi-src/test-data/spreadsheet/mv-calculator-final-2-20-2013.xlsm,시트 셀,MV Cont. Table - Medical!DF37,xl/worksheets/sheet5.xml:DF37,2.9949372000000001E-3,"#,##0.000_);\(#,##0.000\)",0.003_),0.003 ,0.003 ,회계 수치·정밀도·통화·공백 정확 일치
poi-src/test-data/spreadsheet/mv-calculator-final-2-20-2013.xlsm,시트 셀,MV Cont. Table - Medical!DF38,xl/worksheets/sheet5.xml:DF38,3.2813450000000002E-3,"#,##0.000_);\(#,##0.000\)",0.003_),0.003 ,0.003 ,회계 수치·정밀도·통화·공백 정확 일치
poi-src/test-data/spreadsheet/mv-calculator-final-2-20-2013.xlsm,시트 셀,MV Cont. Table - Medical!DF39,xl/worksheets/sheet5.xml:DF39,3.5686530999999998E-3,"#,##0.000_);\(#,##0.000\)",0.004_),0.004 ,0.004 ,회계 수치·정밀도·통화·공백 정확 일치
poi-src/test-data/spreadsheet/mv-calculator-final-2-20-2013.xlsm,시트 셀,MV Cont. Table - Medical!DF40,xl/worksheets/sheet5.xml:DF40,3.8561355999999999E-3,"#,##0.000_);\(#,##0.000\)",0.004_),0.004 ,0.004 ,회계 수치·정밀도·통화·공백 정확 일치
poi-src/test-data/spreadsheet/mv-calculator-final-2-20-2013.xlsm,시트 셀,MV Cont. Table - Medical!DF41,xl/worksheets/sheet5.xml:DF41,4.2418569000000003E-3,"#,##0.000_);\(#,##0.000\)",0.004_),0.004 ,0.004 ,회계 수치·정밀도·통화·공백 정확 일치
poi-src/test-data/spreadsheet/mv-calculator-final-2-20-2013.xlsm,시트 셀,MV Cont. Table - Medical!DF42,xl/worksheets/sheet5.xml:DF42,4.5343950999999997E-3,"#,##0.000_);\(#,##0.000\)",0.005_),0.005 ,0.005 ,회계 수치·정밀도·통화·공백 정확 일치
poi-src/test-data/spreadsheet/mv-calculator-final-2-20-2013.xlsm,시트 셀,MV Cont. Table - Medical!DF43,xl/worksheets/sheet5.xml:DF43,4.8645512E-3,"#,##0.000_);\(#,##0.000\)",0.005_),0.005 ,0.005 ,회계 수치·정밀도·통화·공백 정확 일치
poi-src/test-data/spreadsheet/mv-calculator-final-2-20-2013.xlsm,시트 셀,MV Cont. Table - Medical!DF44,xl/worksheets/sheet5.xml:DF44,5.2198540000000003E-3,"#,##0.000_);\(#,##0.000\)",0.005_),0.005 ,0.005 ,회계 수치·정밀도·통화·공백 정확 일치
poi-src/test-data/spreadsheet/mv-calculator-final-2-20-2013.xlsm,시트 셀,MV Cont. Table - Medical!DF45,xl/worksheets/sheet5.xml:DF45,5.6110277999999996E-3,"#,##0.000_);\(#,##0.000\)",0.006_),0.006 ,0.006 ,회계 수치·정밀도·통화·공백 정확 일치
poi-src/test-data/spreadsheet/mv-calculator-final-2-20-2013.xlsm,시트 셀,MV Cont. Table - Medical!DF46,xl/worksheets/sheet5.xml:DF46,5.9902419000000002E-3,"#,##0.000_);\(#,##0.000\)",0.006_),0.006 ,0.006 ,회계 수치·정밀도·통화·공백 정확 일치
poi-src/test-data/spreadsheet/mv-calculator-final-2-20-2013.xlsm,시트 셀,MV Cont. Table - Medical!DF47,xl/worksheets/sheet5.xml:DF47,6.3214287999999999E-3,"#,##0.000_);\(#,##0.000\)",0.006_),0.006 ,0.006 ,회계 수치·정밀도·통화·공백 정확 일치
poi-src/test-data/spreadsheet/mv-calculator-final-2-20-2013.xlsm,시트 셀,MV Cont. Table - Medical!DF48,xl/worksheets/sheet5.xml:DF48,6.6534094E-3,"#,##0.000_);\(#,##0.000\)",0.007_),0.007 ,0.007 ,회계 수치·정밀도·통화·공백 정확 일치
poi-src/test-data/spreadsheet/mv-calculator-final-2-20-2013.xlsm,시트 셀,MV Cont. Table - Medical!DF49,xl/worksheets/sheet5.xml:DF49,6.9586780000000003E-3,"#,##0.000_);\(#,##0.000\)",0.007_),0.007 ,0.007 ,회계 수치·정밀도·통화·공백 정확 일치
poi-src/test-data/spreadsheet/mv-calculator-final-2-20-2013.xlsm,시트 셀,MV Cont. Table - Medical!DF5,xl/worksheets/sheet5.xml:DF5,0,"#,##0.000_);\(#,##0.000\)",0.000_),0.000 ,0.000 ,회계 수치·정밀도·통화·공백 정확 일치
poi-src/test-data/spreadsheet/mv-calculator-final-2-20-2013.xlsm,시트 셀,MV Cont. Table - Medical!DF50,xl/worksheets/sheet5.xml:DF50,7.2688518999999997E-3,"#,##0.000_);\(#,##0.000\)",0.007_),0.007 ,0.007 ,회계 수치·정밀도·통화·공백 정확 일치
poi-src/test-data/spreadsheet/mv-calculator-final-2-20-2013.xlsm,시트 셀,MV Cont. Table - Medical!DF51,xl/worksheets/sheet5.xml:DF51,7.6586896E-3,"#,##0.000_);\(#,##0.000\)",0.008_),0.008 ,0.008 ,회계 수치·정밀도·통화·공백 정확 일치
poi-src/test-data/spreadsheet/mv-calculator-final-2-20-2013.xlsm,시트 셀,MV Cont. Table - Medical!DF52,xl/worksheets/sheet5.xml:DF52,7.9870150000000001E-3,"#,##0.000_);\(#,##0.000\)",0.008_),0.008 ,0.008 ,회계 수치·정밀도·통화·공백 정확 일치
poi-src/test-data/spreadsheet/mv-calculator-final-2-20-2013.xlsm,시트 셀,MV Cont. Table - Medical!DF53,xl/worksheets/sheet5.xml:DF53,8.2974242000000004E-3,"#,##0.000_);\(#,##0.000\)",0.008_),0.008 ,0.008 ,회계 수치·정밀도·통화·공백 정확 일치
poi-src/test-data/spreadsheet/mv-calculator-final-2-20-2013.xlsm,시트 셀,MV Cont. Table - Medical!DF54,xl/worksheets/sheet5.xml:DF54,8.5763660000000002E-3,"#,##0.000_);\(#,##0.000\)",0.009_),0.009 ,0.009 ,회계 수치·정밀도·통화·공백 정확 일치
poi-src/test-data/spreadsheet/mv-calculator-final-2-20-2013.xlsm,시트 셀,MV Cont. Table - Medical!DF55,xl/worksheets/sheet5.xml:DF55,8.8623407000000005E-3,"#,##0.000_);\(#,##0.000\)",0.009_),0.009 ,0.009 ,회계 수치·정밀도·통화·공백 정확 일치
poi-src/test-data/spreadsheet/mv-calculator-final-2-20-2013.xlsm,시트 셀,MV Cont. Table - Medical!DF56,xl/worksheets/sheet5.xml:DF56,9.1356373000000008E-3,"#,##0.000_);\(#,##0.000\)",0.009_),0.009 ,0.009 ,회계 수치·정밀도·통화·공백 정확 일치
poi-src/test-data/spreadsheet/mv-calculator-final-2-20-2013.xlsm,시트 셀,MV Cont. Table - Medical!DF57,xl/worksheets/sheet5.xml:DF57,9.5211966999999998E-3,"#,##0.000_);\(#,##0.000\)",0.010_),0.010 ,0.010 ,회계 수치·정밀도·통화·공백 정확 일치
poi-src/test-data/spreadsheet/mv-calculator-final-2-20-2013.xlsm,시트 셀,MV Cont. Table - Medical!DF58,xl/worksheets/sheet5.xml:DF58,9.8630040999999995E-3,"#,##0.000_);\(#,##0.000\)",0.010_),0.010 ,0.010 ,회계 수치·정밀도·통화·공백 정확 일치
poi-src/test-data/spreadsheet/mv-calculator-final-2-20-2013.xlsm,시트 셀,MV Cont. Table - Medical!DF59,xl/worksheets/sheet5.xml:DF59,1.01632414E-2,"#,##0.000_);\(#,##0.000\)",0.010_),0.010 ,0.010 ,회계 수치·정밀도·통화·공백 정확 일치
poi-src/test-data/spreadsheet/mv-calculator-final-2-20-2013.xlsm,시트 셀,MV Cont. Table - Medical!DF6,xl/worksheets/sheet5.xml:DF6,0,"#,##0.000_);\(#,##0.000\)",0.000_),0.000 ,0.000 ,회계 수치·정밀도·통화·공백 정확 일치
poi-src/test-data/spreadsheet/mv-calculator-final-2-20-2013.xlsm,시트 셀,MV Cont. Table - Medical!DF60,xl/worksheets/sheet5.xml:DF60,1.04250039E-2,"#,##0.000_);\(#,##0.000\)",0.010_),0.010 ,0.010 ,회계 수치·정밀도·통화·공백 정확 일치
poi-src/test-data/spreadsheet/mv-calculator-final-2-20-2013.xlsm,시트 셀,MV Cont. Table - Medical!DF61,xl/worksheets/sheet5.xml:DF61,1.07301771E-2,"#,##0.000_);\(#,##0.000\)",0.011_),0.011 ,0.011 ,회계 수치·정밀도·통화·공백 정확 일치
poi-src/test-data/spreadsheet/mv-calculator-final-2-20-2013.xlsm,시트 셀,MV Cont. Table - Medical!DF62,xl/worksheets/sheet5.xml:DF62,1.09860063E-2,"#,##0.000_);\(#,##0.000\)",0.011_),0.011 ,0.011 ,회계 수치·정밀도·통화·공백 정확 일치
poi-src/test-data/spreadsheet/mv-calculator-final-2-20-2013.xlsm,시트 셀,MV Cont. Table - Medical!DF63,xl/worksheets/sheet5.xml:DF63,1.1251076400000001E-2,"#,##0.000_);\(#,##0.000\)",0.011_),0.011 ,0.011 ,회계 수치·정밀도·통화·공백 정확 일치
poi-src/test-data/spreadsheet/mv-calculator-final-2-20-2013.xlsm,시트 셀,MV Cont. Table - Medical!DF64,xl/worksheets/sheet5.xml:DF64,1.1482127999999999E-2,"#,##0.000_);\(#,##0.000\)",0.011_),0.011 ,0.011 ,회계 수치·정밀도·통화·공백 정확 일치
poi-src/test-data/spreadsheet/mv-calculator-final-2-20-2013.xlsm,시트 셀,MV Cont. Table - Medical!DF65,xl/worksheets/sheet5.xml:DF65,1.1715036E-2,"#,##0.000_);\(#,##0.000\)",0.012_),0.012 ,0.012 ,회계 수치·정밀도·통화·공백 정확 일치
poi-src/test-data/spreadsheet/mv-calculator-final-2-20-2013.xlsm,시트 셀,MV Cont. Table - Medical!DF66,xl/worksheets/sheet5.xml:DF66,1.1909393799999999E-2,"#,##0.000_);\(#,##0.000\)",0.012_),0.012 ,0.012 ,회계 수치·정밀도·통화·공백 정확 일치
poi-src/test-data/spreadsheet/mv-calculator-final-2-20-2013.xlsm,시트 셀,MV Cont. Table - Medical!DF67,xl/worksheets/sheet5.xml:DF67,1.2124627400000001E-2,"#,##0.000_);\(#,##0.000\)",0.012_),0.012 ,0.012 ,회계 수치·정밀도·통화·공백 정확 일치
poi-src/test-data/spreadsheet/mv-calculator-final-2-20-2013.xlsm,시트 셀,MV Cont. Table - Medical!DF68,xl/worksheets/sheet5.xml:DF68,1.2343641299999999E-2,"#,##0.000_);\(#,##0.000\)",0.012_),0.012 ,0.012 ,회계 수치·정밀도·통화·공백 정확 일치
poi-src/test-data/spreadsheet/mv-calculator-final-2-20-2013.xlsm,시트 셀,MV Cont. Table - Medical!DF69,xl/worksheets/sheet5.xml:DF69,1.2588706200000001E-2,"#,##0.000_);\(#,##0.000\)",0.013_),0.013 ,0.013 ,회계 수치·정밀도·통화·공백 정확 일치
poi-src/test-data/spreadsheet/mv-calculator-final-2-20-2013.xlsm,시트 셀,MV Cont. Table - Medical!DF7,xl/worksheets/sheet5.xml:DF7,1.90136E-5,"#,##0.000_);\(#,##0.000\)",0.000_),0.000 ,0.000 ,회계 수치·정밀도·통화·공백 정확 일치
poi-src/test-data/spreadsheet/mv-calculator-final-2-20-2013.xlsm,시트 셀,MV Cont. Table - Medical!DF70,xl/worksheets/sheet5.xml:DF70,1.27951304E-2,"#,##0.000_);\(#,##0.000\)",0.013_),0.013 ,0.013 ,회계 수치·정밀도·통화·공백 정확 일치
poi-src/test-data/spreadsheet/mv-calculator-final-2-20-2013.xlsm,시트 셀,MV Cont. Table - Medical!DF71,xl/worksheets/sheet5.xml:DF71,1.4700703400000001E-2,"#,##0.000_);\(#,##0.000\)",0.015_),0.015 ,0.015 ,회계 수치·정밀도·통화·공백 정확 일치
poi-src/test-data/spreadsheet/mv-calculator-final-2-20-2013.xlsm,시트 셀,MV Cont. Table - Medical!DF72,xl/worksheets/sheet5.xml:DF72,2.00885162E-2,"#,##0.000_);\(#,##0.000\)",0.020_),0.020 ,0.020 ,회계 수치·정밀도·통화·공백 정확 일치
poi-src/test-data/spreadsheet/mv-calculator-final-2-20-2013.xlsm,시트 셀,MV Cont. Table - Medical!DF73,xl/worksheets/sheet5.xml:DF73,3.5235135899999999E-2,"#,##0.000_);\(#,##0.000\)",0.035_),0.035 ,0.035 ,회계 수치·정밀도·통화·공백 정확 일치
poi-src/test-data/spreadsheet/mv-calculator-final-2-20-2013.xlsm,시트 셀,MV Cont. Table - Medical!DF74,xl/worksheets/sheet5.xml:DF74,5.1109683699999998E-2,"#,##0.000_);\(#,##0.000\)",0.051_),0.051 ,0.051 ,회계 수치·정밀도·통화·공백 정확 일치
poi-src/test-data/spreadsheet/mv-calculator-final-2-20-2013.xlsm,시트 셀,MV Cont. Table - Medical!DF75,xl/worksheets/sheet5.xml:DF75,6.3575364600000003E-2,"#,##0.000_);\(#,##0.000\)",0.064_),0.064 ,0.064 ,회계 수치·정밀도·통화·공백 정확 일치
poi-src/test-data/spreadsheet/mv-calculator-final-2-20-2013.xlsm,시트 셀,MV Cont. Table - Medical!DF76,xl/worksheets/sheet5.xml:DF76,7.3986301199999993E-2,"#,##0.000_);\(#,##0.000\)",0.074_),0.074 ,0.074 ,회계 수치·정밀도·통화·공백 정확 일치
poi-src/test-data/spreadsheet/mv-calculator-final-2-20-2013.xlsm,시트 셀,MV Cont. Table - Medical!DF77,xl/worksheets/sheet5.xml:DF77,8.2486235199999994E-2,"#,##0.000_);\(#,##0.000\)",0.082_),0.082 ,0.082 ,회계 수치·정밀도·통화·공백 정확 일치
poi-src/test-data/spreadsheet/mv-calculator-final-2-20-2013.xlsm,시트 셀,MV Cont. Table - Medical!DF78,xl/worksheets/sheet5.xml:DF78,8.9800733800000004E-2,"#,##0.000_);\(#,##0.000\)",0.090_),0.090 ,0.090 ,회계 수치·정밀도·통화·공백 정확 일치
poi-src/test-data/spreadsheet/mv-calculator-final-2-20-2013.xlsm,시트 셀,MV Cont. Table - Medical!DF79,xl/worksheets/sheet5.xml:DF79,9.6004600100000004E-2,"#,##0.000_);\(#,##0.000\)",0.096_),0.096 ,0.096 ,회계 수치·정밀도·통화·공백 정확 일치
poi-src/test-data/spreadsheet/mv-calculator-final-2-20-2013.xlsm,시트 셀,MV Cont. Table - Medical!DF8,xl/worksheets/sheet5.xml:DF8,1.5169300000000001E-5,"#,##0.000_);\(#,##0.000\)",0.000_),0.000 ,0.000 ,회계 수치·정밀도·통화·공백 정확 일치
poi-src/test-data/spreadsheet/mv-calculator-final-2-20-2013.xlsm,시트 셀,MV Cont. Table - Medical!DF80,xl/worksheets/sheet5.xml:DF80,0.101066077,"#,##0.000_);\(#,##0.000\)",0.101_),0.101 ,0.101 ,회계 수치·정밀도·통화·공백 정확 일치
poi-src/test-data/spreadsheet/mv-calculator-final-2-20-2013.xlsm,시트 셀,MV Cont. Table - Medical!DF81,xl/worksheets/sheet5.xml:DF81,0.1292600629,"#,##0.000_);\(#,##0.000\)",0.129_),0.129 ,0.129 ,회계 수치·정밀도·통화·공백 정확 일치
poi-src/test-data/spreadsheet/mv-calculator-final-2-20-2013.xlsm,시트 셀,MV Cont. Table - Medical!DF82,xl/worksheets/sheet5.xml:DF82,0.1467972941,"#,##0.000_);\(#,##0.000\)",0.147_),0.147 ,0.147 ,회계 수치·정밀도·통화·공백 정확 일치
poi-src/test-data/spreadsheet/mv-calculator-final-2-20-2013.xlsm,시트 셀,MV Cont. Table - Medical!DF83,xl/worksheets/sheet5.xml:DF83,0.15220659780000001,"#,##0.000_);\(#,##0.000\)",0.152_),0.152 ,0.152 ,회계 수치·정밀도·통화·공백 정확 일치
poi-src/test-data/spreadsheet/mv-calculator-final-2-20-2013.xlsm,시트 셀,MV Cont. Table - Medical!DF84,xl/worksheets/sheet5.xml:DF84,0.1546040715,"#,##0.000_);\(#,##0.000\)",0.155_),0.155 ,0.155 ,회계 수치·정밀도·통화·공백 정확 일치
poi-src/test-data/spreadsheet/mv-calculator-final-2-20-2013.xlsm,시트 셀,MV Cont. Table - Medical!DF85,xl/worksheets/sheet5.xml:DF85,0.1557367872,"#,##0.000_);\(#,##0.000\)",0.156_),0.156 ,0.156 ,회계 수치·정밀도·통화·공백 정확 일치
poi-src/test-data/spreadsheet/mv-calculator-final-2-20-2013.xlsm,시트 셀,MV Cont. Table - Medical!DF86,xl/worksheets/sheet5.xml:DF86,0.15700220340000001,"#,##0.000_);\(#,##0.000\)",0.157_),0.157 ,0.157 ,회계 수치·정밀도·통화·공백 정확 일치
poi-src/test-data/spreadsheet/mv-calculator-final-2-20-2013.xlsm,시트 셀,MV Cont. Table - Medical!DF87,xl/worksheets/sheet5.xml:DF87,0.1573263661,"#,##0.000_);\(#,##0.000\)",0.157_),0.157 ,0.157 ,회계 수치·정밀도·통화·공백 정확 일치
poi-src/test-data/spreadsheet/mv-calculator-final-2-20-2013.xlsm,시트 셀,MV Cont. Table - Medical!DF88,xl/worksheets/sheet5.xml:DF88,0.15737159119999999,"#,##0.000_);\(#,##0.000\)",0.157_),0.157 ,0.157 ,회계 수치·정밀도·통화·공백 정확 일치
poi-src/test-data/spreadsheet/mv-calculator-final-2-20-2013.xlsm,시트 셀,MV Cont. Table - Medical!DF9,xl/worksheets/sheet5.xml:DF9,2.1906999999999999E-5,"#,##0.000_);\(#,##0.000\)",0.000_),0.000 ,0.000 ,회계 수치·정밀도·통화·공백 정확 일치
poi-src/test-data/spreadsheet/mv-calculator-final-2-20-2013.xlsm,시트 셀,Sheet2!A11,xl/worksheets/sheet1.xml:A11,0,"""$""#,##0_);[Red]\(""$""#,##0\)",$0_),$0 ,$0 ,회계 수치·정밀도·통화·공백 정확 일치
