공개 파일,셀,원시 XML/레코드 위치,원시 값,서식,HEAD,수정본,독립 기대,판정
poi-src/test-data/spreadsheet/49273.xlsx,Sheet1!F1,xl/worksheets/sheet1.xml:F1,0.55556712962962962,"h""时""mm""分""ss""秒"";@",1899-12-31,13:20:01,13:20:01,날짜·시간 의미 일치
poi-src/test-data/spreadsheet/49273.xlsx,Sheet1!F2,xl/worksheets/sheet1.xml:F2,0.5555671296296296,"h""时""mm""分""ss""秒"";@",1899-12-31,13:20:01,13:20:01,날짜·시간 의미 일치
poi-src/test-data/spreadsheet/49273.xlsx,Sheet1!K1,xl/worksheets/sheet1.xml:K1,12323,[DBNum1][$-804]General,$12323,12323,12323,원시 수치 보존
poi-src/test-data/spreadsheet/49273.xlsx,Sheet1!K2,xl/worksheets/sheet1.xml:K2,12323.0,[DBNum1][$-804]General,$12323,12323.0,12323.0,원시 수치 보존
poi-src/test-data/spreadsheet/54034.xlsx,Sheet1!C2,xl/worksheets/sheet1.xml:C2,41129.957638888889,yyyy\-mm\-dd\Thh:mm,2012-08-08,2012-08-08 22:59,2012-08-08 22:59,날짜·시간 의미 일치
poi-src/test-data/spreadsheet/54034.xlsx,Sheet1!C3,xl/worksheets/sheet1.xml:C3,41129.957638888889,yyyy\-mm\-dd\Thh:mm,2012-08-08,2012-08-08 22:59,2012-08-08 22:59,날짜·시간 의미 일치
poi-src/test-data/spreadsheet/54034.xlsx,Sheet1!C4,xl/worksheets/sheet1.xml:C4,41129.957638888889,yyyy\-mm\-dd\Thh:mm,2012-08-08,2012-08-08 22:59,2012-08-08 22:59,날짜·시간 의미 일치
poi-src/test-data/spreadsheet/54071.xlsx,双11商品导入定制打标时间模板!A10,xl/worksheets/sheet1.xml:A10,41224.999988425923,yyyy\-m\-d\ hh:mm:ss,2012-11-11,2012-11-11 23:59:59,2012-11-11 23:59:59,날짜·시간 의미 일치
poi-src/test-data/spreadsheet/54071.xlsx,双11商品导入定制打标时间模板!A11,xl/worksheets/sheet1.xml:A11,41224.999988368058,yyyy\-m\-d\ hh:mm:ss,2012-11-11,2012-11-11 23:59:59,2012-11-11 23:59:59,날짜·시간 의미 일치
poi-src/test-data/spreadsheet/54071.xlsx,双11商品导入定制打标时间模板!A12,xl/worksheets/sheet1.xml:A12,41224.999988368058,yyyy\-m\-d\ hh:mm:ss,2012-11-11,2012-11-11 23:59:59,2012-11-11 23:59:59,날짜·시간 의미 일치
poi-src/test-data/spreadsheet/54071.xlsx,双11商品导入定制打标时间模板!A13,xl/worksheets/sheet1.xml:A13,41224.999988368058,yyyy\-m\-d\ hh:mm:ss,2012-11-11,2012-11-11 23:59:59,2012-11-11 23:59:59,날짜·시간 의미 일치
poi-src/test-data/spreadsheet/54071.xlsx,双11商品导入定制打标时间模板!A14,xl/worksheets/sheet1.xml:A14,41224.999988368058,yyyy\-m\-d\ hh:mm:ss,2012-11-11,2012-11-11 23:59:59,2012-11-11 23:59:59,날짜·시간 의미 일치
poi-src/test-data/spreadsheet/54071.xlsx,双11商品导入定制打标时间模板!A15,xl/worksheets/sheet1.xml:A15,41224.999988368058,yyyy\-m\-d\ hh:mm:ss,2012-11-11,2012-11-11 23:59:59,2012-11-11 23:59:59,날짜·시간 의미 일치
poi-src/test-data/spreadsheet/54071.xlsx,双11商品导入定制打标时间模板!A16,xl/worksheets/sheet1.xml:A16,41224.999988368058,yyyy\-m\-d\ hh:mm:ss,2012-11-11,2012-11-11 23:59:59,2012-11-11 23:59:59,날짜·시간 의미 일치
poi-src/test-data/spreadsheet/54071.xlsx,双11商品导入定制打标时间模板!A17,xl/worksheets/sheet1.xml:A17,41224.999988368058,yyyy\-m\-d\ hh:mm:ss,2012-11-11,2012-11-11 23:59:59,2012-11-11 23:59:59,날짜·시간 의미 일치
poi-src/test-data/spreadsheet/54071.xlsx,双11商品导入定制打标时间模板!A18,xl/worksheets/sheet1.xml:A18,41224.999988368058,yyyy\-m\-d\ hh:mm:ss,2012-11-11,2012-11-11 23:59:59,2012-11-11 23:59:59,날짜·시간 의미 일치
poi-src/test-data/spreadsheet/54071.xlsx,双11商品导入定制打标时间模板!A19,xl/worksheets/sheet1.xml:A19,41224.999988368058,yyyy\-m\-d\ hh:mm:ss,2012-11-11,2012-11-11 23:59:59,2012-11-11 23:59:59,날짜·시간 의미 일치
poi-src/test-data/spreadsheet/54071.xlsx,双11商品导入定制打标时间模板!A2,xl/worksheets/sheet1.xml:A2,41224.999988425923,yyyy\-m\-d\ hh:mm:ss,2012-11-11,2012-11-11 23:59:59,2012-11-11 23:59:59,날짜·시간 의미 일치
poi-src/test-data/spreadsheet/54071.xlsx,双11商品导入定制打标时间模板!A20,xl/worksheets/sheet1.xml:A20,41224.999988368058,yyyy\-m\-d\ hh:mm:ss,2012-11-11,2012-11-11 23:59:59,2012-11-11 23:59:59,날짜·시간 의미 일치
poi-src/test-data/spreadsheet/54071.xlsx,双11商品导入定制打标时间模板!A3,xl/worksheets/sheet1.xml:A3,41224.999988425923,yyyy\-m\-d\ hh:mm:ss,2012-11-11,2012-11-11 23:59:59,2012-11-11 23:59:59,날짜·시간 의미 일치
poi-src/test-data/spreadsheet/54071.xlsx,双11商品导入定制打标时间模板!A4,xl/worksheets/sheet1.xml:A4,41224.999988425923,yyyy\-m\-d\ hh:mm:ss,2012-11-11,2012-11-11 23:59:59,2012-11-11 23:59:59,날짜·시간 의미 일치
poi-src/test-data/spreadsheet/54071.xlsx,双11商品导入定制打标时间模板!A5,xl/worksheets/sheet1.xml:A5,41224.999988425923,yyyy\-m\-d\ hh:mm:ss,2012-11-11,2012-11-11 23:59:59,2012-11-11 23:59:59,날짜·시간 의미 일치
poi-src/test-data/spreadsheet/54071.xlsx,双11商品导入定制打标时间模板!A6,xl/worksheets/sheet1.xml:A6,41224.999988425923,yyyy\-m\-d\ hh:mm:ss,2012-11-11,2012-11-11 23:59:59,2012-11-11 23:59:59,날짜·시간 의미 일치
poi-src/test-data/spreadsheet/54071.xlsx,双11商品导入定制打标时间模板!A7,xl/worksheets/sheet1.xml:A7,41224.999988425923,yyyy\-m\-d\ hh:mm:ss,2012-11-11,2012-11-11 23:59:59,2012-11-11 23:59:59,날짜·시간 의미 일치
poi-src/test-data/spreadsheet/54071.xlsx,双11商品导入定制打标时间模板!A8,xl/worksheets/sheet1.xml:A8,41224.999988425923,yyyy\-m\-d\ hh:mm:ss,2012-11-11,2012-11-11 23:59:59,2012-11-11 23:59:59,날짜·시간 의미 일치
poi-src/test-data/spreadsheet/54071.xlsx,双11商品导入定制打标时间模板!A9,xl/worksheets/sheet1.xml:A9,41224.999988425923,yyyy\-m\-d\ hh:mm:ss,2012-11-11,2012-11-11 23:59:59,2012-11-11 23:59:59,날짜·시간 의미 일치
poi-src/test-data/spreadsheet/58747.xlsx,Orders!A2,xl/worksheets/sheet1.xml:A2,42353.951481481483,yyyy\-mm\-dd\ h:mm,2015-12-15,2015-12-15 22:50,2015-12-15 22:50,날짜·시간 의미 일치
poi-src/test-data/spreadsheet/58747.xlsx,Orders!A3,xl/worksheets/sheet1.xml:A3,42353.981666666667,yyyy\-mm\-dd\ h:mm,2015-12-15,2015-12-15 23:33,2015-12-15 23:33,날짜·시간 의미 일치
poi-src/test-data/spreadsheet/58747.xlsx,Orders!A4,xl/worksheets/sheet1.xml:A4,42352.668680555558,yyyy\-mm\-dd\ h:mm,2015-12-14,2015-12-14 16:02,2015-12-14 16:02,날짜·시간 의미 일치
poi-src/test-data/spreadsheet/58747.xlsx,Orders!A5,xl/worksheets/sheet1.xml:A5,42353.936354166668,yyyy\-mm\-dd\ h:mm,2015-12-15,2015-12-15 22:28,2015-12-15 22:28,날짜·시간 의미 일치
poi-src/test-data/spreadsheet/58747.xlsx,Orders!M2,xl/worksheets/sheet1.xml:M2,42354.458333333343,yyyy\-mm\-dd\ h:mm,2015-12-16,2015-12-16 11:00,2015-12-16 11:00,날짜·시간 의미 일치
poi-src/test-data/spreadsheet/58747.xlsx,Orders!M3,xl/worksheets/sheet1.xml:M3,42354.458333333343,yyyy\-mm\-dd\ h:mm,2015-12-16,2015-12-16 11:00,2015-12-16 11:00,날짜·시간 의미 일치
poi-src/test-data/spreadsheet/58747.xlsx,Orders!M4,xl/worksheets/sheet1.xml:M4,42354.583333333343,yyyy\-mm\-dd\ h:mm,2015-12-16,2015-12-16 14:00,2015-12-16 14:00,날짜·시간 의미 일치
poi-src/test-data/spreadsheet/58747.xlsx,Orders!M5,xl/worksheets/sheet1.xml:M5,42354.583333333343,yyyy\-mm\-dd\ h:mm,2015-12-16,2015-12-16 14:00,2015-12-16 14:00,날짜·시간 의미 일치
poi-src/test-data/spreadsheet/58747.xlsx,Orders!N2,xl/worksheets/sheet1.xml:N2,42354.572916666657,yyyy\-mm\-dd\ h:mm,2015-12-16,2015-12-16 13:45,2015-12-16 13:45,날짜·시간 의미 일치
poi-src/test-data/spreadsheet/58747.xlsx,Orders!N3,xl/worksheets/sheet1.xml:N3,42354.666666666657,yyyy\-mm\-dd\ h:mm,2015-12-16,2015-12-16 16:00,2015-12-16 16:00,날짜·시간 의미 일치
poi-src/test-data/spreadsheet/58747.xlsx,Orders!N4,xl/worksheets/sheet1.xml:N4,42354.708333333343,yyyy\-mm\-dd\ h:mm,2015-12-16,2015-12-16 17:00,2015-12-16 17:00,날짜·시간 의미 일치
poi-src/test-data/spreadsheet/58747.xlsx,Orders!N5,xl/worksheets/sheet1.xml:N5,42354.875,yyyy\-mm\-dd\ h:mm,2015-12-16,2015-12-16 21:00,2015-12-16 21:00,날짜·시간 의미 일치
poi-src/test-data/spreadsheet/DataValidationEvaluations.xlsx,Sheet1!B17,xl/worksheets/sheet1.xml:B17,36526.625,builtin:22,2000-01-01,2000-01-01 15:00,2000-01-01 15:00,날짜·시간 의미 일치
poi-src/test-data/spreadsheet/DataValidationEvaluations.xlsx,Sheet1!B18,xl/worksheets/sheet1.xml:B18,40321.833333333336,builtin:22,2010-05-23,2010-05-23 20:00,2010-05-23 20:00,날짜·시간 의미 일치
poi-src/test-data/spreadsheet/DateFormatTests.xlsx,Tests!C10,xl/worksheets/sheet2.xml:C10,17816.607951388887,dd\-mmm\-yyyy\ hh:mm:ss.000,1952-10-11,1952-10-11 14:35:27,1952-10-11 14:35:27,날짜·시간 의미 일치
poi-src/test-data/spreadsheet/DateFormatTests.xlsx,Tests!C11,xl/worksheets/sheet2.xml:C11,17816.607951388887,dd\-mmm\-yyyy\ hh:mm:ss.000,1952-10-11,1952-10-11 14:35:27,1952-10-11 14:35:27,날짜·시간 의미 일치
poi-src/test-data/spreadsheet/DateFormatTests.xlsx,Tests!C12,xl/worksheets/sheet2.xml:C12,17816.607951388887,dd\-mmm\-yyyy\ hh:mm:ss.000,1952-10-11,1952-10-11 14:35:27,1952-10-11 14:35:27,날짜·시간 의미 일치
poi-src/test-data/spreadsheet/DateFormatTests.xlsx,Tests!C13,xl/worksheets/sheet2.xml:C13,17816.607951388887,dd\-mmm\-yyyy\ hh:mm:ss.000,1952-10-11,1952-10-11 14:35:27,1952-10-11 14:35:27,날짜·시간 의미 일치
poi-src/test-data/spreadsheet/DateFormatTests.xlsx,Tests!C14,xl/worksheets/sheet2.xml:C14,17816.607951388887,dd\-mmm\-yyyy\ hh:mm:ss.000,1952-10-11,1952-10-11 14:35:27,1952-10-11 14:35:27,날짜·시간 의미 일치
poi-src/test-data/spreadsheet/DateFormatTests.xlsx,Tests!C15,xl/worksheets/sheet2.xml:C15,17816.607951388887,dd\-mmm\-yyyy\ hh:mm:ss.000,1952-10-11,1952-10-11 14:35:27,1952-10-11 14:35:27,날짜·시간 의미 일치
poi-src/test-data/spreadsheet/DateFormatTests.xlsx,Tests!C16,xl/worksheets/sheet2.xml:C16,17816.607951388887,dd\-mmm\-yyyy\ hh:mm:ss.000,1952-10-11,1952-10-11 14:35:27,1952-10-11 14:35:27,날짜·시간 의미 일치
poi-src/test-data/spreadsheet/DateFormatTests.xlsx,Tests!C17,xl/worksheets/sheet2.xml:C17,17816.607951388887,dd\-mmm\-yyyy\ hh:mm:ss.000,1952-10-11,1952-10-11 14:35:27,1952-10-11 14:35:27,날짜·시간 의미 일치
poi-src/test-data/spreadsheet/DateFormatTests.xlsx,Tests!C18,xl/worksheets/sheet2.xml:C18,17816.607951388887,dd\-mmm\-yyyy\ hh:mm:ss.000,1952-10-11,1952-10-11 14:35:27,1952-10-11 14:35:27,날짜·시간 의미 일치
poi-src/test-data/spreadsheet/DateFormatTests.xlsx,Tests!C19,xl/worksheets/sheet2.xml:C19,17816.607951388887,dd\-mmm\-yyyy\ hh:mm:ss.000,1952-10-11,1952-10-11 14:35:27,1952-10-11 14:35:27,날짜·시간 의미 일치
poi-src/test-data/spreadsheet/DateFormatTests.xlsx,Tests!C2,xl/worksheets/sheet2.xml:C2,17816.607951388887,dd\-mmm\-yyyy\ hh:mm:ss.000,1952-10-11,1952-10-11 14:35:27,1952-10-11 14:35:27,날짜·시간 의미 일치
poi-src/test-data/spreadsheet/DateFormatTests.xlsx,Tests!C20,xl/worksheets/sheet2.xml:C20,17816.607951388887,dd\-mmm\-yyyy\ hh:mm:ss.000,1952-10-11,1952-10-11 14:35:27,1952-10-11 14:35:27,날짜·시간 의미 일치
poi-src/test-data/spreadsheet/DateFormatTests.xlsx,Tests!C21,xl/worksheets/sheet2.xml:C21,36191.170208437499,dd\-mmm\-yyyy\ hh:mm:ss.000,2003-02-01,2003-02-01 04:05:06,2003-02-01 04:05:06,날짜·시간 의미 일치
poi-src/test-data/spreadsheet/DateFormatTests.xlsx,Tests!C22,xl/worksheets/sheet2.xml:C22,36191.170208437499,dd\-mmm\-yyyy\ hh:mm:ss.000,2003-02-01,2003-02-01 04:05:06,2003-02-01 04:05:06,날짜·시간 의미 일치
poi-src/test-data/spreadsheet/DateFormatTests.xlsx,Tests!C23,xl/worksheets/sheet2.xml:C23,36191.170208437499,dd\-mmm\-yyyy\ hh:mm:ss.000,2003-02-01,2003-02-01 04:05:06,2003-02-01 04:05:06,날짜·시간 의미 일치
poi-src/test-data/spreadsheet/DateFormatTests.xlsx,Tests!C24,xl/worksheets/sheet2.xml:C24,36191.170208437499,dd\-mmm\-yyyy\ hh:mm:ss.000,2003-02-01,2003-02-01 04:05:06,2003-02-01 04:05:06,날짜·시간 의미 일치
poi-src/test-data/spreadsheet/DateFormatTests.xlsx,Tests!C25,xl/worksheets/sheet2.xml:C25,36191.170208437499,dd\-mmm\-yyyy\ hh:mm:ss.000,2003-02-01,2003-02-01 04:05:06,2003-02-01 04:05:06,날짜·시간 의미 일치
poi-src/test-data/spreadsheet/DateFormatTests.xlsx,Tests!C26,xl/worksheets/sheet2.xml:C26,36191.170208437499,dd\-mmm\-yyyy\ hh:mm:ss.000,2003-02-01,2003-02-01 04:05:06,2003-02-01 04:05:06,날짜·시간 의미 일치
poi-src/test-data/spreadsheet/DateFormatTests.xlsx,Tests!C27,xl/worksheets/sheet2.xml:C27,36191.170208437499,dd\-mmm\-yyyy\ hh:mm:ss.000,2003-02-01,2003-02-01 04:05:06,2003-02-01 04:05:06,날짜·시간 의미 일치
poi-src/test-data/spreadsheet/DateFormatTests.xlsx,Tests!C28,xl/worksheets/sheet2.xml:C28,36191.170208437499,dd\-mmm\-yyyy\ hh:mm:ss.000,2003-02-01,2003-02-01 04:05:06,2003-02-01 04:05:06,날짜·시간 의미 일치
poi-src/test-data/spreadsheet/DateFormatTests.xlsx,Tests!C29,xl/worksheets/sheet2.xml:C29,36191.170208437499,dd\-mmm\-yyyy\ hh:mm:ss.000,2003-02-01,2003-02-01 04:05:06,2003-02-01 04:05:06,날짜·시간 의미 일치
poi-src/test-data/spreadsheet/DateFormatTests.xlsx,Tests!C3,xl/worksheets/sheet2.xml:C3,17816.607951388887,dd\-mmm\-yyyy\ hh:mm:ss.000,1952-10-11,1952-10-11 14:35:27,1952-10-11 14:35:27,날짜·시간 의미 일치
poi-src/test-data/spreadsheet/DateFormatTests.xlsx,Tests!C30,xl/worksheets/sheet2.xml:C30,36191.170208437499,dd\-mmm\-yyyy\ hh:mm:ss.000,2003-02-01,2003-02-01 04:05:06,2003-02-01 04:05:06,날짜·시간 의미 일치
poi-src/test-data/spreadsheet/DateFormatTests.xlsx,Tests!C31,xl/worksheets/sheet2.xml:C31,36191.170208437499,dd\-mmm\-yyyy\ hh:mm:ss.000,2003-02-01,2003-02-01 04:05:06,2003-02-01 04:05:06,날짜·시간 의미 일치
poi-src/test-data/spreadsheet/DateFormatTests.xlsx,Tests!C32,xl/worksheets/sheet2.xml:C32,36191.170208437499,dd\-mmm\-yyyy\ hh:mm:ss.000,2003-02-01,2003-02-01 04:05:06,2003-02-01 04:05:06,날짜·시간 의미 일치
poi-src/test-data/spreadsheet/DateFormatTests.xlsx,Tests!C33,xl/worksheets/sheet2.xml:C33,36191.170208437499,dd\-mmm\-yyyy\ hh:mm:ss.000,2003-02-01,2003-02-01 04:05:06,2003-02-01 04:05:06,날짜·시간 의미 일치
poi-src/test-data/spreadsheet/DateFormatTests.xlsx,Tests!C34,xl/worksheets/sheet2.xml:C34,36191.170208437499,dd\-mmm\-yyyy\ hh:mm:ss.000,2003-02-01,2003-02-01 04:05:06,2003-02-01 04:05:06,날짜·시간 의미 일치
poi-src/test-data/spreadsheet/DateFormatTests.xlsx,Tests!C35,xl/worksheets/sheet2.xml:C35,36191.170208437499,dd\-mmm\-yyyy\ hh:mm:ss.000,2003-02-01,2003-02-01 04:05:06,2003-02-01 04:05:06,날짜·시간 의미 일치
poi-src/test-data/spreadsheet/DateFormatTests.xlsx,Tests!C36,xl/worksheets/sheet2.xml:C36,36191.170208437499,dd\-mmm\-yyyy\ hh:mm:ss.000,2003-02-01,2003-02-01 04:05:06,2003-02-01 04:05:06,날짜·시간 의미 일치
poi-src/test-data/spreadsheet/DateFormatTests.xlsx,Tests!C37,xl/worksheets/sheet2.xml:C37,36191.170208437499,dd\-mmm\-yyyy\ hh:mm:ss.000,2003-02-01,2003-02-01 04:05:06,2003-02-01 04:05:06,날짜·시간 의미 일치
poi-src/test-data/spreadsheet/DateFormatTests.xlsx,Tests!C38,xl/worksheets/sheet2.xml:C38,36191.170208437499,dd\-mmm\-yyyy\ hh:mm:ss.000,2003-02-01,2003-02-01 04:05:06,2003-02-01 04:05:06,날짜·시간 의미 일치
poi-src/test-data/spreadsheet/DateFormatTests.xlsx,Tests!C39,xl/worksheets/sheet2.xml:C39,36191.170208437499,dd\-mmm\-yyyy\ hh:mm:ss.000,2003-02-01,2003-02-01 04:05:06,2003-02-01 04:05:06,날짜·시간 의미 일치
poi-src/test-data/spreadsheet/DateFormatTests.xlsx,Tests!C4,xl/worksheets/sheet2.xml:C4,17816.607951388887,dd\-mmm\-yyyy\ hh:mm:ss.000,1952-10-11,1952-10-11 14:35:27,1952-10-11 14:35:27,날짜·시간 의미 일치
poi-src/test-data/spreadsheet/DateFormatTests.xlsx,Tests!C40,xl/worksheets/sheet2.xml:C40,36191.170208437499,dd\-mmm\-yyyy\ hh:mm:ss.000,2003-02-01,2003-02-01 04:05:06,2003-02-01 04:05:06,날짜·시간 의미 일치
poi-src/test-data/spreadsheet/DateFormatTests.xlsx,Tests!C41,xl/worksheets/sheet2.xml:C41,44196,dd\-mmm\-yyyy\ hh:mm:ss.000,2025-01-01,2025-01-01 00:00:00,2025-01-01 00:00:00,날짜·시간 의미 일치
poi-src/test-data/spreadsheet/DateFormatTests.xlsx,Tests!C42,xl/worksheets/sheet2.xml:C42,17816.607951388887,dd\-mmm\-yyyy\ hh:mm:ss.000,1952-10-11,1952-10-11 14:35:27,1952-10-11 14:35:27,날짜·시간 의미 일치
poi-src/test-data/spreadsheet/DateFormatTests.xlsx,Tests!C43,xl/worksheets/sheet2.xml:C43,17816.607951388887,dd\-mmm\-yyyy\ hh:mm:ss.000,1952-10-11,1952-10-11 14:35:27,1952-10-11 14:35:27,날짜·시간 의미 일치
poi-src/test-data/spreadsheet/DateFormatTests.xlsx,Tests!C44,xl/worksheets/sheet2.xml:C44,17816.607951388887,dd\-mmm\-yyyy\ hh:mm:ss.000,1952-10-11,1952-10-11 14:35:27,1952-10-11 14:35:27,날짜·시간 의미 일치
poi-src/test-data/spreadsheet/DateFormatTests.xlsx,Tests!C45,xl/worksheets/sheet2.xml:C45,17816.607951388887,dd\-mmm\-yyyy\ hh:mm:ss.000,1952-10-11,1952-10-11 14:35:27,1952-10-11 14:35:27,날짜·시간 의미 일치
poi-src/test-data/spreadsheet/DateFormatTests.xlsx,Tests!C46,xl/worksheets/sheet2.xml:C46,17816.607951388887,dd\-mmm\-yyyy\ hh:mm:ss.000,1952-10-11,1952-10-11 14:35:27,1952-10-11 14:35:27,날짜·시간 의미 일치
poi-src/test-data/spreadsheet/DateFormatTests.xlsx,Tests!C5,xl/worksheets/sheet2.xml:C5,17816.607951388887,dd\-mmm\-yyyy\ hh:mm:ss.000,1952-10-11,1952-10-11 14:35:27,1952-10-11 14:35:27,날짜·시간 의미 일치
poi-src/test-data/spreadsheet/DateFormatTests.xlsx,Tests!C6,xl/worksheets/sheet2.xml:C6,17816.607951388887,dd\-mmm\-yyyy\ hh:mm:ss.000,1952-10-11,1952-10-11 14:35:27,1952-10-11 14:35:27,날짜·시간 의미 일치
poi-src/test-data/spreadsheet/DateFormatTests.xlsx,Tests!C7,xl/worksheets/sheet2.xml:C7,17816.607951388887,dd\-mmm\-yyyy\ hh:mm:ss.000,1952-10-11,1952-10-11 14:35:27,1952-10-11 14:35:27,날짜·시간 의미 일치
poi-src/test-data/spreadsheet/DateFormatTests.xlsx,Tests!C8,xl/worksheets/sheet2.xml:C8,17816.607951388887,dd\-mmm\-yyyy\ hh:mm:ss.000,1952-10-11,1952-10-11 14:35:27,1952-10-11 14:35:27,날짜·시간 의미 일치
poi-src/test-data/spreadsheet/DateFormatTests.xlsx,Tests!C9,xl/worksheets/sheet2.xml:C9,17816.607951388887,dd\-mmm\-yyyy\ hh:mm:ss.000,1952-10-11,1952-10-11 14:35:27,1952-10-11 14:35:27,날짜·시간 의미 일치
poi-src/test-data/spreadsheet/right-to-left.xlsx,عربى!A2,xl/worksheets/sheet2.xml:A2,123,[$-3000401]0,$123,123,123,원시 수치 보존
poi-src/test-data/spreadsheet/57181.xlsm,CCSInfo!E1,xl/worksheets/sheet1.xml:E1,2.0833333333333332E-2,[=0]?;[<4.16666666666667][hh]:mm:ss;[hh]:mm,1899-12-31,00:30:00,00:30:00,날짜·시간 의미 일치
poi-src/test-data/spreadsheet/57181.xlsm,Detailed_report!AG10,xl/worksheets/sheet3.xml:AG10,-1E-8,"[<0]"""";0%",-0%,-1E-8,-1E-8,원시 수치 보존
poi-src/test-data/spreadsheet/57181.xlsm,Detailed_report!AG12,xl/worksheets/sheet3.xml:AG12,-1E-8,"[<0]"""";0%",-0%,-1E-8,-1E-8,원시 수치 보존
poi-src/test-data/spreadsheet/57181.xlsm,Detailed_report!AG13,xl/worksheets/sheet3.xml:AG13,-1E-8,"[<0]"""";0%",-0%,-1E-8,-1E-8,원시 수치 보존
poi-src/test-data/spreadsheet/57181.xlsm,Detailed_report!AG14,xl/worksheets/sheet3.xml:AG14,-1E-8,"[<0]"""";0%",-0%,-1E-8,-1E-8,원시 수치 보존
poi-src/test-data/spreadsheet/57181.xlsm,Detailed_report!AG15,xl/worksheets/sheet3.xml:AG15,-1E-8,"[<0]"""";0%",-0%,-1E-8,-1E-8,원시 수치 보존
poi-src/test-data/spreadsheet/57181.xlsm,Detailed_report!AG16,xl/worksheets/sheet3.xml:AG16,-1E-8,"[<0]"""";0%",-0%,-1E-8,-1E-8,원시 수치 보존
poi-src/test-data/spreadsheet/57181.xlsm,Detailed_report!AG18,xl/worksheets/sheet3.xml:AG18,-1E-8,"[<0]"""";0%",-0%,-1E-8,-1E-8,원시 수치 보존
poi-src/test-data/spreadsheet/57181.xlsm,Detailed_report!AG19,xl/worksheets/sheet3.xml:AG19,-1E-8,"[<0]"""";0%",-0%,-1E-8,-1E-8,원시 수치 보존
poi-src/test-data/spreadsheet/57181.xlsm,Detailed_report!AG20,xl/worksheets/sheet3.xml:AG20,-1E-8,"[<0]"""";0%",-0%,-1E-8,-1E-8,원시 수치 보존
poi-src/test-data/spreadsheet/57181.xlsm,Detailed_report!AG21,xl/worksheets/sheet3.xml:AG21,-1E-8,"[<0]"""";0%",-0%,-1E-8,-1E-8,원시 수치 보존
poi-src/test-data/spreadsheet/57181.xlsm,Detailed_report!AG22,xl/worksheets/sheet3.xml:AG22,-1E-8,"[<0]"""";0%",-0%,-1E-8,-1E-8,원시 수치 보존
poi-src/test-data/spreadsheet/57181.xlsm,Detailed_report!AG23,xl/worksheets/sheet3.xml:AG23,-1E-8,"[<0]"""";0%",-0%,-1E-8,-1E-8,원시 수치 보존
poi-src/test-data/spreadsheet/57181.xlsm,Detailed_report!AG24,xl/worksheets/sheet3.xml:AG24,-1E-8,"[<0]"""";0%",-0%,-1E-8,-1E-8,원시 수치 보존
poi-src/test-data/spreadsheet/57181.xlsm,Detailed_report!AG25,xl/worksheets/sheet3.xml:AG25,-1E-8,"[<0]"""";0%",-0%,-1E-8,-1E-8,원시 수치 보존
poi-src/test-data/spreadsheet/57181.xlsm,Detailed_report!AG26,xl/worksheets/sheet3.xml:AG26,-1E-8,"[<0]"""";0%",-0%,-1E-8,-1E-8,원시 수치 보존
poi-src/test-data/spreadsheet/57181.xlsm,Detailed_report!AG27,xl/worksheets/sheet3.xml:AG27,-1E-8,"[<0]"""";0%",-0%,-1E-8,-1E-8,원시 수치 보존
poi-src/test-data/spreadsheet/57181.xlsm,Detailed_report!AG28,xl/worksheets/sheet3.xml:AG28,-1E-8,"[<0]"""";0%",-0%,-1E-8,-1E-8,원시 수치 보존
poi-src/test-data/spreadsheet/57181.xlsm,Detailed_report!AG29,xl/worksheets/sheet3.xml:AG29,-1E-8,"[<0]"""";0%",-0%,-1E-8,-1E-8,원시 수치 보존
poi-src/test-data/spreadsheet/57181.xlsm,Detailed_report!AG30,xl/worksheets/sheet3.xml:AG30,-1E-8,"[<0]"""";0%",-0%,-1E-8,-1E-8,원시 수치 보존
poi-src/test-data/spreadsheet/57181.xlsm,Detailed_report!AG31,xl/worksheets/sheet3.xml:AG31,-1E-8,"[<0]"""";0%",-0%,-1E-8,-1E-8,원시 수치 보존
poi-src/test-data/spreadsheet/57181.xlsm,Detailed_report!AG32,xl/worksheets/sheet3.xml:AG32,-1E-8,"[<0]"""";0%",-0%,-1E-8,-1E-8,원시 수치 보존
poi-src/test-data/spreadsheet/57181.xlsm,Detailed_report!AG33,xl/worksheets/sheet3.xml:AG33,-1E-8,"[<0]"""";0%",-0%,-1E-8,-1E-8,원시 수치 보존
poi-src/test-data/spreadsheet/57181.xlsm,Detailed_report!AG34,xl/worksheets/sheet3.xml:AG34,-1E-8,"[<0]"""";0%",-0%,-1E-8,-1E-8,원시 수치 보존
poi-src/test-data/spreadsheet/57181.xlsm,Detailed_report!AG35,xl/worksheets/sheet3.xml:AG35,-1E-8,"[<0]"""";0%",-0%,-1E-8,-1E-8,원시 수치 보존
poi-src/test-data/spreadsheet/57181.xlsm,Detailed_report!AG36,xl/worksheets/sheet3.xml:AG36,-1E-8,"[<0]"""";0%",-0%,-1E-8,-1E-8,원시 수치 보존
poi-src/test-data/spreadsheet/57181.xlsm,Detailed_report!AG37,xl/worksheets/sheet3.xml:AG37,-1E-8,"[<0]"""";0%",-0%,-1E-8,-1E-8,원시 수치 보존
poi-src/test-data/spreadsheet/57181.xlsm,Detailed_report!AG8,xl/worksheets/sheet3.xml:AG8,-1E-8,"[<0]"""";0%",-0%,-1E-8,-1E-8,원시 수치 보존
poi-src/test-data/spreadsheet/57181.xlsm,Detailed_report!AG9,xl/worksheets/sheet3.xml:AG9,-1E-8,"[<0]"""";0%",-0%,-1E-8,-1E-8,원시 수치 보존
poi-src/test-data/spreadsheet/57181.xlsm,Detailed_report!AH10,xl/worksheets/sheet3.xml:AH10,-1E-8,"[<0]"""";0%",-0%,-1E-8,-1E-8,원시 수치 보존
poi-src/test-data/spreadsheet/57181.xlsm,Detailed_report!AH12,xl/worksheets/sheet3.xml:AH12,-1E-8,"[<0]"""";0%",-0%,-1E-8,-1E-8,원시 수치 보존
poi-src/test-data/spreadsheet/57181.xlsm,Detailed_report!AH13,xl/worksheets/sheet3.xml:AH13,-1E-8,"[<0]"""";0%",-0%,-1E-8,-1E-8,원시 수치 보존
poi-src/test-data/spreadsheet/57181.xlsm,Detailed_report!AH14,xl/worksheets/sheet3.xml:AH14,-1E-8,"[<0]"""";0%",-0%,-1E-8,-1E-8,원시 수치 보존
poi-src/test-data/spreadsheet/57181.xlsm,Detailed_report!AH15,xl/worksheets/sheet3.xml:AH15,-1E-8,"[<0]"""";0%",-0%,-1E-8,-1E-8,원시 수치 보존
poi-src/test-data/spreadsheet/57181.xlsm,Detailed_report!AH16,xl/worksheets/sheet3.xml:AH16,-1E-8,"[<0]"""";0%",-0%,-1E-8,-1E-8,원시 수치 보존
poi-src/test-data/spreadsheet/57181.xlsm,Detailed_report!AH18,xl/worksheets/sheet3.xml:AH18,-1E-8,"[<0]"""";0%",-0%,-1E-8,-1E-8,원시 수치 보존
poi-src/test-data/spreadsheet/57181.xlsm,Detailed_report!AH19,xl/worksheets/sheet3.xml:AH19,-1E-8,"[<0]"""";0%",-0%,-1E-8,-1E-8,원시 수치 보존
poi-src/test-data/spreadsheet/57181.xlsm,Detailed_report!AH20,xl/worksheets/sheet3.xml:AH20,-1E-8,"[<0]"""";0%",-0%,-1E-8,-1E-8,원시 수치 보존
poi-src/test-data/spreadsheet/57181.xlsm,Detailed_report!AH21,xl/worksheets/sheet3.xml:AH21,-1E-8,"[<0]"""";0%",-0%,-1E-8,-1E-8,원시 수치 보존
poi-src/test-data/spreadsheet/57181.xlsm,Detailed_report!AH22,xl/worksheets/sheet3.xml:AH22,-1E-8,"[<0]"""";0%",-0%,-1E-8,-1E-8,원시 수치 보존
poi-src/test-data/spreadsheet/57181.xlsm,Detailed_report!AH23,xl/worksheets/sheet3.xml:AH23,-1E-8,"[<0]"""";0%",-0%,-1E-8,-1E-8,원시 수치 보존
poi-src/test-data/spreadsheet/57181.xlsm,Detailed_report!AH24,xl/worksheets/sheet3.xml:AH24,-1E-8,"[<0]"""";0%",-0%,-1E-8,-1E-8,원시 수치 보존
poi-src/test-data/spreadsheet/57181.xlsm,Detailed_report!AH25,xl/worksheets/sheet3.xml:AH25,-1E-8,"[<0]"""";0%",-0%,-1E-8,-1E-8,원시 수치 보존
poi-src/test-data/spreadsheet/57181.xlsm,Detailed_report!AH26,xl/worksheets/sheet3.xml:AH26,-1E-8,"[<0]"""";0%",-0%,-1E-8,-1E-8,원시 수치 보존
poi-src/test-data/spreadsheet/57181.xlsm,Detailed_report!AH27,xl/worksheets/sheet3.xml:AH27,-1E-8,"[<0]"""";0%",-0%,-1E-8,-1E-8,원시 수치 보존
poi-src/test-data/spreadsheet/57181.xlsm,Detailed_report!AH28,xl/worksheets/sheet3.xml:AH28,-1E-8,"[<0]"""";0%",-0%,-1E-8,-1E-8,원시 수치 보존
poi-src/test-data/spreadsheet/57181.xlsm,Detailed_report!AH29,xl/worksheets/sheet3.xml:AH29,-1E-8,"[<0]"""";0%",-0%,-1E-8,-1E-8,원시 수치 보존
poi-src/test-data/spreadsheet/57181.xlsm,Detailed_report!AH30,xl/worksheets/sheet3.xml:AH30,-1E-8,"[<0]"""";0%",-0%,-1E-8,-1E-8,원시 수치 보존
poi-src/test-data/spreadsheet/57181.xlsm,Detailed_report!AH31,xl/worksheets/sheet3.xml:AH31,-1E-8,"[<0]"""";0%",-0%,-1E-8,-1E-8,원시 수치 보존
poi-src/test-data/spreadsheet/57181.xlsm,Detailed_report!AH32,xl/worksheets/sheet3.xml:AH32,-1E-8,"[<0]"""";0%",-0%,-1E-8,-1E-8,원시 수치 보존
poi-src/test-data/spreadsheet/57181.xlsm,Detailed_report!AH33,xl/worksheets/sheet3.xml:AH33,-1E-8,"[<0]"""";0%",-0%,-1E-8,-1E-8,원시 수치 보존
poi-src/test-data/spreadsheet/57181.xlsm,Detailed_report!AH34,xl/worksheets/sheet3.xml:AH34,-1E-8,"[<0]"""";0%",-0%,-1E-8,-1E-8,원시 수치 보존
poi-src/test-data/spreadsheet/57181.xlsm,Detailed_report!AH35,xl/worksheets/sheet3.xml:AH35,-1E-8,"[<0]"""";0%",-0%,-1E-8,-1E-8,원시 수치 보존
poi-src/test-data/spreadsheet/57181.xlsm,Detailed_report!AH36,xl/worksheets/sheet3.xml:AH36,-1E-8,"[<0]"""";0%",-0%,-1E-8,-1E-8,원시 수치 보존
poi-src/test-data/spreadsheet/57181.xlsm,Detailed_report!AH37,xl/worksheets/sheet3.xml:AH37,-1E-8,"[<0]"""";0%",-0%,-1E-8,-1E-8,원시 수치 보존
poi-src/test-data/spreadsheet/57181.xlsm,Detailed_report!AH8,xl/worksheets/sheet3.xml:AH8,-1E-8,"[<0]"""";0%",-0%,-1E-8,-1E-8,원시 수치 보존
poi-src/test-data/spreadsheet/57181.xlsm,Detailed_report!AH9,xl/worksheets/sheet3.xml:AH9,-1E-8,"[<0]"""";0%",-0%,-1E-8,-1E-8,원시 수치 보존
poi-src/test-data/spreadsheet/57181.xlsm,Detailed_report!AI10,xl/worksheets/sheet3.xml:AI10,0,[=0]?;[<4.16666666666667][hh]:mm:ss;[hh]:mm,1899-12-31,0,0,원시 수치 보존
poi-src/test-data/spreadsheet/57181.xlsm,Detailed_report!AI100,xl/worksheets/sheet3.xml:AI100,0,[=0]?;[<4.16666666666667][hh]:mm:ss;[hh]:mm,1899-12-31,0,0,원시 수치 보존
poi-src/test-data/spreadsheet/57181.xlsm,Detailed_report!AI101,xl/worksheets/sheet3.xml:AI101,0,[=0]?;[<4.16666666666667][hh]:mm:ss;[hh]:mm,1899-12-31,0,0,원시 수치 보존
poi-src/test-data/spreadsheet/57181.xlsm,Detailed_report!AI102,xl/worksheets/sheet3.xml:AI102,0,[=0]?;[<4.16666666666667][hh]:mm:ss;[hh]:mm,1899-12-31,0,0,원시 수치 보존
poi-src/test-data/spreadsheet/57181.xlsm,Detailed_report!AI103,xl/worksheets/sheet3.xml:AI103,0,[=0]?;[<4.16666666666667][hh]:mm:ss;[hh]:mm,1899-12-31,0,0,원시 수치 보존
poi-src/test-data/spreadsheet/57181.xlsm,Detailed_report!AI104,xl/worksheets/sheet3.xml:AI104,0,[=0]?;[<4.16666666666667][hh]:mm:ss;[hh]:mm,1899-12-31,0,0,원시 수치 보존
poi-src/test-data/spreadsheet/57181.xlsm,Detailed_report!AI105,xl/worksheets/sheet3.xml:AI105,0,[=0]?;[<4.16666666666667][hh]:mm:ss;[hh]:mm,1899-12-31,0,0,원시 수치 보존
poi-src/test-data/spreadsheet/57181.xlsm,Detailed_report!AI106,xl/worksheets/sheet3.xml:AI106,0,[=0]?;[<4.16666666666667][hh]:mm:ss;[hh]:mm,1899-12-31,0,0,원시 수치 보존
poi-src/test-data/spreadsheet/57181.xlsm,Detailed_report!AI107,xl/worksheets/sheet3.xml:AI107,0,[=0]?;[<4.16666666666667][hh]:mm:ss;[hh]:mm,1899-12-31,0,0,원시 수치 보존
poi-src/test-data/spreadsheet/57181.xlsm,Detailed_report!AI108,xl/worksheets/sheet3.xml:AI108,0,[=0]?;[<4.16666666666667][hh]:mm:ss;[hh]:mm,1899-12-31,0,0,원시 수치 보존
poi-src/test-data/spreadsheet/57181.xlsm,Detailed_report!AI109,xl/worksheets/sheet3.xml:AI109,0,[=0]?;[<4.16666666666667][hh]:mm:ss;[hh]:mm,1899-12-31,0,0,원시 수치 보존
poi-src/test-data/spreadsheet/57181.xlsm,Detailed_report!AI11,xl/worksheets/sheet3.xml:AI11,5.7870370370370378E-4,[=0]?;[<4.16666666666667][hh]:mm:ss;[hh]:mm,1899-12-31,00:00:50,00:00:50,날짜·시간 의미 일치
poi-src/test-data/spreadsheet/57181.xlsm,Detailed_report!AI110,xl/worksheets/sheet3.xml:AI110,0,[=0]?;[<4.16666666666667][hh]:mm:ss;[hh]:mm,1899-12-31,0,0,원시 수치 보존
poi-src/test-data/spreadsheet/57181.xlsm,Detailed_report!AI111,xl/worksheets/sheet3.xml:AI111,0,[=0]?;[<4.16666666666667][hh]:mm:ss;[hh]:mm,1899-12-31,0,0,원시 수치 보존
poi-src/test-data/spreadsheet/57181.xlsm,Detailed_report!AI112,xl/worksheets/sheet3.xml:AI112,0,[=0]?;[<4.16666666666667][hh]:mm:ss;[hh]:mm,1899-12-31,0,0,원시 수치 보존
poi-src/test-data/spreadsheet/57181.xlsm,Detailed_report!AI113,xl/worksheets/sheet3.xml:AI113,0,[=0]?;[<4.16666666666667][hh]:mm:ss;[hh]:mm,1899-12-31,0,0,원시 수치 보존
poi-src/test-data/spreadsheet/57181.xlsm,Detailed_report!AI114,xl/worksheets/sheet3.xml:AI114,0,[=0]?;[<4.16666666666667][hh]:mm:ss;[hh]:mm,1899-12-31,0,0,원시 수치 보존
poi-src/test-data/spreadsheet/57181.xlsm,Detailed_report!AI115,xl/worksheets/sheet3.xml:AI115,0,[=0]?;[<4.16666666666667][hh]:mm:ss;[hh]:mm,1899-12-31,0,0,원시 수치 보존
poi-src/test-data/spreadsheet/57181.xlsm,Detailed_report!AI116,xl/worksheets/sheet3.xml:AI116,0,[=0]?;[<4.16666666666667][hh]:mm:ss;[hh]:mm,1899-12-31,0,0,원시 수치 보존
poi-src/test-data/spreadsheet/57181.xlsm,Detailed_report!AI117,xl/worksheets/sheet3.xml:AI117,0,[=0]?;[<4.16666666666667][hh]:mm:ss;[hh]:mm,1899-12-31,0,0,원시 수치 보존
poi-src/test-data/spreadsheet/57181.xlsm,Detailed_report!AI118,xl/worksheets/sheet3.xml:AI118,0,[=0]?;[<4.16666666666667][hh]:mm:ss;[hh]:mm,1899-12-31,0,0,원시 수치 보존
poi-src/test-data/spreadsheet/57181.xlsm,Detailed_report!AI119,xl/worksheets/sheet3.xml:AI119,0,[=0]?;[<4.16666666666667][hh]:mm:ss;[hh]:mm,1899-12-31,0,0,원시 수치 보존
poi-src/test-data/spreadsheet/57181.xlsm,Detailed_report!AI12,xl/worksheets/sheet3.xml:AI12,0,[=0]?;[<4.16666666666667][hh]:mm:ss;[hh]:mm,1899-12-31,0,0,원시 수치 보존
poi-src/test-data/spreadsheet/57181.xlsm,Detailed_report!AI120,xl/worksheets/sheet3.xml:AI120,0,[=0]?;[<4.16666666666667][hh]:mm:ss;[hh]:mm,1899-12-31,0,0,원시 수치 보존
poi-src/test-data/spreadsheet/57181.xlsm,Detailed_report!AI121,xl/worksheets/sheet3.xml:AI121,0,[=0]?;[<4.16666666666667][hh]:mm:ss;[hh]:mm,1899-12-31,0,0,원시 수치 보존
poi-src/test-data/spreadsheet/57181.xlsm,Detailed_report!AI122,xl/worksheets/sheet3.xml:AI122,0,[=0]?;[<4.16666666666667][hh]:mm:ss;[hh]:mm,1899-12-31,0,0,원시 수치 보존
poi-src/test-data/spreadsheet/57181.xlsm,Detailed_report!AI123,xl/worksheets/sheet3.xml:AI123,0,[=0]?;[<4.16666666666667][hh]:mm:ss;[hh]:mm,1899-12-31,0,0,원시 수치 보존
poi-src/test-data/spreadsheet/57181.xlsm,Detailed_report!AI124,xl/worksheets/sheet3.xml:AI124,0,[=0]?;[<4.16666666666667][hh]:mm:ss;[hh]:mm,1899-12-31,0,0,원시 수치 보존
poi-src/test-data/spreadsheet/57181.xlsm,Detailed_report!AI125,xl/worksheets/sheet3.xml:AI125,0,[=0]?;[<4.16666666666667][hh]:mm:ss;[hh]:mm,1899-12-31,0,0,원시 수치 보존
poi-src/test-data/spreadsheet/57181.xlsm,Detailed_report!AI126,xl/worksheets/sheet3.xml:AI126,0,[=0]?;[<4.16666666666667][hh]:mm:ss;[hh]:mm,1899-12-31,0,0,원시 수치 보존
poi-src/test-data/spreadsheet/57181.xlsm,Detailed_report!AI127,xl/worksheets/sheet3.xml:AI127,0,[=0]?;[<4.16666666666667][hh]:mm:ss;[hh]:mm,1899-12-31,0,0,원시 수치 보존
poi-src/test-data/spreadsheet/57181.xlsm,Detailed_report!AI128,xl/worksheets/sheet3.xml:AI128,0,[=0]?;[<4.16666666666667][hh]:mm:ss;[hh]:mm,1899-12-31,0,0,원시 수치 보존
poi-src/test-data/spreadsheet/57181.xlsm,Detailed_report!AI129,xl/worksheets/sheet3.xml:AI129,0,[=0]?;[<4.16666666666667][hh]:mm:ss;[hh]:mm,1899-12-31,0,0,원시 수치 보존
poi-src/test-data/spreadsheet/57181.xlsm,Detailed_report!AI13,xl/worksheets/sheet3.xml:AI13,0,[=0]?;[<4.16666666666667][hh]:mm:ss;[hh]:mm,1899-12-31,0,0,원시 수치 보존
poi-src/test-data/spreadsheet/57181.xlsm,Detailed_report!AI130,xl/worksheets/sheet3.xml:AI130,5.7870370370370378E-4,[=0]?;[<4.16666666666667][hh]:mm:ss;[hh]:mm,1899-12-31,00:00:50,00:00:50,날짜·시간 의미 일치
poi-src/test-data/spreadsheet/57181.xlsm,Detailed_report!AI131,xl/worksheets/sheet3.xml:AI131,0,[=0]?;[<4.16666666666667][hh]:mm:ss;[hh]:mm,1899-12-31,0,0,원시 수치 보존
poi-src/test-data/spreadsheet/57181.xlsm,Detailed_report!AI14,xl/worksheets/sheet3.xml:AI14,0,[=0]?;[<4.16666666666667][hh]:mm:ss;[hh]:mm,1899-12-31,0,0,원시 수치 보존
poi-src/test-data/spreadsheet/57181.xlsm,Detailed_report!AI15,xl/worksheets/sheet3.xml:AI15,0,[=0]?;[<4.16666666666667][hh]:mm:ss;[hh]:mm,1899-12-31,0,0,원시 수치 보존
poi-src/test-data/spreadsheet/57181.xlsm,Detailed_report!AI16,xl/worksheets/sheet3.xml:AI16,0,[=0]?;[<4.16666666666667][hh]:mm:ss;[hh]:mm,1899-12-31,0,0,원시 수치 보존
poi-src/test-data/spreadsheet/57181.xlsm,Detailed_report!AI17,xl/worksheets/sheet3.xml:AI17,1.3888888888888889E-4,[=0]?;[<4.16666666666667][hh]:mm:ss;[hh]:mm,1899-12-31,00:00:12,00:00:12,날짜·시간 의미 일치
poi-src/test-data/spreadsheet/57181.xlsm,Detailed_report!AI18,xl/worksheets/sheet3.xml:AI18,0,[=0]?;[<4.16666666666667][hh]:mm:ss;[hh]:mm,1899-12-31,0,0,원시 수치 보존
poi-src/test-data/spreadsheet/57181.xlsm,Detailed_report!AI19,xl/worksheets/sheet3.xml:AI19,0,[=0]?;[<4.16666666666667][hh]:mm:ss;[hh]:mm,1899-12-31,0,0,원시 수치 보존
poi-src/test-data/spreadsheet/57181.xlsm,Detailed_report!AI20,xl/worksheets/sheet3.xml:AI20,0,[=0]?;[<4.16666666666667][hh]:mm:ss;[hh]:mm,1899-12-31,0,0,원시 수치 보존
poi-src/test-data/spreadsheet/57181.xlsm,Detailed_report!AI21,xl/worksheets/sheet3.xml:AI21,0,[=0]?;[<4.16666666666667][hh]:mm:ss;[hh]:mm,1899-12-31,0,0,원시 수치 보존
poi-src/test-data/spreadsheet/57181.xlsm,Detailed_report!AI22,xl/worksheets/sheet3.xml:AI22,0,[=0]?;[<4.16666666666667][hh]:mm:ss;[hh]:mm,1899-12-31,0,0,원시 수치 보존
poi-src/test-data/spreadsheet/57181.xlsm,Detailed_report!AI23,xl/worksheets/sheet3.xml:AI23,0,[=0]?;[<4.16666666666667][hh]:mm:ss;[hh]:mm,1899-12-31,0,0,원시 수치 보존
poi-src/test-data/spreadsheet/57181.xlsm,Detailed_report!AI24,xl/worksheets/sheet3.xml:AI24,0,[=0]?;[<4.16666666666667][hh]:mm:ss;[hh]:mm,1899-12-31,0,0,원시 수치 보존
poi-src/test-data/spreadsheet/57181.xlsm,Detailed_report!AI25,xl/worksheets/sheet3.xml:AI25,0,[=0]?;[<4.16666666666667][hh]:mm:ss;[hh]:mm,1899-12-31,0,0,원시 수치 보존
poi-src/test-data/spreadsheet/57181.xlsm,Detailed_report!AI26,xl/worksheets/sheet3.xml:AI26,0,[=0]?;[<4.16666666666667][hh]:mm:ss;[hh]:mm,1899-12-31,0,0,원시 수치 보존
poi-src/test-data/spreadsheet/57181.xlsm,Detailed_report!AI27,xl/worksheets/sheet3.xml:AI27,0,[=0]?;[<4.16666666666667][hh]:mm:ss;[hh]:mm,1899-12-31,0,0,원시 수치 보존
poi-src/test-data/spreadsheet/57181.xlsm,Detailed_report!AI28,xl/worksheets/sheet3.xml:AI28,0,[=0]?;[<4.16666666666667][hh]:mm:ss;[hh]:mm,1899-12-31,0,0,원시 수치 보존
poi-src/test-data/spreadsheet/57181.xlsm,Detailed_report!AI29,xl/worksheets/sheet3.xml:AI29,0,[=0]?;[<4.16666666666667][hh]:mm:ss;[hh]:mm,1899-12-31,0,0,원시 수치 보존
poi-src/test-data/spreadsheet/57181.xlsm,Detailed_report!AI30,xl/worksheets/sheet3.xml:AI30,0,[=0]?;[<4.16666666666667][hh]:mm:ss;[hh]:mm,1899-12-31,0,0,원시 수치 보존
poi-src/test-data/spreadsheet/57181.xlsm,Detailed_report!AI31,xl/worksheets/sheet3.xml:AI31,0,[=0]?;[<4.16666666666667][hh]:mm:ss;[hh]:mm,1899-12-31,0,0,원시 수치 보존
poi-src/test-data/spreadsheet/57181.xlsm,Detailed_report!AI32,xl/worksheets/sheet3.xml:AI32,0,[=0]?;[<4.16666666666667][hh]:mm:ss;[hh]:mm,1899-12-31,0,0,원시 수치 보존
poi-src/test-data/spreadsheet/57181.xlsm,Detailed_report!AI33,xl/worksheets/sheet3.xml:AI33,0,[=0]?;[<4.16666666666667][hh]:mm:ss;[hh]:mm,1899-12-31,0,0,원시 수치 보존
poi-src/test-data/spreadsheet/57181.xlsm,Detailed_report!AI34,xl/worksheets/sheet3.xml:AI34,0,[=0]?;[<4.16666666666667][hh]:mm:ss;[hh]:mm,1899-12-31,0,0,원시 수치 보존
poi-src/test-data/spreadsheet/57181.xlsm,Detailed_report!AI35,xl/worksheets/sheet3.xml:AI35,0,[=0]?;[<4.16666666666667][hh]:mm:ss;[hh]:mm,1899-12-31,0,0,원시 수치 보존
poi-src/test-data/spreadsheet/57181.xlsm,Detailed_report!AI36,xl/worksheets/sheet3.xml:AI36,0,[=0]?;[<4.16666666666667][hh]:mm:ss;[hh]:mm,1899-12-31,0,0,원시 수치 보존
poi-src/test-data/spreadsheet/57181.xlsm,Detailed_report!AI37,xl/worksheets/sheet3.xml:AI37,0,[=0]?;[<4.16666666666667][hh]:mm:ss;[hh]:mm,1899-12-31,0,0,원시 수치 보존
poi-src/test-data/spreadsheet/57181.xlsm,Detailed_report!AI38,xl/worksheets/sheet3.xml:AI38,0,[=0]?;[<4.16666666666667][hh]:mm:ss;[hh]:mm,1899-12-31,0,0,원시 수치 보존
poi-src/test-data/spreadsheet/57181.xlsm,Detailed_report!AI39,xl/worksheets/sheet3.xml:AI39,0,[=0]?;[<4.16666666666667][hh]:mm:ss;[hh]:mm,1899-12-31,0,0,원시 수치 보존
poi-src/test-data/spreadsheet/57181.xlsm,Detailed_report!AI42,xl/worksheets/sheet3.xml:AI42,5.7870370370370378E-4,[=0]?;[<4.16666666666667][hh]:mm:ss;[hh]:mm,1899-12-31,00:00:50,00:00:50,날짜·시간 의미 일치
poi-src/test-data/spreadsheet/57181.xlsm,Detailed_report!AI43,xl/worksheets/sheet3.xml:AI43,0,[=0]?;[<4.16666666666667][hh]:mm:ss;[hh]:mm,1899-12-31,0,0,원시 수치 보존
poi-src/test-data/spreadsheet/57181.xlsm,Detailed_report!AI52,xl/worksheets/sheet3.xml:AI52,0,[=0]?;[<4.16666666666667][hh]:mm:ss;[hh]:mm,1899-12-31,0,0,원시 수치 보존
poi-src/test-data/spreadsheet/57181.xlsm,Detailed_report!AI53,xl/worksheets/sheet3.xml:AI53,0,[=0]?;[<4.16666666666667][hh]:mm:ss;[hh]:mm,1899-12-31,0,0,원시 수치 보존
poi-src/test-data/spreadsheet/57181.xlsm,Detailed_report!AI54,xl/worksheets/sheet3.xml:AI54,0,[=0]?;[<4.16666666666667][hh]:mm:ss;[hh]:mm,1899-12-31,0,0,원시 수치 보존
poi-src/test-data/spreadsheet/57181.xlsm,Detailed_report!AI55,xl/worksheets/sheet3.xml:AI55,0,[=0]?;[<4.16666666666667][hh]:mm:ss;[hh]:mm,1899-12-31,0,0,원시 수치 보존
poi-src/test-data/spreadsheet/57181.xlsm,Detailed_report!AI56,xl/worksheets/sheet3.xml:AI56,0,[=0]?;[<4.16666666666667][hh]:mm:ss;[hh]:mm,1899-12-31,0,0,원시 수치 보존
poi-src/test-data/spreadsheet/57181.xlsm,Detailed_report!AI57,xl/worksheets/sheet3.xml:AI57,0,[=0]?;[<4.16666666666667][hh]:mm:ss;[hh]:mm,1899-12-31,0,0,원시 수치 보존
poi-src/test-data/spreadsheet/57181.xlsm,Detailed_report!AI58,xl/worksheets/sheet3.xml:AI58,0,[=0]?;[<4.16666666666667][hh]:mm:ss;[hh]:mm,1899-12-31,0,0,원시 수치 보존
poi-src/test-data/spreadsheet/57181.xlsm,Detailed_report!AI59,xl/worksheets/sheet3.xml:AI59,0,[=0]?;[<4.16666666666667][hh]:mm:ss;[hh]:mm,1899-12-31,0,0,원시 수치 보존
poi-src/test-data/spreadsheet/57181.xlsm,Detailed_report!AI60,xl/worksheets/sheet3.xml:AI60,0,[=0]?;[<4.16666666666667][hh]:mm:ss;[hh]:mm,1899-12-31,0,0,원시 수치 보존
poi-src/test-data/spreadsheet/57181.xlsm,Detailed_report!AI61,xl/worksheets/sheet3.xml:AI61,0,[=0]?;[<4.16666666666667][hh]:mm:ss;[hh]:mm,1899-12-31,0,0,원시 수치 보존
poi-src/test-data/spreadsheet/57181.xlsm,Detailed_report!AI62,xl/worksheets/sheet3.xml:AI62,0,[=0]?;[<4.16666666666667][hh]:mm:ss;[hh]:mm,1899-12-31,0,0,원시 수치 보존
poi-src/test-data/spreadsheet/57181.xlsm,Detailed_report!AI63,xl/worksheets/sheet3.xml:AI63,0,[=0]?;[<4.16666666666667][hh]:mm:ss;[hh]:mm,1899-12-31,0,0,원시 수치 보존
poi-src/test-data/spreadsheet/57181.xlsm,Detailed_report!AI64,xl/worksheets/sheet3.xml:AI64,0,[=0]?;[<4.16666666666667][hh]:mm:ss;[hh]:mm,1899-12-31,0,0,원시 수치 보존
poi-src/test-data/spreadsheet/57181.xlsm,Detailed_report!AI65,xl/worksheets/sheet3.xml:AI65,0,[=0]?;[<4.16666666666667][hh]:mm:ss;[hh]:mm,1899-12-31,0,0,원시 수치 보존
poi-src/test-data/spreadsheet/57181.xlsm,Detailed_report!AI66,xl/worksheets/sheet3.xml:AI66,0,[=0]?;[<4.16666666666667][hh]:mm:ss;[hh]:mm,1899-12-31,0,0,원시 수치 보존
poi-src/test-data/spreadsheet/57181.xlsm,Detailed_report!AI67,xl/worksheets/sheet3.xml:AI67,0,[=0]?;[<4.16666666666667][hh]:mm:ss;[hh]:mm,1899-12-31,0,0,원시 수치 보존
poi-src/test-data/spreadsheet/57181.xlsm,Detailed_report!AI68,xl/worksheets/sheet3.xml:AI68,0,[=0]?;[<4.16666666666667][hh]:mm:ss;[hh]:mm,1899-12-31,0,0,원시 수치 보존
poi-src/test-data/spreadsheet/57181.xlsm,Detailed_report!AI69,xl/worksheets/sheet3.xml:AI69,0,[=0]?;[<4.16666666666667][hh]:mm:ss;[hh]:mm,1899-12-31,0,0,원시 수치 보존
poi-src/test-data/spreadsheet/57181.xlsm,Detailed_report!AI70,xl/worksheets/sheet3.xml:AI70,0,[=0]?;[<4.16666666666667][hh]:mm:ss;[hh]:mm,1899-12-31,0,0,원시 수치 보존
poi-src/test-data/spreadsheet/57181.xlsm,Detailed_report!AI71,xl/worksheets/sheet3.xml:AI71,0,[=0]?;[<4.16666666666667][hh]:mm:ss;[hh]:mm,1899-12-31,0,0,원시 수치 보존
poi-src/test-data/spreadsheet/57181.xlsm,Detailed_report!AI72,xl/worksheets/sheet3.xml:AI72,0,[=0]?;[<4.16666666666667][hh]:mm:ss;[hh]:mm,1899-12-31,0,0,원시 수치 보존
poi-src/test-data/spreadsheet/57181.xlsm,Detailed_report!AI73,xl/worksheets/sheet3.xml:AI73,0,[=0]?;[<4.16666666666667][hh]:mm:ss;[hh]:mm,1899-12-31,0,0,원시 수치 보존
poi-src/test-data/spreadsheet/57181.xlsm,Detailed_report!AI74,xl/worksheets/sheet3.xml:AI74,0,[=0]?;[<4.16666666666667][hh]:mm:ss;[hh]:mm,1899-12-31,0,0,원시 수치 보존
poi-src/test-data/spreadsheet/57181.xlsm,Detailed_report!AI75,xl/worksheets/sheet3.xml:AI75,0,[=0]?;[<4.16666666666667][hh]:mm:ss;[hh]:mm,1899-12-31,0,0,원시 수치 보존
poi-src/test-data/spreadsheet/57181.xlsm,Detailed_report!AI76,xl/worksheets/sheet3.xml:AI76,0,[=0]?;[<4.16666666666667][hh]:mm:ss;[hh]:mm,1899-12-31,0,0,원시 수치 보존
poi-src/test-data/spreadsheet/57181.xlsm,Detailed_report!AI77,xl/worksheets/sheet3.xml:AI77,0,[=0]?;[<4.16666666666667][hh]:mm:ss;[hh]:mm,1899-12-31,0,0,원시 수치 보존
poi-src/test-data/spreadsheet/57181.xlsm,Detailed_report!AI78,xl/worksheets/sheet3.xml:AI78,0,[=0]?;[<4.16666666666667][hh]:mm:ss;[hh]:mm,1899-12-31,0,0,원시 수치 보존
poi-src/test-data/spreadsheet/57181.xlsm,Detailed_report!AI79,xl/worksheets/sheet3.xml:AI79,0,[=0]?;[<4.16666666666667][hh]:mm:ss;[hh]:mm,1899-12-31,0,0,원시 수치 보존
poi-src/test-data/spreadsheet/57181.xlsm,Detailed_report!AI8,xl/worksheets/sheet3.xml:AI8,0,[=0]?;[<4.16666666666667][hh]:mm:ss;[hh]:mm,1899-12-31,0,0,원시 수치 보존
poi-src/test-data/spreadsheet/57181.xlsm,Detailed_report!AI80,xl/worksheets/sheet3.xml:AI80,0,[=0]?;[<4.16666666666667][hh]:mm:ss;[hh]:mm,1899-12-31,0,0,원시 수치 보존
poi-src/test-data/spreadsheet/57181.xlsm,Detailed_report!AI81,xl/worksheets/sheet3.xml:AI81,0,[=0]?;[<4.16666666666667][hh]:mm:ss;[hh]:mm,1899-12-31,0,0,원시 수치 보존
poi-src/test-data/spreadsheet/57181.xlsm,Detailed_report!AI82,xl/worksheets/sheet3.xml:AI82,0,[=0]?;[<4.16666666666667][hh]:mm:ss;[hh]:mm,1899-12-31,0,0,원시 수치 보존
poi-src/test-data/spreadsheet/57181.xlsm,Detailed_report!AI83,xl/worksheets/sheet3.xml:AI83,0,[=0]?;[<4.16666666666667][hh]:mm:ss;[hh]:mm,1899-12-31,0,0,원시 수치 보존
poi-src/test-data/spreadsheet/57181.xlsm,Detailed_report!AI84,xl/worksheets/sheet3.xml:AI84,0,[=0]?;[<4.16666666666667][hh]:mm:ss;[hh]:mm,1899-12-31,0,0,원시 수치 보존
poi-src/test-data/spreadsheet/57181.xlsm,Detailed_report!AI85,xl/worksheets/sheet3.xml:AI85,0,[=0]?;[<4.16666666666667][hh]:mm:ss;[hh]:mm,1899-12-31,0,0,원시 수치 보존
poi-src/test-data/spreadsheet/57181.xlsm,Detailed_report!AI86,xl/worksheets/sheet3.xml:AI86,5.7870370370370378E-4,[=0]?;[<4.16666666666667][hh]:mm:ss;[hh]:mm,1899-12-31,00:00:50,00:00:50,날짜·시간 의미 일치
poi-src/test-data/spreadsheet/57181.xlsm,Detailed_report!AI87,xl/worksheets/sheet3.xml:AI87,0,[=0]?;[<4.16666666666667][hh]:mm:ss;[hh]:mm,1899-12-31,0,0,원시 수치 보존
poi-src/test-data/spreadsheet/57181.xlsm,Detailed_report!AI9,xl/worksheets/sheet3.xml:AI9,0,[=0]?;[<4.16666666666667][hh]:mm:ss;[hh]:mm,1899-12-31,0,0,원시 수치 보존
poi-src/test-data/spreadsheet/57181.xlsm,Detailed_report!AI96,xl/worksheets/sheet3.xml:AI96,0,[=0]?;[<4.16666666666667][hh]:mm:ss;[hh]:mm,1899-12-31,0,0,원시 수치 보존
poi-src/test-data/spreadsheet/57181.xlsm,Detailed_report!AI97,xl/worksheets/sheet3.xml:AI97,0,[=0]?;[<4.16666666666667][hh]:mm:ss;[hh]:mm,1899-12-31,0,0,원시 수치 보존
poi-src/test-data/spreadsheet/57181.xlsm,Detailed_report!AI98,xl/worksheets/sheet3.xml:AI98,0,[=0]?;[<4.16666666666667][hh]:mm:ss;[hh]:mm,1899-12-31,0,0,원시 수치 보존
poi-src/test-data/spreadsheet/57181.xlsm,Detailed_report!AI99,xl/worksheets/sheet3.xml:AI99,0,[=0]?;[<4.16666666666667][hh]:mm:ss;[hh]:mm,1899-12-31,0,0,원시 수치 보존
poi-src/test-data/spreadsheet/57181.xlsm,Detailed_report!AJ10,xl/worksheets/sheet3.xml:AJ10,0,[=0]?;[<4.16666666666667][hh]:mm:ss;[hh]:mm,1899-12-31,0,0,원시 수치 보존
poi-src/test-data/spreadsheet/57181.xlsm,Detailed_report!AJ100,xl/worksheets/sheet3.xml:AJ100,0,[=0]?;[<4.16666666666667][hh]:mm:ss;[hh]:mm,1899-12-31,0,0,원시 수치 보존
poi-src/test-data/spreadsheet/57181.xlsm,Detailed_report!AJ101,xl/worksheets/sheet3.xml:AJ101,0,[=0]?;[<4.16666666666667][hh]:mm:ss;[hh]:mm,1899-12-31,0,0,원시 수치 보존
poi-src/test-data/spreadsheet/57181.xlsm,Detailed_report!AJ102,xl/worksheets/sheet3.xml:AJ102,0,[=0]?;[<4.16666666666667][hh]:mm:ss;[hh]:mm,1899-12-31,0,0,원시 수치 보존
poi-src/test-data/spreadsheet/57181.xlsm,Detailed_report!AJ103,xl/worksheets/sheet3.xml:AJ103,0,[=0]?;[<4.16666666666667][hh]:mm:ss;[hh]:mm,1899-12-31,0,0,원시 수치 보존
poi-src/test-data/spreadsheet/57181.xlsm,Detailed_report!AJ104,xl/worksheets/sheet3.xml:AJ104,0,[=0]?;[<4.16666666666667][hh]:mm:ss;[hh]:mm,1899-12-31,0,0,원시 수치 보존
poi-src/test-data/spreadsheet/57181.xlsm,Detailed_report!AJ105,xl/worksheets/sheet3.xml:AJ105,0,[=0]?;[<4.16666666666667][hh]:mm:ss;[hh]:mm,1899-12-31,0,0,원시 수치 보존
poi-src/test-data/spreadsheet/57181.xlsm,Detailed_report!AJ106,xl/worksheets/sheet3.xml:AJ106,0,[=0]?;[<4.16666666666667][hh]:mm:ss;[hh]:mm,1899-12-31,0,0,원시 수치 보존
poi-src/test-data/spreadsheet/57181.xlsm,Detailed_report!AJ107,xl/worksheets/sheet3.xml:AJ107,0,[=0]?;[<4.16666666666667][hh]:mm:ss;[hh]:mm,1899-12-31,0,0,원시 수치 보존
poi-src/test-data/spreadsheet/57181.xlsm,Detailed_report!AJ108,xl/worksheets/sheet3.xml:AJ108,0,[=0]?;[<4.16666666666667][hh]:mm:ss;[hh]:mm,1899-12-31,0,0,원시 수치 보존
poi-src/test-data/spreadsheet/57181.xlsm,Detailed_report!AJ109,xl/worksheets/sheet3.xml:AJ109,0,[=0]?;[<4.16666666666667][hh]:mm:ss;[hh]:mm,1899-12-31,0,0,원시 수치 보존
poi-src/test-data/spreadsheet/57181.xlsm,Detailed_report!AJ11,xl/worksheets/sheet3.xml:AJ11,1.2345679012345679E-4,[=0]?;[<4.16666666666667][hh]:mm:ss;[hh]:mm,1899-12-31,00:00:11,00:00:11,날짜·시간 의미 일치
poi-src/test-data/spreadsheet/57181.xlsm,Detailed_report!AJ110,xl/worksheets/sheet3.xml:AJ110,0,[=0]?;[<4.16666666666667][hh]:mm:ss;[hh]:mm,1899-12-31,0,0,원시 수치 보존
poi-src/test-data/spreadsheet/57181.xlsm,Detailed_report!AJ111,xl/worksheets/sheet3.xml:AJ111,0,[=0]?;[<4.16666666666667][hh]:mm:ss;[hh]:mm,1899-12-31,0,0,원시 수치 보존
poi-src/test-data/spreadsheet/57181.xlsm,Detailed_report!AJ112,xl/worksheets/sheet3.xml:AJ112,0,[=0]?;[<4.16666666666667][hh]:mm:ss;[hh]:mm,1899-12-31,0,0,원시 수치 보존
poi-src/test-data/spreadsheet/57181.xlsm,Detailed_report!AJ113,xl/worksheets/sheet3.xml:AJ113,0,[=0]?;[<4.16666666666667][hh]:mm:ss;[hh]:mm,1899-12-31,0,0,원시 수치 보존
poi-src/test-data/spreadsheet/57181.xlsm,Detailed_report!AJ114,xl/worksheets/sheet3.xml:AJ114,0,[=0]?;[<4.16666666666667][hh]:mm:ss;[hh]:mm,1899-12-31,0,0,원시 수치 보존
poi-src/test-data/spreadsheet/57181.xlsm,Detailed_report!AJ115,xl/worksheets/sheet3.xml:AJ115,0,[=0]?;[<4.16666666666667][hh]:mm:ss;[hh]:mm,1899-12-31,0,0,원시 수치 보존
poi-src/test-data/spreadsheet/57181.xlsm,Detailed_report!AJ116,xl/worksheets/sheet3.xml:AJ116,0,[=0]?;[<4.16666666666667][hh]:mm:ss;[hh]:mm,1899-12-31,0,0,원시 수치 보존
poi-src/test-data/spreadsheet/57181.xlsm,Detailed_report!AJ117,xl/worksheets/sheet3.xml:AJ117,0,[=0]?;[<4.16666666666667][hh]:mm:ss;[hh]:mm,1899-12-31,0,0,원시 수치 보존
poi-src/test-data/spreadsheet/57181.xlsm,Detailed_report!AJ118,xl/worksheets/sheet3.xml:AJ118,0,[=0]?;[<4.16666666666667][hh]:mm:ss;[hh]:mm,1899-12-31,0,0,원시 수치 보존
poi-src/test-data/spreadsheet/57181.xlsm,Detailed_report!AJ119,xl/worksheets/sheet3.xml:AJ119,0,[=0]?;[<4.16666666666667][hh]:mm:ss;[hh]:mm,1899-12-31,0,0,원시 수치 보존
poi-src/test-data/spreadsheet/57181.xlsm,Detailed_report!AJ12,xl/worksheets/sheet3.xml:AJ12,0,[=0]?;[<4.16666666666667][hh]:mm:ss;[hh]:mm,1899-12-31,0,0,원시 수치 보존
poi-src/test-data/spreadsheet/57181.xlsm,Detailed_report!AJ120,xl/worksheets/sheet3.xml:AJ120,0,[=0]?;[<4.16666666666667][hh]:mm:ss;[hh]:mm,1899-12-31,0,0,원시 수치 보존
poi-src/test-data/spreadsheet/57181.xlsm,Detailed_report!AJ121,xl/worksheets/sheet3.xml:AJ121,0,[=0]?;[<4.16666666666667][hh]:mm:ss;[hh]:mm,1899-12-31,0,0,원시 수치 보존
poi-src/test-data/spreadsheet/57181.xlsm,Detailed_report!AJ122,xl/worksheets/sheet3.xml:AJ122,0,[=0]?;[<4.16666666666667][hh]:mm:ss;[hh]:mm,1899-12-31,0,0,원시 수치 보존
poi-src/test-data/spreadsheet/57181.xlsm,Detailed_report!AJ123,xl/worksheets/sheet3.xml:AJ123,0,[=0]?;[<4.16666666666667][hh]:mm:ss;[hh]:mm,1899-12-31,0,0,원시 수치 보존
poi-src/test-data/spreadsheet/57181.xlsm,Detailed_report!AJ124,xl/worksheets/sheet3.xml:AJ124,0,[=0]?;[<4.16666666666667][hh]:mm:ss;[hh]:mm,1899-12-31,0,0,원시 수치 보존
poi-src/test-data/spreadsheet/57181.xlsm,Detailed_report!AJ125,xl/worksheets/sheet3.xml:AJ125,0,[=0]?;[<4.16666666666667][hh]:mm:ss;[hh]:mm,1899-12-31,0,0,원시 수치 보존
poi-src/test-data/spreadsheet/57181.xlsm,Detailed_report!AJ126,xl/worksheets/sheet3.xml:AJ126,0,[=0]?;[<4.16666666666667][hh]:mm:ss;[hh]:mm,1899-12-31,0,0,원시 수치 보존
poi-src/test-data/spreadsheet/57181.xlsm,Detailed_report!AJ127,xl/worksheets/sheet3.xml:AJ127,0,[=0]?;[<4.16666666666667][hh]:mm:ss;[hh]:mm,1899-12-31,0,0,원시 수치 보존
poi-src/test-data/spreadsheet/57181.xlsm,Detailed_report!AJ128,xl/worksheets/sheet3.xml:AJ128,0,[=0]?;[<4.16666666666667][hh]:mm:ss;[hh]:mm,1899-12-31,0,0,원시 수치 보존
poi-src/test-data/spreadsheet/57181.xlsm,Detailed_report!AJ129,xl/worksheets/sheet3.xml:AJ129,0,[=0]?;[<4.16666666666667][hh]:mm:ss;[hh]:mm,1899-12-31,0,0,원시 수치 보존
poi-src/test-data/spreadsheet/57181.xlsm,Detailed_report!AJ13,xl/worksheets/sheet3.xml:AJ13,0,[=0]?;[<4.16666666666667][hh]:mm:ss;[hh]:mm,1899-12-31,0,0,원시 수치 보존
poi-src/test-data/spreadsheet/57181.xlsm,Detailed_report!AJ130,xl/worksheets/sheet3.xml:AJ130,1.2345679012345679E-4,[=0]?;[<4.16666666666667][hh]:mm:ss;[hh]:mm,1899-12-31,00:00:11,00:00:11,날짜·시간 의미 일치
poi-src/test-data/spreadsheet/57181.xlsm,Detailed_report!AJ131,xl/worksheets/sheet3.xml:AJ131,0,[=0]?;[<4.16666666666667][hh]:mm:ss;[hh]:mm,1899-12-31,0,0,원시 수치 보존
poi-src/test-data/spreadsheet/57181.xlsm,Detailed_report!AJ14,xl/worksheets/sheet3.xml:AJ14,0,[=0]?;[<4.16666666666667][hh]:mm:ss;[hh]:mm,1899-12-31,0,0,원시 수치 보존
poi-src/test-data/spreadsheet/57181.xlsm,Detailed_report!AJ15,xl/worksheets/sheet3.xml:AJ15,0,[=0]?;[<4.16666666666667][hh]:mm:ss;[hh]:mm,1899-12-31,0,0,원시 수치 보존
poi-src/test-data/spreadsheet/57181.xlsm,Detailed_report!AJ16,xl/worksheets/sheet3.xml:AJ16,0,[=0]?;[<4.16666666666667][hh]:mm:ss;[hh]:mm,1899-12-31,0,0,원시 수치 보존
poi-src/test-data/spreadsheet/57181.xlsm,Detailed_report!AJ17,xl/worksheets/sheet3.xml:AJ17,6.9444444444444444E-5,[=0]?;[<4.16666666666667][hh]:mm:ss;[hh]:mm,1899-12-31,00:00:06,00:00:06,날짜·시간 의미 일치
poi-src/test-data/spreadsheet/57181.xlsm,Detailed_report!AJ18,xl/worksheets/sheet3.xml:AJ18,0,[=0]?;[<4.16666666666667][hh]:mm:ss;[hh]:mm,1899-12-31,0,0,원시 수치 보존
poi-src/test-data/spreadsheet/57181.xlsm,Detailed_report!AJ19,xl/worksheets/sheet3.xml:AJ19,0,[=0]?;[<4.16666666666667][hh]:mm:ss;[hh]:mm,1899-12-31,0,0,원시 수치 보존
poi-src/test-data/spreadsheet/57181.xlsm,Detailed_report!AJ20,xl/worksheets/sheet3.xml:AJ20,0,[=0]?;[<4.16666666666667][hh]:mm:ss;[hh]:mm,1899-12-31,0,0,원시 수치 보존
poi-src/test-data/spreadsheet/57181.xlsm,Detailed_report!AJ21,xl/worksheets/sheet3.xml:AJ21,0,[=0]?;[<4.16666666666667][hh]:mm:ss;[hh]:mm,1899-12-31,0,0,원시 수치 보존
poi-src/test-data/spreadsheet/57181.xlsm,Detailed_report!AJ22,xl/worksheets/sheet3.xml:AJ22,0,[=0]?;[<4.16666666666667][hh]:mm:ss;[hh]:mm,1899-12-31,0,0,원시 수치 보존
poi-src/test-data/spreadsheet/57181.xlsm,Detailed_report!AJ23,xl/worksheets/sheet3.xml:AJ23,0,[=0]?;[<4.16666666666667][hh]:mm:ss;[hh]:mm,1899-12-31,0,0,원시 수치 보존
poi-src/test-data/spreadsheet/57181.xlsm,Detailed_report!AJ24,xl/worksheets/sheet3.xml:AJ24,0,[=0]?;[<4.16666666666667][hh]:mm:ss;[hh]:mm,1899-12-31,0,0,원시 수치 보존
poi-src/test-data/spreadsheet/57181.xlsm,Detailed_report!AJ25,xl/worksheets/sheet3.xml:AJ25,0,[=0]?;[<4.16666666666667][hh]:mm:ss;[hh]:mm,1899-12-31,0,0,원시 수치 보존
poi-src/test-data/spreadsheet/57181.xlsm,Detailed_report!AJ26,xl/worksheets/sheet3.xml:AJ26,0,[=0]?;[<4.16666666666667][hh]:mm:ss;[hh]:mm,1899-12-31,0,0,원시 수치 보존
poi-src/test-data/spreadsheet/57181.xlsm,Detailed_report!AJ27,xl/worksheets/sheet3.xml:AJ27,0,[=0]?;[<4.16666666666667][hh]:mm:ss;[hh]:mm,1899-12-31,0,0,원시 수치 보존
poi-src/test-data/spreadsheet/57181.xlsm,Detailed_report!AJ28,xl/worksheets/sheet3.xml:AJ28,0,[=0]?;[<4.16666666666667][hh]:mm:ss;[hh]:mm,1899-12-31,0,0,원시 수치 보존
poi-src/test-data/spreadsheet/57181.xlsm,Detailed_report!AJ29,xl/worksheets/sheet3.xml:AJ29,0,[=0]?;[<4.16666666666667][hh]:mm:ss;[hh]:mm,1899-12-31,0,0,원시 수치 보존
poi-src/test-data/spreadsheet/57181.xlsm,Detailed_report!AJ30,xl/worksheets/sheet3.xml:AJ30,0,[=0]?;[<4.16666666666667][hh]:mm:ss;[hh]:mm,1899-12-31,0,0,원시 수치 보존
poi-src/test-data/spreadsheet/57181.xlsm,Detailed_report!AJ31,xl/worksheets/sheet3.xml:AJ31,0,[=0]?;[<4.16666666666667][hh]:mm:ss;[hh]:mm,1899-12-31,0,0,원시 수치 보존
poi-src/test-data/spreadsheet/57181.xlsm,Detailed_report!AJ32,xl/worksheets/sheet3.xml:AJ32,0,[=0]?;[<4.16666666666667][hh]:mm:ss;[hh]:mm,1899-12-31,0,0,원시 수치 보존
poi-src/test-data/spreadsheet/57181.xlsm,Detailed_report!AJ33,xl/worksheets/sheet3.xml:AJ33,0,[=0]?;[<4.16666666666667][hh]:mm:ss;[hh]:mm,1899-12-31,0,0,원시 수치 보존
poi-src/test-data/spreadsheet/57181.xlsm,Detailed_report!AJ34,xl/worksheets/sheet3.xml:AJ34,0,[=0]?;[<4.16666666666667][hh]:mm:ss;[hh]:mm,1899-12-31,0,0,원시 수치 보존
poi-src/test-data/spreadsheet/57181.xlsm,Detailed_report!AJ35,xl/worksheets/sheet3.xml:AJ35,0,[=0]?;[<4.16666666666667][hh]:mm:ss;[hh]:mm,1899-12-31,0,0,원시 수치 보존
poi-src/test-data/spreadsheet/57181.xlsm,Detailed_report!AJ36,xl/worksheets/sheet3.xml:AJ36,0,[=0]?;[<4.16666666666667][hh]:mm:ss;[hh]:mm,1899-12-31,0,0,원시 수치 보존
poi-src/test-data/spreadsheet/57181.xlsm,Detailed_report!AJ37,xl/worksheets/sheet3.xml:AJ37,0,[=0]?;[<4.16666666666667][hh]:mm:ss;[hh]:mm,1899-12-31,0,0,원시 수치 보존
poi-src/test-data/spreadsheet/57181.xlsm,Detailed_report!AJ38,xl/worksheets/sheet3.xml:AJ38,0,[=0]?;[<4.16666666666667][hh]:mm:ss;[hh]:mm,1899-12-31,0,0,원시 수치 보존
poi-src/test-data/spreadsheet/57181.xlsm,Detailed_report!AJ39,xl/worksheets/sheet3.xml:AJ39,0,[=0]?;[<4.16666666666667][hh]:mm:ss;[hh]:mm,1899-12-31,0,0,원시 수치 보존
poi-src/test-data/spreadsheet/57181.xlsm,Detailed_report!AJ42,xl/worksheets/sheet3.xml:AJ42,1.2345679012345679E-4,[=0]?;[<4.16666666666667][hh]:mm:ss;[hh]:mm,1899-12-31,00:00:11,00:00:11,날짜·시간 의미 일치
poi-src/test-data/spreadsheet/57181.xlsm,Detailed_report!AJ43,xl/worksheets/sheet3.xml:AJ43,0,[=0]?;[<4.16666666666667][hh]:mm:ss;[hh]:mm,1899-12-31,0,0,원시 수치 보존
poi-src/test-data/spreadsheet/57181.xlsm,Detailed_report!AJ52,xl/worksheets/sheet3.xml:AJ52,0,[=0]?;[<4.16666666666667][hh]:mm:ss;[hh]:mm,1899-12-31,0,0,원시 수치 보존
poi-src/test-data/spreadsheet/57181.xlsm,Detailed_report!AJ53,xl/worksheets/sheet3.xml:AJ53,0,[=0]?;[<4.16666666666667][hh]:mm:ss;[hh]:mm,1899-12-31,0,0,원시 수치 보존
poi-src/test-data/spreadsheet/57181.xlsm,Detailed_report!AJ54,xl/worksheets/sheet3.xml:AJ54,0,[=0]?;[<4.16666666666667][hh]:mm:ss;[hh]:mm,1899-12-31,0,0,원시 수치 보존
poi-src/test-data/spreadsheet/57181.xlsm,Detailed_report!AJ55,xl/worksheets/sheet3.xml:AJ55,0,[=0]?;[<4.16666666666667][hh]:mm:ss;[hh]:mm,1899-12-31,0,0,원시 수치 보존
poi-src/test-data/spreadsheet/57181.xlsm,Detailed_report!AJ56,xl/worksheets/sheet3.xml:AJ56,0,[=0]?;[<4.16666666666667][hh]:mm:ss;[hh]:mm,1899-12-31,0,0,원시 수치 보존
poi-src/test-data/spreadsheet/57181.xlsm,Detailed_report!AJ57,xl/worksheets/sheet3.xml:AJ57,0,[=0]?;[<4.16666666666667][hh]:mm:ss;[hh]:mm,1899-12-31,0,0,원시 수치 보존
poi-src/test-data/spreadsheet/57181.xlsm,Detailed_report!AJ58,xl/worksheets/sheet3.xml:AJ58,0,[=0]?;[<4.16666666666667][hh]:mm:ss;[hh]:mm,1899-12-31,0,0,원시 수치 보존
poi-src/test-data/spreadsheet/57181.xlsm,Detailed_report!AJ59,xl/worksheets/sheet3.xml:AJ59,0,[=0]?;[<4.16666666666667][hh]:mm:ss;[hh]:mm,1899-12-31,0,0,원시 수치 보존
poi-src/test-data/spreadsheet/57181.xlsm,Detailed_report!AJ60,xl/worksheets/sheet3.xml:AJ60,0,[=0]?;[<4.16666666666667][hh]:mm:ss;[hh]:mm,1899-12-31,0,0,원시 수치 보존
poi-src/test-data/spreadsheet/57181.xlsm,Detailed_report!AJ61,xl/worksheets/sheet3.xml:AJ61,0,[=0]?;[<4.16666666666667][hh]:mm:ss;[hh]:mm,1899-12-31,0,0,원시 수치 보존
poi-src/test-data/spreadsheet/57181.xlsm,Detailed_report!AJ62,xl/worksheets/sheet3.xml:AJ62,0,[=0]?;[<4.16666666666667][hh]:mm:ss;[hh]:mm,1899-12-31,0,0,원시 수치 보존
poi-src/test-data/spreadsheet/57181.xlsm,Detailed_report!AJ63,xl/worksheets/sheet3.xml:AJ63,0,[=0]?;[<4.16666666666667][hh]:mm:ss;[hh]:mm,1899-12-31,0,0,원시 수치 보존
poi-src/test-data/spreadsheet/57181.xlsm,Detailed_report!AJ64,xl/worksheets/sheet3.xml:AJ64,0,[=0]?;[<4.16666666666667][hh]:mm:ss;[hh]:mm,1899-12-31,0,0,원시 수치 보존
poi-src/test-data/spreadsheet/57181.xlsm,Detailed_report!AJ65,xl/worksheets/sheet3.xml:AJ65,0,[=0]?;[<4.16666666666667][hh]:mm:ss;[hh]:mm,1899-12-31,0,0,원시 수치 보존
poi-src/test-data/spreadsheet/57181.xlsm,Detailed_report!AJ66,xl/worksheets/sheet3.xml:AJ66,0,[=0]?;[<4.16666666666667][hh]:mm:ss;[hh]:mm,1899-12-31,0,0,원시 수치 보존
poi-src/test-data/spreadsheet/57181.xlsm,Detailed_report!AJ67,xl/worksheets/sheet3.xml:AJ67,0,[=0]?;[<4.16666666666667][hh]:mm:ss;[hh]:mm,1899-12-31,0,0,원시 수치 보존
poi-src/test-data/spreadsheet/57181.xlsm,Detailed_report!AJ68,xl/worksheets/sheet3.xml:AJ68,0,[=0]?;[<4.16666666666667][hh]:mm:ss;[hh]:mm,1899-12-31,0,0,원시 수치 보존
poi-src/test-data/spreadsheet/57181.xlsm,Detailed_report!AJ69,xl/worksheets/sheet3.xml:AJ69,0,[=0]?;[<4.16666666666667][hh]:mm:ss;[hh]:mm,1899-12-31,0,0,원시 수치 보존
poi-src/test-data/spreadsheet/57181.xlsm,Detailed_report!AJ70,xl/worksheets/sheet3.xml:AJ70,0,[=0]?;[<4.16666666666667][hh]:mm:ss;[hh]:mm,1899-12-31,0,0,원시 수치 보존
poi-src/test-data/spreadsheet/57181.xlsm,Detailed_report!AJ71,xl/worksheets/sheet3.xml:AJ71,0,[=0]?;[<4.16666666666667][hh]:mm:ss;[hh]:mm,1899-12-31,0,0,원시 수치 보존
poi-src/test-data/spreadsheet/57181.xlsm,Detailed_report!AJ72,xl/worksheets/sheet3.xml:AJ72,0,[=0]?;[<4.16666666666667][hh]:mm:ss;[hh]:mm,1899-12-31,0,0,원시 수치 보존
poi-src/test-data/spreadsheet/57181.xlsm,Detailed_report!AJ73,xl/worksheets/sheet3.xml:AJ73,0,[=0]?;[<4.16666666666667][hh]:mm:ss;[hh]:mm,1899-12-31,0,0,원시 수치 보존
poi-src/test-data/spreadsheet/57181.xlsm,Detailed_report!AJ74,xl/worksheets/sheet3.xml:AJ74,0,[=0]?;[<4.16666666666667][hh]:mm:ss;[hh]:mm,1899-12-31,0,0,원시 수치 보존
poi-src/test-data/spreadsheet/57181.xlsm,Detailed_report!AJ75,xl/worksheets/sheet3.xml:AJ75,0,[=0]?;[<4.16666666666667][hh]:mm:ss;[hh]:mm,1899-12-31,0,0,원시 수치 보존
poi-src/test-data/spreadsheet/57181.xlsm,Detailed_report!AJ76,xl/worksheets/sheet3.xml:AJ76,0,[=0]?;[<4.16666666666667][hh]:mm:ss;[hh]:mm,1899-12-31,0,0,원시 수치 보존
poi-src/test-data/spreadsheet/57181.xlsm,Detailed_report!AJ77,xl/worksheets/sheet3.xml:AJ77,0,[=0]?;[<4.16666666666667][hh]:mm:ss;[hh]:mm,1899-12-31,0,0,원시 수치 보존
poi-src/test-data/spreadsheet/57181.xlsm,Detailed_report!AJ78,xl/worksheets/sheet3.xml:AJ78,0,[=0]?;[<4.16666666666667][hh]:mm:ss;[hh]:mm,1899-12-31,0,0,원시 수치 보존
poi-src/test-data/spreadsheet/57181.xlsm,Detailed_report!AJ79,xl/worksheets/sheet3.xml:AJ79,0,[=0]?;[<4.16666666666667][hh]:mm:ss;[hh]:mm,1899-12-31,0,0,원시 수치 보존
poi-src/test-data/spreadsheet/57181.xlsm,Detailed_report!AJ8,xl/worksheets/sheet3.xml:AJ8,0,[=0]?;[<4.16666666666667][hh]:mm:ss;[hh]:mm,1899-12-31,0,0,원시 수치 보존
poi-src/test-data/spreadsheet/57181.xlsm,Detailed_report!AJ80,xl/worksheets/sheet3.xml:AJ80,0,[=0]?;[<4.16666666666667][hh]:mm:ss;[hh]:mm,1899-12-31,0,0,원시 수치 보존
poi-src/test-data/spreadsheet/57181.xlsm,Detailed_report!AJ81,xl/worksheets/sheet3.xml:AJ81,0,[=0]?;[<4.16666666666667][hh]:mm:ss;[hh]:mm,1899-12-31,0,0,원시 수치 보존
poi-src/test-data/spreadsheet/57181.xlsm,Detailed_report!AJ82,xl/worksheets/sheet3.xml:AJ82,0,[=0]?;[<4.16666666666667][hh]:mm:ss;[hh]:mm,1899-12-31,0,0,원시 수치 보존
poi-src/test-data/spreadsheet/57181.xlsm,Detailed_report!AJ83,xl/worksheets/sheet3.xml:AJ83,0,[=0]?;[<4.16666666666667][hh]:mm:ss;[hh]:mm,1899-12-31,0,0,원시 수치 보존
poi-src/test-data/spreadsheet/57181.xlsm,Detailed_report!AJ84,xl/worksheets/sheet3.xml:AJ84,0,[=0]?;[<4.16666666666667][hh]:mm:ss;[hh]:mm,1899-12-31,0,0,원시 수치 보존
poi-src/test-data/spreadsheet/57181.xlsm,Detailed_report!AJ85,xl/worksheets/sheet3.xml:AJ85,0,[=0]?;[<4.16666666666667][hh]:mm:ss;[hh]:mm,1899-12-31,0,0,원시 수치 보존
poi-src/test-data/spreadsheet/57181.xlsm,Detailed_report!AJ86,xl/worksheets/sheet3.xml:AJ86,1.2345679012345679E-4,[=0]?;[<4.16666666666667][hh]:mm:ss;[hh]:mm,1899-12-31,00:00:11,00:00:11,날짜·시간 의미 일치
poi-src/test-data/spreadsheet/57181.xlsm,Detailed_report!AJ87,xl/worksheets/sheet3.xml:AJ87,0,[=0]?;[<4.16666666666667][hh]:mm:ss;[hh]:mm,1899-12-31,0,0,원시 수치 보존
poi-src/test-data/spreadsheet/57181.xlsm,Detailed_report!AJ9,xl/worksheets/sheet3.xml:AJ9,0,[=0]?;[<4.16666666666667][hh]:mm:ss;[hh]:mm,1899-12-31,0,0,원시 수치 보존
poi-src/test-data/spreadsheet/57181.xlsm,Detailed_report!AJ96,xl/worksheets/sheet3.xml:AJ96,0,[=0]?;[<4.16666666666667][hh]:mm:ss;[hh]:mm,1899-12-31,0,0,원시 수치 보존
poi-src/test-data/spreadsheet/57181.xlsm,Detailed_report!AJ97,xl/worksheets/sheet3.xml:AJ97,0,[=0]?;[<4.16666666666667][hh]:mm:ss;[hh]:mm,1899-12-31,0,0,원시 수치 보존
poi-src/test-data/spreadsheet/57181.xlsm,Detailed_report!AJ98,xl/worksheets/sheet3.xml:AJ98,0,[=0]?;[<4.16666666666667][hh]:mm:ss;[hh]:mm,1899-12-31,0,0,원시 수치 보존
poi-src/test-data/spreadsheet/57181.xlsm,Detailed_report!AJ99,xl/worksheets/sheet3.xml:AJ99,0,[=0]?;[<4.16666666666667][hh]:mm:ss;[hh]:mm,1899-12-31,0,0,원시 수치 보존
poi-src/test-data/spreadsheet/57181.xlsm,Detailed_report!AK10,xl/worksheets/sheet3.xml:AK10,0,[=0]?;[<4.16666666666667][hh]:mm:ss;[hh]:mm,1899-12-31,0,0,원시 수치 보존
poi-src/test-data/spreadsheet/57181.xlsm,Detailed_report!AK100,xl/worksheets/sheet3.xml:AK100,0,[=0]?;[<4.16666666666667][hh]:mm:ss;[hh]:mm,1899-12-31,0,0,원시 수치 보존
poi-src/test-data/spreadsheet/57181.xlsm,Detailed_report!AK101,xl/worksheets/sheet3.xml:AK101,0,[=0]?;[<4.16666666666667][hh]:mm:ss;[hh]:mm,1899-12-31,0,0,원시 수치 보존
poi-src/test-data/spreadsheet/57181.xlsm,Detailed_report!AK102,xl/worksheets/sheet3.xml:AK102,0,[=0]?;[<4.16666666666667][hh]:mm:ss;[hh]:mm,1899-12-31,0,0,원시 수치 보존
poi-src/test-data/spreadsheet/57181.xlsm,Detailed_report!AK103,xl/worksheets/sheet3.xml:AK103,0,[=0]?;[<4.16666666666667][hh]:mm:ss;[hh]:mm,1899-12-31,0,0,원시 수치 보존
poi-src/test-data/spreadsheet/57181.xlsm,Detailed_report!AK104,xl/worksheets/sheet3.xml:AK104,0,[=0]?;[<4.16666666666667][hh]:mm:ss;[hh]:mm,1899-12-31,0,0,원시 수치 보존
poi-src/test-data/spreadsheet/57181.xlsm,Detailed_report!AK105,xl/worksheets/sheet3.xml:AK105,0,[=0]?;[<4.16666666666667][hh]:mm:ss;[hh]:mm,1899-12-31,0,0,원시 수치 보존
poi-src/test-data/spreadsheet/57181.xlsm,Detailed_report!AK106,xl/worksheets/sheet3.xml:AK106,0,[=0]?;[<4.16666666666667][hh]:mm:ss;[hh]:mm,1899-12-31,0,0,원시 수치 보존
poi-src/test-data/spreadsheet/57181.xlsm,Detailed_report!AK107,xl/worksheets/sheet3.xml:AK107,0,[=0]?;[<4.16666666666667][hh]:mm:ss;[hh]:mm,1899-12-31,0,0,원시 수치 보존
poi-src/test-data/spreadsheet/57181.xlsm,Detailed_report!AK108,xl/worksheets/sheet3.xml:AK108,0,[=0]?;[<4.16666666666667][hh]:mm:ss;[hh]:mm,1899-12-31,0,0,원시 수치 보존
poi-src/test-data/spreadsheet/57181.xlsm,Detailed_report!AK109,xl/worksheets/sheet3.xml:AK109,0,[=0]?;[<4.16666666666667][hh]:mm:ss;[hh]:mm,1899-12-31,0,0,원시 수치 보존
poi-src/test-data/spreadsheet/57181.xlsm,Detailed_report!AK11,xl/worksheets/sheet3.xml:AK11,1.1574074074074073E-5,[=0]?;[<4.16666666666667][hh]:mm:ss;[hh]:mm,1899-12-31,00:00:01,00:00:01,날짜·시간 의미 일치
poi-src/test-data/spreadsheet/57181.xlsm,Detailed_report!AK110,xl/worksheets/sheet3.xml:AK110,0,[=0]?;[<4.16666666666667][hh]:mm:ss;[hh]:mm,1899-12-31,0,0,원시 수치 보존
poi-src/test-data/spreadsheet/57181.xlsm,Detailed_report!AK111,xl/worksheets/sheet3.xml:AK111,0,[=0]?;[<4.16666666666667][hh]:mm:ss;[hh]:mm,1899-12-31,0,0,원시 수치 보존
poi-src/test-data/spreadsheet/57181.xlsm,Detailed_report!AK112,xl/worksheets/sheet3.xml:AK112,0,[=0]?;[<4.16666666666667][hh]:mm:ss;[hh]:mm,1899-12-31,0,0,원시 수치 보존
poi-src/test-data/spreadsheet/57181.xlsm,Detailed_report!AK113,xl/worksheets/sheet3.xml:AK113,0,[=0]?;[<4.16666666666667][hh]:mm:ss;[hh]:mm,1899-12-31,0,0,원시 수치 보존
poi-src/test-data/spreadsheet/57181.xlsm,Detailed_report!AK114,xl/worksheets/sheet3.xml:AK114,0,[=0]?;[<4.16666666666667][hh]:mm:ss;[hh]:mm,1899-12-31,0,0,원시 수치 보존
poi-src/test-data/spreadsheet/57181.xlsm,Detailed_report!AK115,xl/worksheets/sheet3.xml:AK115,0,[=0]?;[<4.16666666666667][hh]:mm:ss;[hh]:mm,1899-12-31,0,0,원시 수치 보존
poi-src/test-data/spreadsheet/57181.xlsm,Detailed_report!AK116,xl/worksheets/sheet3.xml:AK116,0,[=0]?;[<4.16666666666667][hh]:mm:ss;[hh]:mm,1899-12-31,0,0,원시 수치 보존
poi-src/test-data/spreadsheet/57181.xlsm,Detailed_report!AK117,xl/worksheets/sheet3.xml:AK117,0,[=0]?;[<4.16666666666667][hh]:mm:ss;[hh]:mm,1899-12-31,0,0,원시 수치 보존
poi-src/test-data/spreadsheet/57181.xlsm,Detailed_report!AK118,xl/worksheets/sheet3.xml:AK118,0,[=0]?;[<4.16666666666667][hh]:mm:ss;[hh]:mm,1899-12-31,0,0,원시 수치 보존
poi-src/test-data/spreadsheet/57181.xlsm,Detailed_report!AK119,xl/worksheets/sheet3.xml:AK119,0,[=0]?;[<4.16666666666667][hh]:mm:ss;[hh]:mm,1899-12-31,0,0,원시 수치 보존
poi-src/test-data/spreadsheet/57181.xlsm,Detailed_report!AK12,xl/worksheets/sheet3.xml:AK12,0,[=0]?;[<4.16666666666667][hh]:mm:ss;[hh]:mm,1899-12-31,0,0,원시 수치 보존
poi-src/test-data/spreadsheet/57181.xlsm,Detailed_report!AK120,xl/worksheets/sheet3.xml:AK120,0,[=0]?;[<4.16666666666667][hh]:mm:ss;[hh]:mm,1899-12-31,0,0,원시 수치 보존
poi-src/test-data/spreadsheet/57181.xlsm,Detailed_report!AK121,xl/worksheets/sheet3.xml:AK121,0,[=0]?;[<4.16666666666667][hh]:mm:ss;[hh]:mm,1899-12-31,0,0,원시 수치 보존
poi-src/test-data/spreadsheet/57181.xlsm,Detailed_report!AK122,xl/worksheets/sheet3.xml:AK122,0,[=0]?;[<4.16666666666667][hh]:mm:ss;[hh]:mm,1899-12-31,0,0,원시 수치 보존
poi-src/test-data/spreadsheet/57181.xlsm,Detailed_report!AK123,xl/worksheets/sheet3.xml:AK123,0,[=0]?;[<4.16666666666667][hh]:mm:ss;[hh]:mm,1899-12-31,0,0,원시 수치 보존
poi-src/test-data/spreadsheet/57181.xlsm,Detailed_report!AK124,xl/worksheets/sheet3.xml:AK124,0,[=0]?;[<4.16666666666667][hh]:mm:ss;[hh]:mm,1899-12-31,0,0,원시 수치 보존
poi-src/test-data/spreadsheet/57181.xlsm,Detailed_report!AK125,xl/worksheets/sheet3.xml:AK125,0,[=0]?;[<4.16666666666667][hh]:mm:ss;[hh]:mm,1899-12-31,0,0,원시 수치 보존
poi-src/test-data/spreadsheet/57181.xlsm,Detailed_report!AK126,xl/worksheets/sheet3.xml:AK126,0,[=0]?;[<4.16666666666667][hh]:mm:ss;[hh]:mm,1899-12-31,0,0,원시 수치 보존
poi-src/test-data/spreadsheet/57181.xlsm,Detailed_report!AK127,xl/worksheets/sheet3.xml:AK127,0,[=0]?;[<4.16666666666667][hh]:mm:ss;[hh]:mm,1899-12-31,0,0,원시 수치 보존
poi-src/test-data/spreadsheet/57181.xlsm,Detailed_report!AK128,xl/worksheets/sheet3.xml:AK128,0,[=0]?;[<4.16666666666667][hh]:mm:ss;[hh]:mm,1899-12-31,0,0,원시 수치 보존
poi-src/test-data/spreadsheet/57181.xlsm,Detailed_report!AK129,xl/worksheets/sheet3.xml:AK129,0,[=0]?;[<4.16666666666667][hh]:mm:ss;[hh]:mm,1899-12-31,0,0,원시 수치 보존
poi-src/test-data/spreadsheet/57181.xlsm,Detailed_report!AK13,xl/worksheets/sheet3.xml:AK13,0,[=0]?;[<4.16666666666667][hh]:mm:ss;[hh]:mm,1899-12-31,0,0,원시 수치 보존
poi-src/test-data/spreadsheet/57181.xlsm,Detailed_report!AK130,xl/worksheets/sheet3.xml:AK130,1.1574074074074075E-5,[=0]?;[<4.16666666666667][hh]:mm:ss;[hh]:mm,1899-12-31,00:00:01,00:00:01,날짜·시간 의미 일치
poi-src/test-data/spreadsheet/57181.xlsm,Detailed_report!AK131,xl/worksheets/sheet3.xml:AK131,0,[=0]?;[<4.16666666666667][hh]:mm:ss;[hh]:mm,1899-12-31,0,0,원시 수치 보존
poi-src/test-data/spreadsheet/57181.xlsm,Detailed_report!AK14,xl/worksheets/sheet3.xml:AK14,0,[=0]?;[<4.16666666666667][hh]:mm:ss;[hh]:mm,1899-12-31,0,0,원시 수치 보존
poi-src/test-data/spreadsheet/57181.xlsm,Detailed_report!AK15,xl/worksheets/sheet3.xml:AK15,0,[=0]?;[<4.16666666666667][hh]:mm:ss;[hh]:mm,1899-12-31,0,0,원시 수치 보존
poi-src/test-data/spreadsheet/57181.xlsm,Detailed_report!AK16,xl/worksheets/sheet3.xml:AK16,0,[=0]?;[<4.16666666666667][hh]:mm:ss;[hh]:mm,1899-12-31,0,0,원시 수치 보존
poi-src/test-data/spreadsheet/57181.xlsm,Detailed_report!AK17,xl/worksheets/sheet3.xml:AK17,1.1574074074074075E-5,[=0]?;[<4.16666666666667][hh]:mm:ss;[hh]:mm,1899-12-31,00:00:01,00:00:01,날짜·시간 의미 일치
poi-src/test-data/spreadsheet/57181.xlsm,Detailed_report!AK18,xl/worksheets/sheet3.xml:AK18,0,[=0]?;[<4.16666666666667][hh]:mm:ss;[hh]:mm,1899-12-31,0,0,원시 수치 보존
poi-src/test-data/spreadsheet/57181.xlsm,Detailed_report!AK19,xl/worksheets/sheet3.xml:AK19,0,[=0]?;[<4.16666666666667][hh]:mm:ss;[hh]:mm,1899-12-31,0,0,원시 수치 보존
poi-src/test-data/spreadsheet/57181.xlsm,Detailed_report!AK20,xl/worksheets/sheet3.xml:AK20,0,[=0]?;[<4.16666666666667][hh]:mm:ss;[hh]:mm,1899-12-31,0,0,원시 수치 보존
poi-src/test-data/spreadsheet/57181.xlsm,Detailed_report!AK21,xl/worksheets/sheet3.xml:AK21,0,[=0]?;[<4.16666666666667][hh]:mm:ss;[hh]:mm,1899-12-31,0,0,원시 수치 보존
poi-src/test-data/spreadsheet/57181.xlsm,Detailed_report!AK22,xl/worksheets/sheet3.xml:AK22,0,[=0]?;[<4.16666666666667][hh]:mm:ss;[hh]:mm,1899-12-31,0,0,원시 수치 보존
poi-src/test-data/spreadsheet/57181.xlsm,Detailed_report!AK23,xl/worksheets/sheet3.xml:AK23,0,[=0]?;[<4.16666666666667][hh]:mm:ss;[hh]:mm,1899-12-31,0,0,원시 수치 보존
poi-src/test-data/spreadsheet/57181.xlsm,Detailed_report!AK24,xl/worksheets/sheet3.xml:AK24,0,[=0]?;[<4.16666666666667][hh]:mm:ss;[hh]:mm,1899-12-31,0,0,원시 수치 보존
poi-src/test-data/spreadsheet/57181.xlsm,Detailed_report!AK25,xl/worksheets/sheet3.xml:AK25,0,[=0]?;[<4.16666666666667][hh]:mm:ss;[hh]:mm,1899-12-31,0,0,원시 수치 보존
poi-src/test-data/spreadsheet/57181.xlsm,Detailed_report!AK26,xl/worksheets/sheet3.xml:AK26,0,[=0]?;[<4.16666666666667][hh]:mm:ss;[hh]:mm,1899-12-31,0,0,원시 수치 보존
poi-src/test-data/spreadsheet/57181.xlsm,Detailed_report!AK27,xl/worksheets/sheet3.xml:AK27,0,[=0]?;[<4.16666666666667][hh]:mm:ss;[hh]:mm,1899-12-31,0,0,원시 수치 보존
poi-src/test-data/spreadsheet/57181.xlsm,Detailed_report!AK28,xl/worksheets/sheet3.xml:AK28,0,[=0]?;[<4.16666666666667][hh]:mm:ss;[hh]:mm,1899-12-31,0,0,원시 수치 보존
poi-src/test-data/spreadsheet/57181.xlsm,Detailed_report!AK29,xl/worksheets/sheet3.xml:AK29,0,[=0]?;[<4.16666666666667][hh]:mm:ss;[hh]:mm,1899-12-31,0,0,원시 수치 보존
poi-src/test-data/spreadsheet/57181.xlsm,Detailed_report!AK30,xl/worksheets/sheet3.xml:AK30,0,[=0]?;[<4.16666666666667][hh]:mm:ss;[hh]:mm,1899-12-31,0,0,원시 수치 보존
poi-src/test-data/spreadsheet/57181.xlsm,Detailed_report!AK31,xl/worksheets/sheet3.xml:AK31,0,[=0]?;[<4.16666666666667][hh]:mm:ss;[hh]:mm,1899-12-31,0,0,원시 수치 보존
poi-src/test-data/spreadsheet/57181.xlsm,Detailed_report!AK32,xl/worksheets/sheet3.xml:AK32,0,[=0]?;[<4.16666666666667][hh]:mm:ss;[hh]:mm,1899-12-31,0,0,원시 수치 보존
poi-src/test-data/spreadsheet/57181.xlsm,Detailed_report!AK33,xl/worksheets/sheet3.xml:AK33,0,[=0]?;[<4.16666666666667][hh]:mm:ss;[hh]:mm,1899-12-31,0,0,원시 수치 보존
poi-src/test-data/spreadsheet/57181.xlsm,Detailed_report!AK34,xl/worksheets/sheet3.xml:AK34,0,[=0]?;[<4.16666666666667][hh]:mm:ss;[hh]:mm,1899-12-31,0,0,원시 수치 보존
poi-src/test-data/spreadsheet/57181.xlsm,Detailed_report!AK35,xl/worksheets/sheet3.xml:AK35,0,[=0]?;[<4.16666666666667][hh]:mm:ss;[hh]:mm,1899-12-31,0,0,원시 수치 보존
poi-src/test-data/spreadsheet/57181.xlsm,Detailed_report!AK36,xl/worksheets/sheet3.xml:AK36,0,[=0]?;[<4.16666666666667][hh]:mm:ss;[hh]:mm,1899-12-31,0,0,원시 수치 보존
poi-src/test-data/spreadsheet/57181.xlsm,Detailed_report!AK37,xl/worksheets/sheet3.xml:AK37,0,[=0]?;[<4.16666666666667][hh]:mm:ss;[hh]:mm,1899-12-31,0,0,원시 수치 보존
poi-src/test-data/spreadsheet/57181.xlsm,Detailed_report!AK38,xl/worksheets/sheet3.xml:AK38,0,[=0]?;[<4.16666666666667][hh]:mm:ss;[hh]:mm,1899-12-31,0,0,원시 수치 보존
poi-src/test-data/spreadsheet/57181.xlsm,Detailed_report!AK39,xl/worksheets/sheet3.xml:AK39,0,[=0]?;[<4.16666666666667][hh]:mm:ss;[hh]:mm,1899-12-31,0,0,원시 수치 보존
poi-src/test-data/spreadsheet/57181.xlsm,Detailed_report!AK42,xl/worksheets/sheet3.xml:AK42,1.1574074074074075E-5,[=0]?;[<4.16666666666667][hh]:mm:ss;[hh]:mm,1899-12-31,00:00:01,00:00:01,날짜·시간 의미 일치
poi-src/test-data/spreadsheet/57181.xlsm,Detailed_report!AK43,xl/worksheets/sheet3.xml:AK43,0,[=0]?;[<4.16666666666667][hh]:mm:ss;[hh]:mm,1899-12-31,0,0,원시 수치 보존
poi-src/test-data/spreadsheet/57181.xlsm,Detailed_report!AK52,xl/worksheets/sheet3.xml:AK52,0,[=0]?;[<4.16666666666667][hh]:mm:ss;[hh]:mm,1899-12-31,0,0,원시 수치 보존
poi-src/test-data/spreadsheet/57181.xlsm,Detailed_report!AK53,xl/worksheets/sheet3.xml:AK53,0,[=0]?;[<4.16666666666667][hh]:mm:ss;[hh]:mm,1899-12-31,0,0,원시 수치 보존
poi-src/test-data/spreadsheet/57181.xlsm,Detailed_report!AK54,xl/worksheets/sheet3.xml:AK54,0,[=0]?;[<4.16666666666667][hh]:mm:ss;[hh]:mm,1899-12-31,0,0,원시 수치 보존
poi-src/test-data/spreadsheet/57181.xlsm,Detailed_report!AK55,xl/worksheets/sheet3.xml:AK55,0,[=0]?;[<4.16666666666667][hh]:mm:ss;[hh]:mm,1899-12-31,0,0,원시 수치 보존
poi-src/test-data/spreadsheet/57181.xlsm,Detailed_report!AK56,xl/worksheets/sheet3.xml:AK56,0,[=0]?;[<4.16666666666667][hh]:mm:ss;[hh]:mm,1899-12-31,0,0,원시 수치 보존
poi-src/test-data/spreadsheet/57181.xlsm,Detailed_report!AK57,xl/worksheets/sheet3.xml:AK57,0,[=0]?;[<4.16666666666667][hh]:mm:ss;[hh]:mm,1899-12-31,0,0,원시 수치 보존
poi-src/test-data/spreadsheet/57181.xlsm,Detailed_report!AK58,xl/worksheets/sheet3.xml:AK58,0,[=0]?;[<4.16666666666667][hh]:mm:ss;[hh]:mm,1899-12-31,0,0,원시 수치 보존
poi-src/test-data/spreadsheet/57181.xlsm,Detailed_report!AK59,xl/worksheets/sheet3.xml:AK59,0,[=0]?;[<4.16666666666667][hh]:mm:ss;[hh]:mm,1899-12-31,0,0,원시 수치 보존
poi-src/test-data/spreadsheet/57181.xlsm,Detailed_report!AK60,xl/worksheets/sheet3.xml:AK60,0,[=0]?;[<4.16666666666667][hh]:mm:ss;[hh]:mm,1899-12-31,0,0,원시 수치 보존
poi-src/test-data/spreadsheet/57181.xlsm,Detailed_report!AK61,xl/worksheets/sheet3.xml:AK61,0,[=0]?;[<4.16666666666667][hh]:mm:ss;[hh]:mm,1899-12-31,0,0,원시 수치 보존
poi-src/test-data/spreadsheet/57181.xlsm,Detailed_report!AK62,xl/worksheets/sheet3.xml:AK62,0,[=0]?;[<4.16666666666667][hh]:mm:ss;[hh]:mm,1899-12-31,0,0,원시 수치 보존
poi-src/test-data/spreadsheet/57181.xlsm,Detailed_report!AK63,xl/worksheets/sheet3.xml:AK63,0,[=0]?;[<4.16666666666667][hh]:mm:ss;[hh]:mm,1899-12-31,0,0,원시 수치 보존
poi-src/test-data/spreadsheet/57181.xlsm,Detailed_report!AK64,xl/worksheets/sheet3.xml:AK64,0,[=0]?;[<4.16666666666667][hh]:mm:ss;[hh]:mm,1899-12-31,0,0,원시 수치 보존
poi-src/test-data/spreadsheet/57181.xlsm,Detailed_report!AK65,xl/worksheets/sheet3.xml:AK65,0,[=0]?;[<4.16666666666667][hh]:mm:ss;[hh]:mm,1899-12-31,0,0,원시 수치 보존
poi-src/test-data/spreadsheet/57181.xlsm,Detailed_report!AK66,xl/worksheets/sheet3.xml:AK66,0,[=0]?;[<4.16666666666667][hh]:mm:ss;[hh]:mm,1899-12-31,0,0,원시 수치 보존
poi-src/test-data/spreadsheet/57181.xlsm,Detailed_report!AK67,xl/worksheets/sheet3.xml:AK67,0,[=0]?;[<4.16666666666667][hh]:mm:ss;[hh]:mm,1899-12-31,0,0,원시 수치 보존
poi-src/test-data/spreadsheet/57181.xlsm,Detailed_report!AK68,xl/worksheets/sheet3.xml:AK68,0,[=0]?;[<4.16666666666667][hh]:mm:ss;[hh]:mm,1899-12-31,0,0,원시 수치 보존
poi-src/test-data/spreadsheet/57181.xlsm,Detailed_report!AK69,xl/worksheets/sheet3.xml:AK69,0,[=0]?;[<4.16666666666667][hh]:mm:ss;[hh]:mm,1899-12-31,0,0,원시 수치 보존
poi-src/test-data/spreadsheet/57181.xlsm,Detailed_report!AK70,xl/worksheets/sheet3.xml:AK70,0,[=0]?;[<4.16666666666667][hh]:mm:ss;[hh]:mm,1899-12-31,0,0,원시 수치 보존
poi-src/test-data/spreadsheet/57181.xlsm,Detailed_report!AK71,xl/worksheets/sheet3.xml:AK71,0,[=0]?;[<4.16666666666667][hh]:mm:ss;[hh]:mm,1899-12-31,0,0,원시 수치 보존
poi-src/test-data/spreadsheet/57181.xlsm,Detailed_report!AK72,xl/worksheets/sheet3.xml:AK72,0,[=0]?;[<4.16666666666667][hh]:mm:ss;[hh]:mm,1899-12-31,0,0,원시 수치 보존
poi-src/test-data/spreadsheet/57181.xlsm,Detailed_report!AK73,xl/worksheets/sheet3.xml:AK73,0,[=0]?;[<4.16666666666667][hh]:mm:ss;[hh]:mm,1899-12-31,0,0,원시 수치 보존
poi-src/test-data/spreadsheet/57181.xlsm,Detailed_report!AK74,xl/worksheets/sheet3.xml:AK74,0,[=0]?;[<4.16666666666667][hh]:mm:ss;[hh]:mm,1899-12-31,0,0,원시 수치 보존
poi-src/test-data/spreadsheet/57181.xlsm,Detailed_report!AK75,xl/worksheets/sheet3.xml:AK75,0,[=0]?;[<4.16666666666667][hh]:mm:ss;[hh]:mm,1899-12-31,0,0,원시 수치 보존
poi-src/test-data/spreadsheet/57181.xlsm,Detailed_report!AK76,xl/worksheets/sheet3.xml:AK76,0,[=0]?;[<4.16666666666667][hh]:mm:ss;[hh]:mm,1899-12-31,0,0,원시 수치 보존
poi-src/test-data/spreadsheet/57181.xlsm,Detailed_report!AK77,xl/worksheets/sheet3.xml:AK77,0,[=0]?;[<4.16666666666667][hh]:mm:ss;[hh]:mm,1899-12-31,0,0,원시 수치 보존
poi-src/test-data/spreadsheet/57181.xlsm,Detailed_report!AK78,xl/worksheets/sheet3.xml:AK78,0,[=0]?;[<4.16666666666667][hh]:mm:ss;[hh]:mm,1899-12-31,0,0,원시 수치 보존
poi-src/test-data/spreadsheet/57181.xlsm,Detailed_report!AK79,xl/worksheets/sheet3.xml:AK79,0,[=0]?;[<4.16666666666667][hh]:mm:ss;[hh]:mm,1899-12-31,0,0,원시 수치 보존
poi-src/test-data/spreadsheet/57181.xlsm,Detailed_report!AK8,xl/worksheets/sheet3.xml:AK8,0,[=0]?;[<4.16666666666667][hh]:mm:ss;[hh]:mm,1899-12-31,0,0,원시 수치 보존
poi-src/test-data/spreadsheet/57181.xlsm,Detailed_report!AK80,xl/worksheets/sheet3.xml:AK80,0,[=0]?;[<4.16666666666667][hh]:mm:ss;[hh]:mm,1899-12-31,0,0,원시 수치 보존
poi-src/test-data/spreadsheet/57181.xlsm,Detailed_report!AK81,xl/worksheets/sheet3.xml:AK81,0,[=0]?;[<4.16666666666667][hh]:mm:ss;[hh]:mm,1899-12-31,0,0,원시 수치 보존
poi-src/test-data/spreadsheet/57181.xlsm,Detailed_report!AK82,xl/worksheets/sheet3.xml:AK82,0,[=0]?;[<4.16666666666667][hh]:mm:ss;[hh]:mm,1899-12-31,0,0,원시 수치 보존
poi-src/test-data/spreadsheet/57181.xlsm,Detailed_report!AK83,xl/worksheets/sheet3.xml:AK83,0,[=0]?;[<4.16666666666667][hh]:mm:ss;[hh]:mm,1899-12-31,0,0,원시 수치 보존
poi-src/test-data/spreadsheet/57181.xlsm,Detailed_report!AK84,xl/worksheets/sheet3.xml:AK84,0,[=0]?;[<4.16666666666667][hh]:mm:ss;[hh]:mm,1899-12-31,0,0,원시 수치 보존
poi-src/test-data/spreadsheet/57181.xlsm,Detailed_report!AK85,xl/worksheets/sheet3.xml:AK85,0,[=0]?;[<4.16666666666667][hh]:mm:ss;[hh]:mm,1899-12-31,0,0,원시 수치 보존
poi-src/test-data/spreadsheet/57181.xlsm,Detailed_report!AK86,xl/worksheets/sheet3.xml:AK86,1.1574074074074075E-5,[=0]?;[<4.16666666666667][hh]:mm:ss;[hh]:mm,1899-12-31,00:00:01,00:00:01,날짜·시간 의미 일치
poi-src/test-data/spreadsheet/57181.xlsm,Detailed_report!AK87,xl/worksheets/sheet3.xml:AK87,0,[=0]?;[<4.16666666666667][hh]:mm:ss;[hh]:mm,1899-12-31,0,0,원시 수치 보존
poi-src/test-data/spreadsheet/57181.xlsm,Detailed_report!AK9,xl/worksheets/sheet3.xml:AK9,0,[=0]?;[<4.16666666666667][hh]:mm:ss;[hh]:mm,1899-12-31,0,0,원시 수치 보존
poi-src/test-data/spreadsheet/57181.xlsm,Detailed_report!AK96,xl/worksheets/sheet3.xml:AK96,0,[=0]?;[<4.16666666666667][hh]:mm:ss;[hh]:mm,1899-12-31,0,0,원시 수치 보존
poi-src/test-data/spreadsheet/57181.xlsm,Detailed_report!AK97,xl/worksheets/sheet3.xml:AK97,0,[=0]?;[<4.16666666666667][hh]:mm:ss;[hh]:mm,1899-12-31,0,0,원시 수치 보존
poi-src/test-data/spreadsheet/57181.xlsm,Detailed_report!AK98,xl/worksheets/sheet3.xml:AK98,0,[=0]?;[<4.16666666666667][hh]:mm:ss;[hh]:mm,1899-12-31,0,0,원시 수치 보존
poi-src/test-data/spreadsheet/57181.xlsm,Detailed_report!AK99,xl/worksheets/sheet3.xml:AK99,0,[=0]?;[<4.16666666666667][hh]:mm:ss;[hh]:mm,1899-12-31,0,0,원시 수치 보존
poi-src/test-data/spreadsheet/57181.xlsm,Detailed_report!AL10,xl/worksheets/sheet3.xml:AL10,0,[=0]?;[<4.16666666666667][hh]:mm:ss;[hh]:mm,1899-12-31,0,0,원시 수치 보존
poi-src/test-data/spreadsheet/57181.xlsm,Detailed_report!AL100,xl/worksheets/sheet3.xml:AL100,0,[=0]?;[<4.16666666666667][hh]:mm:ss;[hh]:mm,1899-12-31,0,0,원시 수치 보존
poi-src/test-data/spreadsheet/57181.xlsm,Detailed_report!AL101,xl/worksheets/sheet3.xml:AL101,0,[=0]?;[<4.16666666666667][hh]:mm:ss;[hh]:mm,1899-12-31,0,0,원시 수치 보존
poi-src/test-data/spreadsheet/57181.xlsm,Detailed_report!AL102,xl/worksheets/sheet3.xml:AL102,0,[=0]?;[<4.16666666666667][hh]:mm:ss;[hh]:mm,1899-12-31,0,0,원시 수치 보존
poi-src/test-data/spreadsheet/57181.xlsm,Detailed_report!AL103,xl/worksheets/sheet3.xml:AL103,0,[=0]?;[<4.16666666666667][hh]:mm:ss;[hh]:mm,1899-12-31,0,0,원시 수치 보존
poi-src/test-data/spreadsheet/57181.xlsm,Detailed_report!AL104,xl/worksheets/sheet3.xml:AL104,0,[=0]?;[<4.16666666666667][hh]:mm:ss;[hh]:mm,1899-12-31,0,0,원시 수치 보존
poi-src/test-data/spreadsheet/57181.xlsm,Detailed_report!AL105,xl/worksheets/sheet3.xml:AL105,0,[=0]?;[<4.16666666666667][hh]:mm:ss;[hh]:mm,1899-12-31,0,0,원시 수치 보존
poi-src/test-data/spreadsheet/57181.xlsm,Detailed_report!AL106,xl/worksheets/sheet3.xml:AL106,0,[=0]?;[<4.16666666666667][hh]:mm:ss;[hh]:mm,1899-12-31,0,0,원시 수치 보존
poi-src/test-data/spreadsheet/57181.xlsm,Detailed_report!AL107,xl/worksheets/sheet3.xml:AL107,0,[=0]?;[<4.16666666666667][hh]:mm:ss;[hh]:mm,1899-12-31,0,0,원시 수치 보존
poi-src/test-data/spreadsheet/57181.xlsm,Detailed_report!AL108,xl/worksheets/sheet3.xml:AL108,0,[=0]?;[<4.16666666666667][hh]:mm:ss;[hh]:mm,1899-12-31,0,0,원시 수치 보존
poi-src/test-data/spreadsheet/57181.xlsm,Detailed_report!AL109,xl/worksheets/sheet3.xml:AL109,0,[=0]?;[<4.16666666666667][hh]:mm:ss;[hh]:mm,1899-12-31,0,0,원시 수치 보존
poi-src/test-data/spreadsheet/57181.xlsm,Detailed_report!AL11,xl/worksheets/sheet3.xml:AL11,3.6265432098765439E-4,[=0]?;[<4.16666666666667][hh]:mm:ss;[hh]:mm,1899-12-31,00:00:31,00:00:31,날짜·시간 의미 일치
poi-src/test-data/spreadsheet/57181.xlsm,Detailed_report!AL110,xl/worksheets/sheet3.xml:AL110,0,[=0]?;[<4.16666666666667][hh]:mm:ss;[hh]:mm,1899-12-31,0,0,원시 수치 보존
poi-src/test-data/spreadsheet/57181.xlsm,Detailed_report!AL111,xl/worksheets/sheet3.xml:AL111,0,[=0]?;[<4.16666666666667][hh]:mm:ss;[hh]:mm,1899-12-31,0,0,원시 수치 보존
poi-src/test-data/spreadsheet/57181.xlsm,Detailed_report!AL112,xl/worksheets/sheet3.xml:AL112,0,[=0]?;[<4.16666666666667][hh]:mm:ss;[hh]:mm,1899-12-31,0,0,원시 수치 보존
poi-src/test-data/spreadsheet/57181.xlsm,Detailed_report!AL113,xl/worksheets/sheet3.xml:AL113,0,[=0]?;[<4.16666666666667][hh]:mm:ss;[hh]:mm,1899-12-31,0,0,원시 수치 보존
poi-src/test-data/spreadsheet/57181.xlsm,Detailed_report!AL114,xl/worksheets/sheet3.xml:AL114,0,[=0]?;[<4.16666666666667][hh]:mm:ss;[hh]:mm,1899-12-31,0,0,원시 수치 보존
poi-src/test-data/spreadsheet/57181.xlsm,Detailed_report!AL115,xl/worksheets/sheet3.xml:AL115,0,[=0]?;[<4.16666666666667][hh]:mm:ss;[hh]:mm,1899-12-31,0,0,원시 수치 보존
poi-src/test-data/spreadsheet/57181.xlsm,Detailed_report!AL116,xl/worksheets/sheet3.xml:AL116,0,[=0]?;[<4.16666666666667][hh]:mm:ss;[hh]:mm,1899-12-31,0,0,원시 수치 보존
poi-src/test-data/spreadsheet/57181.xlsm,Detailed_report!AL117,xl/worksheets/sheet3.xml:AL117,0,[=0]?;[<4.16666666666667][hh]:mm:ss;[hh]:mm,1899-12-31,0,0,원시 수치 보존
poi-src/test-data/spreadsheet/57181.xlsm,Detailed_report!AL118,xl/worksheets/sheet3.xml:AL118,0,[=0]?;[<4.16666666666667][hh]:mm:ss;[hh]:mm,1899-12-31,0,0,원시 수치 보존
poi-src/test-data/spreadsheet/57181.xlsm,Detailed_report!AL119,xl/worksheets/sheet3.xml:AL119,0,[=0]?;[<4.16666666666667][hh]:mm:ss;[hh]:mm,1899-12-31,0,0,원시 수치 보존
poi-src/test-data/spreadsheet/57181.xlsm,Detailed_report!AL12,xl/worksheets/sheet3.xml:AL12,0,[=0]?;[<4.16666666666667][hh]:mm:ss;[hh]:mm,1899-12-31,0,0,원시 수치 보존
poi-src/test-data/spreadsheet/57181.xlsm,Detailed_report!AL120,xl/worksheets/sheet3.xml:AL120,0,[=0]?;[<4.16666666666667][hh]:mm:ss;[hh]:mm,1899-12-31,0,0,원시 수치 보존
poi-src/test-data/spreadsheet/57181.xlsm,Detailed_report!AL121,xl/worksheets/sheet3.xml:AL121,0,[=0]?;[<4.16666666666667][hh]:mm:ss;[hh]:mm,1899-12-31,0,0,원시 수치 보존
poi-src/test-data/spreadsheet/57181.xlsm,Detailed_report!AL122,xl/worksheets/sheet3.xml:AL122,0,[=0]?;[<4.16666666666667][hh]:mm:ss;[hh]:mm,1899-12-31,0,0,원시 수치 보존
poi-src/test-data/spreadsheet/57181.xlsm,Detailed_report!AL123,xl/worksheets/sheet3.xml:AL123,0,[=0]?;[<4.16666666666667][hh]:mm:ss;[hh]:mm,1899-12-31,0,0,원시 수치 보존
poi-src/test-data/spreadsheet/57181.xlsm,Detailed_report!AL124,xl/worksheets/sheet3.xml:AL124,0,[=0]?;[<4.16666666666667][hh]:mm:ss;[hh]:mm,1899-12-31,0,0,원시 수치 보존
poi-src/test-data/spreadsheet/57181.xlsm,Detailed_report!AL125,xl/worksheets/sheet3.xml:AL125,0,[=0]?;[<4.16666666666667][hh]:mm:ss;[hh]:mm,1899-12-31,0,0,원시 수치 보존
poi-src/test-data/spreadsheet/57181.xlsm,Detailed_report!AL126,xl/worksheets/sheet3.xml:AL126,0,[=0]?;[<4.16666666666667][hh]:mm:ss;[hh]:mm,1899-12-31,0,0,원시 수치 보존
poi-src/test-data/spreadsheet/57181.xlsm,Detailed_report!AL127,xl/worksheets/sheet3.xml:AL127,0,[=0]?;[<4.16666666666667][hh]:mm:ss;[hh]:mm,1899-12-31,0,0,원시 수치 보존
poi-src/test-data/spreadsheet/57181.xlsm,Detailed_report!AL128,xl/worksheets/sheet3.xml:AL128,0,[=0]?;[<4.16666666666667][hh]:mm:ss;[hh]:mm,1899-12-31,0,0,원시 수치 보존
poi-src/test-data/spreadsheet/57181.xlsm,Detailed_report!AL129,xl/worksheets/sheet3.xml:AL129,0,[=0]?;[<4.16666666666667][hh]:mm:ss;[hh]:mm,1899-12-31,0,0,원시 수치 보존
poi-src/test-data/spreadsheet/57181.xlsm,Detailed_report!AL13,xl/worksheets/sheet3.xml:AL13,0,[=0]?;[<4.16666666666667][hh]:mm:ss;[hh]:mm,1899-12-31,0,0,원시 수치 보존
poi-src/test-data/spreadsheet/57181.xlsm,Detailed_report!AL130,xl/worksheets/sheet3.xml:AL130,3.6265432098765439E-4,[=0]?;[<4.16666666666667][hh]:mm:ss;[hh]:mm,1899-12-31,00:00:31,00:00:31,날짜·시간 의미 일치
poi-src/test-data/spreadsheet/57181.xlsm,Detailed_report!AL131,xl/worksheets/sheet3.xml:AL131,0,[=0]?;[<4.16666666666667][hh]:mm:ss;[hh]:mm,1899-12-31,0,0,원시 수치 보존
poi-src/test-data/spreadsheet/57181.xlsm,Detailed_report!AL14,xl/worksheets/sheet3.xml:AL14,0,[=0]?;[<4.16666666666667][hh]:mm:ss;[hh]:mm,1899-12-31,0,0,원시 수치 보존
poi-src/test-data/spreadsheet/57181.xlsm,Detailed_report!AL15,xl/worksheets/sheet3.xml:AL15,0,[=0]?;[<4.16666666666667][hh]:mm:ss;[hh]:mm,1899-12-31,0,0,원시 수치 보존
poi-src/test-data/spreadsheet/57181.xlsm,Detailed_report!AL16,xl/worksheets/sheet3.xml:AL16,0,[=0]?;[<4.16666666666667][hh]:mm:ss;[hh]:mm,1899-12-31,0,0,원시 수치 보존
poi-src/test-data/spreadsheet/57181.xlsm,Detailed_report!AL17,xl/worksheets/sheet3.xml:AL17,2.314814814814815E-5,[=0]?;[<4.16666666666667][hh]:mm:ss;[hh]:mm,1899-12-31,00:00:02,00:00:02,날짜·시간 의미 일치
poi-src/test-data/spreadsheet/57181.xlsm,Detailed_report!AL18,xl/worksheets/sheet3.xml:AL18,0,[=0]?;[<4.16666666666667][hh]:mm:ss;[hh]:mm,1899-12-31,0,0,원시 수치 보존
poi-src/test-data/spreadsheet/57181.xlsm,Detailed_report!AL19,xl/worksheets/sheet3.xml:AL19,0,[=0]?;[<4.16666666666667][hh]:mm:ss;[hh]:mm,1899-12-31,0,0,원시 수치 보존
poi-src/test-data/spreadsheet/57181.xlsm,Detailed_report!AL20,xl/worksheets/sheet3.xml:AL20,0,[=0]?;[<4.16666666666667][hh]:mm:ss;[hh]:mm,1899-12-31,0,0,원시 수치 보존
poi-src/test-data/spreadsheet/57181.xlsm,Detailed_report!AL21,xl/worksheets/sheet3.xml:AL21,0,[=0]?;[<4.16666666666667][hh]:mm:ss;[hh]:mm,1899-12-31,0,0,원시 수치 보존
poi-src/test-data/spreadsheet/57181.xlsm,Detailed_report!AL22,xl/worksheets/sheet3.xml:AL22,0,[=0]?;[<4.16666666666667][hh]:mm:ss;[hh]:mm,1899-12-31,0,0,원시 수치 보존
poi-src/test-data/spreadsheet/57181.xlsm,Detailed_report!AL23,xl/worksheets/sheet3.xml:AL23,0,[=0]?;[<4.16666666666667][hh]:mm:ss;[hh]:mm,1899-12-31,0,0,원시 수치 보존
poi-src/test-data/spreadsheet/57181.xlsm,Detailed_report!AL24,xl/worksheets/sheet3.xml:AL24,0,[=0]?;[<4.16666666666667][hh]:mm:ss;[hh]:mm,1899-12-31,0,0,원시 수치 보존
poi-src/test-data/spreadsheet/57181.xlsm,Detailed_report!AL25,xl/worksheets/sheet3.xml:AL25,0,[=0]?;[<4.16666666666667][hh]:mm:ss;[hh]:mm,1899-12-31,0,0,원시 수치 보존
poi-src/test-data/spreadsheet/57181.xlsm,Detailed_report!AL26,xl/worksheets/sheet3.xml:AL26,0,[=0]?;[<4.16666666666667][hh]:mm:ss;[hh]:mm,1899-12-31,0,0,원시 수치 보존
poi-src/test-data/spreadsheet/57181.xlsm,Detailed_report!AL27,xl/worksheets/sheet3.xml:AL27,0,[=0]?;[<4.16666666666667][hh]:mm:ss;[hh]:mm,1899-12-31,0,0,원시 수치 보존
poi-src/test-data/spreadsheet/57181.xlsm,Detailed_report!AL28,xl/worksheets/sheet3.xml:AL28,0,[=0]?;[<4.16666666666667][hh]:mm:ss;[hh]:mm,1899-12-31,0,0,원시 수치 보존
poi-src/test-data/spreadsheet/57181.xlsm,Detailed_report!AL29,xl/worksheets/sheet3.xml:AL29,0,[=0]?;[<4.16666666666667][hh]:mm:ss;[hh]:mm,1899-12-31,0,0,원시 수치 보존
poi-src/test-data/spreadsheet/57181.xlsm,Detailed_report!AL30,xl/worksheets/sheet3.xml:AL30,0,[=0]?;[<4.16666666666667][hh]:mm:ss;[hh]:mm,1899-12-31,0,0,원시 수치 보존
poi-src/test-data/spreadsheet/57181.xlsm,Detailed_report!AL31,xl/worksheets/sheet3.xml:AL31,0,[=0]?;[<4.16666666666667][hh]:mm:ss;[hh]:mm,1899-12-31,0,0,원시 수치 보존
poi-src/test-data/spreadsheet/57181.xlsm,Detailed_report!AL32,xl/worksheets/sheet3.xml:AL32,0,[=0]?;[<4.16666666666667][hh]:mm:ss;[hh]:mm,1899-12-31,0,0,원시 수치 보존
poi-src/test-data/spreadsheet/57181.xlsm,Detailed_report!AL33,xl/worksheets/sheet3.xml:AL33,0,[=0]?;[<4.16666666666667][hh]:mm:ss;[hh]:mm,1899-12-31,0,0,원시 수치 보존
poi-src/test-data/spreadsheet/57181.xlsm,Detailed_report!AL34,xl/worksheets/sheet3.xml:AL34,0,[=0]?;[<4.16666666666667][hh]:mm:ss;[hh]:mm,1899-12-31,0,0,원시 수치 보존
poi-src/test-data/spreadsheet/57181.xlsm,Detailed_report!AL35,xl/worksheets/sheet3.xml:AL35,0,[=0]?;[<4.16666666666667][hh]:mm:ss;[hh]:mm,1899-12-31,0,0,원시 수치 보존
poi-src/test-data/spreadsheet/57181.xlsm,Detailed_report!AL36,xl/worksheets/sheet3.xml:AL36,0,[=0]?;[<4.16666666666667][hh]:mm:ss;[hh]:mm,1899-12-31,0,0,원시 수치 보존
poi-src/test-data/spreadsheet/57181.xlsm,Detailed_report!AL37,xl/worksheets/sheet3.xml:AL37,0,[=0]?;[<4.16666666666667][hh]:mm:ss;[hh]:mm,1899-12-31,0,0,원시 수치 보존
poi-src/test-data/spreadsheet/57181.xlsm,Detailed_report!AL38,xl/worksheets/sheet3.xml:AL38,0,[=0]?;[<4.16666666666667][hh]:mm:ss;[hh]:mm,1899-12-31,0,0,원시 수치 보존
poi-src/test-data/spreadsheet/57181.xlsm,Detailed_report!AL39,xl/worksheets/sheet3.xml:AL39,0,[=0]?;[<4.16666666666667][hh]:mm:ss;[hh]:mm,1899-12-31,0,0,원시 수치 보존
poi-src/test-data/spreadsheet/57181.xlsm,Detailed_report!AL42,xl/worksheets/sheet3.xml:AL42,3.6265432098765439E-4,[=0]?;[<4.16666666666667][hh]:mm:ss;[hh]:mm,1899-12-31,00:00:31,00:00:31,날짜·시간 의미 일치
poi-src/test-data/spreadsheet/57181.xlsm,Detailed_report!AL43,xl/worksheets/sheet3.xml:AL43,0,[=0]?;[<4.16666666666667][hh]:mm:ss;[hh]:mm,1899-12-31,0,0,원시 수치 보존
poi-src/test-data/spreadsheet/57181.xlsm,Detailed_report!AL52,xl/worksheets/sheet3.xml:AL52,0,[=0]?;[<4.16666666666667][hh]:mm:ss;[hh]:mm,1899-12-31,0,0,원시 수치 보존
poi-src/test-data/spreadsheet/57181.xlsm,Detailed_report!AL53,xl/worksheets/sheet3.xml:AL53,0,[=0]?;[<4.16666666666667][hh]:mm:ss;[hh]:mm,1899-12-31,0,0,원시 수치 보존
poi-src/test-data/spreadsheet/57181.xlsm,Detailed_report!AL54,xl/worksheets/sheet3.xml:AL54,0,[=0]?;[<4.16666666666667][hh]:mm:ss;[hh]:mm,1899-12-31,0,0,원시 수치 보존
poi-src/test-data/spreadsheet/57181.xlsm,Detailed_report!AL55,xl/worksheets/sheet3.xml:AL55,0,[=0]?;[<4.16666666666667][hh]:mm:ss;[hh]:mm,1899-12-31,0,0,원시 수치 보존
poi-src/test-data/spreadsheet/57181.xlsm,Detailed_report!AL56,xl/worksheets/sheet3.xml:AL56,0,[=0]?;[<4.16666666666667][hh]:mm:ss;[hh]:mm,1899-12-31,0,0,원시 수치 보존
poi-src/test-data/spreadsheet/57181.xlsm,Detailed_report!AL57,xl/worksheets/sheet3.xml:AL57,0,[=0]?;[<4.16666666666667][hh]:mm:ss;[hh]:mm,1899-12-31,0,0,원시 수치 보존
poi-src/test-data/spreadsheet/57181.xlsm,Detailed_report!AL58,xl/worksheets/sheet3.xml:AL58,0,[=0]?;[<4.16666666666667][hh]:mm:ss;[hh]:mm,1899-12-31,0,0,원시 수치 보존
poi-src/test-data/spreadsheet/57181.xlsm,Detailed_report!AL59,xl/worksheets/sheet3.xml:AL59,0,[=0]?;[<4.16666666666667][hh]:mm:ss;[hh]:mm,1899-12-31,0,0,원시 수치 보존
poi-src/test-data/spreadsheet/57181.xlsm,Detailed_report!AL60,xl/worksheets/sheet3.xml:AL60,0,[=0]?;[<4.16666666666667][hh]:mm:ss;[hh]:mm,1899-12-31,0,0,원시 수치 보존
poi-src/test-data/spreadsheet/57181.xlsm,Detailed_report!AL61,xl/worksheets/sheet3.xml:AL61,0,[=0]?;[<4.16666666666667][hh]:mm:ss;[hh]:mm,1899-12-31,0,0,원시 수치 보존
poi-src/test-data/spreadsheet/57181.xlsm,Detailed_report!AL62,xl/worksheets/sheet3.xml:AL62,0,[=0]?;[<4.16666666666667][hh]:mm:ss;[hh]:mm,1899-12-31,0,0,원시 수치 보존
poi-src/test-data/spreadsheet/57181.xlsm,Detailed_report!AL63,xl/worksheets/sheet3.xml:AL63,0,[=0]?;[<4.16666666666667][hh]:mm:ss;[hh]:mm,1899-12-31,0,0,원시 수치 보존
poi-src/test-data/spreadsheet/57181.xlsm,Detailed_report!AL64,xl/worksheets/sheet3.xml:AL64,0,[=0]?;[<4.16666666666667][hh]:mm:ss;[hh]:mm,1899-12-31,0,0,원시 수치 보존
poi-src/test-data/spreadsheet/57181.xlsm,Detailed_report!AL65,xl/worksheets/sheet3.xml:AL65,0,[=0]?;[<4.16666666666667][hh]:mm:ss;[hh]:mm,1899-12-31,0,0,원시 수치 보존
poi-src/test-data/spreadsheet/57181.xlsm,Detailed_report!AL66,xl/worksheets/sheet3.xml:AL66,0,[=0]?;[<4.16666666666667][hh]:mm:ss;[hh]:mm,1899-12-31,0,0,원시 수치 보존
poi-src/test-data/spreadsheet/57181.xlsm,Detailed_report!AL67,xl/worksheets/sheet3.xml:AL67,0,[=0]?;[<4.16666666666667][hh]:mm:ss;[hh]:mm,1899-12-31,0,0,원시 수치 보존
poi-src/test-data/spreadsheet/57181.xlsm,Detailed_report!AL68,xl/worksheets/sheet3.xml:AL68,0,[=0]?;[<4.16666666666667][hh]:mm:ss;[hh]:mm,1899-12-31,0,0,원시 수치 보존
poi-src/test-data/spreadsheet/57181.xlsm,Detailed_report!AL69,xl/worksheets/sheet3.xml:AL69,0,[=0]?;[<4.16666666666667][hh]:mm:ss;[hh]:mm,1899-12-31,0,0,원시 수치 보존
poi-src/test-data/spreadsheet/57181.xlsm,Detailed_report!AL70,xl/worksheets/sheet3.xml:AL70,0,[=0]?;[<4.16666666666667][hh]:mm:ss;[hh]:mm,1899-12-31,0,0,원시 수치 보존
poi-src/test-data/spreadsheet/57181.xlsm,Detailed_report!AL71,xl/worksheets/sheet3.xml:AL71,0,[=0]?;[<4.16666666666667][hh]:mm:ss;[hh]:mm,1899-12-31,0,0,원시 수치 보존
poi-src/test-data/spreadsheet/57181.xlsm,Detailed_report!AL72,xl/worksheets/sheet3.xml:AL72,0,[=0]?;[<4.16666666666667][hh]:mm:ss;[hh]:mm,1899-12-31,0,0,원시 수치 보존
poi-src/test-data/spreadsheet/57181.xlsm,Detailed_report!AL73,xl/worksheets/sheet3.xml:AL73,0,[=0]?;[<4.16666666666667][hh]:mm:ss;[hh]:mm,1899-12-31,0,0,원시 수치 보존
poi-src/test-data/spreadsheet/57181.xlsm,Detailed_report!AL74,xl/worksheets/sheet3.xml:AL74,0,[=0]?;[<4.16666666666667][hh]:mm:ss;[hh]:mm,1899-12-31,0,0,원시 수치 보존
poi-src/test-data/spreadsheet/57181.xlsm,Detailed_report!AL75,xl/worksheets/sheet3.xml:AL75,0,[=0]?;[<4.16666666666667][hh]:mm:ss;[hh]:mm,1899-12-31,0,0,원시 수치 보존
poi-src/test-data/spreadsheet/57181.xlsm,Detailed_report!AL76,xl/worksheets/sheet3.xml:AL76,0,[=0]?;[<4.16666666666667][hh]:mm:ss;[hh]:mm,1899-12-31,0,0,원시 수치 보존
poi-src/test-data/spreadsheet/57181.xlsm,Detailed_report!AL77,xl/worksheets/sheet3.xml:AL77,0,[=0]?;[<4.16666666666667][hh]:mm:ss;[hh]:mm,1899-12-31,0,0,원시 수치 보존
poi-src/test-data/spreadsheet/57181.xlsm,Detailed_report!AL78,xl/worksheets/sheet3.xml:AL78,0,[=0]?;[<4.16666666666667][hh]:mm:ss;[hh]:mm,1899-12-31,0,0,원시 수치 보존
poi-src/test-data/spreadsheet/57181.xlsm,Detailed_report!AL79,xl/worksheets/sheet3.xml:AL79,0,[=0]?;[<4.16666666666667][hh]:mm:ss;[hh]:mm,1899-12-31,0,0,원시 수치 보존
poi-src/test-data/spreadsheet/57181.xlsm,Detailed_report!AL8,xl/worksheets/sheet3.xml:AL8,0,[=0]?;[<4.16666666666667][hh]:mm:ss;[hh]:mm,1899-12-31,0,0,원시 수치 보존
poi-src/test-data/spreadsheet/57181.xlsm,Detailed_report!AL80,xl/worksheets/sheet3.xml:AL80,0,[=0]?;[<4.16666666666667][hh]:mm:ss;[hh]:mm,1899-12-31,0,0,원시 수치 보존
poi-src/test-data/spreadsheet/57181.xlsm,Detailed_report!AL81,xl/worksheets/sheet3.xml:AL81,0,[=0]?;[<4.16666666666667][hh]:mm:ss;[hh]:mm,1899-12-31,0,0,원시 수치 보존
poi-src/test-data/spreadsheet/57181.xlsm,Detailed_report!AL82,xl/worksheets/sheet3.xml:AL82,0,[=0]?;[<4.16666666666667][hh]:mm:ss;[hh]:mm,1899-12-31,0,0,원시 수치 보존
poi-src/test-data/spreadsheet/57181.xlsm,Detailed_report!AL83,xl/worksheets/sheet3.xml:AL83,0,[=0]?;[<4.16666666666667][hh]:mm:ss;[hh]:mm,1899-12-31,0,0,원시 수치 보존
poi-src/test-data/spreadsheet/57181.xlsm,Detailed_report!AL84,xl/worksheets/sheet3.xml:AL84,0,[=0]?;[<4.16666666666667][hh]:mm:ss;[hh]:mm,1899-12-31,0,0,원시 수치 보존
poi-src/test-data/spreadsheet/57181.xlsm,Detailed_report!AL85,xl/worksheets/sheet3.xml:AL85,0,[=0]?;[<4.16666666666667][hh]:mm:ss;[hh]:mm,1899-12-31,0,0,원시 수치 보존
poi-src/test-data/spreadsheet/57181.xlsm,Detailed_report!AL86,xl/worksheets/sheet3.xml:AL86,3.6265432098765439E-4,[=0]?;[<4.16666666666667][hh]:mm:ss;[hh]:mm,1899-12-31,00:00:31,00:00:31,날짜·시간 의미 일치
poi-src/test-data/spreadsheet/57181.xlsm,Detailed_report!AL87,xl/worksheets/sheet3.xml:AL87,0,[=0]?;[<4.16666666666667][hh]:mm:ss;[hh]:mm,1899-12-31,0,0,원시 수치 보존
poi-src/test-data/spreadsheet/57181.xlsm,Detailed_report!AL9,xl/worksheets/sheet3.xml:AL9,0,[=0]?;[<4.16666666666667][hh]:mm:ss;[hh]:mm,1899-12-31,0,0,원시 수치 보존
poi-src/test-data/spreadsheet/57181.xlsm,Detailed_report!AL96,xl/worksheets/sheet3.xml:AL96,0,[=0]?;[<4.16666666666667][hh]:mm:ss;[hh]:mm,1899-12-31,0,0,원시 수치 보존
poi-src/test-data/spreadsheet/57181.xlsm,Detailed_report!AL97,xl/worksheets/sheet3.xml:AL97,0,[=0]?;[<4.16666666666667][hh]:mm:ss;[hh]:mm,1899-12-31,0,0,원시 수치 보존
poi-src/test-data/spreadsheet/57181.xlsm,Detailed_report!AL98,xl/worksheets/sheet3.xml:AL98,0,[=0]?;[<4.16666666666667][hh]:mm:ss;[hh]:mm,1899-12-31,0,0,원시 수치 보존
poi-src/test-data/spreadsheet/57181.xlsm,Detailed_report!AL99,xl/worksheets/sheet3.xml:AL99,0,[=0]?;[<4.16666666666667][hh]:mm:ss;[hh]:mm,1899-12-31,0,0,원시 수치 보존
poi-src/test-data/spreadsheet/57181.xlsm,Detailed_report!AM10,xl/worksheets/sheet3.xml:AM10,0,[=0]?;[<4.16666666666667][hh]:mm:ss;[hh]:mm,1899-12-31,0,0,원시 수치 보존
poi-src/test-data/spreadsheet/57181.xlsm,Detailed_report!AM100,xl/worksheets/sheet3.xml:AM100,0,[=0]?;[<4.16666666666667][hh]:mm:ss;[hh]:mm,1899-12-31,0,0,원시 수치 보존
poi-src/test-data/spreadsheet/57181.xlsm,Detailed_report!AM101,xl/worksheets/sheet3.xml:AM101,0,[=0]?;[<4.16666666666667][hh]:mm:ss;[hh]:mm,1899-12-31,0,0,원시 수치 보존
poi-src/test-data/spreadsheet/57181.xlsm,Detailed_report!AM102,xl/worksheets/sheet3.xml:AM102,0,[=0]?;[<4.16666666666667][hh]:mm:ss;[hh]:mm,1899-12-31,0,0,원시 수치 보존
poi-src/test-data/spreadsheet/57181.xlsm,Detailed_report!AM103,xl/worksheets/sheet3.xml:AM103,0,[=0]?;[<4.16666666666667][hh]:mm:ss;[hh]:mm,1899-12-31,0,0,원시 수치 보존
poi-src/test-data/spreadsheet/57181.xlsm,Detailed_report!AM104,xl/worksheets/sheet3.xml:AM104,0,[=0]?;[<4.16666666666667][hh]:mm:ss;[hh]:mm,1899-12-31,0,0,원시 수치 보존
poi-src/test-data/spreadsheet/57181.xlsm,Detailed_report!AM105,xl/worksheets/sheet3.xml:AM105,0,[=0]?;[<4.16666666666667][hh]:mm:ss;[hh]:mm,1899-12-31,0,0,원시 수치 보존
poi-src/test-data/spreadsheet/57181.xlsm,Detailed_report!AM106,xl/worksheets/sheet3.xml:AM106,0,[=0]?;[<4.16666666666667][hh]:mm:ss;[hh]:mm,1899-12-31,0,0,원시 수치 보존
poi-src/test-data/spreadsheet/57181.xlsm,Detailed_report!AM107,xl/worksheets/sheet3.xml:AM107,0,[=0]?;[<4.16666666666667][hh]:mm:ss;[hh]:mm,1899-12-31,0,0,원시 수치 보존
poi-src/test-data/spreadsheet/57181.xlsm,Detailed_report!AM108,xl/worksheets/sheet3.xml:AM108,0,[=0]?;[<4.16666666666667][hh]:mm:ss;[hh]:mm,1899-12-31,0,0,원시 수치 보존
poi-src/test-data/spreadsheet/57181.xlsm,Detailed_report!AM109,xl/worksheets/sheet3.xml:AM109,0,[=0]?;[<4.16666666666667][hh]:mm:ss;[hh]:mm,1899-12-31,0,0,원시 수치 보존
poi-src/test-data/spreadsheet/57181.xlsm,Detailed_report!AM11,xl/worksheets/sheet3.xml:AM11,7.7160493827160492E-5,[=0]?;[<4.16666666666667][hh]:mm:ss;[hh]:mm,1899-12-31,00:00:07,00:00:07,날짜·시간 의미 일치
poi-src/test-data/spreadsheet/57181.xlsm,Detailed_report!AM110,xl/worksheets/sheet3.xml:AM110,0,[=0]?;[<4.16666666666667][hh]:mm:ss;[hh]:mm,1899-12-31,0,0,원시 수치 보존
poi-src/test-data/spreadsheet/57181.xlsm,Detailed_report!AM111,xl/worksheets/sheet3.xml:AM111,0,[=0]?;[<4.16666666666667][hh]:mm:ss;[hh]:mm,1899-12-31,0,0,원시 수치 보존
poi-src/test-data/spreadsheet/57181.xlsm,Detailed_report!AM112,xl/worksheets/sheet3.xml:AM112,0,[=0]?;[<4.16666666666667][hh]:mm:ss;[hh]:mm,1899-12-31,0,0,원시 수치 보존
poi-src/test-data/spreadsheet/57181.xlsm,Detailed_report!AM113,xl/worksheets/sheet3.xml:AM113,0,[=0]?;[<4.16666666666667][hh]:mm:ss;[hh]:mm,1899-12-31,0,0,원시 수치 보존
poi-src/test-data/spreadsheet/57181.xlsm,Detailed_report!AM114,xl/worksheets/sheet3.xml:AM114,0,[=0]?;[<4.16666666666667][hh]:mm:ss;[hh]:mm,1899-12-31,0,0,원시 수치 보존
poi-src/test-data/spreadsheet/57181.xlsm,Detailed_report!AM115,xl/worksheets/sheet3.xml:AM115,0,[=0]?;[<4.16666666666667][hh]:mm:ss;[hh]:mm,1899-12-31,0,0,원시 수치 보존
poi-src/test-data/spreadsheet/57181.xlsm,Detailed_report!AM116,xl/worksheets/sheet3.xml:AM116,0,[=0]?;[<4.16666666666667][hh]:mm:ss;[hh]:mm,1899-12-31,0,0,원시 수치 보존
poi-src/test-data/spreadsheet/57181.xlsm,Detailed_report!AM117,xl/worksheets/sheet3.xml:AM117,0,[=0]?;[<4.16666666666667][hh]:mm:ss;[hh]:mm,1899-12-31,0,0,원시 수치 보존
poi-src/test-data/spreadsheet/57181.xlsm,Detailed_report!AM118,xl/worksheets/sheet3.xml:AM118,0,[=0]?;[<4.16666666666667][hh]:mm:ss;[hh]:mm,1899-12-31,0,0,원시 수치 보존
poi-src/test-data/spreadsheet/57181.xlsm,Detailed_report!AM119,xl/worksheets/sheet3.xml:AM119,0,[=0]?;[<4.16666666666667][hh]:mm:ss;[hh]:mm,1899-12-31,0,0,원시 수치 보존
poi-src/test-data/spreadsheet/57181.xlsm,Detailed_report!AM12,xl/worksheets/sheet3.xml:AM12,0,[=0]?;[<4.16666666666667][hh]:mm:ss;[hh]:mm,1899-12-31,0,0,원시 수치 보존
poi-src/test-data/spreadsheet/57181.xlsm,Detailed_report!AM120,xl/worksheets/sheet3.xml:AM120,0,[=0]?;[<4.16666666666667][hh]:mm:ss;[hh]:mm,1899-12-31,0,0,원시 수치 보존
poi-src/test-data/spreadsheet/57181.xlsm,Detailed_report!AM121,xl/worksheets/sheet3.xml:AM121,0,[=0]?;[<4.16666666666667][hh]:mm:ss;[hh]:mm,1899-12-31,0,0,원시 수치 보존
poi-src/test-data/spreadsheet/57181.xlsm,Detailed_report!AM122,xl/worksheets/sheet3.xml:AM122,0,[=0]?;[<4.16666666666667][hh]:mm:ss;[hh]:mm,1899-12-31,0,0,원시 수치 보존
poi-src/test-data/spreadsheet/57181.xlsm,Detailed_report!AM123,xl/worksheets/sheet3.xml:AM123,0,[=0]?;[<4.16666666666667][hh]:mm:ss;[hh]:mm,1899-12-31,0,0,원시 수치 보존
poi-src/test-data/spreadsheet/57181.xlsm,Detailed_report!AM124,xl/worksheets/sheet3.xml:AM124,0,[=0]?;[<4.16666666666667][hh]:mm:ss;[hh]:mm,1899-12-31,0,0,원시 수치 보존
poi-src/test-data/spreadsheet/57181.xlsm,Detailed_report!AM125,xl/worksheets/sheet3.xml:AM125,0,[=0]?;[<4.16666666666667][hh]:mm:ss;[hh]:mm,1899-12-31,0,0,원시 수치 보존
poi-src/test-data/spreadsheet/57181.xlsm,Detailed_report!AM126,xl/worksheets/sheet3.xml:AM126,0,[=0]?;[<4.16666666666667][hh]:mm:ss;[hh]:mm,1899-12-31,0,0,원시 수치 보존
poi-src/test-data/spreadsheet/57181.xlsm,Detailed_report!AM127,xl/worksheets/sheet3.xml:AM127,0,[=0]?;[<4.16666666666667][hh]:mm:ss;[hh]:mm,1899-12-31,0,0,원시 수치 보존
poi-src/test-data/spreadsheet/57181.xlsm,Detailed_report!AM128,xl/worksheets/sheet3.xml:AM128,0,[=0]?;[<4.16666666666667][hh]:mm:ss;[hh]:mm,1899-12-31,0,0,원시 수치 보존
poi-src/test-data/spreadsheet/57181.xlsm,Detailed_report!AM129,xl/worksheets/sheet3.xml:AM129,0,[=0]?;[<4.16666666666667][hh]:mm:ss;[hh]:mm,1899-12-31,0,0,원시 수치 보존
poi-src/test-data/spreadsheet/57181.xlsm,Detailed_report!AM13,xl/worksheets/sheet3.xml:AM13,0,[=0]?;[<4.16666666666667][hh]:mm:ss;[hh]:mm,1899-12-31,0,0,원시 수치 보존
poi-src/test-data/spreadsheet/57181.xlsm,Detailed_report!AM130,xl/worksheets/sheet3.xml:AM130,1.3888888888888889E-4,[=0]?;[<4.16666666666667][hh]:mm:ss;[hh]:mm,1899-12-31,00:00:12,00:00:12,날짜·시간 의미 일치
poi-src/test-data/spreadsheet/57181.xlsm,Detailed_report!AM131,xl/worksheets/sheet3.xml:AM131,0,[=0]?;[<4.16666666666667][hh]:mm:ss;[hh]:mm,1899-12-31,0,0,원시 수치 보존
poi-src/test-data/spreadsheet/57181.xlsm,Detailed_report!AM14,xl/worksheets/sheet3.xml:AM14,0,[=0]?;[<4.16666666666667][hh]:mm:ss;[hh]:mm,1899-12-31,0,0,원시 수치 보존
poi-src/test-data/spreadsheet/57181.xlsm,Detailed_report!AM15,xl/worksheets/sheet3.xml:AM15,0,[=0]?;[<4.16666666666667][hh]:mm:ss;[hh]:mm,1899-12-31,0,0,원시 수치 보존
poi-src/test-data/spreadsheet/57181.xlsm,Detailed_report!AM16,xl/worksheets/sheet3.xml:AM16,0,[=0]?;[<4.16666666666667][hh]:mm:ss;[hh]:mm,1899-12-31,0,0,원시 수치 보존
poi-src/test-data/spreadsheet/57181.xlsm,Detailed_report!AM17,xl/worksheets/sheet3.xml:AM17,1.3888888888888889E-4,[=0]?;[<4.16666666666667][hh]:mm:ss;[hh]:mm,1899-12-31,00:00:12,00:00:12,날짜·시간 의미 일치
poi-src/test-data/spreadsheet/57181.xlsm,Detailed_report!AM18,xl/worksheets/sheet3.xml:AM18,0,[=0]?;[<4.16666666666667][hh]:mm:ss;[hh]:mm,1899-12-31,0,0,원시 수치 보존
poi-src/test-data/spreadsheet/57181.xlsm,Detailed_report!AM19,xl/worksheets/sheet3.xml:AM19,0,[=0]?;[<4.16666666666667][hh]:mm:ss;[hh]:mm,1899-12-31,0,0,원시 수치 보존
poi-src/test-data/spreadsheet/57181.xlsm,Detailed_report!AM20,xl/worksheets/sheet3.xml:AM20,0,[=0]?;[<4.16666666666667][hh]:mm:ss;[hh]:mm,1899-12-31,0,0,원시 수치 보존
poi-src/test-data/spreadsheet/57181.xlsm,Detailed_report!AM21,xl/worksheets/sheet3.xml:AM21,0,[=0]?;[<4.16666666666667][hh]:mm:ss;[hh]:mm,1899-12-31,0,0,원시 수치 보존
poi-src/test-data/spreadsheet/57181.xlsm,Detailed_report!AM22,xl/worksheets/sheet3.xml:AM22,0,[=0]?;[<4.16666666666667][hh]:mm:ss;[hh]:mm,1899-12-31,0,0,원시 수치 보존
poi-src/test-data/spreadsheet/57181.xlsm,Detailed_report!AM23,xl/worksheets/sheet3.xml:AM23,0,[=0]?;[<4.16666666666667][hh]:mm:ss;[hh]:mm,1899-12-31,0,0,원시 수치 보존
poi-src/test-data/spreadsheet/57181.xlsm,Detailed_report!AM24,xl/worksheets/sheet3.xml:AM24,0,[=0]?;[<4.16666666666667][hh]:mm:ss;[hh]:mm,1899-12-31,0,0,원시 수치 보존
poi-src/test-data/spreadsheet/57181.xlsm,Detailed_report!AM25,xl/worksheets/sheet3.xml:AM25,0,[=0]?;[<4.16666666666667][hh]:mm:ss;[hh]:mm,1899-12-31,0,0,원시 수치 보존
poi-src/test-data/spreadsheet/57181.xlsm,Detailed_report!AM26,xl/worksheets/sheet3.xml:AM26,0,[=0]?;[<4.16666666666667][hh]:mm:ss;[hh]:mm,1899-12-31,0,0,원시 수치 보존
poi-src/test-data/spreadsheet/57181.xlsm,Detailed_report!AM27,xl/worksheets/sheet3.xml:AM27,0,[=0]?;[<4.16666666666667][hh]:mm:ss;[hh]:mm,1899-12-31,0,0,원시 수치 보존
poi-src/test-data/spreadsheet/57181.xlsm,Detailed_report!AM28,xl/worksheets/sheet3.xml:AM28,0,[=0]?;[<4.16666666666667][hh]:mm:ss;[hh]:mm,1899-12-31,0,0,원시 수치 보존
poi-src/test-data/spreadsheet/57181.xlsm,Detailed_report!AM29,xl/worksheets/sheet3.xml:AM29,0,[=0]?;[<4.16666666666667][hh]:mm:ss;[hh]:mm,1899-12-31,0,0,원시 수치 보존
poi-src/test-data/spreadsheet/57181.xlsm,Detailed_report!AM30,xl/worksheets/sheet3.xml:AM30,0,[=0]?;[<4.16666666666667][hh]:mm:ss;[hh]:mm,1899-12-31,0,0,원시 수치 보존
poi-src/test-data/spreadsheet/57181.xlsm,Detailed_report!AM31,xl/worksheets/sheet3.xml:AM31,0,[=0]?;[<4.16666666666667][hh]:mm:ss;[hh]:mm,1899-12-31,0,0,원시 수치 보존
poi-src/test-data/spreadsheet/57181.xlsm,Detailed_report!AM32,xl/worksheets/sheet3.xml:AM32,0,[=0]?;[<4.16666666666667][hh]:mm:ss;[hh]:mm,1899-12-31,0,0,원시 수치 보존
poi-src/test-data/spreadsheet/57181.xlsm,Detailed_report!AM33,xl/worksheets/sheet3.xml:AM33,0,[=0]?;[<4.16666666666667][hh]:mm:ss;[hh]:mm,1899-12-31,0,0,원시 수치 보존
poi-src/test-data/spreadsheet/57181.xlsm,Detailed_report!AM34,xl/worksheets/sheet3.xml:AM34,0,[=0]?;[<4.16666666666667][hh]:mm:ss;[hh]:mm,1899-12-31,0,0,원시 수치 보존
poi-src/test-data/spreadsheet/57181.xlsm,Detailed_report!AM35,xl/worksheets/sheet3.xml:AM35,0,[=0]?;[<4.16666666666667][hh]:mm:ss;[hh]:mm,1899-12-31,0,0,원시 수치 보존
poi-src/test-data/spreadsheet/57181.xlsm,Detailed_report!AM36,xl/worksheets/sheet3.xml:AM36,0,[=0]?;[<4.16666666666667][hh]:mm:ss;[hh]:mm,1899-12-31,0,0,원시 수치 보존
poi-src/test-data/spreadsheet/57181.xlsm,Detailed_report!AM37,xl/worksheets/sheet3.xml:AM37,0,[=0]?;[<4.16666666666667][hh]:mm:ss;[hh]:mm,1899-12-31,0,0,원시 수치 보존
poi-src/test-data/spreadsheet/57181.xlsm,Detailed_report!AM38,xl/worksheets/sheet3.xml:AM38,0,[=0]?;[<4.16666666666667][hh]:mm:ss;[hh]:mm,1899-12-31,0,0,원시 수치 보존
poi-src/test-data/spreadsheet/57181.xlsm,Detailed_report!AM39,xl/worksheets/sheet3.xml:AM39,0,[=0]?;[<4.16666666666667][hh]:mm:ss;[hh]:mm,1899-12-31,0,0,원시 수치 보존
poi-src/test-data/spreadsheet/57181.xlsm,Detailed_report!AM42,xl/worksheets/sheet3.xml:AM42,1.3888888888888889E-4,[=0]?;[<4.16666666666667][hh]:mm:ss;[hh]:mm,1899-12-31,00:00:12,00:00:12,날짜·시간 의미 일치
poi-src/test-data/spreadsheet/57181.xlsm,Detailed_report!AM43,xl/worksheets/sheet3.xml:AM43,0,[=0]?;[<4.16666666666667][hh]:mm:ss;[hh]:mm,1899-12-31,0,0,원시 수치 보존
poi-src/test-data/spreadsheet/57181.xlsm,Detailed_report!AM52,xl/worksheets/sheet3.xml:AM52,0,[=0]?;[<4.16666666666667][hh]:mm:ss;[hh]:mm,1899-12-31,0,0,원시 수치 보존
poi-src/test-data/spreadsheet/57181.xlsm,Detailed_report!AM53,xl/worksheets/sheet3.xml:AM53,0,[=0]?;[<4.16666666666667][hh]:mm:ss;[hh]:mm,1899-12-31,0,0,원시 수치 보존
poi-src/test-data/spreadsheet/57181.xlsm,Detailed_report!AM54,xl/worksheets/sheet3.xml:AM54,0,[=0]?;[<4.16666666666667][hh]:mm:ss;[hh]:mm,1899-12-31,0,0,원시 수치 보존
poi-src/test-data/spreadsheet/57181.xlsm,Detailed_report!AM55,xl/worksheets/sheet3.xml:AM55,0,[=0]?;[<4.16666666666667][hh]:mm:ss;[hh]:mm,1899-12-31,0,0,원시 수치 보존
poi-src/test-data/spreadsheet/57181.xlsm,Detailed_report!AM56,xl/worksheets/sheet3.xml:AM56,0,[=0]?;[<4.16666666666667][hh]:mm:ss;[hh]:mm,1899-12-31,0,0,원시 수치 보존
poi-src/test-data/spreadsheet/57181.xlsm,Detailed_report!AM57,xl/worksheets/sheet3.xml:AM57,0,[=0]?;[<4.16666666666667][hh]:mm:ss;[hh]:mm,1899-12-31,0,0,원시 수치 보존
poi-src/test-data/spreadsheet/57181.xlsm,Detailed_report!AM58,xl/worksheets/sheet3.xml:AM58,0,[=0]?;[<4.16666666666667][hh]:mm:ss;[hh]:mm,1899-12-31,0,0,원시 수치 보존
poi-src/test-data/spreadsheet/57181.xlsm,Detailed_report!AM59,xl/worksheets/sheet3.xml:AM59,0,[=0]?;[<4.16666666666667][hh]:mm:ss;[hh]:mm,1899-12-31,0,0,원시 수치 보존
poi-src/test-data/spreadsheet/57181.xlsm,Detailed_report!AM60,xl/worksheets/sheet3.xml:AM60,0,[=0]?;[<4.16666666666667][hh]:mm:ss;[hh]:mm,1899-12-31,0,0,원시 수치 보존
poi-src/test-data/spreadsheet/57181.xlsm,Detailed_report!AM61,xl/worksheets/sheet3.xml:AM61,0,[=0]?;[<4.16666666666667][hh]:mm:ss;[hh]:mm,1899-12-31,0,0,원시 수치 보존
poi-src/test-data/spreadsheet/57181.xlsm,Detailed_report!AM62,xl/worksheets/sheet3.xml:AM62,0,[=0]?;[<4.16666666666667][hh]:mm:ss;[hh]:mm,1899-12-31,0,0,원시 수치 보존
poi-src/test-data/spreadsheet/57181.xlsm,Detailed_report!AM63,xl/worksheets/sheet3.xml:AM63,0,[=0]?;[<4.16666666666667][hh]:mm:ss;[hh]:mm,1899-12-31,0,0,원시 수치 보존
poi-src/test-data/spreadsheet/57181.xlsm,Detailed_report!AM64,xl/worksheets/sheet3.xml:AM64,0,[=0]?;[<4.16666666666667][hh]:mm:ss;[hh]:mm,1899-12-31,0,0,원시 수치 보존
poi-src/test-data/spreadsheet/57181.xlsm,Detailed_report!AM65,xl/worksheets/sheet3.xml:AM65,0,[=0]?;[<4.16666666666667][hh]:mm:ss;[hh]:mm,1899-12-31,0,0,원시 수치 보존
poi-src/test-data/spreadsheet/57181.xlsm,Detailed_report!AM66,xl/worksheets/sheet3.xml:AM66,0,[=0]?;[<4.16666666666667][hh]:mm:ss;[hh]:mm,1899-12-31,0,0,원시 수치 보존
poi-src/test-data/spreadsheet/57181.xlsm,Detailed_report!AM67,xl/worksheets/sheet3.xml:AM67,0,[=0]?;[<4.16666666666667][hh]:mm:ss;[hh]:mm,1899-12-31,0,0,원시 수치 보존
poi-src/test-data/spreadsheet/57181.xlsm,Detailed_report!AM68,xl/worksheets/sheet3.xml:AM68,0,[=0]?;[<4.16666666666667][hh]:mm:ss;[hh]:mm,1899-12-31,0,0,원시 수치 보존
poi-src/test-data/spreadsheet/57181.xlsm,Detailed_report!AM69,xl/worksheets/sheet3.xml:AM69,0,[=0]?;[<4.16666666666667][hh]:mm:ss;[hh]:mm,1899-12-31,0,0,원시 수치 보존
poi-src/test-data/spreadsheet/57181.xlsm,Detailed_report!AM70,xl/worksheets/sheet3.xml:AM70,0,[=0]?;[<4.16666666666667][hh]:mm:ss;[hh]:mm,1899-12-31,0,0,원시 수치 보존
poi-src/test-data/spreadsheet/57181.xlsm,Detailed_report!AM71,xl/worksheets/sheet3.xml:AM71,0,[=0]?;[<4.16666666666667][hh]:mm:ss;[hh]:mm,1899-12-31,0,0,원시 수치 보존
poi-src/test-data/spreadsheet/57181.xlsm,Detailed_report!AM72,xl/worksheets/sheet3.xml:AM72,0,[=0]?;[<4.16666666666667][hh]:mm:ss;[hh]:mm,1899-12-31,0,0,원시 수치 보존
poi-src/test-data/spreadsheet/57181.xlsm,Detailed_report!AM73,xl/worksheets/sheet3.xml:AM73,0,[=0]?;[<4.16666666666667][hh]:mm:ss;[hh]:mm,1899-12-31,0,0,원시 수치 보존
poi-src/test-data/spreadsheet/57181.xlsm,Detailed_report!AM74,xl/worksheets/sheet3.xml:AM74,0,[=0]?;[<4.16666666666667][hh]:mm:ss;[hh]:mm,1899-12-31,0,0,원시 수치 보존
poi-src/test-data/spreadsheet/57181.xlsm,Detailed_report!AM75,xl/worksheets/sheet3.xml:AM75,0,[=0]?;[<4.16666666666667][hh]:mm:ss;[hh]:mm,1899-12-31,0,0,원시 수치 보존
poi-src/test-data/spreadsheet/57181.xlsm,Detailed_report!AM76,xl/worksheets/sheet3.xml:AM76,0,[=0]?;[<4.16666666666667][hh]:mm:ss;[hh]:mm,1899-12-31,0,0,원시 수치 보존
poi-src/test-data/spreadsheet/57181.xlsm,Detailed_report!AM77,xl/worksheets/sheet3.xml:AM77,0,[=0]?;[<4.16666666666667][hh]:mm:ss;[hh]:mm,1899-12-31,0,0,원시 수치 보존
poi-src/test-data/spreadsheet/57181.xlsm,Detailed_report!AM78,xl/worksheets/sheet3.xml:AM78,0,[=0]?;[<4.16666666666667][hh]:mm:ss;[hh]:mm,1899-12-31,0,0,원시 수치 보존
poi-src/test-data/spreadsheet/57181.xlsm,Detailed_report!AM79,xl/worksheets/sheet3.xml:AM79,0,[=0]?;[<4.16666666666667][hh]:mm:ss;[hh]:mm,1899-12-31,0,0,원시 수치 보존
poi-src/test-data/spreadsheet/57181.xlsm,Detailed_report!AM8,xl/worksheets/sheet3.xml:AM8,0,[=0]?;[<4.16666666666667][hh]:mm:ss;[hh]:mm,1899-12-31,0,0,원시 수치 보존
poi-src/test-data/spreadsheet/57181.xlsm,Detailed_report!AM80,xl/worksheets/sheet3.xml:AM80,0,[=0]?;[<4.16666666666667][hh]:mm:ss;[hh]:mm,1899-12-31,0,0,원시 수치 보존
poi-src/test-data/spreadsheet/57181.xlsm,Detailed_report!AM81,xl/worksheets/sheet3.xml:AM81,0,[=0]?;[<4.16666666666667][hh]:mm:ss;[hh]:mm,1899-12-31,0,0,원시 수치 보존
poi-src/test-data/spreadsheet/57181.xlsm,Detailed_report!AM82,xl/worksheets/sheet3.xml:AM82,0,[=0]?;[<4.16666666666667][hh]:mm:ss;[hh]:mm,1899-12-31,0,0,원시 수치 보존
poi-src/test-data/spreadsheet/57181.xlsm,Detailed_report!AM83,xl/worksheets/sheet3.xml:AM83,0,[=0]?;[<4.16666666666667][hh]:mm:ss;[hh]:mm,1899-12-31,0,0,원시 수치 보존
poi-src/test-data/spreadsheet/57181.xlsm,Detailed_report!AM84,xl/worksheets/sheet3.xml:AM84,0,[=0]?;[<4.16666666666667][hh]:mm:ss;[hh]:mm,1899-12-31,0,0,원시 수치 보존
poi-src/test-data/spreadsheet/57181.xlsm,Detailed_report!AM85,xl/worksheets/sheet3.xml:AM85,0,[=0]?;[<4.16666666666667][hh]:mm:ss;[hh]:mm,1899-12-31,0,0,원시 수치 보존
poi-src/test-data/spreadsheet/57181.xlsm,Detailed_report!AM86,xl/worksheets/sheet3.xml:AM86,1.3888888888888889E-4,[=0]?;[<4.16666666666667][hh]:mm:ss;[hh]:mm,1899-12-31,00:00:12,00:00:12,날짜·시간 의미 일치
poi-src/test-data/spreadsheet/57181.xlsm,Detailed_report!AM87,xl/worksheets/sheet3.xml:AM87,0,[=0]?;[<4.16666666666667][hh]:mm:ss;[hh]:mm,1899-12-31,0,0,원시 수치 보존
poi-src/test-data/spreadsheet/57181.xlsm,Detailed_report!AM9,xl/worksheets/sheet3.xml:AM9,0,[=0]?;[<4.16666666666667][hh]:mm:ss;[hh]:mm,1899-12-31,0,0,원시 수치 보존
poi-src/test-data/spreadsheet/57181.xlsm,Detailed_report!AM96,xl/worksheets/sheet3.xml:AM96,0,[=0]?;[<4.16666666666667][hh]:mm:ss;[hh]:mm,1899-12-31,0,0,원시 수치 보존
poi-src/test-data/spreadsheet/57181.xlsm,Detailed_report!AM97,xl/worksheets/sheet3.xml:AM97,0,[=0]?;[<4.16666666666667][hh]:mm:ss;[hh]:mm,1899-12-31,0,0,원시 수치 보존
poi-src/test-data/spreadsheet/57181.xlsm,Detailed_report!AM98,xl/worksheets/sheet3.xml:AM98,0,[=0]?;[<4.16666666666667][hh]:mm:ss;[hh]:mm,1899-12-31,0,0,원시 수치 보존
poi-src/test-data/spreadsheet/57181.xlsm,Detailed_report!AM99,xl/worksheets/sheet3.xml:AM99,0,[=0]?;[<4.16666666666667][hh]:mm:ss;[hh]:mm,1899-12-31,0,0,원시 수치 보존
poi-src/test-data/spreadsheet/57181.xlsm,Detailed_report!AN10,xl/worksheets/sheet3.xml:AN10,0,[=0]?;[<4.16666666666667][hh]:mm:ss;[hh]:mm,1899-12-31,0,0,원시 수치 보존
poi-src/test-data/spreadsheet/57181.xlsm,Detailed_report!AN11,xl/worksheets/sheet3.xml:AN11,0,[=0]?;[<4.16666666666667][hh]:mm:ss;[hh]:mm,1899-12-31,0,0,원시 수치 보존
poi-src/test-data/spreadsheet/57181.xlsm,Detailed_report!AN12,xl/worksheets/sheet3.xml:AN12,0,[=0]?;[<4.16666666666667][hh]:mm:ss;[hh]:mm,1899-12-31,0,0,원시 수치 보존
poi-src/test-data/spreadsheet/57181.xlsm,Detailed_report!AN13,xl/worksheets/sheet3.xml:AN13,0,[=0]?;[<4.16666666666667][hh]:mm:ss;[hh]:mm,1899-12-31,0,0,원시 수치 보존
poi-src/test-data/spreadsheet/57181.xlsm,Detailed_report!AN130,xl/worksheets/sheet3.xml:AN130,0,[=0]?;[<4.16666666666667][hh]:mm:ss;[hh]:mm,1899-12-31,0,0,원시 수치 보존
poi-src/test-data/spreadsheet/57181.xlsm,Detailed_report!AN131,xl/worksheets/sheet3.xml:AN131,0,[=0]?;[<4.16666666666667][hh]:mm:ss;[hh]:mm,1899-12-31,0,0,원시 수치 보존
poi-src/test-data/spreadsheet/57181.xlsm,Detailed_report!AN14,xl/worksheets/sheet3.xml:AN14,0,[=0]?;[<4.16666666666667][hh]:mm:ss;[hh]:mm,1899-12-31,0,0,원시 수치 보존
poi-src/test-data/spreadsheet/57181.xlsm,Detailed_report!AN15,xl/worksheets/sheet3.xml:AN15,0,[=0]?;[<4.16666666666667][hh]:mm:ss;[hh]:mm,1899-12-31,0,0,원시 수치 보존
poi-src/test-data/spreadsheet/57181.xlsm,Detailed_report!AN16,xl/worksheets/sheet3.xml:AN16,0,[=0]?;[<4.16666666666667][hh]:mm:ss;[hh]:mm,1899-12-31,0,0,원시 수치 보존
poi-src/test-data/spreadsheet/57181.xlsm,Detailed_report!AN17,xl/worksheets/sheet3.xml:AN17,0,[=0]?;[<4.16666666666667][hh]:mm:ss;[hh]:mm,1899-12-31,0,0,원시 수치 보존
poi-src/test-data/spreadsheet/57181.xlsm,Detailed_report!AN18,xl/worksheets/sheet3.xml:AN18,0,[=0]?;[<4.16666666666667][hh]:mm:ss;[hh]:mm,1899-12-31,0,0,원시 수치 보존
poi-src/test-data/spreadsheet/57181.xlsm,Detailed_report!AN19,xl/worksheets/sheet3.xml:AN19,0,[=0]?;[<4.16666666666667][hh]:mm:ss;[hh]:mm,1899-12-31,0,0,원시 수치 보존
poi-src/test-data/spreadsheet/57181.xlsm,Detailed_report!AN20,xl/worksheets/sheet3.xml:AN20,0,[=0]?;[<4.16666666666667][hh]:mm:ss;[hh]:mm,1899-12-31,0,0,원시 수치 보존
poi-src/test-data/spreadsheet/57181.xlsm,Detailed_report!AN21,xl/worksheets/sheet3.xml:AN21,0,[=0]?;[<4.16666666666667][hh]:mm:ss;[hh]:mm,1899-12-31,0,0,원시 수치 보존
poi-src/test-data/spreadsheet/57181.xlsm,Detailed_report!AN22,xl/worksheets/sheet3.xml:AN22,0,[=0]?;[<4.16666666666667][hh]:mm:ss;[hh]:mm,1899-12-31,0,0,원시 수치 보존
poi-src/test-data/spreadsheet/57181.xlsm,Detailed_report!AN23,xl/worksheets/sheet3.xml:AN23,0,[=0]?;[<4.16666666666667][hh]:mm:ss;[hh]:mm,1899-12-31,0,0,원시 수치 보존
poi-src/test-data/spreadsheet/57181.xlsm,Detailed_report!AN24,xl/worksheets/sheet3.xml:AN24,0,[=0]?;[<4.16666666666667][hh]:mm:ss;[hh]:mm,1899-12-31,0,0,원시 수치 보존
poi-src/test-data/spreadsheet/57181.xlsm,Detailed_report!AN25,xl/worksheets/sheet3.xml:AN25,0,[=0]?;[<4.16666666666667][hh]:mm:ss;[hh]:mm,1899-12-31,0,0,원시 수치 보존
poi-src/test-data/spreadsheet/57181.xlsm,Detailed_report!AN26,xl/worksheets/sheet3.xml:AN26,0,[=0]?;[<4.16666666666667][hh]:mm:ss;[hh]:mm,1899-12-31,0,0,원시 수치 보존
poi-src/test-data/spreadsheet/57181.xlsm,Detailed_report!AN27,xl/worksheets/sheet3.xml:AN27,0,[=0]?;[<4.16666666666667][hh]:mm:ss;[hh]:mm,1899-12-31,0,0,원시 수치 보존
poi-src/test-data/spreadsheet/57181.xlsm,Detailed_report!AN28,xl/worksheets/sheet3.xml:AN28,0,[=0]?;[<4.16666666666667][hh]:mm:ss;[hh]:mm,1899-12-31,0,0,원시 수치 보존
poi-src/test-data/spreadsheet/57181.xlsm,Detailed_report!AN29,xl/worksheets/sheet3.xml:AN29,0,[=0]?;[<4.16666666666667][hh]:mm:ss;[hh]:mm,1899-12-31,0,0,원시 수치 보존
poi-src/test-data/spreadsheet/57181.xlsm,Detailed_report!AN30,xl/worksheets/sheet3.xml:AN30,0,[=0]?;[<4.16666666666667][hh]:mm:ss;[hh]:mm,1899-12-31,0,0,원시 수치 보존
poi-src/test-data/spreadsheet/57181.xlsm,Detailed_report!AN31,xl/worksheets/sheet3.xml:AN31,0,[=0]?;[<4.16666666666667][hh]:mm:ss;[hh]:mm,1899-12-31,0,0,원시 수치 보존
poi-src/test-data/spreadsheet/57181.xlsm,Detailed_report!AN32,xl/worksheets/sheet3.xml:AN32,0,[=0]?;[<4.16666666666667][hh]:mm:ss;[hh]:mm,1899-12-31,0,0,원시 수치 보존
poi-src/test-data/spreadsheet/57181.xlsm,Detailed_report!AN33,xl/worksheets/sheet3.xml:AN33,0,[=0]?;[<4.16666666666667][hh]:mm:ss;[hh]:mm,1899-12-31,0,0,원시 수치 보존
poi-src/test-data/spreadsheet/57181.xlsm,Detailed_report!AN34,xl/worksheets/sheet3.xml:AN34,0,[=0]?;[<4.16666666666667][hh]:mm:ss;[hh]:mm,1899-12-31,0,0,원시 수치 보존
poi-src/test-data/spreadsheet/57181.xlsm,Detailed_report!AN35,xl/worksheets/sheet3.xml:AN35,0,[=0]?;[<4.16666666666667][hh]:mm:ss;[hh]:mm,1899-12-31,0,0,원시 수치 보존
poi-src/test-data/spreadsheet/57181.xlsm,Detailed_report!AN36,xl/worksheets/sheet3.xml:AN36,0,[=0]?;[<4.16666666666667][hh]:mm:ss;[hh]:mm,1899-12-31,0,0,원시 수치 보존
poi-src/test-data/spreadsheet/57181.xlsm,Detailed_report!AN37,xl/worksheets/sheet3.xml:AN37,0,[=0]?;[<4.16666666666667][hh]:mm:ss;[hh]:mm,1899-12-31,0,0,원시 수치 보존
poi-src/test-data/spreadsheet/57181.xlsm,Detailed_report!AN42,xl/worksheets/sheet3.xml:AN42,0,[=0]?;[<4.16666666666667][hh]:mm:ss;[hh]:mm,1899-12-31,0,0,원시 수치 보존
poi-src/test-data/spreadsheet/57181.xlsm,Detailed_report!AN43,xl/worksheets/sheet3.xml:AN43,0,[=0]?;[<4.16666666666667][hh]:mm:ss;[hh]:mm,1899-12-31,0,0,원시 수치 보존
poi-src/test-data/spreadsheet/57181.xlsm,Detailed_report!AN8,xl/worksheets/sheet3.xml:AN8,0,[=0]?;[<4.16666666666667][hh]:mm:ss;[hh]:mm,1899-12-31,0,0,원시 수치 보존
poi-src/test-data/spreadsheet/57181.xlsm,Detailed_report!AN86,xl/worksheets/sheet3.xml:AN86,0,[=0]?;[<4.16666666666667][hh]:mm:ss;[hh]:mm,1899-12-31,0,0,원시 수치 보존
poi-src/test-data/spreadsheet/57181.xlsm,Detailed_report!AN87,xl/worksheets/sheet3.xml:AN87,0,[=0]?;[<4.16666666666667][hh]:mm:ss;[hh]:mm,1899-12-31,0,0,원시 수치 보존
poi-src/test-data/spreadsheet/57181.xlsm,Detailed_report!AN9,xl/worksheets/sheet3.xml:AN9,0,[=0]?;[<4.16666666666667][hh]:mm:ss;[hh]:mm,1899-12-31,0,0,원시 수치 보존
poi-src/test-data/spreadsheet/57181.xlsm,Detailed_report!AO10,xl/worksheets/sheet3.xml:AO10,0,[=0]?;[<4.16666666666667][hh]:mm:ss;[hh]:mm,1899-12-31,0,0,원시 수치 보존
poi-src/test-data/spreadsheet/57181.xlsm,Detailed_report!AO100,xl/worksheets/sheet3.xml:AO100,0,[=0]?;[<4.16666666666667][hh]:mm:ss;[hh]:mm,1899-12-31,0,0,원시 수치 보존
poi-src/test-data/spreadsheet/57181.xlsm,Detailed_report!AO101,xl/worksheets/sheet3.xml:AO101,0,[=0]?;[<4.16666666666667][hh]:mm:ss;[hh]:mm,1899-12-31,0,0,원시 수치 보존
poi-src/test-data/spreadsheet/57181.xlsm,Detailed_report!AO102,xl/worksheets/sheet3.xml:AO102,0,[=0]?;[<4.16666666666667][hh]:mm:ss;[hh]:mm,1899-12-31,0,0,원시 수치 보존
poi-src/test-data/spreadsheet/57181.xlsm,Detailed_report!AO103,xl/worksheets/sheet3.xml:AO103,0,[=0]?;[<4.16666666666667][hh]:mm:ss;[hh]:mm,1899-12-31,0,0,원시 수치 보존
poi-src/test-data/spreadsheet/57181.xlsm,Detailed_report!AO104,xl/worksheets/sheet3.xml:AO104,0,[=0]?;[<4.16666666666667][hh]:mm:ss;[hh]:mm,1899-12-31,0,0,원시 수치 보존
poi-src/test-data/spreadsheet/57181.xlsm,Detailed_report!AO105,xl/worksheets/sheet3.xml:AO105,0,[=0]?;[<4.16666666666667][hh]:mm:ss;[hh]:mm,1899-12-31,0,0,원시 수치 보존
poi-src/test-data/spreadsheet/57181.xlsm,Detailed_report!AO106,xl/worksheets/sheet3.xml:AO106,0,[=0]?;[<4.16666666666667][hh]:mm:ss;[hh]:mm,1899-12-31,0,0,원시 수치 보존
poi-src/test-data/spreadsheet/57181.xlsm,Detailed_report!AO107,xl/worksheets/sheet3.xml:AO107,0,[=0]?;[<4.16666666666667][hh]:mm:ss;[hh]:mm,1899-12-31,0,0,원시 수치 보존
poi-src/test-data/spreadsheet/57181.xlsm,Detailed_report!AO108,xl/worksheets/sheet3.xml:AO108,0,[=0]?;[<4.16666666666667][hh]:mm:ss;[hh]:mm,1899-12-31,0,0,원시 수치 보존
poi-src/test-data/spreadsheet/57181.xlsm,Detailed_report!AO109,xl/worksheets/sheet3.xml:AO109,0,[=0]?;[<4.16666666666667][hh]:mm:ss;[hh]:mm,1899-12-31,0,0,원시 수치 보존
poi-src/test-data/spreadsheet/57181.xlsm,Detailed_report!AO11,xl/worksheets/sheet3.xml:AO11,0,[=0]?;[<4.16666666666667][hh]:mm:ss;[hh]:mm,1899-12-31,0,0,원시 수치 보존
poi-src/test-data/spreadsheet/57181.xlsm,Detailed_report!AO110,xl/worksheets/sheet3.xml:AO110,0,[=0]?;[<4.16666666666667][hh]:mm:ss;[hh]:mm,1899-12-31,0,0,원시 수치 보존
poi-src/test-data/spreadsheet/57181.xlsm,Detailed_report!AO111,xl/worksheets/sheet3.xml:AO111,0,[=0]?;[<4.16666666666667][hh]:mm:ss;[hh]:mm,1899-12-31,0,0,원시 수치 보존
poi-src/test-data/spreadsheet/57181.xlsm,Detailed_report!AO112,xl/worksheets/sheet3.xml:AO112,0,[=0]?;[<4.16666666666667][hh]:mm:ss;[hh]:mm,1899-12-31,0,0,원시 수치 보존
poi-src/test-data/spreadsheet/57181.xlsm,Detailed_report!AO113,xl/worksheets/sheet3.xml:AO113,0,[=0]?;[<4.16666666666667][hh]:mm:ss;[hh]:mm,1899-12-31,0,0,원시 수치 보존
poi-src/test-data/spreadsheet/57181.xlsm,Detailed_report!AO114,xl/worksheets/sheet3.xml:AO114,0,[=0]?;[<4.16666666666667][hh]:mm:ss;[hh]:mm,1899-12-31,0,0,원시 수치 보존
poi-src/test-data/spreadsheet/57181.xlsm,Detailed_report!AO115,xl/worksheets/sheet3.xml:AO115,0,[=0]?;[<4.16666666666667][hh]:mm:ss;[hh]:mm,1899-12-31,0,0,원시 수치 보존
poi-src/test-data/spreadsheet/57181.xlsm,Detailed_report!AO116,xl/worksheets/sheet3.xml:AO116,0,[=0]?;[<4.16666666666667][hh]:mm:ss;[hh]:mm,1899-12-31,0,0,원시 수치 보존
poi-src/test-data/spreadsheet/57181.xlsm,Detailed_report!AO117,xl/worksheets/sheet3.xml:AO117,0,[=0]?;[<4.16666666666667][hh]:mm:ss;[hh]:mm,1899-12-31,0,0,원시 수치 보존
poi-src/test-data/spreadsheet/57181.xlsm,Detailed_report!AO118,xl/worksheets/sheet3.xml:AO118,0,[=0]?;[<4.16666666666667][hh]:mm:ss;[hh]:mm,1899-12-31,0,0,원시 수치 보존
poi-src/test-data/spreadsheet/57181.xlsm,Detailed_report!AO119,xl/worksheets/sheet3.xml:AO119,0,[=0]?;[<4.16666666666667][hh]:mm:ss;[hh]:mm,1899-12-31,0,0,원시 수치 보존
poi-src/test-data/spreadsheet/57181.xlsm,Detailed_report!AO12,xl/worksheets/sheet3.xml:AO12,0,[=0]?;[<4.16666666666667][hh]:mm:ss;[hh]:mm,1899-12-31,0,0,원시 수치 보존
poi-src/test-data/spreadsheet/57181.xlsm,Detailed_report!AO120,xl/worksheets/sheet3.xml:AO120,0,[=0]?;[<4.16666666666667][hh]:mm:ss;[hh]:mm,1899-12-31,0,0,원시 수치 보존
poi-src/test-data/spreadsheet/57181.xlsm,Detailed_report!AO121,xl/worksheets/sheet3.xml:AO121,0,[=0]?;[<4.16666666666667][hh]:mm:ss;[hh]:mm,1899-12-31,0,0,원시 수치 보존
poi-src/test-data/spreadsheet/57181.xlsm,Detailed_report!AO122,xl/worksheets/sheet3.xml:AO122,0,[=0]?;[<4.16666666666667][hh]:mm:ss;[hh]:mm,1899-12-31,0,0,원시 수치 보존
poi-src/test-data/spreadsheet/57181.xlsm,Detailed_report!AO123,xl/worksheets/sheet3.xml:AO123,0,[=0]?;[<4.16666666666667][hh]:mm:ss;[hh]:mm,1899-12-31,0,0,원시 수치 보존
poi-src/test-data/spreadsheet/57181.xlsm,Detailed_report!AO124,xl/worksheets/sheet3.xml:AO124,0,[=0]?;[<4.16666666666667][hh]:mm:ss;[hh]:mm,1899-12-31,0,0,원시 수치 보존
poi-src/test-data/spreadsheet/57181.xlsm,Detailed_report!AO125,xl/worksheets/sheet3.xml:AO125,0,[=0]?;[<4.16666666666667][hh]:mm:ss;[hh]:mm,1899-12-31,0,0,원시 수치 보존
poi-src/test-data/spreadsheet/57181.xlsm,Detailed_report!AO126,xl/worksheets/sheet3.xml:AO126,0,[=0]?;[<4.16666666666667][hh]:mm:ss;[hh]:mm,1899-12-31,0,0,원시 수치 보존
poi-src/test-data/spreadsheet/57181.xlsm,Detailed_report!AO127,xl/worksheets/sheet3.xml:AO127,0,[=0]?;[<4.16666666666667][hh]:mm:ss;[hh]:mm,1899-12-31,0,0,원시 수치 보존
poi-src/test-data/spreadsheet/57181.xlsm,Detailed_report!AO128,xl/worksheets/sheet3.xml:AO128,0,[=0]?;[<4.16666666666667][hh]:mm:ss;[hh]:mm,1899-12-31,0,0,원시 수치 보존
poi-src/test-data/spreadsheet/57181.xlsm,Detailed_report!AO129,xl/worksheets/sheet3.xml:AO129,0,[=0]?;[<4.16666666666667][hh]:mm:ss;[hh]:mm,1899-12-31,0,0,원시 수치 보존
poi-src/test-data/spreadsheet/57181.xlsm,Detailed_report!AO13,xl/worksheets/sheet3.xml:AO13,0,[=0]?;[<4.16666666666667][hh]:mm:ss;[hh]:mm,1899-12-31,0,0,원시 수치 보존
poi-src/test-data/spreadsheet/57181.xlsm,Detailed_report!AO130,xl/worksheets/sheet3.xml:AO130,0,[=0]?;[<4.16666666666667][hh]:mm:ss;[hh]:mm,1899-12-31,0,0,원시 수치 보존
poi-src/test-data/spreadsheet/57181.xlsm,Detailed_report!AO131,xl/worksheets/sheet3.xml:AO131,0,[=0]?;[<4.16666666666667][hh]:mm:ss;[hh]:mm,1899-12-31,0,0,원시 수치 보존
poi-src/test-data/spreadsheet/57181.xlsm,Detailed_report!AO14,xl/worksheets/sheet3.xml:AO14,0,[=0]?;[<4.16666666666667][hh]:mm:ss;[hh]:mm,1899-12-31,0,0,원시 수치 보존
poi-src/test-data/spreadsheet/57181.xlsm,Detailed_report!AO15,xl/worksheets/sheet3.xml:AO15,0,[=0]?;[<4.16666666666667][hh]:mm:ss;[hh]:mm,1899-12-31,0,0,원시 수치 보존
poi-src/test-data/spreadsheet/57181.xlsm,Detailed_report!AO16,xl/worksheets/sheet3.xml:AO16,0,[=0]?;[<4.16666666666667][hh]:mm:ss;[hh]:mm,1899-12-31,0,0,원시 수치 보존
poi-src/test-data/spreadsheet/57181.xlsm,Detailed_report!AO17,xl/worksheets/sheet3.xml:AO17,0,[=0]?;[<4.16666666666667][hh]:mm:ss;[hh]:mm,1899-12-31,0,0,원시 수치 보존
poi-src/test-data/spreadsheet/57181.xlsm,Detailed_report!AO18,xl/worksheets/sheet3.xml:AO18,0,[=0]?;[<4.16666666666667][hh]:mm:ss;[hh]:mm,1899-12-31,0,0,원시 수치 보존
poi-src/test-data/spreadsheet/57181.xlsm,Detailed_report!AO19,xl/worksheets/sheet3.xml:AO19,0,[=0]?;[<4.16666666666667][hh]:mm:ss;[hh]:mm,1899-12-31,0,0,원시 수치 보존
poi-src/test-data/spreadsheet/57181.xlsm,Detailed_report!AO20,xl/worksheets/sheet3.xml:AO20,0,[=0]?;[<4.16666666666667][hh]:mm:ss;[hh]:mm,1899-12-31,0,0,원시 수치 보존
poi-src/test-data/spreadsheet/57181.xlsm,Detailed_report!AO21,xl/worksheets/sheet3.xml:AO21,0,[=0]?;[<4.16666666666667][hh]:mm:ss;[hh]:mm,1899-12-31,0,0,원시 수치 보존
poi-src/test-data/spreadsheet/57181.xlsm,Detailed_report!AO22,xl/worksheets/sheet3.xml:AO22,0,[=0]?;[<4.16666666666667][hh]:mm:ss;[hh]:mm,1899-12-31,0,0,원시 수치 보존
poi-src/test-data/spreadsheet/57181.xlsm,Detailed_report!AO23,xl/worksheets/sheet3.xml:AO23,0,[=0]?;[<4.16666666666667][hh]:mm:ss;[hh]:mm,1899-12-31,0,0,원시 수치 보존
poi-src/test-data/spreadsheet/57181.xlsm,Detailed_report!AO24,xl/worksheets/sheet3.xml:AO24,0,[=0]?;[<4.16666666666667][hh]:mm:ss;[hh]:mm,1899-12-31,0,0,원시 수치 보존
poi-src/test-data/spreadsheet/57181.xlsm,Detailed_report!AO25,xl/worksheets/sheet3.xml:AO25,0,[=0]?;[<4.16666666666667][hh]:mm:ss;[hh]:mm,1899-12-31,0,0,원시 수치 보존
poi-src/test-data/spreadsheet/57181.xlsm,Detailed_report!AO26,xl/worksheets/sheet3.xml:AO26,0,[=0]?;[<4.16666666666667][hh]:mm:ss;[hh]:mm,1899-12-31,0,0,원시 수치 보존
poi-src/test-data/spreadsheet/57181.xlsm,Detailed_report!AO27,xl/worksheets/sheet3.xml:AO27,0,[=0]?;[<4.16666666666667][hh]:mm:ss;[hh]:mm,1899-12-31,0,0,원시 수치 보존
poi-src/test-data/spreadsheet/57181.xlsm,Detailed_report!AO28,xl/worksheets/sheet3.xml:AO28,0,[=0]?;[<4.16666666666667][hh]:mm:ss;[hh]:mm,1899-12-31,0,0,원시 수치 보존
poi-src/test-data/spreadsheet/57181.xlsm,Detailed_report!AO29,xl/worksheets/sheet3.xml:AO29,0,[=0]?;[<4.16666666666667][hh]:mm:ss;[hh]:mm,1899-12-31,0,0,원시 수치 보존
poi-src/test-data/spreadsheet/57181.xlsm,Detailed_report!AO30,xl/worksheets/sheet3.xml:AO30,0,[=0]?;[<4.16666666666667][hh]:mm:ss;[hh]:mm,1899-12-31,0,0,원시 수치 보존
poi-src/test-data/spreadsheet/57181.xlsm,Detailed_report!AO31,xl/worksheets/sheet3.xml:AO31,0,[=0]?;[<4.16666666666667][hh]:mm:ss;[hh]:mm,1899-12-31,0,0,원시 수치 보존
poi-src/test-data/spreadsheet/57181.xlsm,Detailed_report!AO32,xl/worksheets/sheet3.xml:AO32,0,[=0]?;[<4.16666666666667][hh]:mm:ss;[hh]:mm,1899-12-31,0,0,원시 수치 보존
poi-src/test-data/spreadsheet/57181.xlsm,Detailed_report!AO33,xl/worksheets/sheet3.xml:AO33,0,[=0]?;[<4.16666666666667][hh]:mm:ss;[hh]:mm,1899-12-31,0,0,원시 수치 보존
poi-src/test-data/spreadsheet/57181.xlsm,Detailed_report!AO34,xl/worksheets/sheet3.xml:AO34,0,[=0]?;[<4.16666666666667][hh]:mm:ss;[hh]:mm,1899-12-31,0,0,원시 수치 보존
poi-src/test-data/spreadsheet/57181.xlsm,Detailed_report!AO35,xl/worksheets/sheet3.xml:AO35,0,[=0]?;[<4.16666666666667][hh]:mm:ss;[hh]:mm,1899-12-31,0,0,원시 수치 보존
poi-src/test-data/spreadsheet/57181.xlsm,Detailed_report!AO36,xl/worksheets/sheet3.xml:AO36,0,[=0]?;[<4.16666666666667][hh]:mm:ss;[hh]:mm,1899-12-31,0,0,원시 수치 보존
poi-src/test-data/spreadsheet/57181.xlsm,Detailed_report!AO37,xl/worksheets/sheet3.xml:AO37,0,[=0]?;[<4.16666666666667][hh]:mm:ss;[hh]:mm,1899-12-31,0,0,원시 수치 보존
poi-src/test-data/spreadsheet/57181.xlsm,Detailed_report!AO38,xl/worksheets/sheet3.xml:AO38,0,[=0]?;[<4.16666666666667][hh]:mm:ss;[hh]:mm,1899-12-31,0,0,원시 수치 보존
poi-src/test-data/spreadsheet/57181.xlsm,Detailed_report!AO39,xl/worksheets/sheet3.xml:AO39,0,[=0]?;[<4.16666666666667][hh]:mm:ss;[hh]:mm,1899-12-31,0,0,원시 수치 보존
poi-src/test-data/spreadsheet/57181.xlsm,Detailed_report!AO40,xl/worksheets/sheet3.xml:AO40,0,[=0]?;[<4.16666666666667][hh]:mm:ss;[hh]:mm,1899-12-31,0,0,원시 수치 보존
poi-src/test-data/spreadsheet/57181.xlsm,Detailed_report!AO41,xl/worksheets/sheet3.xml:AO41,0,[=0]?;[<4.16666666666667][hh]:mm:ss;[hh]:mm,1899-12-31,0,0,원시 수치 보존
poi-src/test-data/spreadsheet/57181.xlsm,Detailed_report!AO42,xl/worksheets/sheet3.xml:AO42,0,[=0]?;[<4.16666666666667][hh]:mm:ss;[hh]:mm,1899-12-31,0,0,원시 수치 보존
poi-src/test-data/spreadsheet/57181.xlsm,Detailed_report!AO43,xl/worksheets/sheet3.xml:AO43,0,[=0]?;[<4.16666666666667][hh]:mm:ss;[hh]:mm,1899-12-31,0,0,원시 수치 보존
poi-src/test-data/spreadsheet/57181.xlsm,Detailed_report!AO52,xl/worksheets/sheet3.xml:AO52,0,[=0]?;[<4.16666666666667][hh]:mm:ss;[hh]:mm,1899-12-31,0,0,원시 수치 보존
poi-src/test-data/spreadsheet/57181.xlsm,Detailed_report!AO53,xl/worksheets/sheet3.xml:AO53,0,[=0]?;[<4.16666666666667][hh]:mm:ss;[hh]:mm,1899-12-31,0,0,원시 수치 보존
poi-src/test-data/spreadsheet/57181.xlsm,Detailed_report!AO54,xl/worksheets/sheet3.xml:AO54,0,[=0]?;[<4.16666666666667][hh]:mm:ss;[hh]:mm,1899-12-31,0,0,원시 수치 보존
poi-src/test-data/spreadsheet/57181.xlsm,Detailed_report!AO55,xl/worksheets/sheet3.xml:AO55,0,[=0]?;[<4.16666666666667][hh]:mm:ss;[hh]:mm,1899-12-31,0,0,원시 수치 보존
poi-src/test-data/spreadsheet/57181.xlsm,Detailed_report!AO56,xl/worksheets/sheet3.xml:AO56,0,[=0]?;[<4.16666666666667][hh]:mm:ss;[hh]:mm,1899-12-31,0,0,원시 수치 보존
poi-src/test-data/spreadsheet/57181.xlsm,Detailed_report!AO57,xl/worksheets/sheet3.xml:AO57,0,[=0]?;[<4.16666666666667][hh]:mm:ss;[hh]:mm,1899-12-31,0,0,원시 수치 보존
poi-src/test-data/spreadsheet/57181.xlsm,Detailed_report!AO58,xl/worksheets/sheet3.xml:AO58,0,[=0]?;[<4.16666666666667][hh]:mm:ss;[hh]:mm,1899-12-31,0,0,원시 수치 보존
poi-src/test-data/spreadsheet/57181.xlsm,Detailed_report!AO59,xl/worksheets/sheet3.xml:AO59,0,[=0]?;[<4.16666666666667][hh]:mm:ss;[hh]:mm,1899-12-31,0,0,원시 수치 보존
poi-src/test-data/spreadsheet/57181.xlsm,Detailed_report!AO60,xl/worksheets/sheet3.xml:AO60,0,[=0]?;[<4.16666666666667][hh]:mm:ss;[hh]:mm,1899-12-31,0,0,원시 수치 보존
poi-src/test-data/spreadsheet/57181.xlsm,Detailed_report!AO61,xl/worksheets/sheet3.xml:AO61,0,[=0]?;[<4.16666666666667][hh]:mm:ss;[hh]:mm,1899-12-31,0,0,원시 수치 보존
poi-src/test-data/spreadsheet/57181.xlsm,Detailed_report!AO62,xl/worksheets/sheet3.xml:AO62,0,[=0]?;[<4.16666666666667][hh]:mm:ss;[hh]:mm,1899-12-31,0,0,원시 수치 보존
poi-src/test-data/spreadsheet/57181.xlsm,Detailed_report!AO63,xl/worksheets/sheet3.xml:AO63,0,[=0]?;[<4.16666666666667][hh]:mm:ss;[hh]:mm,1899-12-31,0,0,원시 수치 보존
poi-src/test-data/spreadsheet/57181.xlsm,Detailed_report!AO64,xl/worksheets/sheet3.xml:AO64,0,[=0]?;[<4.16666666666667][hh]:mm:ss;[hh]:mm,1899-12-31,0,0,원시 수치 보존
poi-src/test-data/spreadsheet/57181.xlsm,Detailed_report!AO65,xl/worksheets/sheet3.xml:AO65,0,[=0]?;[<4.16666666666667][hh]:mm:ss;[hh]:mm,1899-12-31,0,0,원시 수치 보존
poi-src/test-data/spreadsheet/57181.xlsm,Detailed_report!AO66,xl/worksheets/sheet3.xml:AO66,0,[=0]?;[<4.16666666666667][hh]:mm:ss;[hh]:mm,1899-12-31,0,0,원시 수치 보존
poi-src/test-data/spreadsheet/57181.xlsm,Detailed_report!AO67,xl/worksheets/sheet3.xml:AO67,0,[=0]?;[<4.16666666666667][hh]:mm:ss;[hh]:mm,1899-12-31,0,0,원시 수치 보존
poi-src/test-data/spreadsheet/57181.xlsm,Detailed_report!AO68,xl/worksheets/sheet3.xml:AO68,0,[=0]?;[<4.16666666666667][hh]:mm:ss;[hh]:mm,1899-12-31,0,0,원시 수치 보존
poi-src/test-data/spreadsheet/57181.xlsm,Detailed_report!AO69,xl/worksheets/sheet3.xml:AO69,0,[=0]?;[<4.16666666666667][hh]:mm:ss;[hh]:mm,1899-12-31,0,0,원시 수치 보존
poi-src/test-data/spreadsheet/57181.xlsm,Detailed_report!AO70,xl/worksheets/sheet3.xml:AO70,0,[=0]?;[<4.16666666666667][hh]:mm:ss;[hh]:mm,1899-12-31,0,0,원시 수치 보존
poi-src/test-data/spreadsheet/57181.xlsm,Detailed_report!AO71,xl/worksheets/sheet3.xml:AO71,0,[=0]?;[<4.16666666666667][hh]:mm:ss;[hh]:mm,1899-12-31,0,0,원시 수치 보존
poi-src/test-data/spreadsheet/57181.xlsm,Detailed_report!AO72,xl/worksheets/sheet3.xml:AO72,0,[=0]?;[<4.16666666666667][hh]:mm:ss;[hh]:mm,1899-12-31,0,0,원시 수치 보존
poi-src/test-data/spreadsheet/57181.xlsm,Detailed_report!AO73,xl/worksheets/sheet3.xml:AO73,0,[=0]?;[<4.16666666666667][hh]:mm:ss;[hh]:mm,1899-12-31,0,0,원시 수치 보존
poi-src/test-data/spreadsheet/57181.xlsm,Detailed_report!AO74,xl/worksheets/sheet3.xml:AO74,0,[=0]?;[<4.16666666666667][hh]:mm:ss;[hh]:mm,1899-12-31,0,0,원시 수치 보존
poi-src/test-data/spreadsheet/57181.xlsm,Detailed_report!AO75,xl/worksheets/sheet3.xml:AO75,0,[=0]?;[<4.16666666666667][hh]:mm:ss;[hh]:mm,1899-12-31,0,0,원시 수치 보존
poi-src/test-data/spreadsheet/57181.xlsm,Detailed_report!AO76,xl/worksheets/sheet3.xml:AO76,0,[=0]?;[<4.16666666666667][hh]:mm:ss;[hh]:mm,1899-12-31,0,0,원시 수치 보존
poi-src/test-data/spreadsheet/57181.xlsm,Detailed_report!AO77,xl/worksheets/sheet3.xml:AO77,0,[=0]?;[<4.16666666666667][hh]:mm:ss;[hh]:mm,1899-12-31,0,0,원시 수치 보존
poi-src/test-data/spreadsheet/57181.xlsm,Detailed_report!AO78,xl/worksheets/sheet3.xml:AO78,0,[=0]?;[<4.16666666666667][hh]:mm:ss;[hh]:mm,1899-12-31,0,0,원시 수치 보존
poi-src/test-data/spreadsheet/57181.xlsm,Detailed_report!AO79,xl/worksheets/sheet3.xml:AO79,0,[=0]?;[<4.16666666666667][hh]:mm:ss;[hh]:mm,1899-12-31,0,0,원시 수치 보존
poi-src/test-data/spreadsheet/57181.xlsm,Detailed_report!AO8,xl/worksheets/sheet3.xml:AO8,0,[=0]?;[<4.16666666666667][hh]:mm:ss;[hh]:mm,1899-12-31,0,0,원시 수치 보존
poi-src/test-data/spreadsheet/57181.xlsm,Detailed_report!AO80,xl/worksheets/sheet3.xml:AO80,0,[=0]?;[<4.16666666666667][hh]:mm:ss;[hh]:mm,1899-12-31,0,0,원시 수치 보존
poi-src/test-data/spreadsheet/57181.xlsm,Detailed_report!AO81,xl/worksheets/sheet3.xml:AO81,0,[=0]?;[<4.16666666666667][hh]:mm:ss;[hh]:mm,1899-12-31,0,0,원시 수치 보존
poi-src/test-data/spreadsheet/57181.xlsm,Detailed_report!AO82,xl/worksheets/sheet3.xml:AO82,0,[=0]?;[<4.16666666666667][hh]:mm:ss;[hh]:mm,1899-12-31,0,0,원시 수치 보존
poi-src/test-data/spreadsheet/57181.xlsm,Detailed_report!AO83,xl/worksheets/sheet3.xml:AO83,0,[=0]?;[<4.16666666666667][hh]:mm:ss;[hh]:mm,1899-12-31,0,0,원시 수치 보존
poi-src/test-data/spreadsheet/57181.xlsm,Detailed_report!AO84,xl/worksheets/sheet3.xml:AO84,0,[=0]?;[<4.16666666666667][hh]:mm:ss;[hh]:mm,1899-12-31,0,0,원시 수치 보존
poi-src/test-data/spreadsheet/57181.xlsm,Detailed_report!AO85,xl/worksheets/sheet3.xml:AO85,0,[=0]?;[<4.16666666666667][hh]:mm:ss;[hh]:mm,1899-12-31,0,0,원시 수치 보존
poi-src/test-data/spreadsheet/57181.xlsm,Detailed_report!AO86,xl/worksheets/sheet3.xml:AO86,0,[=0]?;[<4.16666666666667][hh]:mm:ss;[hh]:mm,1899-12-31,0,0,원시 수치 보존
poi-src/test-data/spreadsheet/57181.xlsm,Detailed_report!AO87,xl/worksheets/sheet3.xml:AO87,0,[=0]?;[<4.16666666666667][hh]:mm:ss;[hh]:mm,1899-12-31,0,0,원시 수치 보존
poi-src/test-data/spreadsheet/57181.xlsm,Detailed_report!AO9,xl/worksheets/sheet3.xml:AO9,0,[=0]?;[<4.16666666666667][hh]:mm:ss;[hh]:mm,1899-12-31,0,0,원시 수치 보존
poi-src/test-data/spreadsheet/57181.xlsm,Detailed_report!AO96,xl/worksheets/sheet3.xml:AO96,0,[=0]?;[<4.16666666666667][hh]:mm:ss;[hh]:mm,1899-12-31,0,0,원시 수치 보존
poi-src/test-data/spreadsheet/57181.xlsm,Detailed_report!AO97,xl/worksheets/sheet3.xml:AO97,0,[=0]?;[<4.16666666666667][hh]:mm:ss;[hh]:mm,1899-12-31,0,0,원시 수치 보존
poi-src/test-data/spreadsheet/57181.xlsm,Detailed_report!AO98,xl/worksheets/sheet3.xml:AO98,0,[=0]?;[<4.16666666666667][hh]:mm:ss;[hh]:mm,1899-12-31,0,0,원시 수치 보존
poi-src/test-data/spreadsheet/57181.xlsm,Detailed_report!AO99,xl/worksheets/sheet3.xml:AO99,0,[=0]?;[<4.16666666666667][hh]:mm:ss;[hh]:mm,1899-12-31,0,0,원시 수치 보존
poi-src/test-data/spreadsheet/57181.xlsm,Detailed_report!AS10,xl/worksheets/sheet3.xml:AS10,0,[=0]?;[<4.16666666666667][hh]:mm:ss;[hh]:mm,1899-12-31,0,0,원시 수치 보존
poi-src/test-data/spreadsheet/57181.xlsm,Detailed_report!AS100,xl/worksheets/sheet3.xml:AS100,0,[=0]?;[<4.16666666666667][hh]:mm:ss;[hh]:mm,1899-12-31,0,0,원시 수치 보존
poi-src/test-data/spreadsheet/57181.xlsm,Detailed_report!AS101,xl/worksheets/sheet3.xml:AS101,0,[=0]?;[<4.16666666666667][hh]:mm:ss;[hh]:mm,1899-12-31,0,0,원시 수치 보존
poi-src/test-data/spreadsheet/57181.xlsm,Detailed_report!AS102,xl/worksheets/sheet3.xml:AS102,0,[=0]?;[<4.16666666666667][hh]:mm:ss;[hh]:mm,1899-12-31,0,0,원시 수치 보존
poi-src/test-data/spreadsheet/57181.xlsm,Detailed_report!AS103,xl/worksheets/sheet3.xml:AS103,0,[=0]?;[<4.16666666666667][hh]:mm:ss;[hh]:mm,1899-12-31,0,0,원시 수치 보존
poi-src/test-data/spreadsheet/57181.xlsm,Detailed_report!AS104,xl/worksheets/sheet3.xml:AS104,0,[=0]?;[<4.16666666666667][hh]:mm:ss;[hh]:mm,1899-12-31,0,0,원시 수치 보존
poi-src/test-data/spreadsheet/57181.xlsm,Detailed_report!AS105,xl/worksheets/sheet3.xml:AS105,0,[=0]?;[<4.16666666666667][hh]:mm:ss;[hh]:mm,1899-12-31,0,0,원시 수치 보존
poi-src/test-data/spreadsheet/57181.xlsm,Detailed_report!AS106,xl/worksheets/sheet3.xml:AS106,0,[=0]?;[<4.16666666666667][hh]:mm:ss;[hh]:mm,1899-12-31,0,0,원시 수치 보존
poi-src/test-data/spreadsheet/57181.xlsm,Detailed_report!AS107,xl/worksheets/sheet3.xml:AS107,0,[=0]?;[<4.16666666666667][hh]:mm:ss;[hh]:mm,1899-12-31,0,0,원시 수치 보존
poi-src/test-data/spreadsheet/57181.xlsm,Detailed_report!AS108,xl/worksheets/sheet3.xml:AS108,0,[=0]?;[<4.16666666666667][hh]:mm:ss;[hh]:mm,1899-12-31,0,0,원시 수치 보존
poi-src/test-data/spreadsheet/57181.xlsm,Detailed_report!AS109,xl/worksheets/sheet3.xml:AS109,0,[=0]?;[<4.16666666666667][hh]:mm:ss;[hh]:mm,1899-12-31,0,0,원시 수치 보존
poi-src/test-data/spreadsheet/57181.xlsm,Detailed_report!AS11,xl/worksheets/sheet3.xml:AS11,0,[=0]?;[<4.16666666666667][hh]:mm:ss;[hh]:mm,1899-12-31,0,0,원시 수치 보존
poi-src/test-data/spreadsheet/57181.xlsm,Detailed_report!AS110,xl/worksheets/sheet3.xml:AS110,0,[=0]?;[<4.16666666666667][hh]:mm:ss;[hh]:mm,1899-12-31,0,0,원시 수치 보존
poi-src/test-data/spreadsheet/57181.xlsm,Detailed_report!AS111,xl/worksheets/sheet3.xml:AS111,0,[=0]?;[<4.16666666666667][hh]:mm:ss;[hh]:mm,1899-12-31,0,0,원시 수치 보존
poi-src/test-data/spreadsheet/57181.xlsm,Detailed_report!AS112,xl/worksheets/sheet3.xml:AS112,0,[=0]?;[<4.16666666666667][hh]:mm:ss;[hh]:mm,1899-12-31,0,0,원시 수치 보존
poi-src/test-data/spreadsheet/57181.xlsm,Detailed_report!AS113,xl/worksheets/sheet3.xml:AS113,0,[=0]?;[<4.16666666666667][hh]:mm:ss;[hh]:mm,1899-12-31,0,0,원시 수치 보존
poi-src/test-data/spreadsheet/57181.xlsm,Detailed_report!AS114,xl/worksheets/sheet3.xml:AS114,0,[=0]?;[<4.16666666666667][hh]:mm:ss;[hh]:mm,1899-12-31,0,0,원시 수치 보존
poi-src/test-data/spreadsheet/57181.xlsm,Detailed_report!AS115,xl/worksheets/sheet3.xml:AS115,0,[=0]?;[<4.16666666666667][hh]:mm:ss;[hh]:mm,1899-12-31,0,0,원시 수치 보존
poi-src/test-data/spreadsheet/57181.xlsm,Detailed_report!AS116,xl/worksheets/sheet3.xml:AS116,0,[=0]?;[<4.16666666666667][hh]:mm:ss;[hh]:mm,1899-12-31,0,0,원시 수치 보존
poi-src/test-data/spreadsheet/57181.xlsm,Detailed_report!AS117,xl/worksheets/sheet3.xml:AS117,0,[=0]?;[<4.16666666666667][hh]:mm:ss;[hh]:mm,1899-12-31,0,0,원시 수치 보존
poi-src/test-data/spreadsheet/57181.xlsm,Detailed_report!AS118,xl/worksheets/sheet3.xml:AS118,0,[=0]?;[<4.16666666666667][hh]:mm:ss;[hh]:mm,1899-12-31,0,0,원시 수치 보존
poi-src/test-data/spreadsheet/57181.xlsm,Detailed_report!AS119,xl/worksheets/sheet3.xml:AS119,0,[=0]?;[<4.16666666666667][hh]:mm:ss;[hh]:mm,1899-12-31,0,0,원시 수치 보존
poi-src/test-data/spreadsheet/57181.xlsm,Detailed_report!AS12,xl/worksheets/sheet3.xml:AS12,0,[=0]?;[<4.16666666666667][hh]:mm:ss;[hh]:mm,1899-12-31,0,0,원시 수치 보존
poi-src/test-data/spreadsheet/57181.xlsm,Detailed_report!AS120,xl/worksheets/sheet3.xml:AS120,0,[=0]?;[<4.16666666666667][hh]:mm:ss;[hh]:mm,1899-12-31,0,0,원시 수치 보존
poi-src/test-data/spreadsheet/57181.xlsm,Detailed_report!AS121,xl/worksheets/sheet3.xml:AS121,0,[=0]?;[<4.16666666666667][hh]:mm:ss;[hh]:mm,1899-12-31,0,0,원시 수치 보존
poi-src/test-data/spreadsheet/57181.xlsm,Detailed_report!AS122,xl/worksheets/sheet3.xml:AS122,0,[=0]?;[<4.16666666666667][hh]:mm:ss;[hh]:mm,1899-12-31,0,0,원시 수치 보존
poi-src/test-data/spreadsheet/57181.xlsm,Detailed_report!AS123,xl/worksheets/sheet3.xml:AS123,0,[=0]?;[<4.16666666666667][hh]:mm:ss;[hh]:mm,1899-12-31,0,0,원시 수치 보존
poi-src/test-data/spreadsheet/57181.xlsm,Detailed_report!AS124,xl/worksheets/sheet3.xml:AS124,0,[=0]?;[<4.16666666666667][hh]:mm:ss;[hh]:mm,1899-12-31,0,0,원시 수치 보존
poi-src/test-data/spreadsheet/57181.xlsm,Detailed_report!AS125,xl/worksheets/sheet3.xml:AS125,0,[=0]?;[<4.16666666666667][hh]:mm:ss;[hh]:mm,1899-12-31,0,0,원시 수치 보존
poi-src/test-data/spreadsheet/57181.xlsm,Detailed_report!AS126,xl/worksheets/sheet3.xml:AS126,0,[=0]?;[<4.16666666666667][hh]:mm:ss;[hh]:mm,1899-12-31,0,0,원시 수치 보존
poi-src/test-data/spreadsheet/57181.xlsm,Detailed_report!AS127,xl/worksheets/sheet3.xml:AS127,0,[=0]?;[<4.16666666666667][hh]:mm:ss;[hh]:mm,1899-12-31,0,0,원시 수치 보존
poi-src/test-data/spreadsheet/57181.xlsm,Detailed_report!AS128,xl/worksheets/sheet3.xml:AS128,0,[=0]?;[<4.16666666666667][hh]:mm:ss;[hh]:mm,1899-12-31,0,0,원시 수치 보존
poi-src/test-data/spreadsheet/57181.xlsm,Detailed_report!AS129,xl/worksheets/sheet3.xml:AS129,0,[=0]?;[<4.16666666666667][hh]:mm:ss;[hh]:mm,1899-12-31,0,0,원시 수치 보존
poi-src/test-data/spreadsheet/57181.xlsm,Detailed_report!AS13,xl/worksheets/sheet3.xml:AS13,0,[=0]?;[<4.16666666666667][hh]:mm:ss;[hh]:mm,1899-12-31,0,0,원시 수치 보존
poi-src/test-data/spreadsheet/57181.xlsm,Detailed_report!AS130,xl/worksheets/sheet3.xml:AS130,0,[=0]?;[<4.16666666666667][hh]:mm:ss;[hh]:mm,1899-12-31,0,0,원시 수치 보존
poi-src/test-data/spreadsheet/57181.xlsm,Detailed_report!AS131,xl/worksheets/sheet3.xml:AS131,0,[=0]?;[<4.16666666666667][hh]:mm:ss;[hh]:mm,1899-12-31,0,0,원시 수치 보존
poi-src/test-data/spreadsheet/57181.xlsm,Detailed_report!AS14,xl/worksheets/sheet3.xml:AS14,0,[=0]?;[<4.16666666666667][hh]:mm:ss;[hh]:mm,1899-12-31,0,0,원시 수치 보존
poi-src/test-data/spreadsheet/57181.xlsm,Detailed_report!AS15,xl/worksheets/sheet3.xml:AS15,0,[=0]?;[<4.16666666666667][hh]:mm:ss;[hh]:mm,1899-12-31,0,0,원시 수치 보존
poi-src/test-data/spreadsheet/57181.xlsm,Detailed_report!AS16,xl/worksheets/sheet3.xml:AS16,0,[=0]?;[<4.16666666666667][hh]:mm:ss;[hh]:mm,1899-12-31,0,0,원시 수치 보존
poi-src/test-data/spreadsheet/57181.xlsm,Detailed_report!AS17,xl/worksheets/sheet3.xml:AS17,0,[=0]?;[<4.16666666666667][hh]:mm:ss;[hh]:mm,1899-12-31,0,0,원시 수치 보존
poi-src/test-data/spreadsheet/57181.xlsm,Detailed_report!AS18,xl/worksheets/sheet3.xml:AS18,0,[=0]?;[<4.16666666666667][hh]:mm:ss;[hh]:mm,1899-12-31,0,0,원시 수치 보존
poi-src/test-data/spreadsheet/57181.xlsm,Detailed_report!AS19,xl/worksheets/sheet3.xml:AS19,0,[=0]?;[<4.16666666666667][hh]:mm:ss;[hh]:mm,1899-12-31,0,0,원시 수치 보존
poi-src/test-data/spreadsheet/57181.xlsm,Detailed_report!AS20,xl/worksheets/sheet3.xml:AS20,0,[=0]?;[<4.16666666666667][hh]:mm:ss;[hh]:mm,1899-12-31,0,0,원시 수치 보존
poi-src/test-data/spreadsheet/57181.xlsm,Detailed_report!AS21,xl/worksheets/sheet3.xml:AS21,0,[=0]?;[<4.16666666666667][hh]:mm:ss;[hh]:mm,1899-12-31,0,0,원시 수치 보존
poi-src/test-data/spreadsheet/57181.xlsm,Detailed_report!AS22,xl/worksheets/sheet3.xml:AS22,0,[=0]?;[<4.16666666666667][hh]:mm:ss;[hh]:mm,1899-12-31,0,0,원시 수치 보존
poi-src/test-data/spreadsheet/57181.xlsm,Detailed_report!AS23,xl/worksheets/sheet3.xml:AS23,0,[=0]?;[<4.16666666666667][hh]:mm:ss;[hh]:mm,1899-12-31,0,0,원시 수치 보존
poi-src/test-data/spreadsheet/57181.xlsm,Detailed_report!AS24,xl/worksheets/sheet3.xml:AS24,0,[=0]?;[<4.16666666666667][hh]:mm:ss;[hh]:mm,1899-12-31,0,0,원시 수치 보존
poi-src/test-data/spreadsheet/57181.xlsm,Detailed_report!AS25,xl/worksheets/sheet3.xml:AS25,0,[=0]?;[<4.16666666666667][hh]:mm:ss;[hh]:mm,1899-12-31,0,0,원시 수치 보존
poi-src/test-data/spreadsheet/57181.xlsm,Detailed_report!AS26,xl/worksheets/sheet3.xml:AS26,0,[=0]?;[<4.16666666666667][hh]:mm:ss;[hh]:mm,1899-12-31,0,0,원시 수치 보존
poi-src/test-data/spreadsheet/57181.xlsm,Detailed_report!AS27,xl/worksheets/sheet3.xml:AS27,0,[=0]?;[<4.16666666666667][hh]:mm:ss;[hh]:mm,1899-12-31,0,0,원시 수치 보존
poi-src/test-data/spreadsheet/57181.xlsm,Detailed_report!AS28,xl/worksheets/sheet3.xml:AS28,0,[=0]?;[<4.16666666666667][hh]:mm:ss;[hh]:mm,1899-12-31,0,0,원시 수치 보존
poi-src/test-data/spreadsheet/57181.xlsm,Detailed_report!AS29,xl/worksheets/sheet3.xml:AS29,0,[=0]?;[<4.16666666666667][hh]:mm:ss;[hh]:mm,1899-12-31,0,0,원시 수치 보존
poi-src/test-data/spreadsheet/57181.xlsm,Detailed_report!AS30,xl/worksheets/sheet3.xml:AS30,0,[=0]?;[<4.16666666666667][hh]:mm:ss;[hh]:mm,1899-12-31,0,0,원시 수치 보존
poi-src/test-data/spreadsheet/57181.xlsm,Detailed_report!AS31,xl/worksheets/sheet3.xml:AS31,0,[=0]?;[<4.16666666666667][hh]:mm:ss;[hh]:mm,1899-12-31,0,0,원시 수치 보존
poi-src/test-data/spreadsheet/57181.xlsm,Detailed_report!AS32,xl/worksheets/sheet3.xml:AS32,0,[=0]?;[<4.16666666666667][hh]:mm:ss;[hh]:mm,1899-12-31,0,0,원시 수치 보존
poi-src/test-data/spreadsheet/57181.xlsm,Detailed_report!AS33,xl/worksheets/sheet3.xml:AS33,0,[=0]?;[<4.16666666666667][hh]:mm:ss;[hh]:mm,1899-12-31,0,0,원시 수치 보존
poi-src/test-data/spreadsheet/57181.xlsm,Detailed_report!AS34,xl/worksheets/sheet3.xml:AS34,0,[=0]?;[<4.16666666666667][hh]:mm:ss;[hh]:mm,1899-12-31,0,0,원시 수치 보존
poi-src/test-data/spreadsheet/57181.xlsm,Detailed_report!AS35,xl/worksheets/sheet3.xml:AS35,0,[=0]?;[<4.16666666666667][hh]:mm:ss;[hh]:mm,1899-12-31,0,0,원시 수치 보존
poi-src/test-data/spreadsheet/57181.xlsm,Detailed_report!AS36,xl/worksheets/sheet3.xml:AS36,0,[=0]?;[<4.16666666666667][hh]:mm:ss;[hh]:mm,1899-12-31,0,0,원시 수치 보존
poi-src/test-data/spreadsheet/57181.xlsm,Detailed_report!AS37,xl/worksheets/sheet3.xml:AS37,0,[=0]?;[<4.16666666666667][hh]:mm:ss;[hh]:mm,1899-12-31,0,0,원시 수치 보존
poi-src/test-data/spreadsheet/57181.xlsm,Detailed_report!AS38,xl/worksheets/sheet3.xml:AS38,0,[=0]?;[<4.16666666666667][hh]:mm:ss;[hh]:mm,1899-12-31,0,0,원시 수치 보존
poi-src/test-data/spreadsheet/57181.xlsm,Detailed_report!AS39,xl/worksheets/sheet3.xml:AS39,0,[=0]?;[<4.16666666666667][hh]:mm:ss;[hh]:mm,1899-12-31,0,0,원시 수치 보존
poi-src/test-data/spreadsheet/57181.xlsm,Detailed_report!AS40,xl/worksheets/sheet3.xml:AS40,0,[=0]?;[<4.16666666666667][hh]:mm:ss;[hh]:mm,1899-12-31,0,0,원시 수치 보존
poi-src/test-data/spreadsheet/57181.xlsm,Detailed_report!AS41,xl/worksheets/sheet3.xml:AS41,0,[=0]?;[<4.16666666666667][hh]:mm:ss;[hh]:mm,1899-12-31,0,0,원시 수치 보존
poi-src/test-data/spreadsheet/57181.xlsm,Detailed_report!AS42,xl/worksheets/sheet3.xml:AS42,0,[=0]?;[<4.16666666666667][hh]:mm:ss;[hh]:mm,1899-12-31,0,0,원시 수치 보존
poi-src/test-data/spreadsheet/57181.xlsm,Detailed_report!AS43,xl/worksheets/sheet3.xml:AS43,0,[=0]?;[<4.16666666666667][hh]:mm:ss;[hh]:mm,1899-12-31,0,0,원시 수치 보존
poi-src/test-data/spreadsheet/57181.xlsm,Detailed_report!AS52,xl/worksheets/sheet3.xml:AS52,0,[=0]?;[<4.16666666666667][hh]:mm:ss;[hh]:mm,1899-12-31,0,0,원시 수치 보존
poi-src/test-data/spreadsheet/57181.xlsm,Detailed_report!AS53,xl/worksheets/sheet3.xml:AS53,0,[=0]?;[<4.16666666666667][hh]:mm:ss;[hh]:mm,1899-12-31,0,0,원시 수치 보존
poi-src/test-data/spreadsheet/57181.xlsm,Detailed_report!AS54,xl/worksheets/sheet3.xml:AS54,0,[=0]?;[<4.16666666666667][hh]:mm:ss;[hh]:mm,1899-12-31,0,0,원시 수치 보존
poi-src/test-data/spreadsheet/57181.xlsm,Detailed_report!AS55,xl/worksheets/sheet3.xml:AS55,0,[=0]?;[<4.16666666666667][hh]:mm:ss;[hh]:mm,1899-12-31,0,0,원시 수치 보존
poi-src/test-data/spreadsheet/57181.xlsm,Detailed_report!AS56,xl/worksheets/sheet3.xml:AS56,0,[=0]?;[<4.16666666666667][hh]:mm:ss;[hh]:mm,1899-12-31,0,0,원시 수치 보존
poi-src/test-data/spreadsheet/57181.xlsm,Detailed_report!AS57,xl/worksheets/sheet3.xml:AS57,0,[=0]?;[<4.16666666666667][hh]:mm:ss;[hh]:mm,1899-12-31,0,0,원시 수치 보존
poi-src/test-data/spreadsheet/57181.xlsm,Detailed_report!AS58,xl/worksheets/sheet3.xml:AS58,0,[=0]?;[<4.16666666666667][hh]:mm:ss;[hh]:mm,1899-12-31,0,0,원시 수치 보존
poi-src/test-data/spreadsheet/57181.xlsm,Detailed_report!AS59,xl/worksheets/sheet3.xml:AS59,0,[=0]?;[<4.16666666666667][hh]:mm:ss;[hh]:mm,1899-12-31,0,0,원시 수치 보존
poi-src/test-data/spreadsheet/57181.xlsm,Detailed_report!AS60,xl/worksheets/sheet3.xml:AS60,0,[=0]?;[<4.16666666666667][hh]:mm:ss;[hh]:mm,1899-12-31,0,0,원시 수치 보존
poi-src/test-data/spreadsheet/57181.xlsm,Detailed_report!AS61,xl/worksheets/sheet3.xml:AS61,0,[=0]?;[<4.16666666666667][hh]:mm:ss;[hh]:mm,1899-12-31,0,0,원시 수치 보존
poi-src/test-data/spreadsheet/57181.xlsm,Detailed_report!AS62,xl/worksheets/sheet3.xml:AS62,0,[=0]?;[<4.16666666666667][hh]:mm:ss;[hh]:mm,1899-12-31,0,0,원시 수치 보존
poi-src/test-data/spreadsheet/57181.xlsm,Detailed_report!AS63,xl/worksheets/sheet3.xml:AS63,0,[=0]?;[<4.16666666666667][hh]:mm:ss;[hh]:mm,1899-12-31,0,0,원시 수치 보존
poi-src/test-data/spreadsheet/57181.xlsm,Detailed_report!AS64,xl/worksheets/sheet3.xml:AS64,0,[=0]?;[<4.16666666666667][hh]:mm:ss;[hh]:mm,1899-12-31,0,0,원시 수치 보존
poi-src/test-data/spreadsheet/57181.xlsm,Detailed_report!AS65,xl/worksheets/sheet3.xml:AS65,0,[=0]?;[<4.16666666666667][hh]:mm:ss;[hh]:mm,1899-12-31,0,0,원시 수치 보존
poi-src/test-data/spreadsheet/57181.xlsm,Detailed_report!AS66,xl/worksheets/sheet3.xml:AS66,0,[=0]?;[<4.16666666666667][hh]:mm:ss;[hh]:mm,1899-12-31,0,0,원시 수치 보존
poi-src/test-data/spreadsheet/57181.xlsm,Detailed_report!AS67,xl/worksheets/sheet3.xml:AS67,0,[=0]?;[<4.16666666666667][hh]:mm:ss;[hh]:mm,1899-12-31,0,0,원시 수치 보존
poi-src/test-data/spreadsheet/57181.xlsm,Detailed_report!AS68,xl/worksheets/sheet3.xml:AS68,0,[=0]?;[<4.16666666666667][hh]:mm:ss;[hh]:mm,1899-12-31,0,0,원시 수치 보존
poi-src/test-data/spreadsheet/57181.xlsm,Detailed_report!AS69,xl/worksheets/sheet3.xml:AS69,0,[=0]?;[<4.16666666666667][hh]:mm:ss;[hh]:mm,1899-12-31,0,0,원시 수치 보존
poi-src/test-data/spreadsheet/57181.xlsm,Detailed_report!AS70,xl/worksheets/sheet3.xml:AS70,0,[=0]?;[<4.16666666666667][hh]:mm:ss;[hh]:mm,1899-12-31,0,0,원시 수치 보존
poi-src/test-data/spreadsheet/57181.xlsm,Detailed_report!AS71,xl/worksheets/sheet3.xml:AS71,0,[=0]?;[<4.16666666666667][hh]:mm:ss;[hh]:mm,1899-12-31,0,0,원시 수치 보존
poi-src/test-data/spreadsheet/57181.xlsm,Detailed_report!AS72,xl/worksheets/sheet3.xml:AS72,0,[=0]?;[<4.16666666666667][hh]:mm:ss;[hh]:mm,1899-12-31,0,0,원시 수치 보존
poi-src/test-data/spreadsheet/57181.xlsm,Detailed_report!AS73,xl/worksheets/sheet3.xml:AS73,0,[=0]?;[<4.16666666666667][hh]:mm:ss;[hh]:mm,1899-12-31,0,0,원시 수치 보존
poi-src/test-data/spreadsheet/57181.xlsm,Detailed_report!AS74,xl/worksheets/sheet3.xml:AS74,0,[=0]?;[<4.16666666666667][hh]:mm:ss;[hh]:mm,1899-12-31,0,0,원시 수치 보존
poi-src/test-data/spreadsheet/57181.xlsm,Detailed_report!AS75,xl/worksheets/sheet3.xml:AS75,0,[=0]?;[<4.16666666666667][hh]:mm:ss;[hh]:mm,1899-12-31,0,0,원시 수치 보존
poi-src/test-data/spreadsheet/57181.xlsm,Detailed_report!AS76,xl/worksheets/sheet3.xml:AS76,0,[=0]?;[<4.16666666666667][hh]:mm:ss;[hh]:mm,1899-12-31,0,0,원시 수치 보존
poi-src/test-data/spreadsheet/57181.xlsm,Detailed_report!AS77,xl/worksheets/sheet3.xml:AS77,0,[=0]?;[<4.16666666666667][hh]:mm:ss;[hh]:mm,1899-12-31,0,0,원시 수치 보존
poi-src/test-data/spreadsheet/57181.xlsm,Detailed_report!AS78,xl/worksheets/sheet3.xml:AS78,0,[=0]?;[<4.16666666666667][hh]:mm:ss;[hh]:mm,1899-12-31,0,0,원시 수치 보존
poi-src/test-data/spreadsheet/57181.xlsm,Detailed_report!AS79,xl/worksheets/sheet3.xml:AS79,0,[=0]?;[<4.16666666666667][hh]:mm:ss;[hh]:mm,1899-12-31,0,0,원시 수치 보존
poi-src/test-data/spreadsheet/57181.xlsm,Detailed_report!AS8,xl/worksheets/sheet3.xml:AS8,0,[=0]?;[<4.16666666666667][hh]:mm:ss;[hh]:mm,1899-12-31,0,0,원시 수치 보존
poi-src/test-data/spreadsheet/57181.xlsm,Detailed_report!AS80,xl/worksheets/sheet3.xml:AS80,0,[=0]?;[<4.16666666666667][hh]:mm:ss;[hh]:mm,1899-12-31,0,0,원시 수치 보존
poi-src/test-data/spreadsheet/57181.xlsm,Detailed_report!AS81,xl/worksheets/sheet3.xml:AS81,0,[=0]?;[<4.16666666666667][hh]:mm:ss;[hh]:mm,1899-12-31,0,0,원시 수치 보존
poi-src/test-data/spreadsheet/57181.xlsm,Detailed_report!AS82,xl/worksheets/sheet3.xml:AS82,0,[=0]?;[<4.16666666666667][hh]:mm:ss;[hh]:mm,1899-12-31,0,0,원시 수치 보존
poi-src/test-data/spreadsheet/57181.xlsm,Detailed_report!AS83,xl/worksheets/sheet3.xml:AS83,0,[=0]?;[<4.16666666666667][hh]:mm:ss;[hh]:mm,1899-12-31,0,0,원시 수치 보존
poi-src/test-data/spreadsheet/57181.xlsm,Detailed_report!AS84,xl/worksheets/sheet3.xml:AS84,0,[=0]?;[<4.16666666666667][hh]:mm:ss;[hh]:mm,1899-12-31,0,0,원시 수치 보존
poi-src/test-data/spreadsheet/57181.xlsm,Detailed_report!AS85,xl/worksheets/sheet3.xml:AS85,0,[=0]?;[<4.16666666666667][hh]:mm:ss;[hh]:mm,1899-12-31,0,0,원시 수치 보존
poi-src/test-data/spreadsheet/57181.xlsm,Detailed_report!AS86,xl/worksheets/sheet3.xml:AS86,0,[=0]?;[<4.16666666666667][hh]:mm:ss;[hh]:mm,1899-12-31,0,0,원시 수치 보존
poi-src/test-data/spreadsheet/57181.xlsm,Detailed_report!AS87,xl/worksheets/sheet3.xml:AS87,0,[=0]?;[<4.16666666666667][hh]:mm:ss;[hh]:mm,1899-12-31,0,0,원시 수치 보존
poi-src/test-data/spreadsheet/57181.xlsm,Detailed_report!AS9,xl/worksheets/sheet3.xml:AS9,0,[=0]?;[<4.16666666666667][hh]:mm:ss;[hh]:mm,1899-12-31,0,0,원시 수치 보존
poi-src/test-data/spreadsheet/57181.xlsm,Detailed_report!AS96,xl/worksheets/sheet3.xml:AS96,0,[=0]?;[<4.16666666666667][hh]:mm:ss;[hh]:mm,1899-12-31,0,0,원시 수치 보존
poi-src/test-data/spreadsheet/57181.xlsm,Detailed_report!AS97,xl/worksheets/sheet3.xml:AS97,0,[=0]?;[<4.16666666666667][hh]:mm:ss;[hh]:mm,1899-12-31,0,0,원시 수치 보존
poi-src/test-data/spreadsheet/57181.xlsm,Detailed_report!AS98,xl/worksheets/sheet3.xml:AS98,0,[=0]?;[<4.16666666666667][hh]:mm:ss;[hh]:mm,1899-12-31,0,0,원시 수치 보존
poi-src/test-data/spreadsheet/57181.xlsm,Detailed_report!AS99,xl/worksheets/sheet3.xml:AS99,0,[=0]?;[<4.16666666666667][hh]:mm:ss;[hh]:mm,1899-12-31,0,0,원시 수치 보존
poi-src/test-data/spreadsheet/57181.xlsm,Detailed_report!AV10,xl/worksheets/sheet3.xml:AV10,0,[=0]?;0%,0%,0,0,원시 수치 보존
poi-src/test-data/spreadsheet/57181.xlsm,Detailed_report!AV11,xl/worksheets/sheet3.xml:AV11,0,[=0]?;0%,0%,0,0,원시 수치 보존
poi-src/test-data/spreadsheet/57181.xlsm,Detailed_report!AV12,xl/worksheets/sheet3.xml:AV12,0,[=0]?;0%,0%,0,0,원시 수치 보존
poi-src/test-data/spreadsheet/57181.xlsm,Detailed_report!AV13,xl/worksheets/sheet3.xml:AV13,0,[=0]?;0%,0%,0,0,원시 수치 보존
poi-src/test-data/spreadsheet/57181.xlsm,Detailed_report!AV130,xl/worksheets/sheet3.xml:AV130,0,[=0]?;0%,0%,0,0,원시 수치 보존
poi-src/test-data/spreadsheet/57181.xlsm,Detailed_report!AV131,xl/worksheets/sheet3.xml:AV131,0,[=0]?;0%,0%,0,0,원시 수치 보존
poi-src/test-data/spreadsheet/57181.xlsm,Detailed_report!AV14,xl/worksheets/sheet3.xml:AV14,0,[=0]?;0%,0%,0,0,원시 수치 보존
poi-src/test-data/spreadsheet/57181.xlsm,Detailed_report!AV15,xl/worksheets/sheet3.xml:AV15,0,[=0]?;0%,0%,0,0,원시 수치 보존
poi-src/test-data/spreadsheet/57181.xlsm,Detailed_report!AV16,xl/worksheets/sheet3.xml:AV16,0,[=0]?;0%,0%,0,0,원시 수치 보존
poi-src/test-data/spreadsheet/57181.xlsm,Detailed_report!AV17,xl/worksheets/sheet3.xml:AV17,0,[=0]?;0%,0%,0,0,원시 수치 보존
poi-src/test-data/spreadsheet/57181.xlsm,Detailed_report!AV18,xl/worksheets/sheet3.xml:AV18,0,[=0]?;0%,0%,0,0,원시 수치 보존
poi-src/test-data/spreadsheet/57181.xlsm,Detailed_report!AV19,xl/worksheets/sheet3.xml:AV19,0,[=0]?;0%,0%,0,0,원시 수치 보존
poi-src/test-data/spreadsheet/57181.xlsm,Detailed_report!AV20,xl/worksheets/sheet3.xml:AV20,0,[=0]?;0%,0%,0,0,원시 수치 보존
poi-src/test-data/spreadsheet/57181.xlsm,Detailed_report!AV21,xl/worksheets/sheet3.xml:AV21,0,[=0]?;0%,0%,0,0,원시 수치 보존
poi-src/test-data/spreadsheet/57181.xlsm,Detailed_report!AV22,xl/worksheets/sheet3.xml:AV22,0,[=0]?;0%,0%,0,0,원시 수치 보존
poi-src/test-data/spreadsheet/57181.xlsm,Detailed_report!AV23,xl/worksheets/sheet3.xml:AV23,0,[=0]?;0%,0%,0,0,원시 수치 보존
poi-src/test-data/spreadsheet/57181.xlsm,Detailed_report!AV24,xl/worksheets/sheet3.xml:AV24,0,[=0]?;0%,0%,0,0,원시 수치 보존
poi-src/test-data/spreadsheet/57181.xlsm,Detailed_report!AV25,xl/worksheets/sheet3.xml:AV25,0,[=0]?;0%,0%,0,0,원시 수치 보존
poi-src/test-data/spreadsheet/57181.xlsm,Detailed_report!AV26,xl/worksheets/sheet3.xml:AV26,0,[=0]?;0%,0%,0,0,원시 수치 보존
poi-src/test-data/spreadsheet/57181.xlsm,Detailed_report!AV27,xl/worksheets/sheet3.xml:AV27,0,[=0]?;0%,0%,0,0,원시 수치 보존
poi-src/test-data/spreadsheet/57181.xlsm,Detailed_report!AV28,xl/worksheets/sheet3.xml:AV28,0,[=0]?;0%,0%,0,0,원시 수치 보존
poi-src/test-data/spreadsheet/57181.xlsm,Detailed_report!AV29,xl/worksheets/sheet3.xml:AV29,0,[=0]?;0%,0%,0,0,원시 수치 보존
poi-src/test-data/spreadsheet/57181.xlsm,Detailed_report!AV30,xl/worksheets/sheet3.xml:AV30,0,[=0]?;0%,0%,0,0,원시 수치 보존
poi-src/test-data/spreadsheet/57181.xlsm,Detailed_report!AV31,xl/worksheets/sheet3.xml:AV31,0,[=0]?;0%,0%,0,0,원시 수치 보존
poi-src/test-data/spreadsheet/57181.xlsm,Detailed_report!AV32,xl/worksheets/sheet3.xml:AV32,0,[=0]?;0%,0%,0,0,원시 수치 보존
poi-src/test-data/spreadsheet/57181.xlsm,Detailed_report!AV33,xl/worksheets/sheet3.xml:AV33,0,[=0]?;0%,0%,0,0,원시 수치 보존
poi-src/test-data/spreadsheet/57181.xlsm,Detailed_report!AV34,xl/worksheets/sheet3.xml:AV34,0,[=0]?;0%,0%,0,0,원시 수치 보존
poi-src/test-data/spreadsheet/57181.xlsm,Detailed_report!AV35,xl/worksheets/sheet3.xml:AV35,0,[=0]?;0%,0%,0,0,원시 수치 보존
poi-src/test-data/spreadsheet/57181.xlsm,Detailed_report!AV36,xl/worksheets/sheet3.xml:AV36,0,[=0]?;0%,0%,0,0,원시 수치 보존
poi-src/test-data/spreadsheet/57181.xlsm,Detailed_report!AV37,xl/worksheets/sheet3.xml:AV37,0,[=0]?;0%,0%,0,0,원시 수치 보존
poi-src/test-data/spreadsheet/57181.xlsm,Detailed_report!AV42,xl/worksheets/sheet3.xml:AV42,0,[=0]?;0%,0%,0,0,원시 수치 보존
poi-src/test-data/spreadsheet/57181.xlsm,Detailed_report!AV43,xl/worksheets/sheet3.xml:AV43,0,[=0]?;0%,0%,0,0,원시 수치 보존
poi-src/test-data/spreadsheet/57181.xlsm,Detailed_report!AV8,xl/worksheets/sheet3.xml:AV8,0,[=0]?;0%,0%,0,0,원시 수치 보존
poi-src/test-data/spreadsheet/57181.xlsm,Detailed_report!AV86,xl/worksheets/sheet3.xml:AV86,0,[=0]?;0%,0%,0,0,원시 수치 보존
poi-src/test-data/spreadsheet/57181.xlsm,Detailed_report!AV87,xl/worksheets/sheet3.xml:AV87,0,[=0]?;0%,0%,0,0,원시 수치 보존
poi-src/test-data/spreadsheet/57181.xlsm,Detailed_report!AV9,xl/worksheets/sheet3.xml:AV9,0,[=0]?;0%,0%,0,0,원시 수치 보존
poi-src/test-data/spreadsheet/57181.xlsm,Detailed_report!AX10,xl/worksheets/sheet3.xml:AX10,0,[=0]?;0%,0%,0,0,원시 수치 보존
poi-src/test-data/spreadsheet/57181.xlsm,Detailed_report!AX11,xl/worksheets/sheet3.xml:AX11,0,[=0]?;0%,0%,0,0,원시 수치 보존
poi-src/test-data/spreadsheet/57181.xlsm,Detailed_report!AX12,xl/worksheets/sheet3.xml:AX12,0,[=0]?;0%,0%,0,0,원시 수치 보존
poi-src/test-data/spreadsheet/57181.xlsm,Detailed_report!AX13,xl/worksheets/sheet3.xml:AX13,0,[=0]?;0%,0%,0,0,원시 수치 보존
poi-src/test-data/spreadsheet/57181.xlsm,Detailed_report!AX130,xl/worksheets/sheet3.xml:AX130,0,[=0]?;0%,0%,0,0,원시 수치 보존
poi-src/test-data/spreadsheet/57181.xlsm,Detailed_report!AX131,xl/worksheets/sheet3.xml:AX131,0,[=0]?;0%,0%,0,0,원시 수치 보존
poi-src/test-data/spreadsheet/57181.xlsm,Detailed_report!AX14,xl/worksheets/sheet3.xml:AX14,0,[=0]?;0%,0%,0,0,원시 수치 보존
poi-src/test-data/spreadsheet/57181.xlsm,Detailed_report!AX15,xl/worksheets/sheet3.xml:AX15,0,[=0]?;0%,0%,0,0,원시 수치 보존
poi-src/test-data/spreadsheet/57181.xlsm,Detailed_report!AX16,xl/worksheets/sheet3.xml:AX16,0,[=0]?;0%,0%,0,0,원시 수치 보존
poi-src/test-data/spreadsheet/57181.xlsm,Detailed_report!AX17,xl/worksheets/sheet3.xml:AX17,0,[=0]?;0%,0%,0,0,원시 수치 보존
poi-src/test-data/spreadsheet/57181.xlsm,Detailed_report!AX18,xl/worksheets/sheet3.xml:AX18,0,[=0]?;0%,0%,0,0,원시 수치 보존
poi-src/test-data/spreadsheet/57181.xlsm,Detailed_report!AX19,xl/worksheets/sheet3.xml:AX19,0,[=0]?;0%,0%,0,0,원시 수치 보존
poi-src/test-data/spreadsheet/57181.xlsm,Detailed_report!AX20,xl/worksheets/sheet3.xml:AX20,0,[=0]?;0%,0%,0,0,원시 수치 보존
poi-src/test-data/spreadsheet/57181.xlsm,Detailed_report!AX21,xl/worksheets/sheet3.xml:AX21,0,[=0]?;0%,0%,0,0,원시 수치 보존
poi-src/test-data/spreadsheet/57181.xlsm,Detailed_report!AX22,xl/worksheets/sheet3.xml:AX22,0,[=0]?;0%,0%,0,0,원시 수치 보존
poi-src/test-data/spreadsheet/57181.xlsm,Detailed_report!AX23,xl/worksheets/sheet3.xml:AX23,0,[=0]?;0%,0%,0,0,원시 수치 보존
poi-src/test-data/spreadsheet/57181.xlsm,Detailed_report!AX24,xl/worksheets/sheet3.xml:AX24,0,[=0]?;0%,0%,0,0,원시 수치 보존
poi-src/test-data/spreadsheet/57181.xlsm,Detailed_report!AX25,xl/worksheets/sheet3.xml:AX25,0,[=0]?;0%,0%,0,0,원시 수치 보존
poi-src/test-data/spreadsheet/57181.xlsm,Detailed_report!AX26,xl/worksheets/sheet3.xml:AX26,0,[=0]?;0%,0%,0,0,원시 수치 보존
poi-src/test-data/spreadsheet/57181.xlsm,Detailed_report!AX27,xl/worksheets/sheet3.xml:AX27,0,[=0]?;0%,0%,0,0,원시 수치 보존
poi-src/test-data/spreadsheet/57181.xlsm,Detailed_report!AX28,xl/worksheets/sheet3.xml:AX28,0,[=0]?;0%,0%,0,0,원시 수치 보존
poi-src/test-data/spreadsheet/57181.xlsm,Detailed_report!AX29,xl/worksheets/sheet3.xml:AX29,0,[=0]?;0%,0%,0,0,원시 수치 보존
poi-src/test-data/spreadsheet/57181.xlsm,Detailed_report!AX30,xl/worksheets/sheet3.xml:AX30,0,[=0]?;0%,0%,0,0,원시 수치 보존
poi-src/test-data/spreadsheet/57181.xlsm,Detailed_report!AX31,xl/worksheets/sheet3.xml:AX31,0,[=0]?;0%,0%,0,0,원시 수치 보존
poi-src/test-data/spreadsheet/57181.xlsm,Detailed_report!AX32,xl/worksheets/sheet3.xml:AX32,0,[=0]?;0%,0%,0,0,원시 수치 보존
poi-src/test-data/spreadsheet/57181.xlsm,Detailed_report!AX33,xl/worksheets/sheet3.xml:AX33,0,[=0]?;0%,0%,0,0,원시 수치 보존
poi-src/test-data/spreadsheet/57181.xlsm,Detailed_report!AX34,xl/worksheets/sheet3.xml:AX34,0,[=0]?;0%,0%,0,0,원시 수치 보존
poi-src/test-data/spreadsheet/57181.xlsm,Detailed_report!AX35,xl/worksheets/sheet3.xml:AX35,0,[=0]?;0%,0%,0,0,원시 수치 보존
poi-src/test-data/spreadsheet/57181.xlsm,Detailed_report!AX36,xl/worksheets/sheet3.xml:AX36,0,[=0]?;0%,0%,0,0,원시 수치 보존
poi-src/test-data/spreadsheet/57181.xlsm,Detailed_report!AX37,xl/worksheets/sheet3.xml:AX37,0,[=0]?;0%,0%,0,0,원시 수치 보존
poi-src/test-data/spreadsheet/57181.xlsm,Detailed_report!AX42,xl/worksheets/sheet3.xml:AX42,0,[=0]?;0%,0%,0,0,원시 수치 보존
poi-src/test-data/spreadsheet/57181.xlsm,Detailed_report!AX43,xl/worksheets/sheet3.xml:AX43,0,[=0]?;0%,0%,0,0,원시 수치 보존
poi-src/test-data/spreadsheet/57181.xlsm,Detailed_report!AX8,xl/worksheets/sheet3.xml:AX8,0,[=0]?;0%,0%,0,0,원시 수치 보존
poi-src/test-data/spreadsheet/57181.xlsm,Detailed_report!AX86,xl/worksheets/sheet3.xml:AX86,0,[=0]?;0%,0%,0,0,원시 수치 보존
poi-src/test-data/spreadsheet/57181.xlsm,Detailed_report!AX87,xl/worksheets/sheet3.xml:AX87,0,[=0]?;0%,0%,0,0,원시 수치 보존
poi-src/test-data/spreadsheet/57181.xlsm,Detailed_report!AX9,xl/worksheets/sheet3.xml:AX9,0,[=0]?;0%,0%,0,0,원시 수치 보존
poi-src/test-data/spreadsheet/57181.xlsm,Detailed_report!AZ10,xl/worksheets/sheet3.xml:AZ10,0,[=0]?;0%,0%,0,0,원시 수치 보존
poi-src/test-data/spreadsheet/57181.xlsm,Detailed_report!AZ11,xl/worksheets/sheet3.xml:AZ11,0,[=0]?;0%,0%,0,0,원시 수치 보존
poi-src/test-data/spreadsheet/57181.xlsm,Detailed_report!AZ12,xl/worksheets/sheet3.xml:AZ12,0,[=0]?;0%,0%,0,0,원시 수치 보존
poi-src/test-data/spreadsheet/57181.xlsm,Detailed_report!AZ13,xl/worksheets/sheet3.xml:AZ13,0,[=0]?;0%,0%,0,0,원시 수치 보존
poi-src/test-data/spreadsheet/57181.xlsm,Detailed_report!AZ130,xl/worksheets/sheet3.xml:AZ130,0,[=0]?;0%,0%,0,0,원시 수치 보존
poi-src/test-data/spreadsheet/57181.xlsm,Detailed_report!AZ131,xl/worksheets/sheet3.xml:AZ131,0,[=0]?;0%,0%,0,0,원시 수치 보존
poi-src/test-data/spreadsheet/57181.xlsm,Detailed_report!AZ14,xl/worksheets/sheet3.xml:AZ14,0,[=0]?;0%,0%,0,0,원시 수치 보존
poi-src/test-data/spreadsheet/57181.xlsm,Detailed_report!AZ15,xl/worksheets/sheet3.xml:AZ15,0,[=0]?;0%,0%,0,0,원시 수치 보존
poi-src/test-data/spreadsheet/57181.xlsm,Detailed_report!AZ16,xl/worksheets/sheet3.xml:AZ16,0,[=0]?;0%,0%,0,0,원시 수치 보존
poi-src/test-data/spreadsheet/57181.xlsm,Detailed_report!AZ17,xl/worksheets/sheet3.xml:AZ17,0,[=0]?;0%,0%,0,0,원시 수치 보존
poi-src/test-data/spreadsheet/57181.xlsm,Detailed_report!AZ18,xl/worksheets/sheet3.xml:AZ18,0,[=0]?;0%,0%,0,0,원시 수치 보존
poi-src/test-data/spreadsheet/57181.xlsm,Detailed_report!AZ19,xl/worksheets/sheet3.xml:AZ19,0,[=0]?;0%,0%,0,0,원시 수치 보존
poi-src/test-data/spreadsheet/57181.xlsm,Detailed_report!AZ20,xl/worksheets/sheet3.xml:AZ20,0,[=0]?;0%,0%,0,0,원시 수치 보존
poi-src/test-data/spreadsheet/57181.xlsm,Detailed_report!AZ21,xl/worksheets/sheet3.xml:AZ21,0,[=0]?;0%,0%,0,0,원시 수치 보존
poi-src/test-data/spreadsheet/57181.xlsm,Detailed_report!AZ22,xl/worksheets/sheet3.xml:AZ22,0,[=0]?;0%,0%,0,0,원시 수치 보존
poi-src/test-data/spreadsheet/57181.xlsm,Detailed_report!AZ23,xl/worksheets/sheet3.xml:AZ23,0,[=0]?;0%,0%,0,0,원시 수치 보존
poi-src/test-data/spreadsheet/57181.xlsm,Detailed_report!AZ24,xl/worksheets/sheet3.xml:AZ24,0,[=0]?;0%,0%,0,0,원시 수치 보존
poi-src/test-data/spreadsheet/57181.xlsm,Detailed_report!AZ25,xl/worksheets/sheet3.xml:AZ25,0,[=0]?;0%,0%,0,0,원시 수치 보존
poi-src/test-data/spreadsheet/57181.xlsm,Detailed_report!AZ26,xl/worksheets/sheet3.xml:AZ26,0,[=0]?;0%,0%,0,0,원시 수치 보존
poi-src/test-data/spreadsheet/57181.xlsm,Detailed_report!AZ27,xl/worksheets/sheet3.xml:AZ27,0,[=0]?;0%,0%,0,0,원시 수치 보존
poi-src/test-data/spreadsheet/57181.xlsm,Detailed_report!AZ28,xl/worksheets/sheet3.xml:AZ28,0,[=0]?;0%,0%,0,0,원시 수치 보존
poi-src/test-data/spreadsheet/57181.xlsm,Detailed_report!AZ29,xl/worksheets/sheet3.xml:AZ29,0,[=0]?;0%,0%,0,0,원시 수치 보존
poi-src/test-data/spreadsheet/57181.xlsm,Detailed_report!AZ30,xl/worksheets/sheet3.xml:AZ30,0,[=0]?;0%,0%,0,0,원시 수치 보존
poi-src/test-data/spreadsheet/57181.xlsm,Detailed_report!AZ31,xl/worksheets/sheet3.xml:AZ31,0,[=0]?;0%,0%,0,0,원시 수치 보존
poi-src/test-data/spreadsheet/57181.xlsm,Detailed_report!AZ32,xl/worksheets/sheet3.xml:AZ32,0,[=0]?;0%,0%,0,0,원시 수치 보존
poi-src/test-data/spreadsheet/57181.xlsm,Detailed_report!AZ33,xl/worksheets/sheet3.xml:AZ33,0,[=0]?;0%,0%,0,0,원시 수치 보존
poi-src/test-data/spreadsheet/57181.xlsm,Detailed_report!AZ34,xl/worksheets/sheet3.xml:AZ34,0,[=0]?;0%,0%,0,0,원시 수치 보존
poi-src/test-data/spreadsheet/57181.xlsm,Detailed_report!AZ35,xl/worksheets/sheet3.xml:AZ35,0,[=0]?;0%,0%,0,0,원시 수치 보존
poi-src/test-data/spreadsheet/57181.xlsm,Detailed_report!AZ36,xl/worksheets/sheet3.xml:AZ36,0,[=0]?;0%,0%,0,0,원시 수치 보존
poi-src/test-data/spreadsheet/57181.xlsm,Detailed_report!AZ37,xl/worksheets/sheet3.xml:AZ37,0,[=0]?;0%,0%,0,0,원시 수치 보존
poi-src/test-data/spreadsheet/57181.xlsm,Detailed_report!AZ42,xl/worksheets/sheet3.xml:AZ42,0,[=0]?;0%,0%,0,0,원시 수치 보존
poi-src/test-data/spreadsheet/57181.xlsm,Detailed_report!AZ43,xl/worksheets/sheet3.xml:AZ43,0,[=0]?;0%,0%,0,0,원시 수치 보존
poi-src/test-data/spreadsheet/57181.xlsm,Detailed_report!AZ8,xl/worksheets/sheet3.xml:AZ8,0,[=0]?;0%,0%,0,0,원시 수치 보존
poi-src/test-data/spreadsheet/57181.xlsm,Detailed_report!AZ86,xl/worksheets/sheet3.xml:AZ86,0,[=0]?;0%,0%,0,0,원시 수치 보존
poi-src/test-data/spreadsheet/57181.xlsm,Detailed_report!AZ87,xl/worksheets/sheet3.xml:AZ87,0,[=0]?;0%,0%,0,0,원시 수치 보존
poi-src/test-data/spreadsheet/57181.xlsm,Detailed_report!AZ9,xl/worksheets/sheet3.xml:AZ9,0,[=0]?;0%,0%,0,0,원시 수치 보존
poi-src/test-data/spreadsheet/57181.xlsm,Detailed_report!BB10,xl/worksheets/sheet3.xml:BB10,0,[=0]?;0%,0%,0,0,원시 수치 보존
poi-src/test-data/spreadsheet/57181.xlsm,Detailed_report!BB11,xl/worksheets/sheet3.xml:BB11,0,[=0]?;0%,0%,0,0,원시 수치 보존
poi-src/test-data/spreadsheet/57181.xlsm,Detailed_report!BB12,xl/worksheets/sheet3.xml:BB12,0,[=0]?;0%,0%,0,0,원시 수치 보존
poi-src/test-data/spreadsheet/57181.xlsm,Detailed_report!BB13,xl/worksheets/sheet3.xml:BB13,0,[=0]?;0%,0%,0,0,원시 수치 보존
poi-src/test-data/spreadsheet/57181.xlsm,Detailed_report!BB130,xl/worksheets/sheet3.xml:BB130,0,[=0]?;0%,0%,0,0,원시 수치 보존
poi-src/test-data/spreadsheet/57181.xlsm,Detailed_report!BB131,xl/worksheets/sheet3.xml:BB131,0,[=0]?;0%,0%,0,0,원시 수치 보존
poi-src/test-data/spreadsheet/57181.xlsm,Detailed_report!BB14,xl/worksheets/sheet3.xml:BB14,0,[=0]?;0%,0%,0,0,원시 수치 보존
poi-src/test-data/spreadsheet/57181.xlsm,Detailed_report!BB15,xl/worksheets/sheet3.xml:BB15,0,[=0]?;0%,0%,0,0,원시 수치 보존
poi-src/test-data/spreadsheet/57181.xlsm,Detailed_report!BB16,xl/worksheets/sheet3.xml:BB16,0,[=0]?;0%,0%,0,0,원시 수치 보존
poi-src/test-data/spreadsheet/57181.xlsm,Detailed_report!BB17,xl/worksheets/sheet3.xml:BB17,0,[=0]?;0%,0%,0,0,원시 수치 보존
poi-src/test-data/spreadsheet/57181.xlsm,Detailed_report!BB18,xl/worksheets/sheet3.xml:BB18,0,[=0]?;0%,0%,0,0,원시 수치 보존
poi-src/test-data/spreadsheet/57181.xlsm,Detailed_report!BB19,xl/worksheets/sheet3.xml:BB19,0,[=0]?;0%,0%,0,0,원시 수치 보존
poi-src/test-data/spreadsheet/57181.xlsm,Detailed_report!BB20,xl/worksheets/sheet3.xml:BB20,0,[=0]?;0%,0%,0,0,원시 수치 보존
poi-src/test-data/spreadsheet/57181.xlsm,Detailed_report!BB21,xl/worksheets/sheet3.xml:BB21,0,[=0]?;0%,0%,0,0,원시 수치 보존
poi-src/test-data/spreadsheet/57181.xlsm,Detailed_report!BB22,xl/worksheets/sheet3.xml:BB22,0,[=0]?;0%,0%,0,0,원시 수치 보존
poi-src/test-data/spreadsheet/57181.xlsm,Detailed_report!BB23,xl/worksheets/sheet3.xml:BB23,0,[=0]?;0%,0%,0,0,원시 수치 보존
poi-src/test-data/spreadsheet/57181.xlsm,Detailed_report!BB24,xl/worksheets/sheet3.xml:BB24,0,[=0]?;0%,0%,0,0,원시 수치 보존
poi-src/test-data/spreadsheet/57181.xlsm,Detailed_report!BB25,xl/worksheets/sheet3.xml:BB25,0,[=0]?;0%,0%,0,0,원시 수치 보존
poi-src/test-data/spreadsheet/57181.xlsm,Detailed_report!BB26,xl/worksheets/sheet3.xml:BB26,0,[=0]?;0%,0%,0,0,원시 수치 보존
poi-src/test-data/spreadsheet/57181.xlsm,Detailed_report!BB27,xl/worksheets/sheet3.xml:BB27,0,[=0]?;0%,0%,0,0,원시 수치 보존
poi-src/test-data/spreadsheet/57181.xlsm,Detailed_report!BB28,xl/worksheets/sheet3.xml:BB28,0,[=0]?;0%,0%,0,0,원시 수치 보존
poi-src/test-data/spreadsheet/57181.xlsm,Detailed_report!BB29,xl/worksheets/sheet3.xml:BB29,0,[=0]?;0%,0%,0,0,원시 수치 보존
poi-src/test-data/spreadsheet/57181.xlsm,Detailed_report!BB30,xl/worksheets/sheet3.xml:BB30,0,[=0]?;0%,0%,0,0,원시 수치 보존
poi-src/test-data/spreadsheet/57181.xlsm,Detailed_report!BB31,xl/worksheets/sheet3.xml:BB31,0,[=0]?;0%,0%,0,0,원시 수치 보존
poi-src/test-data/spreadsheet/57181.xlsm,Detailed_report!BB32,xl/worksheets/sheet3.xml:BB32,0,[=0]?;0%,0%,0,0,원시 수치 보존
poi-src/test-data/spreadsheet/57181.xlsm,Detailed_report!BB33,xl/worksheets/sheet3.xml:BB33,0,[=0]?;0%,0%,0,0,원시 수치 보존
poi-src/test-data/spreadsheet/57181.xlsm,Detailed_report!BB34,xl/worksheets/sheet3.xml:BB34,0,[=0]?;0%,0%,0,0,원시 수치 보존
poi-src/test-data/spreadsheet/57181.xlsm,Detailed_report!BB35,xl/worksheets/sheet3.xml:BB35,0,[=0]?;0%,0%,0,0,원시 수치 보존
poi-src/test-data/spreadsheet/57181.xlsm,Detailed_report!BB36,xl/worksheets/sheet3.xml:BB36,0,[=0]?;0%,0%,0,0,원시 수치 보존
poi-src/test-data/spreadsheet/57181.xlsm,Detailed_report!BB37,xl/worksheets/sheet3.xml:BB37,0,[=0]?;0%,0%,0,0,원시 수치 보존
poi-src/test-data/spreadsheet/57181.xlsm,Detailed_report!BB42,xl/worksheets/sheet3.xml:BB42,0,[=0]?;0%,0%,0,0,원시 수치 보존
poi-src/test-data/spreadsheet/57181.xlsm,Detailed_report!BB43,xl/worksheets/sheet3.xml:BB43,0,[=0]?;0%,0%,0,0,원시 수치 보존
poi-src/test-data/spreadsheet/57181.xlsm,Detailed_report!BB8,xl/worksheets/sheet3.xml:BB8,0,[=0]?;0%,0%,0,0,원시 수치 보존
poi-src/test-data/spreadsheet/57181.xlsm,Detailed_report!BB86,xl/worksheets/sheet3.xml:BB86,0,[=0]?;0%,0%,0,0,원시 수치 보존
poi-src/test-data/spreadsheet/57181.xlsm,Detailed_report!BB87,xl/worksheets/sheet3.xml:BB87,0,[=0]?;0%,0%,0,0,원시 수치 보존
poi-src/test-data/spreadsheet/57181.xlsm,Detailed_report!BB9,xl/worksheets/sheet3.xml:BB9,0,[=0]?;0%,0%,0,0,원시 수치 보존
poi-src/test-data/spreadsheet/57181.xlsm,Detailed_report!BD10,xl/worksheets/sheet3.xml:BD10,0,[=0]?;0%,0%,0,0,원시 수치 보존
poi-src/test-data/spreadsheet/57181.xlsm,Detailed_report!BD11,xl/worksheets/sheet3.xml:BD11,0,[=0]?;0%,0%,0,0,원시 수치 보존
poi-src/test-data/spreadsheet/57181.xlsm,Detailed_report!BD12,xl/worksheets/sheet3.xml:BD12,0,[=0]?;0%,0%,0,0,원시 수치 보존
poi-src/test-data/spreadsheet/57181.xlsm,Detailed_report!BD13,xl/worksheets/sheet3.xml:BD13,0,[=0]?;0%,0%,0,0,원시 수치 보존
poi-src/test-data/spreadsheet/57181.xlsm,Detailed_report!BD130,xl/worksheets/sheet3.xml:BD130,0,[=0]?;0%,0%,0,0,원시 수치 보존
poi-src/test-data/spreadsheet/57181.xlsm,Detailed_report!BD131,xl/worksheets/sheet3.xml:BD131,0,[=0]?;0%,0%,0,0,원시 수치 보존
poi-src/test-data/spreadsheet/57181.xlsm,Detailed_report!BD14,xl/worksheets/sheet3.xml:BD14,0,[=0]?;0%,0%,0,0,원시 수치 보존
poi-src/test-data/spreadsheet/57181.xlsm,Detailed_report!BD15,xl/worksheets/sheet3.xml:BD15,0,[=0]?;0%,0%,0,0,원시 수치 보존
poi-src/test-data/spreadsheet/57181.xlsm,Detailed_report!BD16,xl/worksheets/sheet3.xml:BD16,0,[=0]?;0%,0%,0,0,원시 수치 보존
poi-src/test-data/spreadsheet/57181.xlsm,Detailed_report!BD17,xl/worksheets/sheet3.xml:BD17,0,[=0]?;0%,0%,0,0,원시 수치 보존
poi-src/test-data/spreadsheet/57181.xlsm,Detailed_report!BD18,xl/worksheets/sheet3.xml:BD18,0,[=0]?;0%,0%,0,0,원시 수치 보존
poi-src/test-data/spreadsheet/57181.xlsm,Detailed_report!BD19,xl/worksheets/sheet3.xml:BD19,0,[=0]?;0%,0%,0,0,원시 수치 보존
poi-src/test-data/spreadsheet/57181.xlsm,Detailed_report!BD20,xl/worksheets/sheet3.xml:BD20,0,[=0]?;0%,0%,0,0,원시 수치 보존
poi-src/test-data/spreadsheet/57181.xlsm,Detailed_report!BD21,xl/worksheets/sheet3.xml:BD21,0,[=0]?;0%,0%,0,0,원시 수치 보존
poi-src/test-data/spreadsheet/57181.xlsm,Detailed_report!BD22,xl/worksheets/sheet3.xml:BD22,0,[=0]?;0%,0%,0,0,원시 수치 보존
poi-src/test-data/spreadsheet/57181.xlsm,Detailed_report!BD23,xl/worksheets/sheet3.xml:BD23,0,[=0]?;0%,0%,0,0,원시 수치 보존
poi-src/test-data/spreadsheet/57181.xlsm,Detailed_report!BD24,xl/worksheets/sheet3.xml:BD24,0,[=0]?;0%,0%,0,0,원시 수치 보존
poi-src/test-data/spreadsheet/57181.xlsm,Detailed_report!BD25,xl/worksheets/sheet3.xml:BD25,0,[=0]?;0%,0%,0,0,원시 수치 보존
poi-src/test-data/spreadsheet/57181.xlsm,Detailed_report!BD26,xl/worksheets/sheet3.xml:BD26,0,[=0]?;0%,0%,0,0,원시 수치 보존
poi-src/test-data/spreadsheet/57181.xlsm,Detailed_report!BD27,xl/worksheets/sheet3.xml:BD27,0,[=0]?;0%,0%,0,0,원시 수치 보존
poi-src/test-data/spreadsheet/57181.xlsm,Detailed_report!BD28,xl/worksheets/sheet3.xml:BD28,0,[=0]?;0%,0%,0,0,원시 수치 보존
poi-src/test-data/spreadsheet/57181.xlsm,Detailed_report!BD29,xl/worksheets/sheet3.xml:BD29,0,[=0]?;0%,0%,0,0,원시 수치 보존
poi-src/test-data/spreadsheet/57181.xlsm,Detailed_report!BD30,xl/worksheets/sheet3.xml:BD30,0,[=0]?;0%,0%,0,0,원시 수치 보존
poi-src/test-data/spreadsheet/57181.xlsm,Detailed_report!BD31,xl/worksheets/sheet3.xml:BD31,0,[=0]?;0%,0%,0,0,원시 수치 보존
poi-src/test-data/spreadsheet/57181.xlsm,Detailed_report!BD32,xl/worksheets/sheet3.xml:BD32,0,[=0]?;0%,0%,0,0,원시 수치 보존
poi-src/test-data/spreadsheet/57181.xlsm,Detailed_report!BD33,xl/worksheets/sheet3.xml:BD33,0,[=0]?;0%,0%,0,0,원시 수치 보존
poi-src/test-data/spreadsheet/57181.xlsm,Detailed_report!BD34,xl/worksheets/sheet3.xml:BD34,0,[=0]?;0%,0%,0,0,원시 수치 보존
poi-src/test-data/spreadsheet/57181.xlsm,Detailed_report!BD35,xl/worksheets/sheet3.xml:BD35,0,[=0]?;0%,0%,0,0,원시 수치 보존
poi-src/test-data/spreadsheet/57181.xlsm,Detailed_report!BD36,xl/worksheets/sheet3.xml:BD36,0,[=0]?;0%,0%,0,0,원시 수치 보존
poi-src/test-data/spreadsheet/57181.xlsm,Detailed_report!BD37,xl/worksheets/sheet3.xml:BD37,0,[=0]?;0%,0%,0,0,원시 수치 보존
poi-src/test-data/spreadsheet/57181.xlsm,Detailed_report!BD42,xl/worksheets/sheet3.xml:BD42,0,[=0]?;0%,0%,0,0,원시 수치 보존
poi-src/test-data/spreadsheet/57181.xlsm,Detailed_report!BD43,xl/worksheets/sheet3.xml:BD43,0,[=0]?;0%,0%,0,0,원시 수치 보존
poi-src/test-data/spreadsheet/57181.xlsm,Detailed_report!BD8,xl/worksheets/sheet3.xml:BD8,0,[=0]?;0%,0%,0,0,원시 수치 보존
poi-src/test-data/spreadsheet/57181.xlsm,Detailed_report!BD86,xl/worksheets/sheet3.xml:BD86,0,[=0]?;0%,0%,0,0,원시 수치 보존
poi-src/test-data/spreadsheet/57181.xlsm,Detailed_report!BD87,xl/worksheets/sheet3.xml:BD87,0,[=0]?;0%,0%,0,0,원시 수치 보존
poi-src/test-data/spreadsheet/57181.xlsm,Detailed_report!BD9,xl/worksheets/sheet3.xml:BD9,0,[=0]?;0%,0%,0,0,원시 수치 보존
poi-src/test-data/spreadsheet/57181.xlsm,Detailed_report!J10,xl/worksheets/sheet3.xml:J10,-1E-8,"[<0]"""";0%",-0%,-1E-8,-1E-8,원시 수치 보존
poi-src/test-data/spreadsheet/57181.xlsm,Detailed_report!J12,xl/worksheets/sheet3.xml:J12,-1E-8,"[<0]"""";0%",-0%,-1E-8,-1E-8,원시 수치 보존
poi-src/test-data/spreadsheet/57181.xlsm,Detailed_report!J13,xl/worksheets/sheet3.xml:J13,-1E-8,"[<0]"""";0%",-0%,-1E-8,-1E-8,원시 수치 보존
poi-src/test-data/spreadsheet/57181.xlsm,Detailed_report!J14,xl/worksheets/sheet3.xml:J14,-1E-8,"[<0]"""";0%",-0%,-1E-8,-1E-8,원시 수치 보존
poi-src/test-data/spreadsheet/57181.xlsm,Detailed_report!J15,xl/worksheets/sheet3.xml:J15,-1E-8,"[<0]"""";0%",-0%,-1E-8,-1E-8,원시 수치 보존
poi-src/test-data/spreadsheet/57181.xlsm,Detailed_report!J16,xl/worksheets/sheet3.xml:J16,-1E-8,"[<0]"""";0%",-0%,-1E-8,-1E-8,원시 수치 보존
poi-src/test-data/spreadsheet/57181.xlsm,Detailed_report!J18,xl/worksheets/sheet3.xml:J18,-1E-8,"[<0]"""";0%",-0%,-1E-8,-1E-8,원시 수치 보존
poi-src/test-data/spreadsheet/57181.xlsm,Detailed_report!J19,xl/worksheets/sheet3.xml:J19,-1E-8,"[<0]"""";0%",-0%,-1E-8,-1E-8,원시 수치 보존
poi-src/test-data/spreadsheet/57181.xlsm,Detailed_report!J20,xl/worksheets/sheet3.xml:J20,-1E-8,"[<0]"""";0%",-0%,-1E-8,-1E-8,원시 수치 보존
poi-src/test-data/spreadsheet/57181.xlsm,Detailed_report!J21,xl/worksheets/sheet3.xml:J21,-1E-8,"[<0]"""";0%",-0%,-1E-8,-1E-8,원시 수치 보존
poi-src/test-data/spreadsheet/57181.xlsm,Detailed_report!J22,xl/worksheets/sheet3.xml:J22,-1E-8,"[<0]"""";0%",-0%,-1E-8,-1E-8,원시 수치 보존
poi-src/test-data/spreadsheet/57181.xlsm,Detailed_report!J23,xl/worksheets/sheet3.xml:J23,-1E-8,"[<0]"""";0%",-0%,-1E-8,-1E-8,원시 수치 보존
poi-src/test-data/spreadsheet/57181.xlsm,Detailed_report!J24,xl/worksheets/sheet3.xml:J24,-1E-8,"[<0]"""";0%",-0%,-1E-8,-1E-8,원시 수치 보존
poi-src/test-data/spreadsheet/57181.xlsm,Detailed_report!J25,xl/worksheets/sheet3.xml:J25,-1E-8,"[<0]"""";0%",-0%,-1E-8,-1E-8,원시 수치 보존
poi-src/test-data/spreadsheet/57181.xlsm,Detailed_report!J26,xl/worksheets/sheet3.xml:J26,-1E-8,"[<0]"""";0%",-0%,-1E-8,-1E-8,원시 수치 보존
poi-src/test-data/spreadsheet/57181.xlsm,Detailed_report!J27,xl/worksheets/sheet3.xml:J27,-1E-8,"[<0]"""";0%",-0%,-1E-8,-1E-8,원시 수치 보존
poi-src/test-data/spreadsheet/57181.xlsm,Detailed_report!J28,xl/worksheets/sheet3.xml:J28,-1E-8,"[<0]"""";0%",-0%,-1E-8,-1E-8,원시 수치 보존
poi-src/test-data/spreadsheet/57181.xlsm,Detailed_report!J29,xl/worksheets/sheet3.xml:J29,-1E-8,"[<0]"""";0%",-0%,-1E-8,-1E-8,원시 수치 보존
poi-src/test-data/spreadsheet/57181.xlsm,Detailed_report!J30,xl/worksheets/sheet3.xml:J30,-1E-8,"[<0]"""";0%",-0%,-1E-8,-1E-8,원시 수치 보존
poi-src/test-data/spreadsheet/57181.xlsm,Detailed_report!J31,xl/worksheets/sheet3.xml:J31,-1E-8,"[<0]"""";0%",-0%,-1E-8,-1E-8,원시 수치 보존
poi-src/test-data/spreadsheet/57181.xlsm,Detailed_report!J32,xl/worksheets/sheet3.xml:J32,-1E-8,"[<0]"""";0%",-0%,-1E-8,-1E-8,원시 수치 보존
poi-src/test-data/spreadsheet/57181.xlsm,Detailed_report!J33,xl/worksheets/sheet3.xml:J33,-1E-8,"[<0]"""";0%",-0%,-1E-8,-1E-8,원시 수치 보존
poi-src/test-data/spreadsheet/57181.xlsm,Detailed_report!J34,xl/worksheets/sheet3.xml:J34,-1E-8,"[<0]"""";0%",-0%,-1E-8,-1E-8,원시 수치 보존
poi-src/test-data/spreadsheet/57181.xlsm,Detailed_report!J35,xl/worksheets/sheet3.xml:J35,-1E-8,"[<0]"""";0%",-0%,-1E-8,-1E-8,원시 수치 보존
poi-src/test-data/spreadsheet/57181.xlsm,Detailed_report!J36,xl/worksheets/sheet3.xml:J36,-1E-8,"[<0]"""";0%",-0%,-1E-8,-1E-8,원시 수치 보존
poi-src/test-data/spreadsheet/57181.xlsm,Detailed_report!J37,xl/worksheets/sheet3.xml:J37,-1E-8,"[<0]"""";0%",-0%,-1E-8,-1E-8,원시 수치 보존
poi-src/test-data/spreadsheet/57181.xlsm,Detailed_report!J8,xl/worksheets/sheet3.xml:J8,-1E-8,"[<0]"""";0%",-0%,-1E-8,-1E-8,원시 수치 보존
poi-src/test-data/spreadsheet/57181.xlsm,Detailed_report!J9,xl/worksheets/sheet3.xml:J9,-1E-8,"[<0]"""";0%",-0%,-1E-8,-1E-8,원시 수치 보존
poi-src/test-data/spreadsheet/57181.xlsm,Detailed_report!R10,xl/worksheets/sheet3.xml:R10,0,[=0]?;[<4.16666666666667][hh]:mm:ss;[hh]:mm,1899-12-31,0,0,원시 수치 보존
poi-src/test-data/spreadsheet/57181.xlsm,Detailed_report!R100,xl/worksheets/sheet3.xml:R100,0,[=0]?;[<4.16666666666667][hh]:mm:ss;[hh]:mm,1899-12-31,0,0,원시 수치 보존
poi-src/test-data/spreadsheet/57181.xlsm,Detailed_report!R101,xl/worksheets/sheet3.xml:R101,0,[=0]?;[<4.16666666666667][hh]:mm:ss;[hh]:mm,1899-12-31,0,0,원시 수치 보존
poi-src/test-data/spreadsheet/57181.xlsm,Detailed_report!R102,xl/worksheets/sheet3.xml:R102,0,[=0]?;[<4.16666666666667][hh]:mm:ss;[hh]:mm,1899-12-31,0,0,원시 수치 보존
poi-src/test-data/spreadsheet/57181.xlsm,Detailed_report!R103,xl/worksheets/sheet3.xml:R103,0,[=0]?;[<4.16666666666667][hh]:mm:ss;[hh]:mm,1899-12-31,0,0,원시 수치 보존
poi-src/test-data/spreadsheet/57181.xlsm,Detailed_report!R104,xl/worksheets/sheet3.xml:R104,0,[=0]?;[<4.16666666666667][hh]:mm:ss;[hh]:mm,1899-12-31,0,0,원시 수치 보존
poi-src/test-data/spreadsheet/57181.xlsm,Detailed_report!R105,xl/worksheets/sheet3.xml:R105,0,[=0]?;[<4.16666666666667][hh]:mm:ss;[hh]:mm,1899-12-31,0,0,원시 수치 보존
poi-src/test-data/spreadsheet/57181.xlsm,Detailed_report!R106,xl/worksheets/sheet3.xml:R106,0,[=0]?;[<4.16666666666667][hh]:mm:ss;[hh]:mm,1899-12-31,0,0,원시 수치 보존
poi-src/test-data/spreadsheet/57181.xlsm,Detailed_report!R107,xl/worksheets/sheet3.xml:R107,0,[=0]?;[<4.16666666666667][hh]:mm:ss;[hh]:mm,1899-12-31,0,0,원시 수치 보존
poi-src/test-data/spreadsheet/57181.xlsm,Detailed_report!R108,xl/worksheets/sheet3.xml:R108,0,[=0]?;[<4.16666666666667][hh]:mm:ss;[hh]:mm,1899-12-31,0,0,원시 수치 보존
poi-src/test-data/spreadsheet/57181.xlsm,Detailed_report!R109,xl/worksheets/sheet3.xml:R109,0,[=0]?;[<4.16666666666667][hh]:mm:ss;[hh]:mm,1899-12-31,0,0,원시 수치 보존
poi-src/test-data/spreadsheet/57181.xlsm,Detailed_report!R11,xl/worksheets/sheet3.xml:R11,0,[=0]?;[<4.16666666666667][hh]:mm:ss;[hh]:mm,1899-12-31,0,0,원시 수치 보존
poi-src/test-data/spreadsheet/57181.xlsm,Detailed_report!R110,xl/worksheets/sheet3.xml:R110,0,[=0]?;[<4.16666666666667][hh]:mm:ss;[hh]:mm,1899-12-31,0,0,원시 수치 보존
poi-src/test-data/spreadsheet/57181.xlsm,Detailed_report!R111,xl/worksheets/sheet3.xml:R111,0,[=0]?;[<4.16666666666667][hh]:mm:ss;[hh]:mm,1899-12-31,0,0,원시 수치 보존
poi-src/test-data/spreadsheet/57181.xlsm,Detailed_report!R112,xl/worksheets/sheet3.xml:R112,0,[=0]?;[<4.16666666666667][hh]:mm:ss;[hh]:mm,1899-12-31,0,0,원시 수치 보존
poi-src/test-data/spreadsheet/57181.xlsm,Detailed_report!R113,xl/worksheets/sheet3.xml:R113,0,[=0]?;[<4.16666666666667][hh]:mm:ss;[hh]:mm,1899-12-31,0,0,원시 수치 보존
poi-src/test-data/spreadsheet/57181.xlsm,Detailed_report!R114,xl/worksheets/sheet3.xml:R114,0,[=0]?;[<4.16666666666667][hh]:mm:ss;[hh]:mm,1899-12-31,0,0,원시 수치 보존
poi-src/test-data/spreadsheet/57181.xlsm,Detailed_report!R115,xl/worksheets/sheet3.xml:R115,0,[=0]?;[<4.16666666666667][hh]:mm:ss;[hh]:mm,1899-12-31,0,0,원시 수치 보존
poi-src/test-data/spreadsheet/57181.xlsm,Detailed_report!R116,xl/worksheets/sheet3.xml:R116,0,[=0]?;[<4.16666666666667][hh]:mm:ss;[hh]:mm,1899-12-31,0,0,원시 수치 보존
poi-src/test-data/spreadsheet/57181.xlsm,Detailed_report!R117,xl/worksheets/sheet3.xml:R117,0,[=0]?;[<4.16666666666667][hh]:mm:ss;[hh]:mm,1899-12-31,0,0,원시 수치 보존
poi-src/test-data/spreadsheet/57181.xlsm,Detailed_report!R118,xl/worksheets/sheet3.xml:R118,0,[=0]?;[<4.16666666666667][hh]:mm:ss;[hh]:mm,1899-12-31,0,0,원시 수치 보존
poi-src/test-data/spreadsheet/57181.xlsm,Detailed_report!R119,xl/worksheets/sheet3.xml:R119,0,[=0]?;[<4.16666666666667][hh]:mm:ss;[hh]:mm,1899-12-31,0,0,원시 수치 보존
poi-src/test-data/spreadsheet/57181.xlsm,Detailed_report!R12,xl/worksheets/sheet3.xml:R12,0,[=0]?;[<4.16666666666667][hh]:mm:ss;[hh]:mm,1899-12-31,0,0,원시 수치 보존
poi-src/test-data/spreadsheet/57181.xlsm,Detailed_report!R120,xl/worksheets/sheet3.xml:R120,0,[=0]?;[<4.16666666666667][hh]:mm:ss;[hh]:mm,1899-12-31,0,0,원시 수치 보존
poi-src/test-data/spreadsheet/57181.xlsm,Detailed_report!R121,xl/worksheets/sheet3.xml:R121,0,[=0]?;[<4.16666666666667][hh]:mm:ss;[hh]:mm,1899-12-31,0,0,원시 수치 보존
poi-src/test-data/spreadsheet/57181.xlsm,Detailed_report!R122,xl/worksheets/sheet3.xml:R122,0,[=0]?;[<4.16666666666667][hh]:mm:ss;[hh]:mm,1899-12-31,0,0,원시 수치 보존
poi-src/test-data/spreadsheet/57181.xlsm,Detailed_report!R123,xl/worksheets/sheet3.xml:R123,0,[=0]?;[<4.16666666666667][hh]:mm:ss;[hh]:mm,1899-12-31,0,0,원시 수치 보존
poi-src/test-data/spreadsheet/57181.xlsm,Detailed_report!R124,xl/worksheets/sheet3.xml:R124,0,[=0]?;[<4.16666666666667][hh]:mm:ss;[hh]:mm,1899-12-31,0,0,원시 수치 보존
poi-src/test-data/spreadsheet/57181.xlsm,Detailed_report!R125,xl/worksheets/sheet3.xml:R125,0,[=0]?;[<4.16666666666667][hh]:mm:ss;[hh]:mm,1899-12-31,0,0,원시 수치 보존
poi-src/test-data/spreadsheet/57181.xlsm,Detailed_report!R126,xl/worksheets/sheet3.xml:R126,0,[=0]?;[<4.16666666666667][hh]:mm:ss;[hh]:mm,1899-12-31,0,0,원시 수치 보존
poi-src/test-data/spreadsheet/57181.xlsm,Detailed_report!R127,xl/worksheets/sheet3.xml:R127,0,[=0]?;[<4.16666666666667][hh]:mm:ss;[hh]:mm,1899-12-31,0,0,원시 수치 보존
poi-src/test-data/spreadsheet/57181.xlsm,Detailed_report!R128,xl/worksheets/sheet3.xml:R128,0,[=0]?;[<4.16666666666667][hh]:mm:ss;[hh]:mm,1899-12-31,0,0,원시 수치 보존
poi-src/test-data/spreadsheet/57181.xlsm,Detailed_report!R129,xl/worksheets/sheet3.xml:R129,0,[=0]?;[<4.16666666666667][hh]:mm:ss;[hh]:mm,1899-12-31,0,0,원시 수치 보존
poi-src/test-data/spreadsheet/57181.xlsm,Detailed_report!R13,xl/worksheets/sheet3.xml:R13,0,[=0]?;[<4.16666666666667][hh]:mm:ss;[hh]:mm,1899-12-31,0,0,원시 수치 보존
poi-src/test-data/spreadsheet/57181.xlsm,Detailed_report!R130,xl/worksheets/sheet3.xml:R130,0,[=0]?;[<4.16666666666667][hh]:mm:ss;[hh]:mm,1899-12-31,0,0,원시 수치 보존
poi-src/test-data/spreadsheet/57181.xlsm,Detailed_report!R131,xl/worksheets/sheet3.xml:R131,0,[=0]?;[<4.16666666666667][hh]:mm:ss;[hh]:mm,1899-12-31,0,0,원시 수치 보존
poi-src/test-data/spreadsheet/57181.xlsm,Detailed_report!R14,xl/worksheets/sheet3.xml:R14,0,[=0]?;[<4.16666666666667][hh]:mm:ss;[hh]:mm,1899-12-31,0,0,원시 수치 보존
poi-src/test-data/spreadsheet/57181.xlsm,Detailed_report!R15,xl/worksheets/sheet3.xml:R15,0,[=0]?;[<4.16666666666667][hh]:mm:ss;[hh]:mm,1899-12-31,0,0,원시 수치 보존
poi-src/test-data/spreadsheet/57181.xlsm,Detailed_report!R16,xl/worksheets/sheet3.xml:R16,0,[=0]?;[<4.16666666666667][hh]:mm:ss;[hh]:mm,1899-12-31,0,0,원시 수치 보존
poi-src/test-data/spreadsheet/57181.xlsm,Detailed_report!R17,xl/worksheets/sheet3.xml:R17,0,[=0]?;[<4.16666666666667][hh]:mm:ss;[hh]:mm,1899-12-31,0,0,원시 수치 보존
poi-src/test-data/spreadsheet/57181.xlsm,Detailed_report!R18,xl/worksheets/sheet3.xml:R18,0,[=0]?;[<4.16666666666667][hh]:mm:ss;[hh]:mm,1899-12-31,0,0,원시 수치 보존
poi-src/test-data/spreadsheet/57181.xlsm,Detailed_report!R19,xl/worksheets/sheet3.xml:R19,0,[=0]?;[<4.16666666666667][hh]:mm:ss;[hh]:mm,1899-12-31,0,0,원시 수치 보존
poi-src/test-data/spreadsheet/57181.xlsm,Detailed_report!R20,xl/worksheets/sheet3.xml:R20,0,[=0]?;[<4.16666666666667][hh]:mm:ss;[hh]:mm,1899-12-31,0,0,원시 수치 보존
poi-src/test-data/spreadsheet/57181.xlsm,Detailed_report!R21,xl/worksheets/sheet3.xml:R21,0,[=0]?;[<4.16666666666667][hh]:mm:ss;[hh]:mm,1899-12-31,0,0,원시 수치 보존
poi-src/test-data/spreadsheet/57181.xlsm,Detailed_report!R22,xl/worksheets/sheet3.xml:R22,0,[=0]?;[<4.16666666666667][hh]:mm:ss;[hh]:mm,1899-12-31,0,0,원시 수치 보존
poi-src/test-data/spreadsheet/57181.xlsm,Detailed_report!R23,xl/worksheets/sheet3.xml:R23,0,[=0]?;[<4.16666666666667][hh]:mm:ss;[hh]:mm,1899-12-31,0,0,원시 수치 보존
poi-src/test-data/spreadsheet/57181.xlsm,Detailed_report!R24,xl/worksheets/sheet3.xml:R24,0,[=0]?;[<4.16666666666667][hh]:mm:ss;[hh]:mm,1899-12-31,0,0,원시 수치 보존
poi-src/test-data/spreadsheet/57181.xlsm,Detailed_report!R25,xl/worksheets/sheet3.xml:R25,0,[=0]?;[<4.16666666666667][hh]:mm:ss;[hh]:mm,1899-12-31,0,0,원시 수치 보존
poi-src/test-data/spreadsheet/57181.xlsm,Detailed_report!R26,xl/worksheets/sheet3.xml:R26,0,[=0]?;[<4.16666666666667][hh]:mm:ss;[hh]:mm,1899-12-31,0,0,원시 수치 보존
poi-src/test-data/spreadsheet/57181.xlsm,Detailed_report!R27,xl/worksheets/sheet3.xml:R27,0,[=0]?;[<4.16666666666667][hh]:mm:ss;[hh]:mm,1899-12-31,0,0,원시 수치 보존
poi-src/test-data/spreadsheet/57181.xlsm,Detailed_report!R28,xl/worksheets/sheet3.xml:R28,0,[=0]?;[<4.16666666666667][hh]:mm:ss;[hh]:mm,1899-12-31,0,0,원시 수치 보존
poi-src/test-data/spreadsheet/57181.xlsm,Detailed_report!R29,xl/worksheets/sheet3.xml:R29,0,[=0]?;[<4.16666666666667][hh]:mm:ss;[hh]:mm,1899-12-31,0,0,원시 수치 보존
poi-src/test-data/spreadsheet/57181.xlsm,Detailed_report!R30,xl/worksheets/sheet3.xml:R30,0,[=0]?;[<4.16666666666667][hh]:mm:ss;[hh]:mm,1899-12-31,0,0,원시 수치 보존
poi-src/test-data/spreadsheet/57181.xlsm,Detailed_report!R31,xl/worksheets/sheet3.xml:R31,0,[=0]?;[<4.16666666666667][hh]:mm:ss;[hh]:mm,1899-12-31,0,0,원시 수치 보존
poi-src/test-data/spreadsheet/57181.xlsm,Detailed_report!R32,xl/worksheets/sheet3.xml:R32,0,[=0]?;[<4.16666666666667][hh]:mm:ss;[hh]:mm,1899-12-31,0,0,원시 수치 보존
poi-src/test-data/spreadsheet/57181.xlsm,Detailed_report!R33,xl/worksheets/sheet3.xml:R33,0,[=0]?;[<4.16666666666667][hh]:mm:ss;[hh]:mm,1899-12-31,0,0,원시 수치 보존
poi-src/test-data/spreadsheet/57181.xlsm,Detailed_report!R34,xl/worksheets/sheet3.xml:R34,0,[=0]?;[<4.16666666666667][hh]:mm:ss;[hh]:mm,1899-12-31,0,0,원시 수치 보존
poi-src/test-data/spreadsheet/57181.xlsm,Detailed_report!R35,xl/worksheets/sheet3.xml:R35,0,[=0]?;[<4.16666666666667][hh]:mm:ss;[hh]:mm,1899-12-31,0,0,원시 수치 보존
poi-src/test-data/spreadsheet/57181.xlsm,Detailed_report!R36,xl/worksheets/sheet3.xml:R36,0,[=0]?;[<4.16666666666667][hh]:mm:ss;[hh]:mm,1899-12-31,0,0,원시 수치 보존
poi-src/test-data/spreadsheet/57181.xlsm,Detailed_report!R37,xl/worksheets/sheet3.xml:R37,0,[=0]?;[<4.16666666666667][hh]:mm:ss;[hh]:mm,1899-12-31,0,0,원시 수치 보존
poi-src/test-data/spreadsheet/57181.xlsm,Detailed_report!R38,xl/worksheets/sheet3.xml:R38,0,[=0]?;[<4.16666666666667][hh]:mm:ss;[hh]:mm,1899-12-31,0,0,원시 수치 보존
poi-src/test-data/spreadsheet/57181.xlsm,Detailed_report!R39,xl/worksheets/sheet3.xml:R39,0,[=0]?;[<4.16666666666667][hh]:mm:ss;[hh]:mm,1899-12-31,0,0,원시 수치 보존
poi-src/test-data/spreadsheet/57181.xlsm,Detailed_report!R40,xl/worksheets/sheet3.xml:R40,0,[=0]?;[<4.16666666666667][hh]:mm:ss;[hh]:mm,1899-12-31,0,0,원시 수치 보존
poi-src/test-data/spreadsheet/57181.xlsm,Detailed_report!R41,xl/worksheets/sheet3.xml:R41,0,[=0]?;[<4.16666666666667][hh]:mm:ss;[hh]:mm,1899-12-31,0,0,원시 수치 보존
poi-src/test-data/spreadsheet/57181.xlsm,Detailed_report!R42,xl/worksheets/sheet3.xml:R42,0,[=0]?;[<4.16666666666667][hh]:mm:ss;[hh]:mm,1899-12-31,0,0,원시 수치 보존
poi-src/test-data/spreadsheet/57181.xlsm,Detailed_report!R43,xl/worksheets/sheet3.xml:R43,0,[=0]?;[<4.16666666666667][hh]:mm:ss;[hh]:mm,1899-12-31,0,0,원시 수치 보존
poi-src/test-data/spreadsheet/57181.xlsm,Detailed_report!R52,xl/worksheets/sheet3.xml:R52,0,[=0]?;[<4.16666666666667][hh]:mm:ss;[hh]:mm,1899-12-31,0,0,원시 수치 보존
poi-src/test-data/spreadsheet/57181.xlsm,Detailed_report!R53,xl/worksheets/sheet3.xml:R53,0,[=0]?;[<4.16666666666667][hh]:mm:ss;[hh]:mm,1899-12-31,0,0,원시 수치 보존
poi-src/test-data/spreadsheet/57181.xlsm,Detailed_report!R54,xl/worksheets/sheet3.xml:R54,0,[=0]?;[<4.16666666666667][hh]:mm:ss;[hh]:mm,1899-12-31,0,0,원시 수치 보존
poi-src/test-data/spreadsheet/57181.xlsm,Detailed_report!R55,xl/worksheets/sheet3.xml:R55,0,[=0]?;[<4.16666666666667][hh]:mm:ss;[hh]:mm,1899-12-31,0,0,원시 수치 보존
poi-src/test-data/spreadsheet/57181.xlsm,Detailed_report!R56,xl/worksheets/sheet3.xml:R56,0,[=0]?;[<4.16666666666667][hh]:mm:ss;[hh]:mm,1899-12-31,0,0,원시 수치 보존
poi-src/test-data/spreadsheet/57181.xlsm,Detailed_report!R57,xl/worksheets/sheet3.xml:R57,0,[=0]?;[<4.16666666666667][hh]:mm:ss;[hh]:mm,1899-12-31,0,0,원시 수치 보존
poi-src/test-data/spreadsheet/57181.xlsm,Detailed_report!R58,xl/worksheets/sheet3.xml:R58,0,[=0]?;[<4.16666666666667][hh]:mm:ss;[hh]:mm,1899-12-31,0,0,원시 수치 보존
poi-src/test-data/spreadsheet/57181.xlsm,Detailed_report!R59,xl/worksheets/sheet3.xml:R59,0,[=0]?;[<4.16666666666667][hh]:mm:ss;[hh]:mm,1899-12-31,0,0,원시 수치 보존
poi-src/test-data/spreadsheet/57181.xlsm,Detailed_report!R60,xl/worksheets/sheet3.xml:R60,0,[=0]?;[<4.16666666666667][hh]:mm:ss;[hh]:mm,1899-12-31,0,0,원시 수치 보존
poi-src/test-data/spreadsheet/57181.xlsm,Detailed_report!R61,xl/worksheets/sheet3.xml:R61,0,[=0]?;[<4.16666666666667][hh]:mm:ss;[hh]:mm,1899-12-31,0,0,원시 수치 보존
poi-src/test-data/spreadsheet/57181.xlsm,Detailed_report!R62,xl/worksheets/sheet3.xml:R62,0,[=0]?;[<4.16666666666667][hh]:mm:ss;[hh]:mm,1899-12-31,0,0,원시 수치 보존
poi-src/test-data/spreadsheet/57181.xlsm,Detailed_report!R63,xl/worksheets/sheet3.xml:R63,0,[=0]?;[<4.16666666666667][hh]:mm:ss;[hh]:mm,1899-12-31,0,0,원시 수치 보존
poi-src/test-data/spreadsheet/57181.xlsm,Detailed_report!R64,xl/worksheets/sheet3.xml:R64,0,[=0]?;[<4.16666666666667][hh]:mm:ss;[hh]:mm,1899-12-31,0,0,원시 수치 보존
poi-src/test-data/spreadsheet/57181.xlsm,Detailed_report!R65,xl/worksheets/sheet3.xml:R65,0,[=0]?;[<4.16666666666667][hh]:mm:ss;[hh]:mm,1899-12-31,0,0,원시 수치 보존
poi-src/test-data/spreadsheet/57181.xlsm,Detailed_report!R66,xl/worksheets/sheet3.xml:R66,0,[=0]?;[<4.16666666666667][hh]:mm:ss;[hh]:mm,1899-12-31,0,0,원시 수치 보존
poi-src/test-data/spreadsheet/57181.xlsm,Detailed_report!R67,xl/worksheets/sheet3.xml:R67,0,[=0]?;[<4.16666666666667][hh]:mm:ss;[hh]:mm,1899-12-31,0,0,원시 수치 보존
poi-src/test-data/spreadsheet/57181.xlsm,Detailed_report!R68,xl/worksheets/sheet3.xml:R68,0,[=0]?;[<4.16666666666667][hh]:mm:ss;[hh]:mm,1899-12-31,0,0,원시 수치 보존
poi-src/test-data/spreadsheet/57181.xlsm,Detailed_report!R69,xl/worksheets/sheet3.xml:R69,0,[=0]?;[<4.16666666666667][hh]:mm:ss;[hh]:mm,1899-12-31,0,0,원시 수치 보존
poi-src/test-data/spreadsheet/57181.xlsm,Detailed_report!R70,xl/worksheets/sheet3.xml:R70,0,[=0]?;[<4.16666666666667][hh]:mm:ss;[hh]:mm,1899-12-31,0,0,원시 수치 보존
poi-src/test-data/spreadsheet/57181.xlsm,Detailed_report!R71,xl/worksheets/sheet3.xml:R71,0,[=0]?;[<4.16666666666667][hh]:mm:ss;[hh]:mm,1899-12-31,0,0,원시 수치 보존
poi-src/test-data/spreadsheet/57181.xlsm,Detailed_report!R72,xl/worksheets/sheet3.xml:R72,0,[=0]?;[<4.16666666666667][hh]:mm:ss;[hh]:mm,1899-12-31,0,0,원시 수치 보존
poi-src/test-data/spreadsheet/57181.xlsm,Detailed_report!R73,xl/worksheets/sheet3.xml:R73,0,[=0]?;[<4.16666666666667][hh]:mm:ss;[hh]:mm,1899-12-31,0,0,원시 수치 보존
poi-src/test-data/spreadsheet/57181.xlsm,Detailed_report!R74,xl/worksheets/sheet3.xml:R74,0,[=0]?;[<4.16666666666667][hh]:mm:ss;[hh]:mm,1899-12-31,0,0,원시 수치 보존
poi-src/test-data/spreadsheet/57181.xlsm,Detailed_report!R75,xl/worksheets/sheet3.xml:R75,0,[=0]?;[<4.16666666666667][hh]:mm:ss;[hh]:mm,1899-12-31,0,0,원시 수치 보존
poi-src/test-data/spreadsheet/57181.xlsm,Detailed_report!R76,xl/worksheets/sheet3.xml:R76,0,[=0]?;[<4.16666666666667][hh]:mm:ss;[hh]:mm,1899-12-31,0,0,원시 수치 보존
poi-src/test-data/spreadsheet/57181.xlsm,Detailed_report!R77,xl/worksheets/sheet3.xml:R77,0,[=0]?;[<4.16666666666667][hh]:mm:ss;[hh]:mm,1899-12-31,0,0,원시 수치 보존
poi-src/test-data/spreadsheet/57181.xlsm,Detailed_report!R78,xl/worksheets/sheet3.xml:R78,0,[=0]?;[<4.16666666666667][hh]:mm:ss;[hh]:mm,1899-12-31,0,0,원시 수치 보존
poi-src/test-data/spreadsheet/57181.xlsm,Detailed_report!R79,xl/worksheets/sheet3.xml:R79,0,[=0]?;[<4.16666666666667][hh]:mm:ss;[hh]:mm,1899-12-31,0,0,원시 수치 보존
poi-src/test-data/spreadsheet/57181.xlsm,Detailed_report!R8,xl/worksheets/sheet3.xml:R8,0,[=0]?;[<4.16666666666667][hh]:mm:ss;[hh]:mm,1899-12-31,0,0,원시 수치 보존
poi-src/test-data/spreadsheet/57181.xlsm,Detailed_report!R80,xl/worksheets/sheet3.xml:R80,0,[=0]?;[<4.16666666666667][hh]:mm:ss;[hh]:mm,1899-12-31,0,0,원시 수치 보존
poi-src/test-data/spreadsheet/57181.xlsm,Detailed_report!R81,xl/worksheets/sheet3.xml:R81,0,[=0]?;[<4.16666666666667][hh]:mm:ss;[hh]:mm,1899-12-31,0,0,원시 수치 보존
poi-src/test-data/spreadsheet/57181.xlsm,Detailed_report!R82,xl/worksheets/sheet3.xml:R82,0,[=0]?;[<4.16666666666667][hh]:mm:ss;[hh]:mm,1899-12-31,0,0,원시 수치 보존
poi-src/test-data/spreadsheet/57181.xlsm,Detailed_report!R83,xl/worksheets/sheet3.xml:R83,0,[=0]?;[<4.16666666666667][hh]:mm:ss;[hh]:mm,1899-12-31,0,0,원시 수치 보존
poi-src/test-data/spreadsheet/57181.xlsm,Detailed_report!R84,xl/worksheets/sheet3.xml:R84,0,[=0]?;[<4.16666666666667][hh]:mm:ss;[hh]:mm,1899-12-31,0,0,원시 수치 보존
poi-src/test-data/spreadsheet/57181.xlsm,Detailed_report!R85,xl/worksheets/sheet3.xml:R85,0,[=0]?;[<4.16666666666667][hh]:mm:ss;[hh]:mm,1899-12-31,0,0,원시 수치 보존
poi-src/test-data/spreadsheet/57181.xlsm,Detailed_report!R86,xl/worksheets/sheet3.xml:R86,0,[=0]?;[<4.16666666666667][hh]:mm:ss;[hh]:mm,1899-12-31,0,0,원시 수치 보존
poi-src/test-data/spreadsheet/57181.xlsm,Detailed_report!R87,xl/worksheets/sheet3.xml:R87,0,[=0]?;[<4.16666666666667][hh]:mm:ss;[hh]:mm,1899-12-31,0,0,원시 수치 보존
poi-src/test-data/spreadsheet/57181.xlsm,Detailed_report!R9,xl/worksheets/sheet3.xml:R9,0,[=0]?;[<4.16666666666667][hh]:mm:ss;[hh]:mm,1899-12-31,0,0,원시 수치 보존
poi-src/test-data/spreadsheet/57181.xlsm,Detailed_report!R96,xl/worksheets/sheet3.xml:R96,0,[=0]?;[<4.16666666666667][hh]:mm:ss;[hh]:mm,1899-12-31,0,0,원시 수치 보존
poi-src/test-data/spreadsheet/57181.xlsm,Detailed_report!R97,xl/worksheets/sheet3.xml:R97,0,[=0]?;[<4.16666666666667][hh]:mm:ss;[hh]:mm,1899-12-31,0,0,원시 수치 보존
poi-src/test-data/spreadsheet/57181.xlsm,Detailed_report!R98,xl/worksheets/sheet3.xml:R98,0,[=0]?;[<4.16666666666667][hh]:mm:ss;[hh]:mm,1899-12-31,0,0,원시 수치 보존
poi-src/test-data/spreadsheet/57181.xlsm,Detailed_report!R99,xl/worksheets/sheet3.xml:R99,0,[=0]?;[<4.16666666666667][hh]:mm:ss;[hh]:mm,1899-12-31,0,0,원시 수치 보존
poi-src/test-data/spreadsheet/57181.xlsm,General!AA10,xl/worksheets/sheet2.xml:AA10,0,[=0]?;0%,0%,0,0,원시 수치 보존
poi-src/test-data/spreadsheet/57181.xlsm,General!AA12,xl/worksheets/sheet2.xml:AA12,0,[=0]?;0%,0%,0,0,원시 수치 보존
poi-src/test-data/spreadsheet/57181.xlsm,General!AA13,xl/worksheets/sheet2.xml:AA13,0,[=0]?;0%,0%,0,0,원시 수치 보존
poi-src/test-data/spreadsheet/57181.xlsm,General!AA131,xl/worksheets/sheet2.xml:AA131,0,[=0]?;0%,"0% (=MIN(AA8:AA39,AA52:AA83,AA96:AA127))","0 (=MIN(AA8:AA39,AA52:AA83,AA96:AA127))",0,원시 수치 보존
poi-src/test-data/spreadsheet/57181.xlsm,General!AA14,xl/worksheets/sheet2.xml:AA14,0,[=0]?;0%,0%,0,0,원시 수치 보존
poi-src/test-data/spreadsheet/57181.xlsm,General!AA15,xl/worksheets/sheet2.xml:AA15,0,[=0]?;0%,0%,0,0,원시 수치 보존
poi-src/test-data/spreadsheet/57181.xlsm,General!AA16,xl/worksheets/sheet2.xml:AA16,0,[=0]?;0%,0%,0,0,원시 수치 보존
poi-src/test-data/spreadsheet/57181.xlsm,General!AA17,xl/worksheets/sheet2.xml:AA17,0,[=0]?;0%,0%,0,0,원시 수치 보존
poi-src/test-data/spreadsheet/57181.xlsm,General!AA18,xl/worksheets/sheet2.xml:AA18,0,[=0]?;0%,0%,0,0,원시 수치 보존
poi-src/test-data/spreadsheet/57181.xlsm,General!AA19,xl/worksheets/sheet2.xml:AA19,0,[=0]?;0%,0%,0,0,원시 수치 보존
poi-src/test-data/spreadsheet/57181.xlsm,General!AA20,xl/worksheets/sheet2.xml:AA20,0,[=0]?;0%,0%,0,0,원시 수치 보존
poi-src/test-data/spreadsheet/57181.xlsm,General!AA21,xl/worksheets/sheet2.xml:AA21,0,[=0]?;0%,0%,0,0,원시 수치 보존
poi-src/test-data/spreadsheet/57181.xlsm,General!AA22,xl/worksheets/sheet2.xml:AA22,0,[=0]?;0%,0%,0,0,원시 수치 보존
poi-src/test-data/spreadsheet/57181.xlsm,General!AA23,xl/worksheets/sheet2.xml:AA23,0,[=0]?;0%,0%,0,0,원시 수치 보존
poi-src/test-data/spreadsheet/57181.xlsm,General!AA24,xl/worksheets/sheet2.xml:AA24,0,[=0]?;0%,0%,0,0,원시 수치 보존
poi-src/test-data/spreadsheet/57181.xlsm,General!AA25,xl/worksheets/sheet2.xml:AA25,0,[=0]?;0%,0%,0,0,원시 수치 보존
poi-src/test-data/spreadsheet/57181.xlsm,General!AA26,xl/worksheets/sheet2.xml:AA26,0,[=0]?;0%,0%,0,0,원시 수치 보존
poi-src/test-data/spreadsheet/57181.xlsm,General!AA27,xl/worksheets/sheet2.xml:AA27,0,[=0]?;0%,0%,0,0,원시 수치 보존
poi-src/test-data/spreadsheet/57181.xlsm,General!AA28,xl/worksheets/sheet2.xml:AA28,0,[=0]?;0%,0%,0,0,원시 수치 보존
poi-src/test-data/spreadsheet/57181.xlsm,General!AA29,xl/worksheets/sheet2.xml:AA29,0,[=0]?;0%,0%,0,0,원시 수치 보존
poi-src/test-data/spreadsheet/57181.xlsm,General!AA30,xl/worksheets/sheet2.xml:AA30,0,[=0]?;0%,0%,0,0,원시 수치 보존
poi-src/test-data/spreadsheet/57181.xlsm,General!AA31,xl/worksheets/sheet2.xml:AA31,0,[=0]?;0%,0%,0,0,원시 수치 보존
poi-src/test-data/spreadsheet/57181.xlsm,General!AA32,xl/worksheets/sheet2.xml:AA32,0,[=0]?;0%,0%,0,0,원시 수치 보존
poi-src/test-data/spreadsheet/57181.xlsm,General!AA33,xl/worksheets/sheet2.xml:AA33,0,[=0]?;0%,0%,0,0,원시 수치 보존
poi-src/test-data/spreadsheet/57181.xlsm,General!AA34,xl/worksheets/sheet2.xml:AA34,0,[=0]?;0%,0%,0,0,원시 수치 보존
poi-src/test-data/spreadsheet/57181.xlsm,General!AA35,xl/worksheets/sheet2.xml:AA35,0,[=0]?;0%,0%,0,0,원시 수치 보존
poi-src/test-data/spreadsheet/57181.xlsm,General!AA36,xl/worksheets/sheet2.xml:AA36,0,[=0]?;0%,0%,0,0,원시 수치 보존
poi-src/test-data/spreadsheet/57181.xlsm,General!AA37,xl/worksheets/sheet2.xml:AA37,0,[=0]?;0%,0%,0,0,원시 수치 보존
poi-src/test-data/spreadsheet/57181.xlsm,General!AA43,xl/worksheets/sheet2.xml:AA43,0,[=0]?;0%,0% (=MIN(AA8:AA39)),0 (=MIN(AA8:AA39)),0,원시 수치 보존
poi-src/test-data/spreadsheet/57181.xlsm,General!AA8,xl/worksheets/sheet2.xml:AA8,0,[=0]?;0%,0%,0,0,원시 수치 보존
poi-src/test-data/spreadsheet/57181.xlsm,General!AA87,xl/worksheets/sheet2.xml:AA87,0,[=0]?;0%,"0% (=MIN(AA8:AA39,AA52:AA83))","0 (=MIN(AA8:AA39,AA52:AA83))",0,원시 수치 보존
poi-src/test-data/spreadsheet/57181.xlsm,General!AA9,xl/worksheets/sheet2.xml:AA9,0,[=0]?;0%,0%,0,0,원시 수치 보존
poi-src/test-data/spreadsheet/57181.xlsm,General!AC10,xl/worksheets/sheet2.xml:AC10,0,[=0]?;0%,0%,0,0,원시 수치 보존
poi-src/test-data/spreadsheet/57181.xlsm,General!AC12,xl/worksheets/sheet2.xml:AC12,0,[=0]?;0%,0%,0,0,원시 수치 보존
poi-src/test-data/spreadsheet/57181.xlsm,General!AC13,xl/worksheets/sheet2.xml:AC13,0,[=0]?;0%,0%,0,0,원시 수치 보존
poi-src/test-data/spreadsheet/57181.xlsm,General!AC131,xl/worksheets/sheet2.xml:AC131,0,[=0]?;0%,"0% (=MIN(AC8:AC39,AC52:AC83,AC96:AC127))","0 (=MIN(AC8:AC39,AC52:AC83,AC96:AC127))",0,원시 수치 보존
poi-src/test-data/spreadsheet/57181.xlsm,General!AC14,xl/worksheets/sheet2.xml:AC14,0,[=0]?;0%,0%,0,0,원시 수치 보존
poi-src/test-data/spreadsheet/57181.xlsm,General!AC15,xl/worksheets/sheet2.xml:AC15,0,[=0]?;0%,0%,0,0,원시 수치 보존
poi-src/test-data/spreadsheet/57181.xlsm,General!AC16,xl/worksheets/sheet2.xml:AC16,0,[=0]?;0%,0%,0,0,원시 수치 보존
poi-src/test-data/spreadsheet/57181.xlsm,General!AC18,xl/worksheets/sheet2.xml:AC18,0,[=0]?;0%,0%,0,0,원시 수치 보존
poi-src/test-data/spreadsheet/57181.xlsm,General!AC19,xl/worksheets/sheet2.xml:AC19,0,[=0]?;0%,0%,0,0,원시 수치 보존
poi-src/test-data/spreadsheet/57181.xlsm,General!AC20,xl/worksheets/sheet2.xml:AC20,0,[=0]?;0%,0%,0,0,원시 수치 보존
poi-src/test-data/spreadsheet/57181.xlsm,General!AC21,xl/worksheets/sheet2.xml:AC21,0,[=0]?;0%,0%,0,0,원시 수치 보존
poi-src/test-data/spreadsheet/57181.xlsm,General!AC22,xl/worksheets/sheet2.xml:AC22,0,[=0]?;0%,0%,0,0,원시 수치 보존
poi-src/test-data/spreadsheet/57181.xlsm,General!AC23,xl/worksheets/sheet2.xml:AC23,0,[=0]?;0%,0%,0,0,원시 수치 보존
poi-src/test-data/spreadsheet/57181.xlsm,General!AC24,xl/worksheets/sheet2.xml:AC24,0,[=0]?;0%,0%,0,0,원시 수치 보존
poi-src/test-data/spreadsheet/57181.xlsm,General!AC25,xl/worksheets/sheet2.xml:AC25,0,[=0]?;0%,0%,0,0,원시 수치 보존
poi-src/test-data/spreadsheet/57181.xlsm,General!AC26,xl/worksheets/sheet2.xml:AC26,0,[=0]?;0%,0%,0,0,원시 수치 보존
poi-src/test-data/spreadsheet/57181.xlsm,General!AC27,xl/worksheets/sheet2.xml:AC27,0,[=0]?;0%,0%,0,0,원시 수치 보존
poi-src/test-data/spreadsheet/57181.xlsm,General!AC28,xl/worksheets/sheet2.xml:AC28,0,[=0]?;0%,0%,0,0,원시 수치 보존
poi-src/test-data/spreadsheet/57181.xlsm,General!AC29,xl/worksheets/sheet2.xml:AC29,0,[=0]?;0%,0%,0,0,원시 수치 보존
poi-src/test-data/spreadsheet/57181.xlsm,General!AC30,xl/worksheets/sheet2.xml:AC30,0,[=0]?;0%,0%,0,0,원시 수치 보존
poi-src/test-data/spreadsheet/57181.xlsm,General!AC31,xl/worksheets/sheet2.xml:AC31,0,[=0]?;0%,0%,0,0,원시 수치 보존
poi-src/test-data/spreadsheet/57181.xlsm,General!AC32,xl/worksheets/sheet2.xml:AC32,0,[=0]?;0%,0%,0,0,원시 수치 보존
poi-src/test-data/spreadsheet/57181.xlsm,General!AC33,xl/worksheets/sheet2.xml:AC33,0,[=0]?;0%,0%,0,0,원시 수치 보존
poi-src/test-data/spreadsheet/57181.xlsm,General!AC34,xl/worksheets/sheet2.xml:AC34,0,[=0]?;0%,0%,0,0,원시 수치 보존
poi-src/test-data/spreadsheet/57181.xlsm,General!AC35,xl/worksheets/sheet2.xml:AC35,0,[=0]?;0%,0%,0,0,원시 수치 보존
poi-src/test-data/spreadsheet/57181.xlsm,General!AC36,xl/worksheets/sheet2.xml:AC36,0,[=0]?;0%,0%,0,0,원시 수치 보존
poi-src/test-data/spreadsheet/57181.xlsm,General!AC37,xl/worksheets/sheet2.xml:AC37,0,[=0]?;0%,0%,0,0,원시 수치 보존
poi-src/test-data/spreadsheet/57181.xlsm,General!AC43,xl/worksheets/sheet2.xml:AC43,0,[=0]?;0%,0% (=MIN(AC8:AC39)),0 (=MIN(AC8:AC39)),0,원시 수치 보존
poi-src/test-data/spreadsheet/57181.xlsm,General!AC8,xl/worksheets/sheet2.xml:AC8,0,[=0]?;0%,0%,0,0,원시 수치 보존
poi-src/test-data/spreadsheet/57181.xlsm,General!AC87,xl/worksheets/sheet2.xml:AC87,0,[=0]?;0%,"0% (=MIN(AC8:AC39,AC52:AC83))","0 (=MIN(AC8:AC39,AC52:AC83))",0,원시 수치 보존
poi-src/test-data/spreadsheet/57181.xlsm,General!AC9,xl/worksheets/sheet2.xml:AC9,0,[=0]?;0%,0%,0,0,원시 수치 보존
poi-src/test-data/spreadsheet/57181.xlsm,General!AE10,xl/worksheets/sheet2.xml:AE10,0,[=0]?;0%,0%,0,0,원시 수치 보존
poi-src/test-data/spreadsheet/57181.xlsm,General!AE11,xl/worksheets/sheet2.xml:AE11,0,[=0]?;0%,0%,0,0,원시 수치 보존
poi-src/test-data/spreadsheet/57181.xlsm,General!AE12,xl/worksheets/sheet2.xml:AE12,0,[=0]?;0%,0%,0,0,원시 수치 보존
poi-src/test-data/spreadsheet/57181.xlsm,General!AE13,xl/worksheets/sheet2.xml:AE13,0,[=0]?;0%,0%,0,0,원시 수치 보존
poi-src/test-data/spreadsheet/57181.xlsm,General!AE130,xl/worksheets/sheet2.xml:AE130,0,[=0]?;0%,"0% (=MAX(AE8:AE39,AE52:AE83,AE96:AE127))","0 (=MAX(AE8:AE39,AE52:AE83,AE96:AE127))",0,원시 수치 보존
poi-src/test-data/spreadsheet/57181.xlsm,General!AE131,xl/worksheets/sheet2.xml:AE131,0,[=0]?;0%,"0% (=MIN(AE8:AE39,AE52:AE83,AE96:AE127))","0 (=MIN(AE8:AE39,AE52:AE83,AE96:AE127))",0,원시 수치 보존
poi-src/test-data/spreadsheet/57181.xlsm,General!AE14,xl/worksheets/sheet2.xml:AE14,0,[=0]?;0%,0%,0,0,원시 수치 보존
poi-src/test-data/spreadsheet/57181.xlsm,General!AE15,xl/worksheets/sheet2.xml:AE15,0,[=0]?;0%,0%,0,0,원시 수치 보존
poi-src/test-data/spreadsheet/57181.xlsm,General!AE16,xl/worksheets/sheet2.xml:AE16,0,[=0]?;0%,0%,0,0,원시 수치 보존
poi-src/test-data/spreadsheet/57181.xlsm,General!AE17,xl/worksheets/sheet2.xml:AE17,0,[=0]?;0%,0%,0,0,원시 수치 보존
poi-src/test-data/spreadsheet/57181.xlsm,General!AE18,xl/worksheets/sheet2.xml:AE18,0,[=0]?;0%,0%,0,0,원시 수치 보존
poi-src/test-data/spreadsheet/57181.xlsm,General!AE19,xl/worksheets/sheet2.xml:AE19,0,[=0]?;0%,0%,0,0,원시 수치 보존
poi-src/test-data/spreadsheet/57181.xlsm,General!AE20,xl/worksheets/sheet2.xml:AE20,0,[=0]?;0%,0%,0,0,원시 수치 보존
poi-src/test-data/spreadsheet/57181.xlsm,General!AE21,xl/worksheets/sheet2.xml:AE21,0,[=0]?;0%,0%,0,0,원시 수치 보존
poi-src/test-data/spreadsheet/57181.xlsm,General!AE22,xl/worksheets/sheet2.xml:AE22,0,[=0]?;0%,0%,0,0,원시 수치 보존
poi-src/test-data/spreadsheet/57181.xlsm,General!AE23,xl/worksheets/sheet2.xml:AE23,0,[=0]?;0%,0%,0,0,원시 수치 보존
poi-src/test-data/spreadsheet/57181.xlsm,General!AE24,xl/worksheets/sheet2.xml:AE24,0,[=0]?;0%,0%,0,0,원시 수치 보존
poi-src/test-data/spreadsheet/57181.xlsm,General!AE25,xl/worksheets/sheet2.xml:AE25,0,[=0]?;0%,0%,0,0,원시 수치 보존
poi-src/test-data/spreadsheet/57181.xlsm,General!AE26,xl/worksheets/sheet2.xml:AE26,0,[=0]?;0%,0%,0,0,원시 수치 보존
poi-src/test-data/spreadsheet/57181.xlsm,General!AE27,xl/worksheets/sheet2.xml:AE27,0,[=0]?;0%,0%,0,0,원시 수치 보존
poi-src/test-data/spreadsheet/57181.xlsm,General!AE28,xl/worksheets/sheet2.xml:AE28,0,[=0]?;0%,0%,0,0,원시 수치 보존
poi-src/test-data/spreadsheet/57181.xlsm,General!AE29,xl/worksheets/sheet2.xml:AE29,0,[=0]?;0%,0%,0,0,원시 수치 보존
poi-src/test-data/spreadsheet/57181.xlsm,General!AE30,xl/worksheets/sheet2.xml:AE30,0,[=0]?;0%,0%,0,0,원시 수치 보존
poi-src/test-data/spreadsheet/57181.xlsm,General!AE31,xl/worksheets/sheet2.xml:AE31,0,[=0]?;0%,0%,0,0,원시 수치 보존
poi-src/test-data/spreadsheet/57181.xlsm,General!AE32,xl/worksheets/sheet2.xml:AE32,0,[=0]?;0%,0%,0,0,원시 수치 보존
poi-src/test-data/spreadsheet/57181.xlsm,General!AE33,xl/worksheets/sheet2.xml:AE33,0,[=0]?;0%,0%,0,0,원시 수치 보존
poi-src/test-data/spreadsheet/57181.xlsm,General!AE34,xl/worksheets/sheet2.xml:AE34,0,[=0]?;0%,0%,0,0,원시 수치 보존
poi-src/test-data/spreadsheet/57181.xlsm,General!AE35,xl/worksheets/sheet2.xml:AE35,0,[=0]?;0%,0%,0,0,원시 수치 보존
poi-src/test-data/spreadsheet/57181.xlsm,General!AE36,xl/worksheets/sheet2.xml:AE36,0,[=0]?;0%,0%,0,0,원시 수치 보존
poi-src/test-data/spreadsheet/57181.xlsm,General!AE37,xl/worksheets/sheet2.xml:AE37,0,[=0]?;0%,0%,0,0,원시 수치 보존
poi-src/test-data/spreadsheet/57181.xlsm,General!AE42,xl/worksheets/sheet2.xml:AE42,0,[=0]?;0%,0% (=MAX(AE8:AE39)),0 (=MAX(AE8:AE39)),0,원시 수치 보존
poi-src/test-data/spreadsheet/57181.xlsm,General!AE43,xl/worksheets/sheet2.xml:AE43,0,[=0]?;0%,0% (=MIN(AE8:AE39)),0 (=MIN(AE8:AE39)),0,원시 수치 보존
poi-src/test-data/spreadsheet/57181.xlsm,General!AE8,xl/worksheets/sheet2.xml:AE8,0,[=0]?;0%,0%,0,0,원시 수치 보존
poi-src/test-data/spreadsheet/57181.xlsm,General!AE86,xl/worksheets/sheet2.xml:AE86,0,[=0]?;0%,"0% (=MAX(AE8:AE39,AE52:AE83))","0 (=MAX(AE8:AE39,AE52:AE83))",0,원시 수치 보존
poi-src/test-data/spreadsheet/57181.xlsm,General!AE87,xl/worksheets/sheet2.xml:AE87,0,[=0]?;0%,"0% (=MIN(AE8:AE39,AE52:AE83))","0 (=MIN(AE8:AE39,AE52:AE83))",0,원시 수치 보존
poi-src/test-data/spreadsheet/57181.xlsm,General!AE9,xl/worksheets/sheet2.xml:AE9,0,[=0]?;0%,0%,0,0,원시 수치 보존
poi-src/test-data/spreadsheet/57181.xlsm,General!AG10,xl/worksheets/sheet2.xml:AG10,0,[=0]?;0%,0%,0,0,원시 수치 보존
poi-src/test-data/spreadsheet/57181.xlsm,General!AG11,xl/worksheets/sheet2.xml:AG11,0,[=0]?;0%,0%,0,0,원시 수치 보존
poi-src/test-data/spreadsheet/57181.xlsm,General!AG12,xl/worksheets/sheet2.xml:AG12,0,[=0]?;0%,0%,0,0,원시 수치 보존
poi-src/test-data/spreadsheet/57181.xlsm,General!AG13,xl/worksheets/sheet2.xml:AG13,0,[=0]?;0%,0%,0,0,원시 수치 보존
poi-src/test-data/spreadsheet/57181.xlsm,General!AG130,xl/worksheets/sheet2.xml:AG130,0,[=0]?;0%,"0% (=MAX(AG8:AG39,AG52:AG83,AG96:AG127))","0 (=MAX(AG8:AG39,AG52:AG83,AG96:AG127))",0,원시 수치 보존
poi-src/test-data/spreadsheet/57181.xlsm,General!AG131,xl/worksheets/sheet2.xml:AG131,0,[=0]?;0%,"0% (=MIN(AG8:AG39,AG52:AG83,AG96:AG127))","0 (=MIN(AG8:AG39,AG52:AG83,AG96:AG127))",0,원시 수치 보존
poi-src/test-data/spreadsheet/57181.xlsm,General!AG14,xl/worksheets/sheet2.xml:AG14,0,[=0]?;0%,0%,0,0,원시 수치 보존
poi-src/test-data/spreadsheet/57181.xlsm,General!AG15,xl/worksheets/sheet2.xml:AG15,0,[=0]?;0%,0%,0,0,원시 수치 보존
poi-src/test-data/spreadsheet/57181.xlsm,General!AG16,xl/worksheets/sheet2.xml:AG16,0,[=0]?;0%,0%,0,0,원시 수치 보존
poi-src/test-data/spreadsheet/57181.xlsm,General!AG17,xl/worksheets/sheet2.xml:AG17,0,[=0]?;0%,0%,0,0,원시 수치 보존
poi-src/test-data/spreadsheet/57181.xlsm,General!AG18,xl/worksheets/sheet2.xml:AG18,0,[=0]?;0%,0%,0,0,원시 수치 보존
poi-src/test-data/spreadsheet/57181.xlsm,General!AG19,xl/worksheets/sheet2.xml:AG19,0,[=0]?;0%,0%,0,0,원시 수치 보존
poi-src/test-data/spreadsheet/57181.xlsm,General!AG20,xl/worksheets/sheet2.xml:AG20,0,[=0]?;0%,0%,0,0,원시 수치 보존
poi-src/test-data/spreadsheet/57181.xlsm,General!AG21,xl/worksheets/sheet2.xml:AG21,0,[=0]?;0%,0%,0,0,원시 수치 보존
poi-src/test-data/spreadsheet/57181.xlsm,General!AG22,xl/worksheets/sheet2.xml:AG22,0,[=0]?;0%,0%,0,0,원시 수치 보존
poi-src/test-data/spreadsheet/57181.xlsm,General!AG23,xl/worksheets/sheet2.xml:AG23,0,[=0]?;0%,0%,0,0,원시 수치 보존
poi-src/test-data/spreadsheet/57181.xlsm,General!AG24,xl/worksheets/sheet2.xml:AG24,0,[=0]?;0%,0%,0,0,원시 수치 보존
poi-src/test-data/spreadsheet/57181.xlsm,General!AG25,xl/worksheets/sheet2.xml:AG25,0,[=0]?;0%,0%,0,0,원시 수치 보존
poi-src/test-data/spreadsheet/57181.xlsm,General!AG26,xl/worksheets/sheet2.xml:AG26,0,[=0]?;0%,0%,0,0,원시 수치 보존
poi-src/test-data/spreadsheet/57181.xlsm,General!AG27,xl/worksheets/sheet2.xml:AG27,0,[=0]?;0%,0%,0,0,원시 수치 보존
poi-src/test-data/spreadsheet/57181.xlsm,General!AG28,xl/worksheets/sheet2.xml:AG28,0,[=0]?;0%,0%,0,0,원시 수치 보존
poi-src/test-data/spreadsheet/57181.xlsm,General!AG29,xl/worksheets/sheet2.xml:AG29,0,[=0]?;0%,0%,0,0,원시 수치 보존
poi-src/test-data/spreadsheet/57181.xlsm,General!AG30,xl/worksheets/sheet2.xml:AG30,0,[=0]?;0%,0%,0,0,원시 수치 보존
poi-src/test-data/spreadsheet/57181.xlsm,General!AG31,xl/worksheets/sheet2.xml:AG31,0,[=0]?;0%,0%,0,0,원시 수치 보존
poi-src/test-data/spreadsheet/57181.xlsm,General!AG32,xl/worksheets/sheet2.xml:AG32,0,[=0]?;0%,0%,0,0,원시 수치 보존
poi-src/test-data/spreadsheet/57181.xlsm,General!AG33,xl/worksheets/sheet2.xml:AG33,0,[=0]?;0%,0%,0,0,원시 수치 보존
poi-src/test-data/spreadsheet/57181.xlsm,General!AG34,xl/worksheets/sheet2.xml:AG34,0,[=0]?;0%,0%,0,0,원시 수치 보존
poi-src/test-data/spreadsheet/57181.xlsm,General!AG35,xl/worksheets/sheet2.xml:AG35,0,[=0]?;0%,0%,0,0,원시 수치 보존
poi-src/test-data/spreadsheet/57181.xlsm,General!AG36,xl/worksheets/sheet2.xml:AG36,0,[=0]?;0%,0%,0,0,원시 수치 보존
poi-src/test-data/spreadsheet/57181.xlsm,General!AG37,xl/worksheets/sheet2.xml:AG37,0,[=0]?;0%,0%,0,0,원시 수치 보존
poi-src/test-data/spreadsheet/57181.xlsm,General!AG42,xl/worksheets/sheet2.xml:AG42,0,[=0]?;0%,0% (=MAX(AG8:AG39)),0 (=MAX(AG8:AG39)),0,원시 수치 보존
poi-src/test-data/spreadsheet/57181.xlsm,General!AG43,xl/worksheets/sheet2.xml:AG43,0,[=0]?;0%,0% (=MIN(AG8:AG39)),0 (=MIN(AG8:AG39)),0,원시 수치 보존
poi-src/test-data/spreadsheet/57181.xlsm,General!AG8,xl/worksheets/sheet2.xml:AG8,0,[=0]?;0%,0%,0,0,원시 수치 보존
poi-src/test-data/spreadsheet/57181.xlsm,General!AG86,xl/worksheets/sheet2.xml:AG86,0,[=0]?;0%,"0% (=MAX(AG8:AG39,AG52:AG83))","0 (=MAX(AG8:AG39,AG52:AG83))",0,원시 수치 보존
poi-src/test-data/spreadsheet/57181.xlsm,General!AG87,xl/worksheets/sheet2.xml:AG87,0,[=0]?;0%,"0% (=MIN(AG8:AG39,AG52:AG83))","0 (=MIN(AG8:AG39,AG52:AG83))",0,원시 수치 보존
poi-src/test-data/spreadsheet/57181.xlsm,General!AG9,xl/worksheets/sheet2.xml:AG9,0,[=0]?;0%,0%,0,0,원시 수치 보존
poi-src/test-data/spreadsheet/57181.xlsm,General!AI10,xl/worksheets/sheet2.xml:AI10,0,[=0]?;0%,0%,0,0,원시 수치 보존
poi-src/test-data/spreadsheet/57181.xlsm,General!AI11,xl/worksheets/sheet2.xml:AI11,0,[=0]?;0%,0%,0,0,원시 수치 보존
poi-src/test-data/spreadsheet/57181.xlsm,General!AI12,xl/worksheets/sheet2.xml:AI12,0,[=0]?;0%,0%,0,0,원시 수치 보존
poi-src/test-data/spreadsheet/57181.xlsm,General!AI13,xl/worksheets/sheet2.xml:AI13,0,[=0]?;0%,0%,0,0,원시 수치 보존
poi-src/test-data/spreadsheet/57181.xlsm,General!AI130,xl/worksheets/sheet2.xml:AI130,0,[=0]?;0%,"0% (=MAX(AI8:AI39,AI52:AI83,AI96:AI127))","0 (=MAX(AI8:AI39,AI52:AI83,AI96:AI127))",0,원시 수치 보존
poi-src/test-data/spreadsheet/57181.xlsm,General!AI131,xl/worksheets/sheet2.xml:AI131,0,[=0]?;0%,"0% (=MIN(AI8:AI39,AI52:AI83,AI96:AI127))","0 (=MIN(AI8:AI39,AI52:AI83,AI96:AI127))",0,원시 수치 보존
poi-src/test-data/spreadsheet/57181.xlsm,General!AI14,xl/worksheets/sheet2.xml:AI14,0,[=0]?;0%,0%,0,0,원시 수치 보존
poi-src/test-data/spreadsheet/57181.xlsm,General!AI15,xl/worksheets/sheet2.xml:AI15,0,[=0]?;0%,0%,0,0,원시 수치 보존
poi-src/test-data/spreadsheet/57181.xlsm,General!AI16,xl/worksheets/sheet2.xml:AI16,0,[=0]?;0%,0%,0,0,원시 수치 보존
poi-src/test-data/spreadsheet/57181.xlsm,General!AI17,xl/worksheets/sheet2.xml:AI17,0,[=0]?;0%,0%,0,0,원시 수치 보존
poi-src/test-data/spreadsheet/57181.xlsm,General!AI18,xl/worksheets/sheet2.xml:AI18,0,[=0]?;0%,0%,0,0,원시 수치 보존
poi-src/test-data/spreadsheet/57181.xlsm,General!AI19,xl/worksheets/sheet2.xml:AI19,0,[=0]?;0%,0%,0,0,원시 수치 보존
poi-src/test-data/spreadsheet/57181.xlsm,General!AI20,xl/worksheets/sheet2.xml:AI20,0,[=0]?;0%,0%,0,0,원시 수치 보존
poi-src/test-data/spreadsheet/57181.xlsm,General!AI21,xl/worksheets/sheet2.xml:AI21,0,[=0]?;0%,0%,0,0,원시 수치 보존
poi-src/test-data/spreadsheet/57181.xlsm,General!AI22,xl/worksheets/sheet2.xml:AI22,0,[=0]?;0%,0%,0,0,원시 수치 보존
poi-src/test-data/spreadsheet/57181.xlsm,General!AI23,xl/worksheets/sheet2.xml:AI23,0,[=0]?;0%,0%,0,0,원시 수치 보존
poi-src/test-data/spreadsheet/57181.xlsm,General!AI24,xl/worksheets/sheet2.xml:AI24,0,[=0]?;0%,0%,0,0,원시 수치 보존
poi-src/test-data/spreadsheet/57181.xlsm,General!AI25,xl/worksheets/sheet2.xml:AI25,0,[=0]?;0%,0%,0,0,원시 수치 보존
poi-src/test-data/spreadsheet/57181.xlsm,General!AI26,xl/worksheets/sheet2.xml:AI26,0,[=0]?;0%,0%,0,0,원시 수치 보존
poi-src/test-data/spreadsheet/57181.xlsm,General!AI27,xl/worksheets/sheet2.xml:AI27,0,[=0]?;0%,0%,0,0,원시 수치 보존
poi-src/test-data/spreadsheet/57181.xlsm,General!AI28,xl/worksheets/sheet2.xml:AI28,0,[=0]?;0%,0%,0,0,원시 수치 보존
poi-src/test-data/spreadsheet/57181.xlsm,General!AI29,xl/worksheets/sheet2.xml:AI29,0,[=0]?;0%,0%,0,0,원시 수치 보존
poi-src/test-data/spreadsheet/57181.xlsm,General!AI30,xl/worksheets/sheet2.xml:AI30,0,[=0]?;0%,0%,0,0,원시 수치 보존
poi-src/test-data/spreadsheet/57181.xlsm,General!AI31,xl/worksheets/sheet2.xml:AI31,0,[=0]?;0%,0%,0,0,원시 수치 보존
poi-src/test-data/spreadsheet/57181.xlsm,General!AI32,xl/worksheets/sheet2.xml:AI32,0,[=0]?;0%,0%,0,0,원시 수치 보존
poi-src/test-data/spreadsheet/57181.xlsm,General!AI33,xl/worksheets/sheet2.xml:AI33,0,[=0]?;0%,0%,0,0,원시 수치 보존
poi-src/test-data/spreadsheet/57181.xlsm,General!AI34,xl/worksheets/sheet2.xml:AI34,0,[=0]?;0%,0%,0,0,원시 수치 보존
poi-src/test-data/spreadsheet/57181.xlsm,General!AI35,xl/worksheets/sheet2.xml:AI35,0,[=0]?;0%,0%,0,0,원시 수치 보존
poi-src/test-data/spreadsheet/57181.xlsm,General!AI36,xl/worksheets/sheet2.xml:AI36,0,[=0]?;0%,0%,0,0,원시 수치 보존
poi-src/test-data/spreadsheet/57181.xlsm,General!AI37,xl/worksheets/sheet2.xml:AI37,0,[=0]?;0%,0%,0,0,원시 수치 보존
poi-src/test-data/spreadsheet/57181.xlsm,General!AI42,xl/worksheets/sheet2.xml:AI42,0,[=0]?;0%,0% (=MAX(AI8:AI39)),0 (=MAX(AI8:AI39)),0,원시 수치 보존
poi-src/test-data/spreadsheet/57181.xlsm,General!AI43,xl/worksheets/sheet2.xml:AI43,0,[=0]?;0%,0% (=MIN(AI8:AI39)),0 (=MIN(AI8:AI39)),0,원시 수치 보존
poi-src/test-data/spreadsheet/57181.xlsm,General!AI8,xl/worksheets/sheet2.xml:AI8,0,[=0]?;0%,0%,0,0,원시 수치 보존
poi-src/test-data/spreadsheet/57181.xlsm,General!AI86,xl/worksheets/sheet2.xml:AI86,0,[=0]?;0%,"0% (=MAX(AI8:AI39,AI52:AI83))","0 (=MAX(AI8:AI39,AI52:AI83))",0,원시 수치 보존
poi-src/test-data/spreadsheet/57181.xlsm,General!AI87,xl/worksheets/sheet2.xml:AI87,0,[=0]?;0%,"0% (=MIN(AI8:AI39,AI52:AI83))","0 (=MIN(AI8:AI39,AI52:AI83))",0,원시 수치 보존
poi-src/test-data/spreadsheet/57181.xlsm,General!AI9,xl/worksheets/sheet2.xml:AI9,0,[=0]?;0%,0%,0,0,원시 수치 보존
poi-src/test-data/spreadsheet/57181.xlsm,General!AW10,xl/worksheets/sheet2.xml:AW10,0,[=0]?;0%,0%,0,0,원시 수치 보존
poi-src/test-data/spreadsheet/57181.xlsm,General!AW11,xl/worksheets/sheet2.xml:AW11,0,[=0]?;0%,0%,0,0,원시 수치 보존
poi-src/test-data/spreadsheet/57181.xlsm,General!AW12,xl/worksheets/sheet2.xml:AW12,0,[=0]?;0%,0%,0,0,원시 수치 보존
poi-src/test-data/spreadsheet/57181.xlsm,General!AW13,xl/worksheets/sheet2.xml:AW13,0,[=0]?;0%,0%,0,0,원시 수치 보존
poi-src/test-data/spreadsheet/57181.xlsm,General!AW130,xl/worksheets/sheet2.xml:AW130,0,[=0]?;0%,"0% (=MAX(AW8:AW39,AW52:AW83,AW96:AW127))","0 (=MAX(AW8:AW39,AW52:AW83,AW96:AW127))",0,원시 수치 보존
poi-src/test-data/spreadsheet/57181.xlsm,General!AW131,xl/worksheets/sheet2.xml:AW131,0,[=0]?;0%,"0% (=MIN(AW8:AW39,AW52:AW83,AW96:AW127))","0 (=MIN(AW8:AW39,AW52:AW83,AW96:AW127))",0,원시 수치 보존
poi-src/test-data/spreadsheet/57181.xlsm,General!AW14,xl/worksheets/sheet2.xml:AW14,0,[=0]?;0%,0%,0,0,원시 수치 보존
poi-src/test-data/spreadsheet/57181.xlsm,General!AW15,xl/worksheets/sheet2.xml:AW15,0,[=0]?;0%,0%,0,0,원시 수치 보존
poi-src/test-data/spreadsheet/57181.xlsm,General!AW16,xl/worksheets/sheet2.xml:AW16,0,[=0]?;0%,0%,0,0,원시 수치 보존
poi-src/test-data/spreadsheet/57181.xlsm,General!AW17,xl/worksheets/sheet2.xml:AW17,0,[=0]?;0%,0%,0,0,원시 수치 보존
poi-src/test-data/spreadsheet/57181.xlsm,General!AW18,xl/worksheets/sheet2.xml:AW18,0,[=0]?;0%,0%,0,0,원시 수치 보존
poi-src/test-data/spreadsheet/57181.xlsm,General!AW19,xl/worksheets/sheet2.xml:AW19,0,[=0]?;0%,0%,0,0,원시 수치 보존
poi-src/test-data/spreadsheet/57181.xlsm,General!AW20,xl/worksheets/sheet2.xml:AW20,0,[=0]?;0%,0%,0,0,원시 수치 보존
poi-src/test-data/spreadsheet/57181.xlsm,General!AW21,xl/worksheets/sheet2.xml:AW21,0,[=0]?;0%,0%,0,0,원시 수치 보존
poi-src/test-data/spreadsheet/57181.xlsm,General!AW22,xl/worksheets/sheet2.xml:AW22,0,[=0]?;0%,0%,0,0,원시 수치 보존
poi-src/test-data/spreadsheet/57181.xlsm,General!AW23,xl/worksheets/sheet2.xml:AW23,0,[=0]?;0%,0%,0,0,원시 수치 보존
poi-src/test-data/spreadsheet/57181.xlsm,General!AW24,xl/worksheets/sheet2.xml:AW24,0,[=0]?;0%,0%,0,0,원시 수치 보존
poi-src/test-data/spreadsheet/57181.xlsm,General!AW25,xl/worksheets/sheet2.xml:AW25,0,[=0]?;0%,0%,0,0,원시 수치 보존
poi-src/test-data/spreadsheet/57181.xlsm,General!AW26,xl/worksheets/sheet2.xml:AW26,0,[=0]?;0%,0%,0,0,원시 수치 보존
poi-src/test-data/spreadsheet/57181.xlsm,General!AW27,xl/worksheets/sheet2.xml:AW27,0,[=0]?;0%,0%,0,0,원시 수치 보존
poi-src/test-data/spreadsheet/57181.xlsm,General!AW28,xl/worksheets/sheet2.xml:AW28,0,[=0]?;0%,0%,0,0,원시 수치 보존
poi-src/test-data/spreadsheet/57181.xlsm,General!AW29,xl/worksheets/sheet2.xml:AW29,0,[=0]?;0%,0%,0,0,원시 수치 보존
poi-src/test-data/spreadsheet/57181.xlsm,General!AW30,xl/worksheets/sheet2.xml:AW30,0,[=0]?;0%,0%,0,0,원시 수치 보존
poi-src/test-data/spreadsheet/57181.xlsm,General!AW31,xl/worksheets/sheet2.xml:AW31,0,[=0]?;0%,0%,0,0,원시 수치 보존
poi-src/test-data/spreadsheet/57181.xlsm,General!AW32,xl/worksheets/sheet2.xml:AW32,0,[=0]?;0%,0%,0,0,원시 수치 보존
poi-src/test-data/spreadsheet/57181.xlsm,General!AW33,xl/worksheets/sheet2.xml:AW33,0,[=0]?;0%,0%,0,0,원시 수치 보존
poi-src/test-data/spreadsheet/57181.xlsm,General!AW34,xl/worksheets/sheet2.xml:AW34,0,[=0]?;0%,0%,0,0,원시 수치 보존
poi-src/test-data/spreadsheet/57181.xlsm,General!AW35,xl/worksheets/sheet2.xml:AW35,0,[=0]?;0%,0%,0,0,원시 수치 보존
poi-src/test-data/spreadsheet/57181.xlsm,General!AW36,xl/worksheets/sheet2.xml:AW36,0,[=0]?;0%,0%,0,0,원시 수치 보존
poi-src/test-data/spreadsheet/57181.xlsm,General!AW37,xl/worksheets/sheet2.xml:AW37,0,[=0]?;0%,0%,0,0,원시 수치 보존
poi-src/test-data/spreadsheet/57181.xlsm,General!AW42,xl/worksheets/sheet2.xml:AW42,0,[=0]?;0%,0% (=MAX(AW8:AW39)),0 (=MAX(AW8:AW39)),0,원시 수치 보존
poi-src/test-data/spreadsheet/57181.xlsm,General!AW43,xl/worksheets/sheet2.xml:AW43,0,[=0]?;0%,0% (=MIN(AW8:AW39)),0 (=MIN(AW8:AW39)),0,원시 수치 보존
poi-src/test-data/spreadsheet/57181.xlsm,General!AW8,xl/worksheets/sheet2.xml:AW8,0,[=0]?;0%,0%,0,0,원시 수치 보존
poi-src/test-data/spreadsheet/57181.xlsm,General!AW86,xl/worksheets/sheet2.xml:AW86,0,[=0]?;0%,"0% (=MAX(AW8:AW39,AW52:AW83))","0 (=MAX(AW8:AW39,AW52:AW83))",0,원시 수치 보존
poi-src/test-data/spreadsheet/57181.xlsm,General!AW87,xl/worksheets/sheet2.xml:AW87,0,[=0]?;0%,"0% (=MIN(AW8:AW39,AW52:AW83))","0 (=MIN(AW8:AW39,AW52:AW83))",0,원시 수치 보존
poi-src/test-data/spreadsheet/57181.xlsm,General!AW9,xl/worksheets/sheet2.xml:AW9,0,[=0]?;0%,0%,0,0,원시 수치 보존
poi-src/test-data/spreadsheet/57181.xlsm,General!AY10,xl/worksheets/sheet2.xml:AY10,0,[=0]?;0%,0%,0,0,원시 수치 보존
poi-src/test-data/spreadsheet/57181.xlsm,General!AY11,xl/worksheets/sheet2.xml:AY11,0,[=0]?;0%,0%,0,0,원시 수치 보존
poi-src/test-data/spreadsheet/57181.xlsm,General!AY12,xl/worksheets/sheet2.xml:AY12,0,[=0]?;0%,0%,0,0,원시 수치 보존
poi-src/test-data/spreadsheet/57181.xlsm,General!AY13,xl/worksheets/sheet2.xml:AY13,0,[=0]?;0%,0%,0,0,원시 수치 보존
poi-src/test-data/spreadsheet/57181.xlsm,General!AY130,xl/worksheets/sheet2.xml:AY130,0,[=0]?;0%,"0% (=MAX(AY8:AY39,AY52:AY83,AY96:AY127))","0 (=MAX(AY8:AY39,AY52:AY83,AY96:AY127))",0,원시 수치 보존
poi-src/test-data/spreadsheet/57181.xlsm,General!AY131,xl/worksheets/sheet2.xml:AY131,0,[=0]?;0%,"0% (=MIN(AY8:AY39,AY52:AY83,AY96:AY127))","0 (=MIN(AY8:AY39,AY52:AY83,AY96:AY127))",0,원시 수치 보존
poi-src/test-data/spreadsheet/57181.xlsm,General!AY14,xl/worksheets/sheet2.xml:AY14,0,[=0]?;0%,0%,0,0,원시 수치 보존
poi-src/test-data/spreadsheet/57181.xlsm,General!AY15,xl/worksheets/sheet2.xml:AY15,0,[=0]?;0%,0%,0,0,원시 수치 보존
poi-src/test-data/spreadsheet/57181.xlsm,General!AY16,xl/worksheets/sheet2.xml:AY16,0,[=0]?;0%,0%,0,0,원시 수치 보존
poi-src/test-data/spreadsheet/57181.xlsm,General!AY17,xl/worksheets/sheet2.xml:AY17,0,[=0]?;0%,0%,0,0,원시 수치 보존
poi-src/test-data/spreadsheet/57181.xlsm,General!AY18,xl/worksheets/sheet2.xml:AY18,0,[=0]?;0%,0%,0,0,원시 수치 보존
poi-src/test-data/spreadsheet/57181.xlsm,General!AY19,xl/worksheets/sheet2.xml:AY19,0,[=0]?;0%,0%,0,0,원시 수치 보존
poi-src/test-data/spreadsheet/57181.xlsm,General!AY20,xl/worksheets/sheet2.xml:AY20,0,[=0]?;0%,0%,0,0,원시 수치 보존
poi-src/test-data/spreadsheet/57181.xlsm,General!AY21,xl/worksheets/sheet2.xml:AY21,0,[=0]?;0%,0%,0,0,원시 수치 보존
poi-src/test-data/spreadsheet/57181.xlsm,General!AY22,xl/worksheets/sheet2.xml:AY22,0,[=0]?;0%,0%,0,0,원시 수치 보존
poi-src/test-data/spreadsheet/57181.xlsm,General!AY23,xl/worksheets/sheet2.xml:AY23,0,[=0]?;0%,0%,0,0,원시 수치 보존
poi-src/test-data/spreadsheet/57181.xlsm,General!AY24,xl/worksheets/sheet2.xml:AY24,0,[=0]?;0%,0%,0,0,원시 수치 보존
poi-src/test-data/spreadsheet/57181.xlsm,General!AY25,xl/worksheets/sheet2.xml:AY25,0,[=0]?;0%,0%,0,0,원시 수치 보존
poi-src/test-data/spreadsheet/57181.xlsm,General!AY26,xl/worksheets/sheet2.xml:AY26,0,[=0]?;0%,0%,0,0,원시 수치 보존
poi-src/test-data/spreadsheet/57181.xlsm,General!AY27,xl/worksheets/sheet2.xml:AY27,0,[=0]?;0%,0%,0,0,원시 수치 보존
poi-src/test-data/spreadsheet/57181.xlsm,General!AY28,xl/worksheets/sheet2.xml:AY28,0,[=0]?;0%,0%,0,0,원시 수치 보존
poi-src/test-data/spreadsheet/57181.xlsm,General!AY29,xl/worksheets/sheet2.xml:AY29,0,[=0]?;0%,0%,0,0,원시 수치 보존
poi-src/test-data/spreadsheet/57181.xlsm,General!AY30,xl/worksheets/sheet2.xml:AY30,0,[=0]?;0%,0%,0,0,원시 수치 보존
poi-src/test-data/spreadsheet/57181.xlsm,General!AY31,xl/worksheets/sheet2.xml:AY31,0,[=0]?;0%,0%,0,0,원시 수치 보존
poi-src/test-data/spreadsheet/57181.xlsm,General!AY32,xl/worksheets/sheet2.xml:AY32,0,[=0]?;0%,0%,0,0,원시 수치 보존
poi-src/test-data/spreadsheet/57181.xlsm,General!AY33,xl/worksheets/sheet2.xml:AY33,0,[=0]?;0%,0%,0,0,원시 수치 보존
poi-src/test-data/spreadsheet/57181.xlsm,General!AY34,xl/worksheets/sheet2.xml:AY34,0,[=0]?;0%,0%,0,0,원시 수치 보존
poi-src/test-data/spreadsheet/57181.xlsm,General!AY35,xl/worksheets/sheet2.xml:AY35,0,[=0]?;0%,0%,0,0,원시 수치 보존
poi-src/test-data/spreadsheet/57181.xlsm,General!AY36,xl/worksheets/sheet2.xml:AY36,0,[=0]?;0%,0%,0,0,원시 수치 보존
poi-src/test-data/spreadsheet/57181.xlsm,General!AY37,xl/worksheets/sheet2.xml:AY37,0,[=0]?;0%,0%,0,0,원시 수치 보존
poi-src/test-data/spreadsheet/57181.xlsm,General!AY42,xl/worksheets/sheet2.xml:AY42,0,[=0]?;0%,0% (=MAX(AY8:AY39)),0 (=MAX(AY8:AY39)),0,원시 수치 보존
poi-src/test-data/spreadsheet/57181.xlsm,General!AY43,xl/worksheets/sheet2.xml:AY43,0,[=0]?;0%,0% (=MIN(AY8:AY39)),0 (=MIN(AY8:AY39)),0,원시 수치 보존
poi-src/test-data/spreadsheet/57181.xlsm,General!AY8,xl/worksheets/sheet2.xml:AY8,0,[=0]?;0%,0%,0,0,원시 수치 보존
poi-src/test-data/spreadsheet/57181.xlsm,General!AY86,xl/worksheets/sheet2.xml:AY86,0,[=0]?;0%,"0% (=MAX(AY8:AY39,AY52:AY83))","0 (=MAX(AY8:AY39,AY52:AY83))",0,원시 수치 보존
poi-src/test-data/spreadsheet/57181.xlsm,General!AY87,xl/worksheets/sheet2.xml:AY87,0,[=0]?;0%,"0% (=MIN(AY8:AY39,AY52:AY83))","0 (=MIN(AY8:AY39,AY52:AY83))",0,원시 수치 보존
poi-src/test-data/spreadsheet/57181.xlsm,General!AY9,xl/worksheets/sheet2.xml:AY9,0,[=0]?;0%,0%,0,0,원시 수치 보존
poi-src/test-data/spreadsheet/57181.xlsm,General!BA10,xl/worksheets/sheet2.xml:BA10,0,[=0]?;0%,0%,0,0,원시 수치 보존
poi-src/test-data/spreadsheet/57181.xlsm,General!BA11,xl/worksheets/sheet2.xml:BA11,0,[=0]?;0%,0%,0,0,원시 수치 보존
poi-src/test-data/spreadsheet/57181.xlsm,General!BA12,xl/worksheets/sheet2.xml:BA12,0,[=0]?;0%,0%,0,0,원시 수치 보존
poi-src/test-data/spreadsheet/57181.xlsm,General!BA13,xl/worksheets/sheet2.xml:BA13,0,[=0]?;0%,0%,0,0,원시 수치 보존
poi-src/test-data/spreadsheet/57181.xlsm,General!BA130,xl/worksheets/sheet2.xml:BA130,0,[=0]?;0%,"0% (=MAX(BA8:BA39,BA52:BA83,BA96:BA127))","0 (=MAX(BA8:BA39,BA52:BA83,BA96:BA127))",0,원시 수치 보존
poi-src/test-data/spreadsheet/57181.xlsm,General!BA131,xl/worksheets/sheet2.xml:BA131,0,[=0]?;0%,"0% (=MIN(BA8:BA39,BA52:BA83,BA96:BA127))","0 (=MIN(BA8:BA39,BA52:BA83,BA96:BA127))",0,원시 수치 보존
poi-src/test-data/spreadsheet/57181.xlsm,General!BA14,xl/worksheets/sheet2.xml:BA14,0,[=0]?;0%,0%,0,0,원시 수치 보존
poi-src/test-data/spreadsheet/57181.xlsm,General!BA15,xl/worksheets/sheet2.xml:BA15,0,[=0]?;0%,0%,0,0,원시 수치 보존
poi-src/test-data/spreadsheet/57181.xlsm,General!BA16,xl/worksheets/sheet2.xml:BA16,0,[=0]?;0%,0%,0,0,원시 수치 보존
poi-src/test-data/spreadsheet/57181.xlsm,General!BA17,xl/worksheets/sheet2.xml:BA17,0,[=0]?;0%,0%,0,0,원시 수치 보존
poi-src/test-data/spreadsheet/57181.xlsm,General!BA18,xl/worksheets/sheet2.xml:BA18,0,[=0]?;0%,0%,0,0,원시 수치 보존
poi-src/test-data/spreadsheet/57181.xlsm,General!BA19,xl/worksheets/sheet2.xml:BA19,0,[=0]?;0%,0%,0,0,원시 수치 보존
poi-src/test-data/spreadsheet/57181.xlsm,General!BA20,xl/worksheets/sheet2.xml:BA20,0,[=0]?;0%,0%,0,0,원시 수치 보존
poi-src/test-data/spreadsheet/57181.xlsm,General!BA21,xl/worksheets/sheet2.xml:BA21,0,[=0]?;0%,0%,0,0,원시 수치 보존
poi-src/test-data/spreadsheet/57181.xlsm,General!BA22,xl/worksheets/sheet2.xml:BA22,0,[=0]?;0%,0%,0,0,원시 수치 보존
poi-src/test-data/spreadsheet/57181.xlsm,General!BA23,xl/worksheets/sheet2.xml:BA23,0,[=0]?;0%,0%,0,0,원시 수치 보존
poi-src/test-data/spreadsheet/57181.xlsm,General!BA24,xl/worksheets/sheet2.xml:BA24,0,[=0]?;0%,0%,0,0,원시 수치 보존
poi-src/test-data/spreadsheet/57181.xlsm,General!BA25,xl/worksheets/sheet2.xml:BA25,0,[=0]?;0%,0%,0,0,원시 수치 보존
poi-src/test-data/spreadsheet/57181.xlsm,General!BA26,xl/worksheets/sheet2.xml:BA26,0,[=0]?;0%,0%,0,0,원시 수치 보존
poi-src/test-data/spreadsheet/57181.xlsm,General!BA27,xl/worksheets/sheet2.xml:BA27,0,[=0]?;0%,0%,0,0,원시 수치 보존
poi-src/test-data/spreadsheet/57181.xlsm,General!BA28,xl/worksheets/sheet2.xml:BA28,0,[=0]?;0%,0%,0,0,원시 수치 보존
poi-src/test-data/spreadsheet/57181.xlsm,General!BA29,xl/worksheets/sheet2.xml:BA29,0,[=0]?;0%,0%,0,0,원시 수치 보존
poi-src/test-data/spreadsheet/57181.xlsm,General!BA30,xl/worksheets/sheet2.xml:BA30,0,[=0]?;0%,0%,0,0,원시 수치 보존
poi-src/test-data/spreadsheet/57181.xlsm,General!BA31,xl/worksheets/sheet2.xml:BA31,0,[=0]?;0%,0%,0,0,원시 수치 보존
poi-src/test-data/spreadsheet/57181.xlsm,General!BA32,xl/worksheets/sheet2.xml:BA32,0,[=0]?;0%,0%,0,0,원시 수치 보존
poi-src/test-data/spreadsheet/57181.xlsm,General!BA33,xl/worksheets/sheet2.xml:BA33,0,[=0]?;0%,0%,0,0,원시 수치 보존
poi-src/test-data/spreadsheet/57181.xlsm,General!BA34,xl/worksheets/sheet2.xml:BA34,0,[=0]?;0%,0%,0,0,원시 수치 보존
poi-src/test-data/spreadsheet/57181.xlsm,General!BA35,xl/worksheets/sheet2.xml:BA35,0,[=0]?;0%,0%,0,0,원시 수치 보존
poi-src/test-data/spreadsheet/57181.xlsm,General!BA36,xl/worksheets/sheet2.xml:BA36,0,[=0]?;0%,0%,0,0,원시 수치 보존
poi-src/test-data/spreadsheet/57181.xlsm,General!BA37,xl/worksheets/sheet2.xml:BA37,0,[=0]?;0%,0%,0,0,원시 수치 보존
poi-src/test-data/spreadsheet/57181.xlsm,General!BA42,xl/worksheets/sheet2.xml:BA42,0,[=0]?;0%,0% (=MAX(BA8:BA39)),0 (=MAX(BA8:BA39)),0,원시 수치 보존
poi-src/test-data/spreadsheet/57181.xlsm,General!BA43,xl/worksheets/sheet2.xml:BA43,0,[=0]?;0%,0% (=MIN(BA8:BA39)),0 (=MIN(BA8:BA39)),0,원시 수치 보존
poi-src/test-data/spreadsheet/57181.xlsm,General!BA8,xl/worksheets/sheet2.xml:BA8,0,[=0]?;0%,0%,0,0,원시 수치 보존
poi-src/test-data/spreadsheet/57181.xlsm,General!BA86,xl/worksheets/sheet2.xml:BA86,0,[=0]?;0%,"0% (=MAX(BA8:BA39,BA52:BA83))","0 (=MAX(BA8:BA39,BA52:BA83))",0,원시 수치 보존
poi-src/test-data/spreadsheet/57181.xlsm,General!BA87,xl/worksheets/sheet2.xml:BA87,0,[=0]?;0%,"0% (=MIN(BA8:BA39,BA52:BA83))","0 (=MIN(BA8:BA39,BA52:BA83))",0,원시 수치 보존
poi-src/test-data/spreadsheet/57181.xlsm,General!BA9,xl/worksheets/sheet2.xml:BA9,0,[=0]?;0%,0%,0,0,원시 수치 보존
poi-src/test-data/spreadsheet/57181.xlsm,General!BC10,xl/worksheets/sheet2.xml:BC10,0,[=0]?;0%,0%,0,0,원시 수치 보존
poi-src/test-data/spreadsheet/57181.xlsm,General!BC11,xl/worksheets/sheet2.xml:BC11,0,[=0]?;0%,0%,0,0,원시 수치 보존
poi-src/test-data/spreadsheet/57181.xlsm,General!BC12,xl/worksheets/sheet2.xml:BC12,0,[=0]?;0%,0%,0,0,원시 수치 보존
poi-src/test-data/spreadsheet/57181.xlsm,General!BC13,xl/worksheets/sheet2.xml:BC13,0,[=0]?;0%,0%,0,0,원시 수치 보존
poi-src/test-data/spreadsheet/57181.xlsm,General!BC130,xl/worksheets/sheet2.xml:BC130,0,[=0]?;0%,"0% (=MAX(BC8:BC39,BC52:BC83,BC96:BC127))","0 (=MAX(BC8:BC39,BC52:BC83,BC96:BC127))",0,원시 수치 보존
poi-src/test-data/spreadsheet/57181.xlsm,General!BC131,xl/worksheets/sheet2.xml:BC131,0,[=0]?;0%,"0% (=MIN(BC8:BC39,BC52:BC83,BC96:BC127))","0 (=MIN(BC8:BC39,BC52:BC83,BC96:BC127))",0,원시 수치 보존
poi-src/test-data/spreadsheet/57181.xlsm,General!BC14,xl/worksheets/sheet2.xml:BC14,0,[=0]?;0%,0%,0,0,원시 수치 보존
poi-src/test-data/spreadsheet/57181.xlsm,General!BC15,xl/worksheets/sheet2.xml:BC15,0,[=0]?;0%,0%,0,0,원시 수치 보존
poi-src/test-data/spreadsheet/57181.xlsm,General!BC16,xl/worksheets/sheet2.xml:BC16,0,[=0]?;0%,0%,0,0,원시 수치 보존
poi-src/test-data/spreadsheet/57181.xlsm,General!BC17,xl/worksheets/sheet2.xml:BC17,0,[=0]?;0%,0%,0,0,원시 수치 보존
poi-src/test-data/spreadsheet/57181.xlsm,General!BC18,xl/worksheets/sheet2.xml:BC18,0,[=0]?;0%,0%,0,0,원시 수치 보존
poi-src/test-data/spreadsheet/57181.xlsm,General!BC19,xl/worksheets/sheet2.xml:BC19,0,[=0]?;0%,0%,0,0,원시 수치 보존
poi-src/test-data/spreadsheet/57181.xlsm,General!BC20,xl/worksheets/sheet2.xml:BC20,0,[=0]?;0%,0%,0,0,원시 수치 보존
poi-src/test-data/spreadsheet/57181.xlsm,General!BC21,xl/worksheets/sheet2.xml:BC21,0,[=0]?;0%,0%,0,0,원시 수치 보존
poi-src/test-data/spreadsheet/57181.xlsm,General!BC22,xl/worksheets/sheet2.xml:BC22,0,[=0]?;0%,0%,0,0,원시 수치 보존
poi-src/test-data/spreadsheet/57181.xlsm,General!BC23,xl/worksheets/sheet2.xml:BC23,0,[=0]?;0%,0%,0,0,원시 수치 보존
poi-src/test-data/spreadsheet/57181.xlsm,General!BC24,xl/worksheets/sheet2.xml:BC24,0,[=0]?;0%,0%,0,0,원시 수치 보존
poi-src/test-data/spreadsheet/57181.xlsm,General!BC25,xl/worksheets/sheet2.xml:BC25,0,[=0]?;0%,0%,0,0,원시 수치 보존
poi-src/test-data/spreadsheet/57181.xlsm,General!BC26,xl/worksheets/sheet2.xml:BC26,0,[=0]?;0%,0%,0,0,원시 수치 보존
poi-src/test-data/spreadsheet/57181.xlsm,General!BC27,xl/worksheets/sheet2.xml:BC27,0,[=0]?;0%,0%,0,0,원시 수치 보존
poi-src/test-data/spreadsheet/57181.xlsm,General!BC28,xl/worksheets/sheet2.xml:BC28,0,[=0]?;0%,0%,0,0,원시 수치 보존
poi-src/test-data/spreadsheet/57181.xlsm,General!BC29,xl/worksheets/sheet2.xml:BC29,0,[=0]?;0%,0%,0,0,원시 수치 보존
poi-src/test-data/spreadsheet/57181.xlsm,General!BC30,xl/worksheets/sheet2.xml:BC30,0,[=0]?;0%,0%,0,0,원시 수치 보존
poi-src/test-data/spreadsheet/57181.xlsm,General!BC31,xl/worksheets/sheet2.xml:BC31,0,[=0]?;0%,0%,0,0,원시 수치 보존
poi-src/test-data/spreadsheet/57181.xlsm,General!BC32,xl/worksheets/sheet2.xml:BC32,0,[=0]?;0%,0%,0,0,원시 수치 보존
poi-src/test-data/spreadsheet/57181.xlsm,General!BC33,xl/worksheets/sheet2.xml:BC33,0,[=0]?;0%,0%,0,0,원시 수치 보존
poi-src/test-data/spreadsheet/57181.xlsm,General!BC34,xl/worksheets/sheet2.xml:BC34,0,[=0]?;0%,0%,0,0,원시 수치 보존
poi-src/test-data/spreadsheet/57181.xlsm,General!BC35,xl/worksheets/sheet2.xml:BC35,0,[=0]?;0%,0%,0,0,원시 수치 보존
poi-src/test-data/spreadsheet/57181.xlsm,General!BC36,xl/worksheets/sheet2.xml:BC36,0,[=0]?;0%,0%,0,0,원시 수치 보존
poi-src/test-data/spreadsheet/57181.xlsm,General!BC37,xl/worksheets/sheet2.xml:BC37,0,[=0]?;0%,0%,0,0,원시 수치 보존
poi-src/test-data/spreadsheet/57181.xlsm,General!BC42,xl/worksheets/sheet2.xml:BC42,0,[=0]?;0%,0% (=MAX(BC8:BC39)),0 (=MAX(BC8:BC39)),0,원시 수치 보존
poi-src/test-data/spreadsheet/57181.xlsm,General!BC43,xl/worksheets/sheet2.xml:BC43,0,[=0]?;0%,0% (=MIN(BC8:BC39)),0 (=MIN(BC8:BC39)),0,원시 수치 보존
poi-src/test-data/spreadsheet/57181.xlsm,General!BC8,xl/worksheets/sheet2.xml:BC8,0,[=0]?;0%,0%,0,0,원시 수치 보존
poi-src/test-data/spreadsheet/57181.xlsm,General!BC86,xl/worksheets/sheet2.xml:BC86,0,[=0]?;0%,"0% (=MAX(BC8:BC39,BC52:BC83))","0 (=MAX(BC8:BC39,BC52:BC83))",0,원시 수치 보존
poi-src/test-data/spreadsheet/57181.xlsm,General!BC87,xl/worksheets/sheet2.xml:BC87,0,[=0]?;0%,"0% (=MIN(BC8:BC39,BC52:BC83))","0 (=MIN(BC8:BC39,BC52:BC83))",0,원시 수치 보존
poi-src/test-data/spreadsheet/57181.xlsm,General!BC9,xl/worksheets/sheet2.xml:BC9,0,[=0]?;0%,0%,0,0,원시 수치 보존
poi-src/test-data/spreadsheet/57181.xlsm,General!BE10,xl/worksheets/sheet2.xml:BE10,0,[=0]?;0%,0%,0,0,원시 수치 보존
poi-src/test-data/spreadsheet/57181.xlsm,General!BE11,xl/worksheets/sheet2.xml:BE11,0,[=0]?;0%,0%,0,0,원시 수치 보존
poi-src/test-data/spreadsheet/57181.xlsm,General!BE12,xl/worksheets/sheet2.xml:BE12,0,[=0]?;0%,0%,0,0,원시 수치 보존
poi-src/test-data/spreadsheet/57181.xlsm,General!BE13,xl/worksheets/sheet2.xml:BE13,0,[=0]?;0%,0%,0,0,원시 수치 보존
poi-src/test-data/spreadsheet/57181.xlsm,General!BE130,xl/worksheets/sheet2.xml:BE130,0,[=0]?;0%,"0% (=MAX(BE8:BE39,BE52:BE83,BE96:BE127))","0 (=MAX(BE8:BE39,BE52:BE83,BE96:BE127))",0,원시 수치 보존
poi-src/test-data/spreadsheet/57181.xlsm,General!BE131,xl/worksheets/sheet2.xml:BE131,0,[=0]?;0%,"0% (=MIN(BE8:BE39,BE52:BE83,BE96:BE127))","0 (=MIN(BE8:BE39,BE52:BE83,BE96:BE127))",0,원시 수치 보존
poi-src/test-data/spreadsheet/57181.xlsm,General!BE14,xl/worksheets/sheet2.xml:BE14,0,[=0]?;0%,0%,0,0,원시 수치 보존
poi-src/test-data/spreadsheet/57181.xlsm,General!BE15,xl/worksheets/sheet2.xml:BE15,0,[=0]?;0%,0%,0,0,원시 수치 보존
poi-src/test-data/spreadsheet/57181.xlsm,General!BE16,xl/worksheets/sheet2.xml:BE16,0,[=0]?;0%,0%,0,0,원시 수치 보존
poi-src/test-data/spreadsheet/57181.xlsm,General!BE17,xl/worksheets/sheet2.xml:BE17,0,[=0]?;0%,0%,0,0,원시 수치 보존
poi-src/test-data/spreadsheet/57181.xlsm,General!BE18,xl/worksheets/sheet2.xml:BE18,0,[=0]?;0%,0%,0,0,원시 수치 보존
poi-src/test-data/spreadsheet/57181.xlsm,General!BE19,xl/worksheets/sheet2.xml:BE19,0,[=0]?;0%,0%,0,0,원시 수치 보존
poi-src/test-data/spreadsheet/57181.xlsm,General!BE20,xl/worksheets/sheet2.xml:BE20,0,[=0]?;0%,0%,0,0,원시 수치 보존
poi-src/test-data/spreadsheet/57181.xlsm,General!BE21,xl/worksheets/sheet2.xml:BE21,0,[=0]?;0%,0%,0,0,원시 수치 보존
poi-src/test-data/spreadsheet/57181.xlsm,General!BE22,xl/worksheets/sheet2.xml:BE22,0,[=0]?;0%,0%,0,0,원시 수치 보존
poi-src/test-data/spreadsheet/57181.xlsm,General!BE23,xl/worksheets/sheet2.xml:BE23,0,[=0]?;0%,0%,0,0,원시 수치 보존
poi-src/test-data/spreadsheet/57181.xlsm,General!BE24,xl/worksheets/sheet2.xml:BE24,0,[=0]?;0%,0%,0,0,원시 수치 보존
poi-src/test-data/spreadsheet/57181.xlsm,General!BE25,xl/worksheets/sheet2.xml:BE25,0,[=0]?;0%,0%,0,0,원시 수치 보존
poi-src/test-data/spreadsheet/57181.xlsm,General!BE26,xl/worksheets/sheet2.xml:BE26,0,[=0]?;0%,0%,0,0,원시 수치 보존
poi-src/test-data/spreadsheet/57181.xlsm,General!BE27,xl/worksheets/sheet2.xml:BE27,0,[=0]?;0%,0%,0,0,원시 수치 보존
poi-src/test-data/spreadsheet/57181.xlsm,General!BE28,xl/worksheets/sheet2.xml:BE28,0,[=0]?;0%,0%,0,0,원시 수치 보존
poi-src/test-data/spreadsheet/57181.xlsm,General!BE29,xl/worksheets/sheet2.xml:BE29,0,[=0]?;0%,0%,0,0,원시 수치 보존
poi-src/test-data/spreadsheet/57181.xlsm,General!BE30,xl/worksheets/sheet2.xml:BE30,0,[=0]?;0%,0%,0,0,원시 수치 보존
poi-src/test-data/spreadsheet/57181.xlsm,General!BE31,xl/worksheets/sheet2.xml:BE31,0,[=0]?;0%,0%,0,0,원시 수치 보존
poi-src/test-data/spreadsheet/57181.xlsm,General!BE32,xl/worksheets/sheet2.xml:BE32,0,[=0]?;0%,0%,0,0,원시 수치 보존
poi-src/test-data/spreadsheet/57181.xlsm,General!BE33,xl/worksheets/sheet2.xml:BE33,0,[=0]?;0%,0%,0,0,원시 수치 보존
poi-src/test-data/spreadsheet/57181.xlsm,General!BE34,xl/worksheets/sheet2.xml:BE34,0,[=0]?;0%,0%,0,0,원시 수치 보존
poi-src/test-data/spreadsheet/57181.xlsm,General!BE35,xl/worksheets/sheet2.xml:BE35,0,[=0]?;0%,0%,0,0,원시 수치 보존
poi-src/test-data/spreadsheet/57181.xlsm,General!BE36,xl/worksheets/sheet2.xml:BE36,0,[=0]?;0%,0%,0,0,원시 수치 보존
poi-src/test-data/spreadsheet/57181.xlsm,General!BE37,xl/worksheets/sheet2.xml:BE37,0,[=0]?;0%,0%,0,0,원시 수치 보존
poi-src/test-data/spreadsheet/57181.xlsm,General!BE42,xl/worksheets/sheet2.xml:BE42,0,[=0]?;0%,0% (=MAX(BE8:BE39)),0 (=MAX(BE8:BE39)),0,원시 수치 보존
poi-src/test-data/spreadsheet/57181.xlsm,General!BE43,xl/worksheets/sheet2.xml:BE43,0,[=0]?;0%,0% (=MIN(BE8:BE39)),0 (=MIN(BE8:BE39)),0,원시 수치 보존
poi-src/test-data/spreadsheet/57181.xlsm,General!BE8,xl/worksheets/sheet2.xml:BE8,0,[=0]?;0%,0%,0,0,원시 수치 보존
poi-src/test-data/spreadsheet/57181.xlsm,General!BE86,xl/worksheets/sheet2.xml:BE86,0,[=0]?;0%,"0% (=MAX(BE8:BE39,BE52:BE83))","0 (=MAX(BE8:BE39,BE52:BE83))",0,원시 수치 보존
poi-src/test-data/spreadsheet/57181.xlsm,General!BE87,xl/worksheets/sheet2.xml:BE87,0,[=0]?;0%,"0% (=MIN(BE8:BE39,BE52:BE83))","0 (=MIN(BE8:BE39,BE52:BE83))",0,원시 수치 보존
poi-src/test-data/spreadsheet/57181.xlsm,General!BE9,xl/worksheets/sheet2.xml:BE9,0,[=0]?;0%,0%,0,0,원시 수치 보존
poi-src/test-data/spreadsheet/57181.xlsm,General!BF10,xl/worksheets/sheet2.xml:BF10,0,[=0]?;[<4.16666666666667][hh]:mm:ss;[hh]:mm,1899-12-31,0,0,원시 수치 보존
poi-src/test-data/spreadsheet/57181.xlsm,General!BF11,xl/worksheets/sheet2.xml:BF11,1.7361111111111112E-3,[=0]?;[<4.16666666666667][hh]:mm:ss;[hh]:mm,1899-12-31,00:02:30,00:02:30,날짜·시간 의미 일치
poi-src/test-data/spreadsheet/57181.xlsm,General!BF12,xl/worksheets/sheet2.xml:BF12,0,[=0]?;[<4.16666666666667][hh]:mm:ss;[hh]:mm,1899-12-31,0,0,원시 수치 보존
poi-src/test-data/spreadsheet/57181.xlsm,General!BF128,xl/worksheets/sheet2.xml:BF128,1.8750000000000001E-3,[=0]?;[<4.16666666666667][hh]:mm:ss;[hh]:mm,"1899-12-31 (=SUM(BF8:BF39,BF52:BF83,BF96:BF127))","00:02:42 (=SUM(BF8:BF39,BF52:BF83,BF96:BF127))",00:02:42,날짜·시간 의미 일치
poi-src/test-data/spreadsheet/57181.xlsm,General!BF129,xl/worksheets/sheet2.xml:BF129,6.2500000000000001E-5,[=0]?;[<4.16666666666667][hh]:mm:ss;[hh]:mm,"1899-12-31 (=IF(COUNT(BF8:BF39,BF52:BF83,BF96:BF127)<>0,AVERAGE(BF8:BF39,BF52:BF83,BF96:BF127),))","00:00:05 (=IF(COUNT(BF8:BF39,BF52:BF83,BF96:BF127)<>0,AVERAGE(BF8:BF39,BF52:BF83,BF96:BF127),))",00:00:05,날짜·시간 의미 일치
poi-src/test-data/spreadsheet/57181.xlsm,General!BF13,xl/worksheets/sheet2.xml:BF13,0,[=0]?;[<4.16666666666667][hh]:mm:ss;[hh]:mm,1899-12-31,0,0,원시 수치 보존
poi-src/test-data/spreadsheet/57181.xlsm,General!BF130,xl/worksheets/sheet2.xml:BF130,1.7361111111111112E-3,[=0]?;[<4.16666666666667][hh]:mm:ss;[hh]:mm,"1899-12-31 (=MAX(BF8:BF39,BF52:BF83,BF96:BF127))","00:02:30 (=MAX(BF8:BF39,BF52:BF83,BF96:BF127))",00:02:30,날짜·시간 의미 일치
poi-src/test-data/spreadsheet/57181.xlsm,General!BF131,xl/worksheets/sheet2.xml:BF131,0,[=0]?;[<4.16666666666667][hh]:mm:ss;[hh]:mm,"1899-12-31 (=MIN(BF8:BF39,BF52:BF83,BF96:BF127))","0 (=MIN(BF8:BF39,BF52:BF83,BF96:BF127))",0,원시 수치 보존
poi-src/test-data/spreadsheet/57181.xlsm,General!BF14,xl/worksheets/sheet2.xml:BF14,0,[=0]?;[<4.16666666666667][hh]:mm:ss;[hh]:mm,1899-12-31,0,0,원시 수치 보존
poi-src/test-data/spreadsheet/57181.xlsm,General!BF15,xl/worksheets/sheet2.xml:BF15,0,[=0]?;[<4.16666666666667][hh]:mm:ss;[hh]:mm,1899-12-31,0,0,원시 수치 보존
poi-src/test-data/spreadsheet/57181.xlsm,General!BF16,xl/worksheets/sheet2.xml:BF16,0,[=0]?;[<4.16666666666667][hh]:mm:ss;[hh]:mm,1899-12-31,0,0,원시 수치 보존
poi-src/test-data/spreadsheet/57181.xlsm,General!BF17,xl/worksheets/sheet2.xml:BF17,1.3888888888888889E-4,[=0]?;[<4.16666666666667][hh]:mm:ss;[hh]:mm,1899-12-31,00:00:12,00:00:12,날짜·시간 의미 일치
poi-src/test-data/spreadsheet/57181.xlsm,General!BF18,xl/worksheets/sheet2.xml:BF18,0,[=0]?;[<4.16666666666667][hh]:mm:ss;[hh]:mm,1899-12-31,0,0,원시 수치 보존
poi-src/test-data/spreadsheet/57181.xlsm,General!BF19,xl/worksheets/sheet2.xml:BF19,0,[=0]?;[<4.16666666666667][hh]:mm:ss;[hh]:mm,1899-12-31,0,0,원시 수치 보존
poi-src/test-data/spreadsheet/57181.xlsm,General!BF20,xl/worksheets/sheet2.xml:BF20,0,[=0]?;[<4.16666666666667][hh]:mm:ss;[hh]:mm,1899-12-31,0,0,원시 수치 보존
poi-src/test-data/spreadsheet/57181.xlsm,General!BF21,xl/worksheets/sheet2.xml:BF21,0,[=0]?;[<4.16666666666667][hh]:mm:ss;[hh]:mm,1899-12-31,0,0,원시 수치 보존
poi-src/test-data/spreadsheet/57181.xlsm,General!BF22,xl/worksheets/sheet2.xml:BF22,0,[=0]?;[<4.16666666666667][hh]:mm:ss;[hh]:mm,1899-12-31,0,0,원시 수치 보존
poi-src/test-data/spreadsheet/57181.xlsm,General!BF23,xl/worksheets/sheet2.xml:BF23,0,[=0]?;[<4.16666666666667][hh]:mm:ss;[hh]:mm,1899-12-31,0,0,원시 수치 보존
poi-src/test-data/spreadsheet/57181.xlsm,General!BF24,xl/worksheets/sheet2.xml:BF24,0,[=0]?;[<4.16666666666667][hh]:mm:ss;[hh]:mm,1899-12-31,0,0,원시 수치 보존
poi-src/test-data/spreadsheet/57181.xlsm,General!BF25,xl/worksheets/sheet2.xml:BF25,0,[=0]?;[<4.16666666666667][hh]:mm:ss;[hh]:mm,1899-12-31,0,0,원시 수치 보존
poi-src/test-data/spreadsheet/57181.xlsm,General!BF26,xl/worksheets/sheet2.xml:BF26,0,[=0]?;[<4.16666666666667][hh]:mm:ss;[hh]:mm,1899-12-31,0,0,원시 수치 보존
poi-src/test-data/spreadsheet/57181.xlsm,General!BF27,xl/worksheets/sheet2.xml:BF27,0,[=0]?;[<4.16666666666667][hh]:mm:ss;[hh]:mm,1899-12-31,0,0,원시 수치 보존
poi-src/test-data/spreadsheet/57181.xlsm,General!BF28,xl/worksheets/sheet2.xml:BF28,0,[=0]?;[<4.16666666666667][hh]:mm:ss;[hh]:mm,1899-12-31,0,0,원시 수치 보존
poi-src/test-data/spreadsheet/57181.xlsm,General!BF29,xl/worksheets/sheet2.xml:BF29,0,[=0]?;[<4.16666666666667][hh]:mm:ss;[hh]:mm,1899-12-31,0,0,원시 수치 보존
poi-src/test-data/spreadsheet/57181.xlsm,General!BF30,xl/worksheets/sheet2.xml:BF30,0,[=0]?;[<4.16666666666667][hh]:mm:ss;[hh]:mm,1899-12-31,0,0,원시 수치 보존
poi-src/test-data/spreadsheet/57181.xlsm,General!BF31,xl/worksheets/sheet2.xml:BF31,0,[=0]?;[<4.16666666666667][hh]:mm:ss;[hh]:mm,1899-12-31,0,0,원시 수치 보존
poi-src/test-data/spreadsheet/57181.xlsm,General!BF32,xl/worksheets/sheet2.xml:BF32,0,[=0]?;[<4.16666666666667][hh]:mm:ss;[hh]:mm,1899-12-31,0,0,원시 수치 보존
poi-src/test-data/spreadsheet/57181.xlsm,General!BF33,xl/worksheets/sheet2.xml:BF33,0,[=0]?;[<4.16666666666667][hh]:mm:ss;[hh]:mm,1899-12-31,0,0,원시 수치 보존
poi-src/test-data/spreadsheet/57181.xlsm,General!BF34,xl/worksheets/sheet2.xml:BF34,0,[=0]?;[<4.16666666666667][hh]:mm:ss;[hh]:mm,1899-12-31,0,0,원시 수치 보존
poi-src/test-data/spreadsheet/57181.xlsm,General!BF35,xl/worksheets/sheet2.xml:BF35,0,[=0]?;[<4.16666666666667][hh]:mm:ss;[hh]:mm,1899-12-31,0,0,원시 수치 보존
poi-src/test-data/spreadsheet/57181.xlsm,General!BF36,xl/worksheets/sheet2.xml:BF36,0,[=0]?;[<4.16666666666667][hh]:mm:ss;[hh]:mm,1899-12-31,0,0,원시 수치 보존
poi-src/test-data/spreadsheet/57181.xlsm,General!BF37,xl/worksheets/sheet2.xml:BF37,0,[=0]?;[<4.16666666666667][hh]:mm:ss;[hh]:mm,1899-12-31,0,0,원시 수치 보존
poi-src/test-data/spreadsheet/57181.xlsm,General!BF40,xl/worksheets/sheet2.xml:BF40,1.8750000000000001E-3,[=0]?;[<4.16666666666667][hh]:mm:ss;[hh]:mm,1899-12-31 (=SUM(BF8:BF39)),00:02:42 (=SUM(BF8:BF39)),00:02:42,날짜·시간 의미 일치
poi-src/test-data/spreadsheet/57181.xlsm,General!BF41,xl/worksheets/sheet2.xml:BF41,6.2500000000000001E-5,[=0]?;[<4.16666666666667][hh]:mm:ss;[hh]:mm,"1899-12-31 (=IF(COUNT(BF8:BF39)<>0,AVERAGE(BF8:BF39),))","00:00:05 (=IF(COUNT(BF8:BF39)<>0,AVERAGE(BF8:BF39),))",00:00:05,날짜·시간 의미 일치
poi-src/test-data/spreadsheet/57181.xlsm,General!BF42,xl/worksheets/sheet2.xml:BF42,1.7361111111111112E-3,[=0]?;[<4.16666666666667][hh]:mm:ss;[hh]:mm,1899-12-31 (=MAX(BF8:BF39)),00:02:30 (=MAX(BF8:BF39)),00:02:30,날짜·시간 의미 일치
poi-src/test-data/spreadsheet/57181.xlsm,General!BF43,xl/worksheets/sheet2.xml:BF43,0,[=0]?;[<4.16666666666667][hh]:mm:ss;[hh]:mm,1899-12-31 (=MIN(BF8:BF39)),0 (=MIN(BF8:BF39)),0,원시 수치 보존
poi-src/test-data/spreadsheet/57181.xlsm,General!BF8,xl/worksheets/sheet2.xml:BF8,0,[=0]?;[<4.16666666666667][hh]:mm:ss;[hh]:mm,1899-12-31,0,0,원시 수치 보존
poi-src/test-data/spreadsheet/57181.xlsm,General!BF84,xl/worksheets/sheet2.xml:BF84,1.8750000000000001E-3,[=0]?;[<4.16666666666667][hh]:mm:ss;[hh]:mm,"1899-12-31 (=SUM(BF8:BF39,BF52:BF83))","00:02:42 (=SUM(BF8:BF39,BF52:BF83))",00:02:42,날짜·시간 의미 일치
poi-src/test-data/spreadsheet/57181.xlsm,General!BF85,xl/worksheets/sheet2.xml:BF85,6.2500000000000001E-5,[=0]?;[<4.16666666666667][hh]:mm:ss;[hh]:mm,"1899-12-31 (=IF(COUNT(BF8:BF39,BF52:BF83)<>0,AVERAGE(BF8:BF39,BF52:BF83),))","00:00:05 (=IF(COUNT(BF8:BF39,BF52:BF83)<>0,AVERAGE(BF8:BF39,BF52:BF83),))",00:00:05,날짜·시간 의미 일치
poi-src/test-data/spreadsheet/57181.xlsm,General!BF86,xl/worksheets/sheet2.xml:BF86,1.7361111111111112E-3,[=0]?;[<4.16666666666667][hh]:mm:ss;[hh]:mm,"1899-12-31 (=MAX(BF8:BF39,BF52:BF83))","00:02:30 (=MAX(BF8:BF39,BF52:BF83))",00:02:30,날짜·시간 의미 일치
poi-src/test-data/spreadsheet/57181.xlsm,General!BF87,xl/worksheets/sheet2.xml:BF87,0,[=0]?;[<4.16666666666667][hh]:mm:ss;[hh]:mm,"1899-12-31 (=MIN(BF8:BF39,BF52:BF83))","0 (=MIN(BF8:BF39,BF52:BF83))",0,원시 수치 보존
poi-src/test-data/spreadsheet/57181.xlsm,General!BF9,xl/worksheets/sheet2.xml:BF9,0,[=0]?;[<4.16666666666667][hh]:mm:ss;[hh]:mm,1899-12-31,0,0,원시 수치 보존
poi-src/test-data/spreadsheet/57181.xlsm,General!BG10,xl/worksheets/sheet2.xml:BG10,0,[=0]?;[<4.16666666666667][hh]:mm:ss;[hh]:mm,1899-12-31,0,0,원시 수치 보존
poi-src/test-data/spreadsheet/57181.xlsm,General!BG11,xl/worksheets/sheet2.xml:BG11,5.7870370370370378E-4,[=0]?;[<4.16666666666667][hh]:mm:ss;[hh]:mm,1899-12-31,00:00:50,00:00:50,날짜·시간 의미 일치
poi-src/test-data/spreadsheet/57181.xlsm,General!BG12,xl/worksheets/sheet2.xml:BG12,0,[=0]?;[<4.16666666666667][hh]:mm:ss;[hh]:mm,1899-12-31,0,0,원시 수치 보존
poi-src/test-data/spreadsheet/57181.xlsm,General!BG13,xl/worksheets/sheet2.xml:BG13,0,[=0]?;[<4.16666666666667][hh]:mm:ss;[hh]:mm,1899-12-31,0,0,원시 수치 보존
poi-src/test-data/spreadsheet/57181.xlsm,General!BG130,xl/worksheets/sheet2.xml:BG130,5.7870370370370378E-4,[=0]?;[<4.16666666666667][hh]:mm:ss;[hh]:mm,"1899-12-31 (=MAX(BG8:BG39,BG52:BG83,BG96:BG127))","00:00:50 (=MAX(BG8:BG39,BG52:BG83,BG96:BG127))",00:00:50,날짜·시간 의미 일치
poi-src/test-data/spreadsheet/57181.xlsm,General!BG131,xl/worksheets/sheet2.xml:BG131,0,[=0]?;[<4.16666666666667][hh]:mm:ss;[hh]:mm,"1899-12-31 (=MIN(BG8:BG39,BG52:BG83,BG96:BG127))","0 (=MIN(BG8:BG39,BG52:BG83,BG96:BG127))",0,원시 수치 보존
poi-src/test-data/spreadsheet/57181.xlsm,General!BG14,xl/worksheets/sheet2.xml:BG14,0,[=0]?;[<4.16666666666667][hh]:mm:ss;[hh]:mm,1899-12-31,0,0,원시 수치 보존
poi-src/test-data/spreadsheet/57181.xlsm,General!BG15,xl/worksheets/sheet2.xml:BG15,0,[=0]?;[<4.16666666666667][hh]:mm:ss;[hh]:mm,1899-12-31,0,0,원시 수치 보존
poi-src/test-data/spreadsheet/57181.xlsm,General!BG16,xl/worksheets/sheet2.xml:BG16,0,[=0]?;[<4.16666666666667][hh]:mm:ss;[hh]:mm,1899-12-31,0,0,원시 수치 보존
poi-src/test-data/spreadsheet/57181.xlsm,General!BG17,xl/worksheets/sheet2.xml:BG17,1.3888888888888889E-4,[=0]?;[<4.16666666666667][hh]:mm:ss;[hh]:mm,1899-12-31,00:00:12,00:00:12,날짜·시간 의미 일치
poi-src/test-data/spreadsheet/57181.xlsm,General!BG18,xl/worksheets/sheet2.xml:BG18,0,[=0]?;[<4.16666666666667][hh]:mm:ss;[hh]:mm,1899-12-31,0,0,원시 수치 보존
poi-src/test-data/spreadsheet/57181.xlsm,General!BG19,xl/worksheets/sheet2.xml:BG19,0,[=0]?;[<4.16666666666667][hh]:mm:ss;[hh]:mm,1899-12-31,0,0,원시 수치 보존
poi-src/test-data/spreadsheet/57181.xlsm,General!BG20,xl/worksheets/sheet2.xml:BG20,0,[=0]?;[<4.16666666666667][hh]:mm:ss;[hh]:mm,1899-12-31,0,0,원시 수치 보존
poi-src/test-data/spreadsheet/57181.xlsm,General!BG21,xl/worksheets/sheet2.xml:BG21,0,[=0]?;[<4.16666666666667][hh]:mm:ss;[hh]:mm,1899-12-31,0,0,원시 수치 보존
poi-src/test-data/spreadsheet/57181.xlsm,General!BG22,xl/worksheets/sheet2.xml:BG22,0,[=0]?;[<4.16666666666667][hh]:mm:ss;[hh]:mm,1899-12-31,0,0,원시 수치 보존
poi-src/test-data/spreadsheet/57181.xlsm,General!BG23,xl/worksheets/sheet2.xml:BG23,0,[=0]?;[<4.16666666666667][hh]:mm:ss;[hh]:mm,1899-12-31,0,0,원시 수치 보존
poi-src/test-data/spreadsheet/57181.xlsm,General!BG24,xl/worksheets/sheet2.xml:BG24,0,[=0]?;[<4.16666666666667][hh]:mm:ss;[hh]:mm,1899-12-31,0,0,원시 수치 보존
poi-src/test-data/spreadsheet/57181.xlsm,General!BG25,xl/worksheets/sheet2.xml:BG25,0,[=0]?;[<4.16666666666667][hh]:mm:ss;[hh]:mm,1899-12-31,0,0,원시 수치 보존
poi-src/test-data/spreadsheet/57181.xlsm,General!BG26,xl/worksheets/sheet2.xml:BG26,0,[=0]?;[<4.16666666666667][hh]:mm:ss;[hh]:mm,1899-12-31,0,0,원시 수치 보존
poi-src/test-data/spreadsheet/57181.xlsm,General!BG27,xl/worksheets/sheet2.xml:BG27,0,[=0]?;[<4.16666666666667][hh]:mm:ss;[hh]:mm,1899-12-31,0,0,원시 수치 보존
poi-src/test-data/spreadsheet/57181.xlsm,General!BG28,xl/worksheets/sheet2.xml:BG28,0,[=0]?;[<4.16666666666667][hh]:mm:ss;[hh]:mm,1899-12-31,0,0,원시 수치 보존
poi-src/test-data/spreadsheet/57181.xlsm,General!BG29,xl/worksheets/sheet2.xml:BG29,0,[=0]?;[<4.16666666666667][hh]:mm:ss;[hh]:mm,1899-12-31,0,0,원시 수치 보존
poi-src/test-data/spreadsheet/57181.xlsm,General!BG30,xl/worksheets/sheet2.xml:BG30,0,[=0]?;[<4.16666666666667][hh]:mm:ss;[hh]:mm,1899-12-31,0,0,원시 수치 보존
poi-src/test-data/spreadsheet/57181.xlsm,General!BG31,xl/worksheets/sheet2.xml:BG31,0,[=0]?;[<4.16666666666667][hh]:mm:ss;[hh]:mm,1899-12-31,0,0,원시 수치 보존
poi-src/test-data/spreadsheet/57181.xlsm,General!BG32,xl/worksheets/sheet2.xml:BG32,0,[=0]?;[<4.16666666666667][hh]:mm:ss;[hh]:mm,1899-12-31,0,0,원시 수치 보존
poi-src/test-data/spreadsheet/57181.xlsm,General!BG33,xl/worksheets/sheet2.xml:BG33,0,[=0]?;[<4.16666666666667][hh]:mm:ss;[hh]:mm,1899-12-31,0,0,원시 수치 보존
poi-src/test-data/spreadsheet/57181.xlsm,General!BG34,xl/worksheets/sheet2.xml:BG34,0,[=0]?;[<4.16666666666667][hh]:mm:ss;[hh]:mm,1899-12-31,0,0,원시 수치 보존
poi-src/test-data/spreadsheet/57181.xlsm,General!BG35,xl/worksheets/sheet2.xml:BG35,0,[=0]?;[<4.16666666666667][hh]:mm:ss;[hh]:mm,1899-12-31,0,0,원시 수치 보존
poi-src/test-data/spreadsheet/57181.xlsm,General!BG36,xl/worksheets/sheet2.xml:BG36,0,[=0]?;[<4.16666666666667][hh]:mm:ss;[hh]:mm,1899-12-31,0,0,원시 수치 보존
poi-src/test-data/spreadsheet/57181.xlsm,General!BG37,xl/worksheets/sheet2.xml:BG37,0,[=0]?;[<4.16666666666667][hh]:mm:ss;[hh]:mm,1899-12-31,0,0,원시 수치 보존
poi-src/test-data/spreadsheet/57181.xlsm,General!BG42,xl/worksheets/sheet2.xml:BG42,5.7870370370370378E-4,[=0]?;[<4.16666666666667][hh]:mm:ss;[hh]:mm,1899-12-31 (=MAX(BG8:BG39)),00:00:50 (=MAX(BG8:BG39)),00:00:50,날짜·시간 의미 일치
poi-src/test-data/spreadsheet/57181.xlsm,General!BG43,xl/worksheets/sheet2.xml:BG43,0,[=0]?;[<4.16666666666667][hh]:mm:ss;[hh]:mm,1899-12-31 (=MIN(BG8:BG39)),0 (=MIN(BG8:BG39)),0,원시 수치 보존
poi-src/test-data/spreadsheet/57181.xlsm,General!BG8,xl/worksheets/sheet2.xml:BG8,0,[=0]?;[<4.16666666666667][hh]:mm:ss;[hh]:mm,1899-12-31,0,0,원시 수치 보존
poi-src/test-data/spreadsheet/57181.xlsm,General!BG86,xl/worksheets/sheet2.xml:BG86,5.7870370370370378E-4,[=0]?;[<4.16666666666667][hh]:mm:ss;[hh]:mm,"1899-12-31 (=MAX(BG8:BG39,BG52:BG83))","00:00:50 (=MAX(BG8:BG39,BG52:BG83))",00:00:50,날짜·시간 의미 일치
poi-src/test-data/spreadsheet/57181.xlsm,General!BG87,xl/worksheets/sheet2.xml:BG87,0,[=0]?;[<4.16666666666667][hh]:mm:ss;[hh]:mm,"1899-12-31 (=MIN(BG8:BG39,BG52:BG83))","0 (=MIN(BG8:BG39,BG52:BG83))",0,원시 수치 보존
poi-src/test-data/spreadsheet/57181.xlsm,General!BG9,xl/worksheets/sheet2.xml:BG9,0,[=0]?;[<4.16666666666667][hh]:mm:ss;[hh]:mm,1899-12-31,0,0,원시 수치 보존
poi-src/test-data/spreadsheet/57181.xlsm,General!BH10,xl/worksheets/sheet2.xml:BH10,0,[=0]?;[<4.16666666666667][hh]:mm:ss;[hh]:mm,1899-12-31,0,0,원시 수치 보존
poi-src/test-data/spreadsheet/57181.xlsm,General!BH11,xl/worksheets/sheet2.xml:BH11,3.1250000000000001E-4,[=0]?;[<4.16666666666667][hh]:mm:ss;[hh]:mm,1899-12-31,00:00:27,00:00:27,날짜·시간 의미 일치
poi-src/test-data/spreadsheet/57181.xlsm,General!BH12,xl/worksheets/sheet2.xml:BH12,0,[=0]?;[<4.16666666666667][hh]:mm:ss;[hh]:mm,1899-12-31,0,0,원시 수치 보존
poi-src/test-data/spreadsheet/57181.xlsm,General!BH128,xl/worksheets/sheet2.xml:BH128,4.1666666666666669E-4,[=0]?;[<4.16666666666667][hh]:mm:ss;[hh]:mm,"1899-12-31 (=SUM(BH8:BH39,BH52:BH83,BH96:BH127))","00:00:36 (=SUM(BH8:BH39,BH52:BH83,BH96:BH127))",00:00:36,날짜·시간 의미 일치
poi-src/test-data/spreadsheet/57181.xlsm,General!BH129,xl/worksheets/sheet2.xml:BH129,1.388888888888889E-5,[=0]?;[<4.16666666666667][hh]:mm:ss;[hh]:mm,"1899-12-31 (=IF(COUNT(BH8:BH39,BH52:BH83,BH96:BH127)<>0,AVERAGE(BH8:BH39,BH52:BH83,BH96:BH127),))","00:00:01 (=IF(COUNT(BH8:BH39,BH52:BH83,BH96:BH127)<>0,AVERAGE(BH8:BH39,BH52:BH83,BH96:BH127),))",00:00:01,날짜·시간 의미 일치
poi-src/test-data/spreadsheet/57181.xlsm,General!BH13,xl/worksheets/sheet2.xml:BH13,0,[=0]?;[<4.16666666666667][hh]:mm:ss;[hh]:mm,1899-12-31,0,0,원시 수치 보존
poi-src/test-data/spreadsheet/57181.xlsm,General!BH130,xl/worksheets/sheet2.xml:BH130,3.1250000000000001E-4,[=0]?;[<4.16666666666667][hh]:mm:ss;[hh]:mm,"1899-12-31 (=MAX(BH8:BH39,BH52:BH83,BH96:BH127))","00:00:27 (=MAX(BH8:BH39,BH52:BH83,BH96:BH127))",00:00:27,날짜·시간 의미 일치
poi-src/test-data/spreadsheet/57181.xlsm,General!BH131,xl/worksheets/sheet2.xml:BH131,0,[=0]?;[<4.16666666666667][hh]:mm:ss;[hh]:mm,"1899-12-31 (=MIN(BH8:BH39,BH52:BH83,BH96:BH127))","0 (=MIN(BH8:BH39,BH52:BH83,BH96:BH127))",0,원시 수치 보존
poi-src/test-data/spreadsheet/57181.xlsm,General!BH14,xl/worksheets/sheet2.xml:BH14,0,[=0]?;[<4.16666666666667][hh]:mm:ss;[hh]:mm,1899-12-31,0,0,원시 수치 보존
poi-src/test-data/spreadsheet/57181.xlsm,General!BH15,xl/worksheets/sheet2.xml:BH15,0,[=0]?;[<4.16666666666667][hh]:mm:ss;[hh]:mm,1899-12-31,0,0,원시 수치 보존
poi-src/test-data/spreadsheet/57181.xlsm,General!BH16,xl/worksheets/sheet2.xml:BH16,0,[=0]?;[<4.16666666666667][hh]:mm:ss;[hh]:mm,1899-12-31,0,0,원시 수치 보존
poi-src/test-data/spreadsheet/57181.xlsm,General!BH17,xl/worksheets/sheet2.xml:BH17,1.0416666666666667E-4,[=0]?;[<4.16666666666667][hh]:mm:ss;[hh]:mm,1899-12-31,00:00:09,00:00:09,날짜·시간 의미 일치
poi-src/test-data/spreadsheet/57181.xlsm,General!BH18,xl/worksheets/sheet2.xml:BH18,0,[=0]?;[<4.16666666666667][hh]:mm:ss;[hh]:mm,1899-12-31,0,0,원시 수치 보존
poi-src/test-data/spreadsheet/57181.xlsm,General!BH19,xl/worksheets/sheet2.xml:BH19,0,[=0]?;[<4.16666666666667][hh]:mm:ss;[hh]:mm,1899-12-31,0,0,원시 수치 보존
poi-src/test-data/spreadsheet/57181.xlsm,General!BH20,xl/worksheets/sheet2.xml:BH20,0,[=0]?;[<4.16666666666667][hh]:mm:ss;[hh]:mm,1899-12-31,0,0,원시 수치 보존
poi-src/test-data/spreadsheet/57181.xlsm,General!BH21,xl/worksheets/sheet2.xml:BH21,0,[=0]?;[<4.16666666666667][hh]:mm:ss;[hh]:mm,1899-12-31,0,0,원시 수치 보존
poi-src/test-data/spreadsheet/57181.xlsm,General!BH22,xl/worksheets/sheet2.xml:BH22,0,[=0]?;[<4.16666666666667][hh]:mm:ss;[hh]:mm,1899-12-31,0,0,원시 수치 보존
poi-src/test-data/spreadsheet/57181.xlsm,General!BH23,xl/worksheets/sheet2.xml:BH23,0,[=0]?;[<4.16666666666667][hh]:mm:ss;[hh]:mm,1899-12-31,0,0,원시 수치 보존
poi-src/test-data/spreadsheet/57181.xlsm,General!BH24,xl/worksheets/sheet2.xml:BH24,0,[=0]?;[<4.16666666666667][hh]:mm:ss;[hh]:mm,1899-12-31,0,0,원시 수치 보존
poi-src/test-data/spreadsheet/57181.xlsm,General!BH25,xl/worksheets/sheet2.xml:BH25,0,[=0]?;[<4.16666666666667][hh]:mm:ss;[hh]:mm,1899-12-31,0,0,원시 수치 보존
poi-src/test-data/spreadsheet/57181.xlsm,General!BH26,xl/worksheets/sheet2.xml:BH26,0,[=0]?;[<4.16666666666667][hh]:mm:ss;[hh]:mm,1899-12-31,0,0,원시 수치 보존
poi-src/test-data/spreadsheet/57181.xlsm,General!BH27,xl/worksheets/sheet2.xml:BH27,0,[=0]?;[<4.16666666666667][hh]:mm:ss;[hh]:mm,1899-12-31,0,0,원시 수치 보존
poi-src/test-data/spreadsheet/57181.xlsm,General!BH28,xl/worksheets/sheet2.xml:BH28,0,[=0]?;[<4.16666666666667][hh]:mm:ss;[hh]:mm,1899-12-31,0,0,원시 수치 보존
poi-src/test-data/spreadsheet/57181.xlsm,General!BH29,xl/worksheets/sheet2.xml:BH29,0,[=0]?;[<4.16666666666667][hh]:mm:ss;[hh]:mm,1899-12-31,0,0,원시 수치 보존
poi-src/test-data/spreadsheet/57181.xlsm,General!BH30,xl/worksheets/sheet2.xml:BH30,0,[=0]?;[<4.16666666666667][hh]:mm:ss;[hh]:mm,1899-12-31,0,0,원시 수치 보존
poi-src/test-data/spreadsheet/57181.xlsm,General!BH31,xl/worksheets/sheet2.xml:BH31,0,[=0]?;[<4.16666666666667][hh]:mm:ss;[hh]:mm,1899-12-31,0,0,원시 수치 보존
poi-src/test-data/spreadsheet/57181.xlsm,General!BH32,xl/worksheets/sheet2.xml:BH32,0,[=0]?;[<4.16666666666667][hh]:mm:ss;[hh]:mm,1899-12-31,0,0,원시 수치 보존
poi-src/test-data/spreadsheet/57181.xlsm,General!BH33,xl/worksheets/sheet2.xml:BH33,0,[=0]?;[<4.16666666666667][hh]:mm:ss;[hh]:mm,1899-12-31,0,0,원시 수치 보존
poi-src/test-data/spreadsheet/57181.xlsm,General!BH34,xl/worksheets/sheet2.xml:BH34,0,[=0]?;[<4.16666666666667][hh]:mm:ss;[hh]:mm,1899-12-31,0,0,원시 수치 보존
poi-src/test-data/spreadsheet/57181.xlsm,General!BH35,xl/worksheets/sheet2.xml:BH35,0,[=0]?;[<4.16666666666667][hh]:mm:ss;[hh]:mm,1899-12-31,0,0,원시 수치 보존
poi-src/test-data/spreadsheet/57181.xlsm,General!BH36,xl/worksheets/sheet2.xml:BH36,0,[=0]?;[<4.16666666666667][hh]:mm:ss;[hh]:mm,1899-12-31,0,0,원시 수치 보존
poi-src/test-data/spreadsheet/57181.xlsm,General!BH37,xl/worksheets/sheet2.xml:BH37,0,[=0]?;[<4.16666666666667][hh]:mm:ss;[hh]:mm,1899-12-31,0,0,원시 수치 보존
poi-src/test-data/spreadsheet/57181.xlsm,General!BH40,xl/worksheets/sheet2.xml:BH40,4.1666666666666669E-4,[=0]?;[<4.16666666666667][hh]:mm:ss;[hh]:mm,1899-12-31 (=SUM(BH8:BH39)),00:00:36 (=SUM(BH8:BH39)),00:00:36,날짜·시간 의미 일치
poi-src/test-data/spreadsheet/57181.xlsm,General!BH41,xl/worksheets/sheet2.xml:BH41,1.388888888888889E-5,[=0]?;[<4.16666666666667][hh]:mm:ss;[hh]:mm,"1899-12-31 (=IF(COUNT(BH8:BH39)<>0,AVERAGE(BH8:BH39),))","00:00:01 (=IF(COUNT(BH8:BH39)<>0,AVERAGE(BH8:BH39),))",00:00:01,날짜·시간 의미 일치
poi-src/test-data/spreadsheet/57181.xlsm,General!BH42,xl/worksheets/sheet2.xml:BH42,3.1250000000000001E-4,[=0]?;[<4.16666666666667][hh]:mm:ss;[hh]:mm,1899-12-31 (=MAX(BH8:BH39)),00:00:27 (=MAX(BH8:BH39)),00:00:27,날짜·시간 의미 일치
poi-src/test-data/spreadsheet/57181.xlsm,General!BH43,xl/worksheets/sheet2.xml:BH43,0,[=0]?;[<4.16666666666667][hh]:mm:ss;[hh]:mm,1899-12-31 (=MIN(BH8:BH39)),0 (=MIN(BH8:BH39)),0,원시 수치 보존
poi-src/test-data/spreadsheet/57181.xlsm,General!BH8,xl/worksheets/sheet2.xml:BH8,0,[=0]?;[<4.16666666666667][hh]:mm:ss;[hh]:mm,1899-12-31,0,0,원시 수치 보존
poi-src/test-data/spreadsheet/57181.xlsm,General!BH84,xl/worksheets/sheet2.xml:BH84,4.1666666666666669E-4,[=0]?;[<4.16666666666667][hh]:mm:ss;[hh]:mm,"1899-12-31 (=SUM(BH8:BH39,BH52:BH83))","00:00:36 (=SUM(BH8:BH39,BH52:BH83))",00:00:36,날짜·시간 의미 일치
poi-src/test-data/spreadsheet/57181.xlsm,General!BH85,xl/worksheets/sheet2.xml:BH85,1.388888888888889E-5,[=0]?;[<4.16666666666667][hh]:mm:ss;[hh]:mm,"1899-12-31 (=IF(COUNT(BH8:BH39,BH52:BH83)<>0,AVERAGE(BH8:BH39,BH52:BH83),))","00:00:01 (=IF(COUNT(BH8:BH39,BH52:BH83)<>0,AVERAGE(BH8:BH39,BH52:BH83),))",00:00:01,날짜·시간 의미 일치
poi-src/test-data/spreadsheet/57181.xlsm,General!BH86,xl/worksheets/sheet2.xml:BH86,3.1250000000000001E-4,[=0]?;[<4.16666666666667][hh]:mm:ss;[hh]:mm,"1899-12-31 (=MAX(BH8:BH39,BH52:BH83))","00:00:27 (=MAX(BH8:BH39,BH52:BH83))",00:00:27,날짜·시간 의미 일치
poi-src/test-data/spreadsheet/57181.xlsm,General!BH87,xl/worksheets/sheet2.xml:BH87,0,[=0]?;[<4.16666666666667][hh]:mm:ss;[hh]:mm,"1899-12-31 (=MIN(BH8:BH39,BH52:BH83))","0 (=MIN(BH8:BH39,BH52:BH83))",0,원시 수치 보존
poi-src/test-data/spreadsheet/57181.xlsm,General!BH9,xl/worksheets/sheet2.xml:BH9,0,[=0]?;[<4.16666666666667][hh]:mm:ss;[hh]:mm,1899-12-31,0,0,원시 수치 보존
poi-src/test-data/spreadsheet/57181.xlsm,General!BI10,xl/worksheets/sheet2.xml:BI10,0,[=0]?;[<4.16666666666667][hh]:mm:ss;[hh]:mm,1899-12-31,0,0,원시 수치 보존
poi-src/test-data/spreadsheet/57181.xlsm,General!BI11,xl/worksheets/sheet2.xml:BI11,1.0416666666666667E-4,[=0]?;[<4.16666666666667][hh]:mm:ss;[hh]:mm,1899-12-31,00:00:09,00:00:09,날짜·시간 의미 일치
poi-src/test-data/spreadsheet/57181.xlsm,General!BI12,xl/worksheets/sheet2.xml:BI12,0,[=0]?;[<4.16666666666667][hh]:mm:ss;[hh]:mm,1899-12-31,0,0,원시 수치 보존
poi-src/test-data/spreadsheet/57181.xlsm,General!BI13,xl/worksheets/sheet2.xml:BI13,0,[=0]?;[<4.16666666666667][hh]:mm:ss;[hh]:mm,1899-12-31,0,0,원시 수치 보존
poi-src/test-data/spreadsheet/57181.xlsm,General!BI130,xl/worksheets/sheet2.xml:BI130,1.0416666666666667E-4,[=0]?;[<4.16666666666667][hh]:mm:ss;[hh]:mm,"1899-12-31 (=MAX(BI8:BI39,BI52:BI83,BI96:BI127))","00:00:09 (=MAX(BI8:BI39,BI52:BI83,BI96:BI127))",00:00:09,날짜·시간 의미 일치
poi-src/test-data/spreadsheet/57181.xlsm,General!BI131,xl/worksheets/sheet2.xml:BI131,0,[=0]?;[<4.16666666666667][hh]:mm:ss;[hh]:mm,"1899-12-31 (=MIN(BI8:BI39,BI52:BI83,BI96:BI127))","0 (=MIN(BI8:BI39,BI52:BI83,BI96:BI127))",0,원시 수치 보존
poi-src/test-data/spreadsheet/57181.xlsm,General!BI14,xl/worksheets/sheet2.xml:BI14,0,[=0]?;[<4.16666666666667][hh]:mm:ss;[hh]:mm,1899-12-31,0,0,원시 수치 보존
poi-src/test-data/spreadsheet/57181.xlsm,General!BI15,xl/worksheets/sheet2.xml:BI15,0,[=0]?;[<4.16666666666667][hh]:mm:ss;[hh]:mm,1899-12-31,0,0,원시 수치 보존
poi-src/test-data/spreadsheet/57181.xlsm,General!BI16,xl/worksheets/sheet2.xml:BI16,0,[=0]?;[<4.16666666666667][hh]:mm:ss;[hh]:mm,1899-12-31,0,0,원시 수치 보존
poi-src/test-data/spreadsheet/57181.xlsm,General!BI17,xl/worksheets/sheet2.xml:BI17,1.0416666666666667E-4,[=0]?;[<4.16666666666667][hh]:mm:ss;[hh]:mm,1899-12-31,00:00:09,00:00:09,날짜·시간 의미 일치
poi-src/test-data/spreadsheet/57181.xlsm,General!BI18,xl/worksheets/sheet2.xml:BI18,0,[=0]?;[<4.16666666666667][hh]:mm:ss;[hh]:mm,1899-12-31,0,0,원시 수치 보존
poi-src/test-data/spreadsheet/57181.xlsm,General!BI19,xl/worksheets/sheet2.xml:BI19,0,[=0]?;[<4.16666666666667][hh]:mm:ss;[hh]:mm,1899-12-31,0,0,원시 수치 보존
poi-src/test-data/spreadsheet/57181.xlsm,General!BI20,xl/worksheets/sheet2.xml:BI20,0,[=0]?;[<4.16666666666667][hh]:mm:ss;[hh]:mm,1899-12-31,0,0,원시 수치 보존
poi-src/test-data/spreadsheet/57181.xlsm,General!BI21,xl/worksheets/sheet2.xml:BI21,0,[=0]?;[<4.16666666666667][hh]:mm:ss;[hh]:mm,1899-12-31,0,0,원시 수치 보존
poi-src/test-data/spreadsheet/57181.xlsm,General!BI22,xl/worksheets/sheet2.xml:BI22,0,[=0]?;[<4.16666666666667][hh]:mm:ss;[hh]:mm,1899-12-31,0,0,원시 수치 보존
poi-src/test-data/spreadsheet/57181.xlsm,General!BI23,xl/worksheets/sheet2.xml:BI23,0,[=0]?;[<4.16666666666667][hh]:mm:ss;[hh]:mm,1899-12-31,0,0,원시 수치 보존
poi-src/test-data/spreadsheet/57181.xlsm,General!BI24,xl/worksheets/sheet2.xml:BI24,0,[=0]?;[<4.16666666666667][hh]:mm:ss;[hh]:mm,1899-12-31,0,0,원시 수치 보존
poi-src/test-data/spreadsheet/57181.xlsm,General!BI25,xl/worksheets/sheet2.xml:BI25,0,[=0]?;[<4.16666666666667][hh]:mm:ss;[hh]:mm,1899-12-31,0,0,원시 수치 보존
poi-src/test-data/spreadsheet/57181.xlsm,General!BI26,xl/worksheets/sheet2.xml:BI26,0,[=0]?;[<4.16666666666667][hh]:mm:ss;[hh]:mm,1899-12-31,0,0,원시 수치 보존
poi-src/test-data/spreadsheet/57181.xlsm,General!BI27,xl/worksheets/sheet2.xml:BI27,0,[=0]?;[<4.16666666666667][hh]:mm:ss;[hh]:mm,1899-12-31,0,0,원시 수치 보존
poi-src/test-data/spreadsheet/57181.xlsm,General!BI28,xl/worksheets/sheet2.xml:BI28,0,[=0]?;[<4.16666666666667][hh]:mm:ss;[hh]:mm,1899-12-31,0,0,원시 수치 보존
poi-src/test-data/spreadsheet/57181.xlsm,General!BI29,xl/worksheets/sheet2.xml:BI29,0,[=0]?;[<4.16666666666667][hh]:mm:ss;[hh]:mm,1899-12-31,0,0,원시 수치 보존
poi-src/test-data/spreadsheet/57181.xlsm,General!BI30,xl/worksheets/sheet2.xml:BI30,0,[=0]?;[<4.16666666666667][hh]:mm:ss;[hh]:mm,1899-12-31,0,0,원시 수치 보존
poi-src/test-data/spreadsheet/57181.xlsm,General!BI31,xl/worksheets/sheet2.xml:BI31,0,[=0]?;[<4.16666666666667][hh]:mm:ss;[hh]:mm,1899-12-31,0,0,원시 수치 보존
poi-src/test-data/spreadsheet/57181.xlsm,General!BI32,xl/worksheets/sheet2.xml:BI32,0,[=0]?;[<4.16666666666667][hh]:mm:ss;[hh]:mm,1899-12-31,0,0,원시 수치 보존
poi-src/test-data/spreadsheet/57181.xlsm,General!BI33,xl/worksheets/sheet2.xml:BI33,0,[=0]?;[<4.16666666666667][hh]:mm:ss;[hh]:mm,1899-12-31,0,0,원시 수치 보존
poi-src/test-data/spreadsheet/57181.xlsm,General!BI34,xl/worksheets/sheet2.xml:BI34,0,[=0]?;[<4.16666666666667][hh]:mm:ss;[hh]:mm,1899-12-31,0,0,원시 수치 보존
poi-src/test-data/spreadsheet/57181.xlsm,General!BI35,xl/worksheets/sheet2.xml:BI35,0,[=0]?;[<4.16666666666667][hh]:mm:ss;[hh]:mm,1899-12-31,0,0,원시 수치 보존
poi-src/test-data/spreadsheet/57181.xlsm,General!BI36,xl/worksheets/sheet2.xml:BI36,0,[=0]?;[<4.16666666666667][hh]:mm:ss;[hh]:mm,1899-12-31,0,0,원시 수치 보존
poi-src/test-data/spreadsheet/57181.xlsm,General!BI37,xl/worksheets/sheet2.xml:BI37,0,[=0]?;[<4.16666666666667][hh]:mm:ss;[hh]:mm,1899-12-31,0,0,원시 수치 보존
poi-src/test-data/spreadsheet/57181.xlsm,General!BI42,xl/worksheets/sheet2.xml:BI42,1.0416666666666667E-4,[=0]?;[<4.16666666666667][hh]:mm:ss;[hh]:mm,1899-12-31 (=MAX(BI8:BI39)),00:00:09 (=MAX(BI8:BI39)),00:00:09,날짜·시간 의미 일치
poi-src/test-data/spreadsheet/57181.xlsm,General!BI43,xl/worksheets/sheet2.xml:BI43,0,[=0]?;[<4.16666666666667][hh]:mm:ss;[hh]:mm,1899-12-31 (=MIN(BI8:BI39)),0 (=MIN(BI8:BI39)),0,원시 수치 보존
poi-src/test-data/spreadsheet/57181.xlsm,General!BI8,xl/worksheets/sheet2.xml:BI8,0,[=0]?;[<4.16666666666667][hh]:mm:ss;[hh]:mm,1899-12-31,0,0,원시 수치 보존
poi-src/test-data/spreadsheet/57181.xlsm,General!BI86,xl/worksheets/sheet2.xml:BI86,1.0416666666666667E-4,[=0]?;[<4.16666666666667][hh]:mm:ss;[hh]:mm,"1899-12-31 (=MAX(BI8:BI39,BI52:BI83))","00:00:09 (=MAX(BI8:BI39,BI52:BI83))",00:00:09,날짜·시간 의미 일치
poi-src/test-data/spreadsheet/57181.xlsm,General!BI87,xl/worksheets/sheet2.xml:BI87,0,[=0]?;[<4.16666666666667][hh]:mm:ss;[hh]:mm,"1899-12-31 (=MIN(BI8:BI39,BI52:BI83))","0 (=MIN(BI8:BI39,BI52:BI83))",0,원시 수치 보존
poi-src/test-data/spreadsheet/57181.xlsm,General!BI9,xl/worksheets/sheet2.xml:BI9,0,[=0]?;[<4.16666666666667][hh]:mm:ss;[hh]:mm,1899-12-31,0,0,원시 수치 보존
poi-src/test-data/spreadsheet/57181.xlsm,General!BJ10,xl/worksheets/sheet2.xml:BJ10,0,[=0]?;[<4.16666666666667][hh]:mm:ss;[hh]:mm,1899-12-31,0,0,원시 수치 보존
poi-src/test-data/spreadsheet/57181.xlsm,General!BJ11,xl/worksheets/sheet2.xml:BJ11,0,[=0]?;[<4.16666666666667][hh]:mm:ss;[hh]:mm,1899-12-31,0,0,원시 수치 보존
poi-src/test-data/spreadsheet/57181.xlsm,General!BJ12,xl/worksheets/sheet2.xml:BJ12,0,[=0]?;[<4.16666666666667][hh]:mm:ss;[hh]:mm,1899-12-31,0,0,원시 수치 보존
poi-src/test-data/spreadsheet/57181.xlsm,General!BJ128,xl/worksheets/sheet2.xml:BJ128,0,[=0]?;[<4.16666666666667][hh]:mm:ss;[hh]:mm,"1899-12-31 (=SUM(BJ8:BJ39,BJ52:BJ83,BJ96:BJ127))","0 (=SUM(BJ8:BJ39,BJ52:BJ83,BJ96:BJ127))",0,원시 수치 보존
poi-src/test-data/spreadsheet/57181.xlsm,General!BJ129,xl/worksheets/sheet2.xml:BJ129,0,[=0]?;[<4.16666666666667][hh]:mm:ss;[hh]:mm,"1899-12-31 (=IF(COUNT(BJ8:BJ39,BJ52:BJ83,BJ96:BJ127)<>0,AVERAGE(BJ8:BJ39,BJ52:BJ83,BJ96:BJ127),))","0 (=IF(COUNT(BJ8:BJ39,BJ52:BJ83,BJ96:BJ127)<>0,AVERAGE(BJ8:BJ39,BJ52:BJ83,BJ96:BJ127),))",0,원시 수치 보존
poi-src/test-data/spreadsheet/57181.xlsm,General!BJ13,xl/worksheets/sheet2.xml:BJ13,0,[=0]?;[<4.16666666666667][hh]:mm:ss;[hh]:mm,1899-12-31,0,0,원시 수치 보존
poi-src/test-data/spreadsheet/57181.xlsm,General!BJ130,xl/worksheets/sheet2.xml:BJ130,0,[=0]?;[<4.16666666666667][hh]:mm:ss;[hh]:mm,"1899-12-31 (=MAX(BJ8:BJ39,BJ52:BJ83,BJ96:BJ127))","0 (=MAX(BJ8:BJ39,BJ52:BJ83,BJ96:BJ127))",0,원시 수치 보존
poi-src/test-data/spreadsheet/57181.xlsm,General!BJ131,xl/worksheets/sheet2.xml:BJ131,0,[=0]?;[<4.16666666666667][hh]:mm:ss;[hh]:mm,"1899-12-31 (=MIN(BJ8:BJ39,BJ52:BJ83,BJ96:BJ127))","0 (=MIN(BJ8:BJ39,BJ52:BJ83,BJ96:BJ127))",0,원시 수치 보존
poi-src/test-data/spreadsheet/57181.xlsm,General!BJ14,xl/worksheets/sheet2.xml:BJ14,0,[=0]?;[<4.16666666666667][hh]:mm:ss;[hh]:mm,1899-12-31,0,0,원시 수치 보존
poi-src/test-data/spreadsheet/57181.xlsm,General!BJ15,xl/worksheets/sheet2.xml:BJ15,0,[=0]?;[<4.16666666666667][hh]:mm:ss;[hh]:mm,1899-12-31,0,0,원시 수치 보존
poi-src/test-data/spreadsheet/57181.xlsm,General!BJ16,xl/worksheets/sheet2.xml:BJ16,0,[=0]?;[<4.16666666666667][hh]:mm:ss;[hh]:mm,1899-12-31,0,0,원시 수치 보존
poi-src/test-data/spreadsheet/57181.xlsm,General!BJ17,xl/worksheets/sheet2.xml:BJ17,0,[=0]?;[<4.16666666666667][hh]:mm:ss;[hh]:mm,1899-12-31,0,0,원시 수치 보존
poi-src/test-data/spreadsheet/57181.xlsm,General!BJ18,xl/worksheets/sheet2.xml:BJ18,0,[=0]?;[<4.16666666666667][hh]:mm:ss;[hh]:mm,1899-12-31,0,0,원시 수치 보존
poi-src/test-data/spreadsheet/57181.xlsm,General!BJ19,xl/worksheets/sheet2.xml:BJ19,0,[=0]?;[<4.16666666666667][hh]:mm:ss;[hh]:mm,1899-12-31,0,0,원시 수치 보존
poi-src/test-data/spreadsheet/57181.xlsm,General!BJ20,xl/worksheets/sheet2.xml:BJ20,0,[=0]?;[<4.16666666666667][hh]:mm:ss;[hh]:mm,1899-12-31,0,0,원시 수치 보존
poi-src/test-data/spreadsheet/57181.xlsm,General!BJ21,xl/worksheets/sheet2.xml:BJ21,0,[=0]?;[<4.16666666666667][hh]:mm:ss;[hh]:mm,1899-12-31,0,0,원시 수치 보존
poi-src/test-data/spreadsheet/57181.xlsm,General!BJ22,xl/worksheets/sheet2.xml:BJ22,0,[=0]?;[<4.16666666666667][hh]:mm:ss;[hh]:mm,1899-12-31,0,0,원시 수치 보존
poi-src/test-data/spreadsheet/57181.xlsm,General!BJ23,xl/worksheets/sheet2.xml:BJ23,0,[=0]?;[<4.16666666666667][hh]:mm:ss;[hh]:mm,1899-12-31,0,0,원시 수치 보존
poi-src/test-data/spreadsheet/57181.xlsm,General!BJ24,xl/worksheets/sheet2.xml:BJ24,0,[=0]?;[<4.16666666666667][hh]:mm:ss;[hh]:mm,1899-12-31,0,0,원시 수치 보존
poi-src/test-data/spreadsheet/57181.xlsm,General!BJ25,xl/worksheets/sheet2.xml:BJ25,0,[=0]?;[<4.16666666666667][hh]:mm:ss;[hh]:mm,1899-12-31,0,0,원시 수치 보존
poi-src/test-data/spreadsheet/57181.xlsm,General!BJ26,xl/worksheets/sheet2.xml:BJ26,0,[=0]?;[<4.16666666666667][hh]:mm:ss;[hh]:mm,1899-12-31,0,0,원시 수치 보존
poi-src/test-data/spreadsheet/57181.xlsm,General!BJ27,xl/worksheets/sheet2.xml:BJ27,0,[=0]?;[<4.16666666666667][hh]:mm:ss;[hh]:mm,1899-12-31,0,0,원시 수치 보존
poi-src/test-data/spreadsheet/57181.xlsm,General!BJ28,xl/worksheets/sheet2.xml:BJ28,0,[=0]?;[<4.16666666666667][hh]:mm:ss;[hh]:mm,1899-12-31,0,0,원시 수치 보존
poi-src/test-data/spreadsheet/57181.xlsm,General!BJ29,xl/worksheets/sheet2.xml:BJ29,0,[=0]?;[<4.16666666666667][hh]:mm:ss;[hh]:mm,1899-12-31,0,0,원시 수치 보존
poi-src/test-data/spreadsheet/57181.xlsm,General!BJ30,xl/worksheets/sheet2.xml:BJ30,0,[=0]?;[<4.16666666666667][hh]:mm:ss;[hh]:mm,1899-12-31,0,0,원시 수치 보존
poi-src/test-data/spreadsheet/57181.xlsm,General!BJ31,xl/worksheets/sheet2.xml:BJ31,0,[=0]?;[<4.16666666666667][hh]:mm:ss;[hh]:mm,1899-12-31,0,0,원시 수치 보존
poi-src/test-data/spreadsheet/57181.xlsm,General!BJ32,xl/worksheets/sheet2.xml:BJ32,0,[=0]?;[<4.16666666666667][hh]:mm:ss;[hh]:mm,1899-12-31,0,0,원시 수치 보존
poi-src/test-data/spreadsheet/57181.xlsm,General!BJ33,xl/worksheets/sheet2.xml:BJ33,0,[=0]?;[<4.16666666666667][hh]:mm:ss;[hh]:mm,1899-12-31,0,0,원시 수치 보존
poi-src/test-data/spreadsheet/57181.xlsm,General!BJ34,xl/worksheets/sheet2.xml:BJ34,0,[=0]?;[<4.16666666666667][hh]:mm:ss;[hh]:mm,1899-12-31,0,0,원시 수치 보존
poi-src/test-data/spreadsheet/57181.xlsm,General!BJ35,xl/worksheets/sheet2.xml:BJ35,0,[=0]?;[<4.16666666666667][hh]:mm:ss;[hh]:mm,1899-12-31,0,0,원시 수치 보존
poi-src/test-data/spreadsheet/57181.xlsm,General!BJ36,xl/worksheets/sheet2.xml:BJ36,0,[=0]?;[<4.16666666666667][hh]:mm:ss;[hh]:mm,1899-12-31,0,0,원시 수치 보존
poi-src/test-data/spreadsheet/57181.xlsm,General!BJ37,xl/worksheets/sheet2.xml:BJ37,0,[=0]?;[<4.16666666666667][hh]:mm:ss;[hh]:mm,1899-12-31,0,0,원시 수치 보존
poi-src/test-data/spreadsheet/57181.xlsm,General!BJ40,xl/worksheets/sheet2.xml:BJ40,0,[=0]?;[<4.16666666666667][hh]:mm:ss;[hh]:mm,1899-12-31 (=SUM(BJ8:BJ39)),0 (=SUM(BJ8:BJ39)),0,원시 수치 보존
poi-src/test-data/spreadsheet/57181.xlsm,General!BJ41,xl/worksheets/sheet2.xml:BJ41,0,[=0]?;[<4.16666666666667][hh]:mm:ss;[hh]:mm,"1899-12-31 (=IF(COUNT(BJ8:BJ39)<>0,AVERAGE(BJ8:BJ39),))","0 (=IF(COUNT(BJ8:BJ39)<>0,AVERAGE(BJ8:BJ39),))",0,원시 수치 보존
poi-src/test-data/spreadsheet/57181.xlsm,General!BJ42,xl/worksheets/sheet2.xml:BJ42,0,[=0]?;[<4.16666666666667][hh]:mm:ss;[hh]:mm,1899-12-31 (=MAX(BJ8:BJ39)),0 (=MAX(BJ8:BJ39)),0,원시 수치 보존
poi-src/test-data/spreadsheet/57181.xlsm,General!BJ43,xl/worksheets/sheet2.xml:BJ43,0,[=0]?;[<4.16666666666667][hh]:mm:ss;[hh]:mm,1899-12-31 (=MIN(BJ8:BJ39)),0 (=MIN(BJ8:BJ39)),0,원시 수치 보존
poi-src/test-data/spreadsheet/57181.xlsm,General!BJ8,xl/worksheets/sheet2.xml:BJ8,0,[=0]?;[<4.16666666666667][hh]:mm:ss;[hh]:mm,1899-12-31,0,0,원시 수치 보존
poi-src/test-data/spreadsheet/57181.xlsm,General!BJ84,xl/worksheets/sheet2.xml:BJ84,0,[=0]?;[<4.16666666666667][hh]:mm:ss;[hh]:mm,"1899-12-31 (=SUM(BJ8:BJ39,BJ52:BJ83))","0 (=SUM(BJ8:BJ39,BJ52:BJ83))",0,원시 수치 보존
poi-src/test-data/spreadsheet/57181.xlsm,General!BJ85,xl/worksheets/sheet2.xml:BJ85,0,[=0]?;[<4.16666666666667][hh]:mm:ss;[hh]:mm,"1899-12-31 (=IF(COUNT(BJ8:BJ39,BJ52:BJ83)<>0,AVERAGE(BJ8:BJ39,BJ52:BJ83),))","0 (=IF(COUNT(BJ8:BJ39,BJ52:BJ83)<>0,AVERAGE(BJ8:BJ39,BJ52:BJ83),))",0,원시 수치 보존
poi-src/test-data/spreadsheet/57181.xlsm,General!BJ86,xl/worksheets/sheet2.xml:BJ86,0,[=0]?;[<4.16666666666667][hh]:mm:ss;[hh]:mm,"1899-12-31 (=MAX(BJ8:BJ39,BJ52:BJ83))","0 (=MAX(BJ8:BJ39,BJ52:BJ83))",0,원시 수치 보존
poi-src/test-data/spreadsheet/57181.xlsm,General!BJ87,xl/worksheets/sheet2.xml:BJ87,0,[=0]?;[<4.16666666666667][hh]:mm:ss;[hh]:mm,"1899-12-31 (=MIN(BJ8:BJ39,BJ52:BJ83))","0 (=MIN(BJ8:BJ39,BJ52:BJ83))",0,원시 수치 보존
poi-src/test-data/spreadsheet/57181.xlsm,General!BJ9,xl/worksheets/sheet2.xml:BJ9,0,[=0]?;[<4.16666666666667][hh]:mm:ss;[hh]:mm,1899-12-31,0,0,원시 수치 보존
poi-src/test-data/spreadsheet/57181.xlsm,General!BK10,xl/worksheets/sheet2.xml:BK10,0,[=0]?;[<4.16666666666667][hh]:mm:ss;[hh]:mm,1899-12-31,0,0,원시 수치 보존
poi-src/test-data/spreadsheet/57181.xlsm,General!BK11,xl/worksheets/sheet2.xml:BK11,0,[=0]?;[<4.16666666666667][hh]:mm:ss;[hh]:mm,1899-12-31,0,0,원시 수치 보존
poi-src/test-data/spreadsheet/57181.xlsm,General!BK12,xl/worksheets/sheet2.xml:BK12,0,[=0]?;[<4.16666666666667][hh]:mm:ss;[hh]:mm,1899-12-31,0,0,원시 수치 보존
poi-src/test-data/spreadsheet/57181.xlsm,General!BK128,xl/worksheets/sheet2.xml:BK128,0,[=0]?;[<4.16666666666667][hh]:mm:ss;[hh]:mm,"1899-12-31 (=SUM(BK8:BK39,BK52:BK83,BK96:BK127))","0 (=SUM(BK8:BK39,BK52:BK83,BK96:BK127))",0,원시 수치 보존
poi-src/test-data/spreadsheet/57181.xlsm,General!BK129,xl/worksheets/sheet2.xml:BK129,0,[=0]?;[<4.16666666666667][hh]:mm:ss;[hh]:mm,"1899-12-31 (=IF(COUNT(BK8:BK39,BK52:BK83,BK96:BK127)<>0,AVERAGE(BK8:BK39,BK52:BK83,BK96:BK127),))","0 (=IF(COUNT(BK8:BK39,BK52:BK83,BK96:BK127)<>0,AVERAGE(BK8:BK39,BK52:BK83,BK96:BK127),))",0,원시 수치 보존
poi-src/test-data/spreadsheet/57181.xlsm,General!BK13,xl/worksheets/sheet2.xml:BK13,0,[=0]?;[<4.16666666666667][hh]:mm:ss;[hh]:mm,1899-12-31,0,0,원시 수치 보존
poi-src/test-data/spreadsheet/57181.xlsm,General!BK130,xl/worksheets/sheet2.xml:BK130,0,[=0]?;[<4.16666666666667][hh]:mm:ss;[hh]:mm,"1899-12-31 (=MAX(BK8:BK39,BK52:BK83,BK96:BK127))","0 (=MAX(BK8:BK39,BK52:BK83,BK96:BK127))",0,원시 수치 보존
poi-src/test-data/spreadsheet/57181.xlsm,General!BK131,xl/worksheets/sheet2.xml:BK131,0,[=0]?;[<4.16666666666667][hh]:mm:ss;[hh]:mm,"1899-12-31 (=MIN(BK8:BK39,BK52:BK83,BK96:BK127))","0 (=MIN(BK8:BK39,BK52:BK83,BK96:BK127))",0,원시 수치 보존
poi-src/test-data/spreadsheet/57181.xlsm,General!BK14,xl/worksheets/sheet2.xml:BK14,0,[=0]?;[<4.16666666666667][hh]:mm:ss;[hh]:mm,1899-12-31,0,0,원시 수치 보존
poi-src/test-data/spreadsheet/57181.xlsm,General!BK15,xl/worksheets/sheet2.xml:BK15,0,[=0]?;[<4.16666666666667][hh]:mm:ss;[hh]:mm,1899-12-31,0,0,원시 수치 보존
poi-src/test-data/spreadsheet/57181.xlsm,General!BK16,xl/worksheets/sheet2.xml:BK16,0,[=0]?;[<4.16666666666667][hh]:mm:ss;[hh]:mm,1899-12-31,0,0,원시 수치 보존
poi-src/test-data/spreadsheet/57181.xlsm,General!BK17,xl/worksheets/sheet2.xml:BK17,0,[=0]?;[<4.16666666666667][hh]:mm:ss;[hh]:mm,1899-12-31,0,0,원시 수치 보존
poi-src/test-data/spreadsheet/57181.xlsm,General!BK18,xl/worksheets/sheet2.xml:BK18,0,[=0]?;[<4.16666666666667][hh]:mm:ss;[hh]:mm,1899-12-31,0,0,원시 수치 보존
poi-src/test-data/spreadsheet/57181.xlsm,General!BK19,xl/worksheets/sheet2.xml:BK19,0,[=0]?;[<4.16666666666667][hh]:mm:ss;[hh]:mm,1899-12-31,0,0,원시 수치 보존
poi-src/test-data/spreadsheet/57181.xlsm,General!BK20,xl/worksheets/sheet2.xml:BK20,0,[=0]?;[<4.16666666666667][hh]:mm:ss;[hh]:mm,1899-12-31,0,0,원시 수치 보존
poi-src/test-data/spreadsheet/57181.xlsm,General!BK21,xl/worksheets/sheet2.xml:BK21,0,[=0]?;[<4.16666666666667][hh]:mm:ss;[hh]:mm,1899-12-31,0,0,원시 수치 보존
poi-src/test-data/spreadsheet/57181.xlsm,General!BK22,xl/worksheets/sheet2.xml:BK22,0,[=0]?;[<4.16666666666667][hh]:mm:ss;[hh]:mm,1899-12-31,0,0,원시 수치 보존
poi-src/test-data/spreadsheet/57181.xlsm,General!BK23,xl/worksheets/sheet2.xml:BK23,0,[=0]?;[<4.16666666666667][hh]:mm:ss;[hh]:mm,1899-12-31,0,0,원시 수치 보존
poi-src/test-data/spreadsheet/57181.xlsm,General!BK24,xl/worksheets/sheet2.xml:BK24,0,[=0]?;[<4.16666666666667][hh]:mm:ss;[hh]:mm,1899-12-31,0,0,원시 수치 보존
poi-src/test-data/spreadsheet/57181.xlsm,General!BK25,xl/worksheets/sheet2.xml:BK25,0,[=0]?;[<4.16666666666667][hh]:mm:ss;[hh]:mm,1899-12-31,0,0,원시 수치 보존
poi-src/test-data/spreadsheet/57181.xlsm,General!BK26,xl/worksheets/sheet2.xml:BK26,0,[=0]?;[<4.16666666666667][hh]:mm:ss;[hh]:mm,1899-12-31,0,0,원시 수치 보존
poi-src/test-data/spreadsheet/57181.xlsm,General!BK27,xl/worksheets/sheet2.xml:BK27,0,[=0]?;[<4.16666666666667][hh]:mm:ss;[hh]:mm,1899-12-31,0,0,원시 수치 보존
poi-src/test-data/spreadsheet/57181.xlsm,General!BK28,xl/worksheets/sheet2.xml:BK28,0,[=0]?;[<4.16666666666667][hh]:mm:ss;[hh]:mm,1899-12-31,0,0,원시 수치 보존
poi-src/test-data/spreadsheet/57181.xlsm,General!BK29,xl/worksheets/sheet2.xml:BK29,0,[=0]?;[<4.16666666666667][hh]:mm:ss;[hh]:mm,1899-12-31,0,0,원시 수치 보존
poi-src/test-data/spreadsheet/57181.xlsm,General!BK30,xl/worksheets/sheet2.xml:BK30,0,[=0]?;[<4.16666666666667][hh]:mm:ss;[hh]:mm,1899-12-31,0,0,원시 수치 보존
poi-src/test-data/spreadsheet/57181.xlsm,General!BK31,xl/worksheets/sheet2.xml:BK31,0,[=0]?;[<4.16666666666667][hh]:mm:ss;[hh]:mm,1899-12-31,0,0,원시 수치 보존
poi-src/test-data/spreadsheet/57181.xlsm,General!BK32,xl/worksheets/sheet2.xml:BK32,0,[=0]?;[<4.16666666666667][hh]:mm:ss;[hh]:mm,1899-12-31,0,0,원시 수치 보존
poi-src/test-data/spreadsheet/57181.xlsm,General!BK33,xl/worksheets/sheet2.xml:BK33,0,[=0]?;[<4.16666666666667][hh]:mm:ss;[hh]:mm,1899-12-31,0,0,원시 수치 보존
poi-src/test-data/spreadsheet/57181.xlsm,General!BK34,xl/worksheets/sheet2.xml:BK34,0,[=0]?;[<4.16666666666667][hh]:mm:ss;[hh]:mm,1899-12-31,0,0,원시 수치 보존
poi-src/test-data/spreadsheet/57181.xlsm,General!BK35,xl/worksheets/sheet2.xml:BK35,0,[=0]?;[<4.16666666666667][hh]:mm:ss;[hh]:mm,1899-12-31,0,0,원시 수치 보존
poi-src/test-data/spreadsheet/57181.xlsm,General!BK36,xl/worksheets/sheet2.xml:BK36,0,[=0]?;[<4.16666666666667][hh]:mm:ss;[hh]:mm,1899-12-31,0,0,원시 수치 보존
poi-src/test-data/spreadsheet/57181.xlsm,General!BK37,xl/worksheets/sheet2.xml:BK37,0,[=0]?;[<4.16666666666667][hh]:mm:ss;[hh]:mm,1899-12-31,0,0,원시 수치 보존
poi-src/test-data/spreadsheet/57181.xlsm,General!BK40,xl/worksheets/sheet2.xml:BK40,0,[=0]?;[<4.16666666666667][hh]:mm:ss;[hh]:mm,1899-12-31 (=SUM(BK8:BK39)),0 (=SUM(BK8:BK39)),0,원시 수치 보존
poi-src/test-data/spreadsheet/57181.xlsm,General!BK41,xl/worksheets/sheet2.xml:BK41,0,[=0]?;[<4.16666666666667][hh]:mm:ss;[hh]:mm,"1899-12-31 (=IF(COUNT(BK8:BK39)<>0,AVERAGE(BK8:BK39),))","0 (=IF(COUNT(BK8:BK39)<>0,AVERAGE(BK8:BK39),))",0,원시 수치 보존
poi-src/test-data/spreadsheet/57181.xlsm,General!BK42,xl/worksheets/sheet2.xml:BK42,0,[=0]?;[<4.16666666666667][hh]:mm:ss;[hh]:mm,1899-12-31 (=MAX(BK8:BK39)),0 (=MAX(BK8:BK39)),0,원시 수치 보존
poi-src/test-data/spreadsheet/57181.xlsm,General!BK43,xl/worksheets/sheet2.xml:BK43,0,[=0]?;[<4.16666666666667][hh]:mm:ss;[hh]:mm,1899-12-31 (=MIN(BK8:BK39)),0 (=MIN(BK8:BK39)),0,원시 수치 보존
poi-src/test-data/spreadsheet/57181.xlsm,General!BK8,xl/worksheets/sheet2.xml:BK8,0,[=0]?;[<4.16666666666667][hh]:mm:ss;[hh]:mm,1899-12-31,0,0,원시 수치 보존
poi-src/test-data/spreadsheet/57181.xlsm,General!BK84,xl/worksheets/sheet2.xml:BK84,0,[=0]?;[<4.16666666666667][hh]:mm:ss;[hh]:mm,"1899-12-31 (=SUM(BK8:BK39,BK52:BK83))","0 (=SUM(BK8:BK39,BK52:BK83))",0,원시 수치 보존
poi-src/test-data/spreadsheet/57181.xlsm,General!BK85,xl/worksheets/sheet2.xml:BK85,0,[=0]?;[<4.16666666666667][hh]:mm:ss;[hh]:mm,"1899-12-31 (=IF(COUNT(BK8:BK39,BK52:BK83)<>0,AVERAGE(BK8:BK39,BK52:BK83),))","0 (=IF(COUNT(BK8:BK39,BK52:BK83)<>0,AVERAGE(BK8:BK39,BK52:BK83),))",0,원시 수치 보존
poi-src/test-data/spreadsheet/57181.xlsm,General!BK86,xl/worksheets/sheet2.xml:BK86,0,[=0]?;[<4.16666666666667][hh]:mm:ss;[hh]:mm,"1899-12-31 (=MAX(BK8:BK39,BK52:BK83))","0 (=MAX(BK8:BK39,BK52:BK83))",0,원시 수치 보존
poi-src/test-data/spreadsheet/57181.xlsm,General!BK87,xl/worksheets/sheet2.xml:BK87,0,[=0]?;[<4.16666666666667][hh]:mm:ss;[hh]:mm,"1899-12-31 (=MIN(BK8:BK39,BK52:BK83))","0 (=MIN(BK8:BK39,BK52:BK83))",0,원시 수치 보존
poi-src/test-data/spreadsheet/57181.xlsm,General!BK9,xl/worksheets/sheet2.xml:BK9,0,[=0]?;[<4.16666666666667][hh]:mm:ss;[hh]:mm,1899-12-31,0,0,원시 수치 보존
poi-src/test-data/spreadsheet/57181.xlsm,General!BL10,xl/worksheets/sheet2.xml:BL10,0,[=0]?;[<4.16666666666667][hh]:mm:ss;[hh]:mm,1899-12-31,0,0,원시 수치 보존
poi-src/test-data/spreadsheet/57181.xlsm,General!BL11,xl/worksheets/sheet2.xml:BL11,0,[=0]?;[<4.16666666666667][hh]:mm:ss;[hh]:mm,1899-12-31,0,0,원시 수치 보존
poi-src/test-data/spreadsheet/57181.xlsm,General!BL12,xl/worksheets/sheet2.xml:BL12,0,[=0]?;[<4.16666666666667][hh]:mm:ss;[hh]:mm,1899-12-31,0,0,원시 수치 보존
poi-src/test-data/spreadsheet/57181.xlsm,General!BL13,xl/worksheets/sheet2.xml:BL13,0,[=0]?;[<4.16666666666667][hh]:mm:ss;[hh]:mm,1899-12-31,0,0,원시 수치 보존
poi-src/test-data/spreadsheet/57181.xlsm,General!BL130,xl/worksheets/sheet2.xml:BL130,0,[=0]?;[<4.16666666666667][hh]:mm:ss;[hh]:mm,"1899-12-31 (=MAX(BL8:BL39,BL52:BL83,BL96:BL127))","0 (=MAX(BL8:BL39,BL52:BL83,BL96:BL127))",0,원시 수치 보존
poi-src/test-data/spreadsheet/57181.xlsm,General!BL131,xl/worksheets/sheet2.xml:BL131,0,[=0]?;[<4.16666666666667][hh]:mm:ss;[hh]:mm,"1899-12-31 (=MIN(BL8:BL39,BL52:BL83,BL96:BL127))","0 (=MIN(BL8:BL39,BL52:BL83,BL96:BL127))",0,원시 수치 보존
poi-src/test-data/spreadsheet/57181.xlsm,General!BL14,xl/worksheets/sheet2.xml:BL14,0,[=0]?;[<4.16666666666667][hh]:mm:ss;[hh]:mm,1899-12-31,0,0,원시 수치 보존
poi-src/test-data/spreadsheet/57181.xlsm,General!BL15,xl/worksheets/sheet2.xml:BL15,0,[=0]?;[<4.16666666666667][hh]:mm:ss;[hh]:mm,1899-12-31,0,0,원시 수치 보존
poi-src/test-data/spreadsheet/57181.xlsm,General!BL16,xl/worksheets/sheet2.xml:BL16,0,[=0]?;[<4.16666666666667][hh]:mm:ss;[hh]:mm,1899-12-31,0,0,원시 수치 보존
poi-src/test-data/spreadsheet/57181.xlsm,General!BL17,xl/worksheets/sheet2.xml:BL17,0,[=0]?;[<4.16666666666667][hh]:mm:ss;[hh]:mm,1899-12-31,0,0,원시 수치 보존
poi-src/test-data/spreadsheet/57181.xlsm,General!BL18,xl/worksheets/sheet2.xml:BL18,0,[=0]?;[<4.16666666666667][hh]:mm:ss;[hh]:mm,1899-12-31,0,0,원시 수치 보존
poi-src/test-data/spreadsheet/57181.xlsm,General!BL19,xl/worksheets/sheet2.xml:BL19,0,[=0]?;[<4.16666666666667][hh]:mm:ss;[hh]:mm,1899-12-31,0,0,원시 수치 보존
poi-src/test-data/spreadsheet/57181.xlsm,General!BL20,xl/worksheets/sheet2.xml:BL20,0,[=0]?;[<4.16666666666667][hh]:mm:ss;[hh]:mm,1899-12-31,0,0,원시 수치 보존
poi-src/test-data/spreadsheet/57181.xlsm,General!BL21,xl/worksheets/sheet2.xml:BL21,0,[=0]?;[<4.16666666666667][hh]:mm:ss;[hh]:mm,1899-12-31,0,0,원시 수치 보존
poi-src/test-data/spreadsheet/57181.xlsm,General!BL22,xl/worksheets/sheet2.xml:BL22,0,[=0]?;[<4.16666666666667][hh]:mm:ss;[hh]:mm,1899-12-31,0,0,원시 수치 보존
poi-src/test-data/spreadsheet/57181.xlsm,General!BL23,xl/worksheets/sheet2.xml:BL23,0,[=0]?;[<4.16666666666667][hh]:mm:ss;[hh]:mm,1899-12-31,0,0,원시 수치 보존
poi-src/test-data/spreadsheet/57181.xlsm,General!BL24,xl/worksheets/sheet2.xml:BL24,0,[=0]?;[<4.16666666666667][hh]:mm:ss;[hh]:mm,1899-12-31,0,0,원시 수치 보존
poi-src/test-data/spreadsheet/57181.xlsm,General!BL25,xl/worksheets/sheet2.xml:BL25,0,[=0]?;[<4.16666666666667][hh]:mm:ss;[hh]:mm,1899-12-31,0,0,원시 수치 보존
poi-src/test-data/spreadsheet/57181.xlsm,General!BL26,xl/worksheets/sheet2.xml:BL26,0,[=0]?;[<4.16666666666667][hh]:mm:ss;[hh]:mm,1899-12-31,0,0,원시 수치 보존
poi-src/test-data/spreadsheet/57181.xlsm,General!BL27,xl/worksheets/sheet2.xml:BL27,0,[=0]?;[<4.16666666666667][hh]:mm:ss;[hh]:mm,1899-12-31,0,0,원시 수치 보존
poi-src/test-data/spreadsheet/57181.xlsm,General!BL28,xl/worksheets/sheet2.xml:BL28,0,[=0]?;[<4.16666666666667][hh]:mm:ss;[hh]:mm,1899-12-31,0,0,원시 수치 보존
poi-src/test-data/spreadsheet/57181.xlsm,General!BL29,xl/worksheets/sheet2.xml:BL29,0,[=0]?;[<4.16666666666667][hh]:mm:ss;[hh]:mm,1899-12-31,0,0,원시 수치 보존
poi-src/test-data/spreadsheet/57181.xlsm,General!BL30,xl/worksheets/sheet2.xml:BL30,0,[=0]?;[<4.16666666666667][hh]:mm:ss;[hh]:mm,1899-12-31,0,0,원시 수치 보존
poi-src/test-data/spreadsheet/57181.xlsm,General!BL31,xl/worksheets/sheet2.xml:BL31,0,[=0]?;[<4.16666666666667][hh]:mm:ss;[hh]:mm,1899-12-31,0,0,원시 수치 보존
poi-src/test-data/spreadsheet/57181.xlsm,General!BL32,xl/worksheets/sheet2.xml:BL32,0,[=0]?;[<4.16666666666667][hh]:mm:ss;[hh]:mm,1899-12-31,0,0,원시 수치 보존
poi-src/test-data/spreadsheet/57181.xlsm,General!BL33,xl/worksheets/sheet2.xml:BL33,0,[=0]?;[<4.16666666666667][hh]:mm:ss;[hh]:mm,1899-12-31,0,0,원시 수치 보존
poi-src/test-data/spreadsheet/57181.xlsm,General!BL34,xl/worksheets/sheet2.xml:BL34,0,[=0]?;[<4.16666666666667][hh]:mm:ss;[hh]:mm,1899-12-31,0,0,원시 수치 보존
poi-src/test-data/spreadsheet/57181.xlsm,General!BL35,xl/worksheets/sheet2.xml:BL35,0,[=0]?;[<4.16666666666667][hh]:mm:ss;[hh]:mm,1899-12-31,0,0,원시 수치 보존
poi-src/test-data/spreadsheet/57181.xlsm,General!BL36,xl/worksheets/sheet2.xml:BL36,0,[=0]?;[<4.16666666666667][hh]:mm:ss;[hh]:mm,1899-12-31,0,0,원시 수치 보존
poi-src/test-data/spreadsheet/57181.xlsm,General!BL37,xl/worksheets/sheet2.xml:BL37,0,[=0]?;[<4.16666666666667][hh]:mm:ss;[hh]:mm,1899-12-31,0,0,원시 수치 보존
poi-src/test-data/spreadsheet/57181.xlsm,General!BL42,xl/worksheets/sheet2.xml:BL42,0,[=0]?;[<4.16666666666667][hh]:mm:ss;[hh]:mm,1899-12-31 (=MAX(BL8:BL39)),0 (=MAX(BL8:BL39)),0,원시 수치 보존
poi-src/test-data/spreadsheet/57181.xlsm,General!BL43,xl/worksheets/sheet2.xml:BL43,0,[=0]?;[<4.16666666666667][hh]:mm:ss;[hh]:mm,1899-12-31 (=MIN(BL8:BL39)),0 (=MIN(BL8:BL39)),0,원시 수치 보존
poi-src/test-data/spreadsheet/57181.xlsm,General!BL8,xl/worksheets/sheet2.xml:BL8,0,[=0]?;[<4.16666666666667][hh]:mm:ss;[hh]:mm,1899-12-31,0,0,원시 수치 보존
poi-src/test-data/spreadsheet/57181.xlsm,General!BL86,xl/worksheets/sheet2.xml:BL86,0,[=0]?;[<4.16666666666667][hh]:mm:ss;[hh]:mm,"1899-12-31 (=MAX(BL8:BL39,BL52:BL83))","0 (=MAX(BL8:BL39,BL52:BL83))",0,원시 수치 보존
poi-src/test-data/spreadsheet/57181.xlsm,General!BL87,xl/worksheets/sheet2.xml:BL87,0,[=0]?;[<4.16666666666667][hh]:mm:ss;[hh]:mm,"1899-12-31 (=MIN(BL8:BL39,BL52:BL83))","0 (=MIN(BL8:BL39,BL52:BL83))",0,원시 수치 보존
poi-src/test-data/spreadsheet/57181.xlsm,General!BL9,xl/worksheets/sheet2.xml:BL9,0,[=0]?;[<4.16666666666667][hh]:mm:ss;[hh]:mm,1899-12-31,0,0,원시 수치 보존
poi-src/test-data/spreadsheet/57181.xlsm,General!BM10,xl/worksheets/sheet2.xml:BM10,0,[=0]?;[<4.16666666666667][hh]:mm:ss;[hh]:mm,1899-12-31,0,0,원시 수치 보존
poi-src/test-data/spreadsheet/57181.xlsm,General!BM11,xl/worksheets/sheet2.xml:BM11,0,[=0]?;[<4.16666666666667][hh]:mm:ss;[hh]:mm,1899-12-31,0,0,원시 수치 보존
poi-src/test-data/spreadsheet/57181.xlsm,General!BM12,xl/worksheets/sheet2.xml:BM12,0,[=0]?;[<4.16666666666667][hh]:mm:ss;[hh]:mm,1899-12-31,0,0,원시 수치 보존
poi-src/test-data/spreadsheet/57181.xlsm,General!BM128,xl/worksheets/sheet2.xml:BM128,0,[=0]?;[<4.16666666666667][hh]:mm:ss;[hh]:mm,"1899-12-31 (=SUM(BM8:BM39,BM52:BM83,BM96:BM127))","0 (=SUM(BM8:BM39,BM52:BM83,BM96:BM127))",0,원시 수치 보존
poi-src/test-data/spreadsheet/57181.xlsm,General!BM129,xl/worksheets/sheet2.xml:BM129,0,[=0]?;[<4.16666666666667][hh]:mm:ss;[hh]:mm,"1899-12-31 (=IF(COUNT(BM8:BM39,BM52:BM83,BM96:BM127)<>0,AVERAGE(BM8:BM39,BM52:BM83,BM96:BM127),))","0 (=IF(COUNT(BM8:BM39,BM52:BM83,BM96:BM127)<>0,AVERAGE(BM8:BM39,BM52:BM83,BM96:BM127),))",0,원시 수치 보존
poi-src/test-data/spreadsheet/57181.xlsm,General!BM13,xl/worksheets/sheet2.xml:BM13,0,[=0]?;[<4.16666666666667][hh]:mm:ss;[hh]:mm,1899-12-31,0,0,원시 수치 보존
poi-src/test-data/spreadsheet/57181.xlsm,General!BM130,xl/worksheets/sheet2.xml:BM130,0,[=0]?;[<4.16666666666667][hh]:mm:ss;[hh]:mm,"1899-12-31 (=MAX(BM8:BM39,BM52:BM83,BM96:BM127))","0 (=MAX(BM8:BM39,BM52:BM83,BM96:BM127))",0,원시 수치 보존
poi-src/test-data/spreadsheet/57181.xlsm,General!BM131,xl/worksheets/sheet2.xml:BM131,0,[=0]?;[<4.16666666666667][hh]:mm:ss;[hh]:mm,"1899-12-31 (=MIN(BM8:BM39,BM52:BM83,BM96:BM127))","0 (=MIN(BM8:BM39,BM52:BM83,BM96:BM127))",0,원시 수치 보존
poi-src/test-data/spreadsheet/57181.xlsm,General!BM14,xl/worksheets/sheet2.xml:BM14,0,[=0]?;[<4.16666666666667][hh]:mm:ss;[hh]:mm,1899-12-31,0,0,원시 수치 보존
poi-src/test-data/spreadsheet/57181.xlsm,General!BM15,xl/worksheets/sheet2.xml:BM15,0,[=0]?;[<4.16666666666667][hh]:mm:ss;[hh]:mm,1899-12-31,0,0,원시 수치 보존
poi-src/test-data/spreadsheet/57181.xlsm,General!BM16,xl/worksheets/sheet2.xml:BM16,0,[=0]?;[<4.16666666666667][hh]:mm:ss;[hh]:mm,1899-12-31,0,0,원시 수치 보존
poi-src/test-data/spreadsheet/57181.xlsm,General!BM17,xl/worksheets/sheet2.xml:BM17,0,[=0]?;[<4.16666666666667][hh]:mm:ss;[hh]:mm,1899-12-31,0,0,원시 수치 보존
poi-src/test-data/spreadsheet/57181.xlsm,General!BM18,xl/worksheets/sheet2.xml:BM18,0,[=0]?;[<4.16666666666667][hh]:mm:ss;[hh]:mm,1899-12-31,0,0,원시 수치 보존
poi-src/test-data/spreadsheet/57181.xlsm,General!BM19,xl/worksheets/sheet2.xml:BM19,0,[=0]?;[<4.16666666666667][hh]:mm:ss;[hh]:mm,1899-12-31,0,0,원시 수치 보존
poi-src/test-data/spreadsheet/57181.xlsm,General!BM20,xl/worksheets/sheet2.xml:BM20,0,[=0]?;[<4.16666666666667][hh]:mm:ss;[hh]:mm,1899-12-31,0,0,원시 수치 보존
poi-src/test-data/spreadsheet/57181.xlsm,General!BM21,xl/worksheets/sheet2.xml:BM21,0,[=0]?;[<4.16666666666667][hh]:mm:ss;[hh]:mm,1899-12-31,0,0,원시 수치 보존
poi-src/test-data/spreadsheet/57181.xlsm,General!BM22,xl/worksheets/sheet2.xml:BM22,0,[=0]?;[<4.16666666666667][hh]:mm:ss;[hh]:mm,1899-12-31,0,0,원시 수치 보존
poi-src/test-data/spreadsheet/57181.xlsm,General!BM23,xl/worksheets/sheet2.xml:BM23,0,[=0]?;[<4.16666666666667][hh]:mm:ss;[hh]:mm,1899-12-31,0,0,원시 수치 보존
poi-src/test-data/spreadsheet/57181.xlsm,General!BM24,xl/worksheets/sheet2.xml:BM24,0,[=0]?;[<4.16666666666667][hh]:mm:ss;[hh]:mm,1899-12-31,0,0,원시 수치 보존
poi-src/test-data/spreadsheet/57181.xlsm,General!BM25,xl/worksheets/sheet2.xml:BM25,0,[=0]?;[<4.16666666666667][hh]:mm:ss;[hh]:mm,1899-12-31,0,0,원시 수치 보존
poi-src/test-data/spreadsheet/57181.xlsm,General!BM26,xl/worksheets/sheet2.xml:BM26,0,[=0]?;[<4.16666666666667][hh]:mm:ss;[hh]:mm,1899-12-31,0,0,원시 수치 보존
poi-src/test-data/spreadsheet/57181.xlsm,General!BM27,xl/worksheets/sheet2.xml:BM27,0,[=0]?;[<4.16666666666667][hh]:mm:ss;[hh]:mm,1899-12-31,0,0,원시 수치 보존
poi-src/test-data/spreadsheet/57181.xlsm,General!BM28,xl/worksheets/sheet2.xml:BM28,0,[=0]?;[<4.16666666666667][hh]:mm:ss;[hh]:mm,1899-12-31,0,0,원시 수치 보존
poi-src/test-data/spreadsheet/57181.xlsm,General!BM29,xl/worksheets/sheet2.xml:BM29,0,[=0]?;[<4.16666666666667][hh]:mm:ss;[hh]:mm,1899-12-31,0,0,원시 수치 보존
poi-src/test-data/spreadsheet/57181.xlsm,General!BM30,xl/worksheets/sheet2.xml:BM30,0,[=0]?;[<4.16666666666667][hh]:mm:ss;[hh]:mm,1899-12-31,0,0,원시 수치 보존
poi-src/test-data/spreadsheet/57181.xlsm,General!BM31,xl/worksheets/sheet2.xml:BM31,0,[=0]?;[<4.16666666666667][hh]:mm:ss;[hh]:mm,1899-12-31,0,0,원시 수치 보존
poi-src/test-data/spreadsheet/57181.xlsm,General!BM32,xl/worksheets/sheet2.xml:BM32,0,[=0]?;[<4.16666666666667][hh]:mm:ss;[hh]:mm,1899-12-31,0,0,원시 수치 보존
poi-src/test-data/spreadsheet/57181.xlsm,General!BM33,xl/worksheets/sheet2.xml:BM33,0,[=0]?;[<4.16666666666667][hh]:mm:ss;[hh]:mm,1899-12-31,0,0,원시 수치 보존
poi-src/test-data/spreadsheet/57181.xlsm,General!BM34,xl/worksheets/sheet2.xml:BM34,0,[=0]?;[<4.16666666666667][hh]:mm:ss;[hh]:mm,1899-12-31,0,0,원시 수치 보존
poi-src/test-data/spreadsheet/57181.xlsm,General!BM35,xl/worksheets/sheet2.xml:BM35,0,[=0]?;[<4.16666666666667][hh]:mm:ss;[hh]:mm,1899-12-31,0,0,원시 수치 보존
poi-src/test-data/spreadsheet/57181.xlsm,General!BM36,xl/worksheets/sheet2.xml:BM36,0,[=0]?;[<4.16666666666667][hh]:mm:ss;[hh]:mm,1899-12-31,0,0,원시 수치 보존
poi-src/test-data/spreadsheet/57181.xlsm,General!BM37,xl/worksheets/sheet2.xml:BM37,0,[=0]?;[<4.16666666666667][hh]:mm:ss;[hh]:mm,1899-12-31,0,0,원시 수치 보존
poi-src/test-data/spreadsheet/57181.xlsm,General!BM40,xl/worksheets/sheet2.xml:BM40,0,[=0]?;[<4.16666666666667][hh]:mm:ss;[hh]:mm,1899-12-31 (=SUM(BM8:BM39)),0 (=SUM(BM8:BM39)),0,원시 수치 보존
poi-src/test-data/spreadsheet/57181.xlsm,General!BM41,xl/worksheets/sheet2.xml:BM41,0,[=0]?;[<4.16666666666667][hh]:mm:ss;[hh]:mm,"1899-12-31 (=IF(COUNT(BM8:BM39)<>0,AVERAGE(BM8:BM39),))","0 (=IF(COUNT(BM8:BM39)<>0,AVERAGE(BM8:BM39),))",0,원시 수치 보존
poi-src/test-data/spreadsheet/57181.xlsm,General!BM42,xl/worksheets/sheet2.xml:BM42,0,[=0]?;[<4.16666666666667][hh]:mm:ss;[hh]:mm,1899-12-31 (=MAX(BM8:BM39)),0 (=MAX(BM8:BM39)),0,원시 수치 보존
poi-src/test-data/spreadsheet/57181.xlsm,General!BM43,xl/worksheets/sheet2.xml:BM43,0,[=0]?;[<4.16666666666667][hh]:mm:ss;[hh]:mm,1899-12-31 (=MIN(BM8:BM39)),0 (=MIN(BM8:BM39)),0,원시 수치 보존
poi-src/test-data/spreadsheet/57181.xlsm,General!BM8,xl/worksheets/sheet2.xml:BM8,0,[=0]?;[<4.16666666666667][hh]:mm:ss;[hh]:mm,1899-12-31,0,0,원시 수치 보존
poi-src/test-data/spreadsheet/57181.xlsm,General!BM84,xl/worksheets/sheet2.xml:BM84,0,[=0]?;[<4.16666666666667][hh]:mm:ss;[hh]:mm,"1899-12-31 (=SUM(BM8:BM39,BM52:BM83))","0 (=SUM(BM8:BM39,BM52:BM83))",0,원시 수치 보존
poi-src/test-data/spreadsheet/57181.xlsm,General!BM85,xl/worksheets/sheet2.xml:BM85,0,[=0]?;[<4.16666666666667][hh]:mm:ss;[hh]:mm,"1899-12-31 (=IF(COUNT(BM8:BM39,BM52:BM83)<>0,AVERAGE(BM8:BM39,BM52:BM83),))","0 (=IF(COUNT(BM8:BM39,BM52:BM83)<>0,AVERAGE(BM8:BM39,BM52:BM83),))",0,원시 수치 보존
poi-src/test-data/spreadsheet/57181.xlsm,General!BM86,xl/worksheets/sheet2.xml:BM86,0,[=0]?;[<4.16666666666667][hh]:mm:ss;[hh]:mm,"1899-12-31 (=MAX(BM8:BM39,BM52:BM83))","0 (=MAX(BM8:BM39,BM52:BM83))",0,원시 수치 보존
poi-src/test-data/spreadsheet/57181.xlsm,General!BM87,xl/worksheets/sheet2.xml:BM87,0,[=0]?;[<4.16666666666667][hh]:mm:ss;[hh]:mm,"1899-12-31 (=MIN(BM8:BM39,BM52:BM83))","0 (=MIN(BM8:BM39,BM52:BM83))",0,원시 수치 보존
poi-src/test-data/spreadsheet/57181.xlsm,General!BM9,xl/worksheets/sheet2.xml:BM9,0,[=0]?;[<4.16666666666667][hh]:mm:ss;[hh]:mm,1899-12-31,0,0,원시 수치 보존
poi-src/test-data/spreadsheet/57181.xlsm,General!BN10,xl/worksheets/sheet2.xml:BN10,0,[=0]?;[<4.16666666666667][hh]:mm:ss;[hh]:mm,1899-12-31,0,0,원시 수치 보존
poi-src/test-data/spreadsheet/57181.xlsm,General!BN11,xl/worksheets/sheet2.xml:BN11,0,[=0]?;[<4.16666666666667][hh]:mm:ss;[hh]:mm,1899-12-31,0,0,원시 수치 보존
poi-src/test-data/spreadsheet/57181.xlsm,General!BN12,xl/worksheets/sheet2.xml:BN12,0,[=0]?;[<4.16666666666667][hh]:mm:ss;[hh]:mm,1899-12-31,0,0,원시 수치 보존
poi-src/test-data/spreadsheet/57181.xlsm,General!BN13,xl/worksheets/sheet2.xml:BN13,0,[=0]?;[<4.16666666666667][hh]:mm:ss;[hh]:mm,1899-12-31,0,0,원시 수치 보존
poi-src/test-data/spreadsheet/57181.xlsm,General!BN130,xl/worksheets/sheet2.xml:BN130,0,[=0]?;[<4.16666666666667][hh]:mm:ss;[hh]:mm,"1899-12-31 (=MAX(BN8:BN39,BN52:BN83,BN96:BN127))","0 (=MAX(BN8:BN39,BN52:BN83,BN96:BN127))",0,원시 수치 보존
poi-src/test-data/spreadsheet/57181.xlsm,General!BN131,xl/worksheets/sheet2.xml:BN131,0,[=0]?;[<4.16666666666667][hh]:mm:ss;[hh]:mm,"1899-12-31 (=MIN(BN8:BN39,BN52:BN83,BN96:BN127))","0 (=MIN(BN8:BN39,BN52:BN83,BN96:BN127))",0,원시 수치 보존
poi-src/test-data/spreadsheet/57181.xlsm,General!BN14,xl/worksheets/sheet2.xml:BN14,0,[=0]?;[<4.16666666666667][hh]:mm:ss;[hh]:mm,1899-12-31,0,0,원시 수치 보존
poi-src/test-data/spreadsheet/57181.xlsm,General!BN15,xl/worksheets/sheet2.xml:BN15,0,[=0]?;[<4.16666666666667][hh]:mm:ss;[hh]:mm,1899-12-31,0,0,원시 수치 보존
poi-src/test-data/spreadsheet/57181.xlsm,General!BN16,xl/worksheets/sheet2.xml:BN16,0,[=0]?;[<4.16666666666667][hh]:mm:ss;[hh]:mm,1899-12-31,0,0,원시 수치 보존
poi-src/test-data/spreadsheet/57181.xlsm,General!BN17,xl/worksheets/sheet2.xml:BN17,0,[=0]?;[<4.16666666666667][hh]:mm:ss;[hh]:mm,1899-12-31,0,0,원시 수치 보존
poi-src/test-data/spreadsheet/57181.xlsm,General!BN18,xl/worksheets/sheet2.xml:BN18,0,[=0]?;[<4.16666666666667][hh]:mm:ss;[hh]:mm,1899-12-31,0,0,원시 수치 보존
poi-src/test-data/spreadsheet/57181.xlsm,General!BN19,xl/worksheets/sheet2.xml:BN19,0,[=0]?;[<4.16666666666667][hh]:mm:ss;[hh]:mm,1899-12-31,0,0,원시 수치 보존
poi-src/test-data/spreadsheet/57181.xlsm,General!BN20,xl/worksheets/sheet2.xml:BN20,0,[=0]?;[<4.16666666666667][hh]:mm:ss;[hh]:mm,1899-12-31,0,0,원시 수치 보존
poi-src/test-data/spreadsheet/57181.xlsm,General!BN21,xl/worksheets/sheet2.xml:BN21,0,[=0]?;[<4.16666666666667][hh]:mm:ss;[hh]:mm,1899-12-31,0,0,원시 수치 보존
poi-src/test-data/spreadsheet/57181.xlsm,General!BN22,xl/worksheets/sheet2.xml:BN22,0,[=0]?;[<4.16666666666667][hh]:mm:ss;[hh]:mm,1899-12-31,0,0,원시 수치 보존
poi-src/test-data/spreadsheet/57181.xlsm,General!BN23,xl/worksheets/sheet2.xml:BN23,0,[=0]?;[<4.16666666666667][hh]:mm:ss;[hh]:mm,1899-12-31,0,0,원시 수치 보존
poi-src/test-data/spreadsheet/57181.xlsm,General!BN24,xl/worksheets/sheet2.xml:BN24,0,[=0]?;[<4.16666666666667][hh]:mm:ss;[hh]:mm,1899-12-31,0,0,원시 수치 보존
poi-src/test-data/spreadsheet/57181.xlsm,General!BN25,xl/worksheets/sheet2.xml:BN25,0,[=0]?;[<4.16666666666667][hh]:mm:ss;[hh]:mm,1899-12-31,0,0,원시 수치 보존
poi-src/test-data/spreadsheet/57181.xlsm,General!BN26,xl/worksheets/sheet2.xml:BN26,0,[=0]?;[<4.16666666666667][hh]:mm:ss;[hh]:mm,1899-12-31,0,0,원시 수치 보존
poi-src/test-data/spreadsheet/57181.xlsm,General!BN27,xl/worksheets/sheet2.xml:BN27,0,[=0]?;[<4.16666666666667][hh]:mm:ss;[hh]:mm,1899-12-31,0,0,원시 수치 보존
poi-src/test-data/spreadsheet/57181.xlsm,General!BN28,xl/worksheets/sheet2.xml:BN28,0,[=0]?;[<4.16666666666667][hh]:mm:ss;[hh]:mm,1899-12-31,0,0,원시 수치 보존
poi-src/test-data/spreadsheet/57181.xlsm,General!BN29,xl/worksheets/sheet2.xml:BN29,0,[=0]?;[<4.16666666666667][hh]:mm:ss;[hh]:mm,1899-12-31,0,0,원시 수치 보존
poi-src/test-data/spreadsheet/57181.xlsm,General!BN30,xl/worksheets/sheet2.xml:BN30,0,[=0]?;[<4.16666666666667][hh]:mm:ss;[hh]:mm,1899-12-31,0,0,원시 수치 보존
poi-src/test-data/spreadsheet/57181.xlsm,General!BN31,xl/worksheets/sheet2.xml:BN31,0,[=0]?;[<4.16666666666667][hh]:mm:ss;[hh]:mm,1899-12-31,0,0,원시 수치 보존
poi-src/test-data/spreadsheet/57181.xlsm,General!BN32,xl/worksheets/sheet2.xml:BN32,0,[=0]?;[<4.16666666666667][hh]:mm:ss;[hh]:mm,1899-12-31,0,0,원시 수치 보존
poi-src/test-data/spreadsheet/57181.xlsm,General!BN33,xl/worksheets/sheet2.xml:BN33,0,[=0]?;[<4.16666666666667][hh]:mm:ss;[hh]:mm,1899-12-31,0,0,원시 수치 보존
poi-src/test-data/spreadsheet/57181.xlsm,General!BN34,xl/worksheets/sheet2.xml:BN34,0,[=0]?;[<4.16666666666667][hh]:mm:ss;[hh]:mm,1899-12-31,0,0,원시 수치 보존
poi-src/test-data/spreadsheet/57181.xlsm,General!BN35,xl/worksheets/sheet2.xml:BN35,0,[=0]?;[<4.16666666666667][hh]:mm:ss;[hh]:mm,1899-12-31,0,0,원시 수치 보존
poi-src/test-data/spreadsheet/57181.xlsm,General!BN36,xl/worksheets/sheet2.xml:BN36,0,[=0]?;[<4.16666666666667][hh]:mm:ss;[hh]:mm,1899-12-31,0,0,원시 수치 보존
poi-src/test-data/spreadsheet/57181.xlsm,General!BN37,xl/worksheets/sheet2.xml:BN37,0,[=0]?;[<4.16666666666667][hh]:mm:ss;[hh]:mm,1899-12-31,0,0,원시 수치 보존
poi-src/test-data/spreadsheet/57181.xlsm,General!BN42,xl/worksheets/sheet2.xml:BN42,0,[=0]?;[<4.16666666666667][hh]:mm:ss;[hh]:mm,1899-12-31 (=MAX(BN8:BN39)),0 (=MAX(BN8:BN39)),0,원시 수치 보존
poi-src/test-data/spreadsheet/57181.xlsm,General!BN43,xl/worksheets/sheet2.xml:BN43,0,[=0]?;[<4.16666666666667][hh]:mm:ss;[hh]:mm,1899-12-31 (=MIN(BN8:BN39)),0 (=MIN(BN8:BN39)),0,원시 수치 보존
poi-src/test-data/spreadsheet/57181.xlsm,General!BN8,xl/worksheets/sheet2.xml:BN8,0,[=0]?;[<4.16666666666667][hh]:mm:ss;[hh]:mm,1899-12-31,0,0,원시 수치 보존
poi-src/test-data/spreadsheet/57181.xlsm,General!BN86,xl/worksheets/sheet2.xml:BN86,0,[=0]?;[<4.16666666666667][hh]:mm:ss;[hh]:mm,"1899-12-31 (=MAX(BN8:BN39,BN52:BN83))","0 (=MAX(BN8:BN39,BN52:BN83))",0,원시 수치 보존
poi-src/test-data/spreadsheet/57181.xlsm,General!BN87,xl/worksheets/sheet2.xml:BN87,0,[=0]?;[<4.16666666666667][hh]:mm:ss;[hh]:mm,"1899-12-31 (=MIN(BN8:BN39,BN52:BN83))","0 (=MIN(BN8:BN39,BN52:BN83))",0,원시 수치 보존
poi-src/test-data/spreadsheet/57181.xlsm,General!BN9,xl/worksheets/sheet2.xml:BN9,0,[=0]?;[<4.16666666666667][hh]:mm:ss;[hh]:mm,1899-12-31,0,0,원시 수치 보존
poi-src/test-data/spreadsheet/57181.xlsm,General!BO10,xl/worksheets/sheet2.xml:BO10,0,[=0]?;[<4.16666666666667][hh]:mm:ss;[hh]:mm,1899-12-31,0,0,원시 수치 보존
poi-src/test-data/spreadsheet/57181.xlsm,General!BO11,xl/worksheets/sheet2.xml:BO11,2.3148148148148146E-4,[=0]?;[<4.16666666666667][hh]:mm:ss;[hh]:mm,1899-12-31,00:00:20,00:00:20,날짜·시간 의미 일치
poi-src/test-data/spreadsheet/57181.xlsm,General!BO12,xl/worksheets/sheet2.xml:BO12,0,[=0]?;[<4.16666666666667][hh]:mm:ss;[hh]:mm,1899-12-31,0,0,원시 수치 보존
poi-src/test-data/spreadsheet/57181.xlsm,General!BO128,xl/worksheets/sheet2.xml:BO128,3.7037037037037035E-4,[=0]?;[<4.16666666666667][hh]:mm:ss;[hh]:mm,"1899-12-31 (=SUM(BO8:BO39,BO52:BO83,BO96:BO127))","00:00:32 (=SUM(BO8:BO39,BO52:BO83,BO96:BO127))",00:00:32,날짜·시간 의미 일치
poi-src/test-data/spreadsheet/57181.xlsm,General!BO129,xl/worksheets/sheet2.xml:BO129,1.2345679012345678E-5,[=0]?;[<4.16666666666667][hh]:mm:ss;[hh]:mm,"1899-12-31 (=IF(COUNT(BO8:BO39,BO52:BO83,BO96:BO127)<>0,AVERAGE(BO8:BO39,BO52:BO83,BO96:BO127),))","00:00:01 (=IF(COUNT(BO8:BO39,BO52:BO83,BO96:BO127)<>0,AVERAGE(BO8:BO39,BO52:BO83,BO96:BO127),))",00:00:01,날짜·시간 의미 일치
poi-src/test-data/spreadsheet/57181.xlsm,General!BO13,xl/worksheets/sheet2.xml:BO13,0,[=0]?;[<4.16666666666667][hh]:mm:ss;[hh]:mm,1899-12-31,0,0,원시 수치 보존
poi-src/test-data/spreadsheet/57181.xlsm,General!BO130,xl/worksheets/sheet2.xml:BO130,2.3148148148148146E-4,[=0]?;[<4.16666666666667][hh]:mm:ss;[hh]:mm,"1899-12-31 (=MAX(BO8:BO39,BO52:BO83,BO96:BO127))","00:00:20 (=MAX(BO8:BO39,BO52:BO83,BO96:BO127))",00:00:20,날짜·시간 의미 일치
poi-src/test-data/spreadsheet/57181.xlsm,General!BO131,xl/worksheets/sheet2.xml:BO131,0,[=0]?;[<4.16666666666667][hh]:mm:ss;[hh]:mm,"1899-12-31 (=MIN(BO8:BO39,BO52:BO83,BO96:BO127))","0 (=MIN(BO8:BO39,BO52:BO83,BO96:BO127))",0,원시 수치 보존
poi-src/test-data/spreadsheet/57181.xlsm,General!BO14,xl/worksheets/sheet2.xml:BO14,0,[=0]?;[<4.16666666666667][hh]:mm:ss;[hh]:mm,1899-12-31,0,0,원시 수치 보존
poi-src/test-data/spreadsheet/57181.xlsm,General!BO15,xl/worksheets/sheet2.xml:BO15,0,[=0]?;[<4.16666666666667][hh]:mm:ss;[hh]:mm,1899-12-31,0,0,원시 수치 보존
poi-src/test-data/spreadsheet/57181.xlsm,General!BO16,xl/worksheets/sheet2.xml:BO16,0,[=0]?;[<4.16666666666667][hh]:mm:ss;[hh]:mm,1899-12-31,0,0,원시 수치 보존
poi-src/test-data/spreadsheet/57181.xlsm,General!BO17,xl/worksheets/sheet2.xml:BO17,1.3888888888888889E-4,[=0]?;[<4.16666666666667][hh]:mm:ss;[hh]:mm,1899-12-31,00:00:12,00:00:12,날짜·시간 의미 일치
poi-src/test-data/spreadsheet/57181.xlsm,General!BO18,xl/worksheets/sheet2.xml:BO18,0,[=0]?;[<4.16666666666667][hh]:mm:ss;[hh]:mm,1899-12-31,0,0,원시 수치 보존
poi-src/test-data/spreadsheet/57181.xlsm,General!BO19,xl/worksheets/sheet2.xml:BO19,0,[=0]?;[<4.16666666666667][hh]:mm:ss;[hh]:mm,1899-12-31,0,0,원시 수치 보존
poi-src/test-data/spreadsheet/57181.xlsm,General!BO20,xl/worksheets/sheet2.xml:BO20,0,[=0]?;[<4.16666666666667][hh]:mm:ss;[hh]:mm,1899-12-31,0,0,원시 수치 보존
poi-src/test-data/spreadsheet/57181.xlsm,General!BO21,xl/worksheets/sheet2.xml:BO21,0,[=0]?;[<4.16666666666667][hh]:mm:ss;[hh]:mm,1899-12-31,0,0,원시 수치 보존
poi-src/test-data/spreadsheet/57181.xlsm,General!BO22,xl/worksheets/sheet2.xml:BO22,0,[=0]?;[<4.16666666666667][hh]:mm:ss;[hh]:mm,1899-12-31,0,0,원시 수치 보존
poi-src/test-data/spreadsheet/57181.xlsm,General!BO23,xl/worksheets/sheet2.xml:BO23,0,[=0]?;[<4.16666666666667][hh]:mm:ss;[hh]:mm,1899-12-31,0,0,원시 수치 보존
poi-src/test-data/spreadsheet/57181.xlsm,General!BO24,xl/worksheets/sheet2.xml:BO24,0,[=0]?;[<4.16666666666667][hh]:mm:ss;[hh]:mm,1899-12-31,0,0,원시 수치 보존
poi-src/test-data/spreadsheet/57181.xlsm,General!BO25,xl/worksheets/sheet2.xml:BO25,0,[=0]?;[<4.16666666666667][hh]:mm:ss;[hh]:mm,1899-12-31,0,0,원시 수치 보존
poi-src/test-data/spreadsheet/57181.xlsm,General!BO26,xl/worksheets/sheet2.xml:BO26,0,[=0]?;[<4.16666666666667][hh]:mm:ss;[hh]:mm,1899-12-31,0,0,원시 수치 보존
poi-src/test-data/spreadsheet/57181.xlsm,General!BO27,xl/worksheets/sheet2.xml:BO27,0,[=0]?;[<4.16666666666667][hh]:mm:ss;[hh]:mm,1899-12-31,0,0,원시 수치 보존
poi-src/test-data/spreadsheet/57181.xlsm,General!BO28,xl/worksheets/sheet2.xml:BO28,0,[=0]?;[<4.16666666666667][hh]:mm:ss;[hh]:mm,1899-12-31,0,0,원시 수치 보존
poi-src/test-data/spreadsheet/57181.xlsm,General!BO29,xl/worksheets/sheet2.xml:BO29,0,[=0]?;[<4.16666666666667][hh]:mm:ss;[hh]:mm,1899-12-31,0,0,원시 수치 보존
poi-src/test-data/spreadsheet/57181.xlsm,General!BO30,xl/worksheets/sheet2.xml:BO30,0,[=0]?;[<4.16666666666667][hh]:mm:ss;[hh]:mm,1899-12-31,0,0,원시 수치 보존
poi-src/test-data/spreadsheet/57181.xlsm,General!BO31,xl/worksheets/sheet2.xml:BO31,0,[=0]?;[<4.16666666666667][hh]:mm:ss;[hh]:mm,1899-12-31,0,0,원시 수치 보존
poi-src/test-data/spreadsheet/57181.xlsm,General!BO32,xl/worksheets/sheet2.xml:BO32,0,[=0]?;[<4.16666666666667][hh]:mm:ss;[hh]:mm,1899-12-31,0,0,원시 수치 보존
poi-src/test-data/spreadsheet/57181.xlsm,General!BO33,xl/worksheets/sheet2.xml:BO33,0,[=0]?;[<4.16666666666667][hh]:mm:ss;[hh]:mm,1899-12-31,0,0,원시 수치 보존
poi-src/test-data/spreadsheet/57181.xlsm,General!BO34,xl/worksheets/sheet2.xml:BO34,0,[=0]?;[<4.16666666666667][hh]:mm:ss;[hh]:mm,1899-12-31,0,0,원시 수치 보존
poi-src/test-data/spreadsheet/57181.xlsm,General!BO35,xl/worksheets/sheet2.xml:BO35,0,[=0]?;[<4.16666666666667][hh]:mm:ss;[hh]:mm,1899-12-31,0,0,원시 수치 보존
poi-src/test-data/spreadsheet/57181.xlsm,General!BO36,xl/worksheets/sheet2.xml:BO36,0,[=0]?;[<4.16666666666667][hh]:mm:ss;[hh]:mm,1899-12-31,0,0,원시 수치 보존
poi-src/test-data/spreadsheet/57181.xlsm,General!BO37,xl/worksheets/sheet2.xml:BO37,0,[=0]?;[<4.16666666666667][hh]:mm:ss;[hh]:mm,1899-12-31,0,0,원시 수치 보존
poi-src/test-data/spreadsheet/57181.xlsm,General!BO40,xl/worksheets/sheet2.xml:BO40,3.7037037037037035E-4,[=0]?;[<4.16666666666667][hh]:mm:ss;[hh]:mm,1899-12-31 (=SUM(BO8:BO39)),00:00:32 (=SUM(BO8:BO39)),00:00:32,날짜·시간 의미 일치
poi-src/test-data/spreadsheet/57181.xlsm,General!BO41,xl/worksheets/sheet2.xml:BO41,1.2345679012345678E-5,[=0]?;[<4.16666666666667][hh]:mm:ss;[hh]:mm,"1899-12-31 (=IF(COUNT(BO8:BO39)<>0,AVERAGE(BO8:BO39),))","00:00:01 (=IF(COUNT(BO8:BO39)<>0,AVERAGE(BO8:BO39),))",00:00:01,날짜·시간 의미 일치
poi-src/test-data/spreadsheet/57181.xlsm,General!BO42,xl/worksheets/sheet2.xml:BO42,2.3148148148148146E-4,[=0]?;[<4.16666666666667][hh]:mm:ss;[hh]:mm,1899-12-31 (=MAX(BO8:BO39)),00:00:20 (=MAX(BO8:BO39)),00:00:20,날짜·시간 의미 일치
poi-src/test-data/spreadsheet/57181.xlsm,General!BO43,xl/worksheets/sheet2.xml:BO43,0,[=0]?;[<4.16666666666667][hh]:mm:ss;[hh]:mm,1899-12-31 (=MIN(BO8:BO39)),0 (=MIN(BO8:BO39)),0,원시 수치 보존
poi-src/test-data/spreadsheet/57181.xlsm,General!BO8,xl/worksheets/sheet2.xml:BO8,0,[=0]?;[<4.16666666666667][hh]:mm:ss;[hh]:mm,1899-12-31,0,0,원시 수치 보존
poi-src/test-data/spreadsheet/57181.xlsm,General!BO84,xl/worksheets/sheet2.xml:BO84,3.7037037037037035E-4,[=0]?;[<4.16666666666667][hh]:mm:ss;[hh]:mm,"1899-12-31 (=SUM(BO8:BO39,BO52:BO83))","00:00:32 (=SUM(BO8:BO39,BO52:BO83))",00:00:32,날짜·시간 의미 일치
poi-src/test-data/spreadsheet/57181.xlsm,General!BO85,xl/worksheets/sheet2.xml:BO85,1.2345679012345678E-5,[=0]?;[<4.16666666666667][hh]:mm:ss;[hh]:mm,"1899-12-31 (=IF(COUNT(BO8:BO39,BO52:BO83)<>0,AVERAGE(BO8:BO39,BO52:BO83),))","00:00:01 (=IF(COUNT(BO8:BO39,BO52:BO83)<>0,AVERAGE(BO8:BO39,BO52:BO83),))",00:00:01,날짜·시간 의미 일치
poi-src/test-data/spreadsheet/57181.xlsm,General!BO86,xl/worksheets/sheet2.xml:BO86,2.3148148148148146E-4,[=0]?;[<4.16666666666667][hh]:mm:ss;[hh]:mm,"1899-12-31 (=MAX(BO8:BO39,BO52:BO83))","00:00:20 (=MAX(BO8:BO39,BO52:BO83))",00:00:20,날짜·시간 의미 일치
poi-src/test-data/spreadsheet/57181.xlsm,General!BO87,xl/worksheets/sheet2.xml:BO87,0,[=0]?;[<4.16666666666667][hh]:mm:ss;[hh]:mm,"1899-12-31 (=MIN(BO8:BO39,BO52:BO83))","0 (=MIN(BO8:BO39,BO52:BO83))",0,원시 수치 보존
poi-src/test-data/spreadsheet/57181.xlsm,General!BO9,xl/worksheets/sheet2.xml:BO9,0,[=0]?;[<4.16666666666667][hh]:mm:ss;[hh]:mm,1899-12-31,0,0,원시 수치 보존
poi-src/test-data/spreadsheet/57181.xlsm,General!BP10,xl/worksheets/sheet2.xml:BP10,0,[=0]?;[<4.16666666666667][hh]:mm:ss;[hh]:mm,1899-12-31,0,0,원시 수치 보존
poi-src/test-data/spreadsheet/57181.xlsm,General!BP11,xl/worksheets/sheet2.xml:BP11,7.7160493827160492E-5,[=0]?;[<4.16666666666667][hh]:mm:ss;[hh]:mm,1899-12-31,00:00:07,00:00:07,날짜·시간 의미 일치
poi-src/test-data/spreadsheet/57181.xlsm,General!BP12,xl/worksheets/sheet2.xml:BP12,0,[=0]?;[<4.16666666666667][hh]:mm:ss;[hh]:mm,1899-12-31,0,0,원시 수치 보존
poi-src/test-data/spreadsheet/57181.xlsm,General!BP13,xl/worksheets/sheet2.xml:BP13,0,[=0]?;[<4.16666666666667][hh]:mm:ss;[hh]:mm,1899-12-31,0,0,원시 수치 보존
poi-src/test-data/spreadsheet/57181.xlsm,General!BP130,xl/worksheets/sheet2.xml:BP130,1.3888888888888889E-4,[=0]?;[<4.16666666666667][hh]:mm:ss;[hh]:mm,"1899-12-31 (=MAX(BP8:BP39,BP52:BP83,BP96:BP127))","00:00:12 (=MAX(BP8:BP39,BP52:BP83,BP96:BP127))",00:00:12,날짜·시간 의미 일치
poi-src/test-data/spreadsheet/57181.xlsm,General!BP131,xl/worksheets/sheet2.xml:BP131,0,[=0]?;[<4.16666666666667][hh]:mm:ss;[hh]:mm,"1899-12-31 (=MIN(BP8:BP39,BP52:BP83,BP96:BP127))","0 (=MIN(BP8:BP39,BP52:BP83,BP96:BP127))",0,원시 수치 보존
poi-src/test-data/spreadsheet/57181.xlsm,General!BP14,xl/worksheets/sheet2.xml:BP14,0,[=0]?;[<4.16666666666667][hh]:mm:ss;[hh]:mm,1899-12-31,0,0,원시 수치 보존
poi-src/test-data/spreadsheet/57181.xlsm,General!BP15,xl/worksheets/sheet2.xml:BP15,0,[=0]?;[<4.16666666666667][hh]:mm:ss;[hh]:mm,1899-12-31,0,0,원시 수치 보존
poi-src/test-data/spreadsheet/57181.xlsm,General!BP16,xl/worksheets/sheet2.xml:BP16,0,[=0]?;[<4.16666666666667][hh]:mm:ss;[hh]:mm,1899-12-31,0,0,원시 수치 보존
poi-src/test-data/spreadsheet/57181.xlsm,General!BP17,xl/worksheets/sheet2.xml:BP17,1.3888888888888889E-4,[=0]?;[<4.16666666666667][hh]:mm:ss;[hh]:mm,1899-12-31,00:00:12,00:00:12,날짜·시간 의미 일치
poi-src/test-data/spreadsheet/57181.xlsm,General!BP18,xl/worksheets/sheet2.xml:BP18,0,[=0]?;[<4.16666666666667][hh]:mm:ss;[hh]:mm,1899-12-31,0,0,원시 수치 보존
poi-src/test-data/spreadsheet/57181.xlsm,General!BP19,xl/worksheets/sheet2.xml:BP19,0,[=0]?;[<4.16666666666667][hh]:mm:ss;[hh]:mm,1899-12-31,0,0,원시 수치 보존
poi-src/test-data/spreadsheet/57181.xlsm,General!BP20,xl/worksheets/sheet2.xml:BP20,0,[=0]?;[<4.16666666666667][hh]:mm:ss;[hh]:mm,1899-12-31,0,0,원시 수치 보존
poi-src/test-data/spreadsheet/57181.xlsm,General!BP21,xl/worksheets/sheet2.xml:BP21,0,[=0]?;[<4.16666666666667][hh]:mm:ss;[hh]:mm,1899-12-31,0,0,원시 수치 보존
poi-src/test-data/spreadsheet/57181.xlsm,General!BP22,xl/worksheets/sheet2.xml:BP22,0,[=0]?;[<4.16666666666667][hh]:mm:ss;[hh]:mm,1899-12-31,0,0,원시 수치 보존
poi-src/test-data/spreadsheet/57181.xlsm,General!BP23,xl/worksheets/sheet2.xml:BP23,0,[=0]?;[<4.16666666666667][hh]:mm:ss;[hh]:mm,1899-12-31,0,0,원시 수치 보존
poi-src/test-data/spreadsheet/57181.xlsm,General!BP24,xl/worksheets/sheet2.xml:BP24,0,[=0]?;[<4.16666666666667][hh]:mm:ss;[hh]:mm,1899-12-31,0,0,원시 수치 보존
poi-src/test-data/spreadsheet/57181.xlsm,General!BP25,xl/worksheets/sheet2.xml:BP25,0,[=0]?;[<4.16666666666667][hh]:mm:ss;[hh]:mm,1899-12-31,0,0,원시 수치 보존
poi-src/test-data/spreadsheet/57181.xlsm,General!BP26,xl/worksheets/sheet2.xml:BP26,0,[=0]?;[<4.16666666666667][hh]:mm:ss;[hh]:mm,1899-12-31,0,0,원시 수치 보존
poi-src/test-data/spreadsheet/57181.xlsm,General!BP27,xl/worksheets/sheet2.xml:BP27,0,[=0]?;[<4.16666666666667][hh]:mm:ss;[hh]:mm,1899-12-31,0,0,원시 수치 보존
poi-src/test-data/spreadsheet/57181.xlsm,General!BP28,xl/worksheets/sheet2.xml:BP28,0,[=0]?;[<4.16666666666667][hh]:mm:ss;[hh]:mm,1899-12-31,0,0,원시 수치 보존
poi-src/test-data/spreadsheet/57181.xlsm,General!BP29,xl/worksheets/sheet2.xml:BP29,0,[=0]?;[<4.16666666666667][hh]:mm:ss;[hh]:mm,1899-12-31,0,0,원시 수치 보존
poi-src/test-data/spreadsheet/57181.xlsm,General!BP30,xl/worksheets/sheet2.xml:BP30,0,[=0]?;[<4.16666666666667][hh]:mm:ss;[hh]:mm,1899-12-31,0,0,원시 수치 보존
poi-src/test-data/spreadsheet/57181.xlsm,General!BP31,xl/worksheets/sheet2.xml:BP31,0,[=0]?;[<4.16666666666667][hh]:mm:ss;[hh]:mm,1899-12-31,0,0,원시 수치 보존
poi-src/test-data/spreadsheet/57181.xlsm,General!BP32,xl/worksheets/sheet2.xml:BP32,0,[=0]?;[<4.16666666666667][hh]:mm:ss;[hh]:mm,1899-12-31,0,0,원시 수치 보존
poi-src/test-data/spreadsheet/57181.xlsm,General!BP33,xl/worksheets/sheet2.xml:BP33,0,[=0]?;[<4.16666666666667][hh]:mm:ss;[hh]:mm,1899-12-31,0,0,원시 수치 보존
poi-src/test-data/spreadsheet/57181.xlsm,General!BP34,xl/worksheets/sheet2.xml:BP34,0,[=0]?;[<4.16666666666667][hh]:mm:ss;[hh]:mm,1899-12-31,0,0,원시 수치 보존
poi-src/test-data/spreadsheet/57181.xlsm,General!BP35,xl/worksheets/sheet2.xml:BP35,0,[=0]?;[<4.16666666666667][hh]:mm:ss;[hh]:mm,1899-12-31,0,0,원시 수치 보존
poi-src/test-data/spreadsheet/57181.xlsm,General!BP36,xl/worksheets/sheet2.xml:BP36,0,[=0]?;[<4.16666666666667][hh]:mm:ss;[hh]:mm,1899-12-31,0,0,원시 수치 보존
poi-src/test-data/spreadsheet/57181.xlsm,General!BP37,xl/worksheets/sheet2.xml:BP37,0,[=0]?;[<4.16666666666667][hh]:mm:ss;[hh]:mm,1899-12-31,0,0,원시 수치 보존
poi-src/test-data/spreadsheet/57181.xlsm,General!BP42,xl/worksheets/sheet2.xml:BP42,1.3888888888888889E-4,[=0]?;[<4.16666666666667][hh]:mm:ss;[hh]:mm,1899-12-31 (=MAX(BP8:BP39)),00:00:12 (=MAX(BP8:BP39)),00:00:12,날짜·시간 의미 일치
poi-src/test-data/spreadsheet/57181.xlsm,General!BP43,xl/worksheets/sheet2.xml:BP43,0,[=0]?;[<4.16666666666667][hh]:mm:ss;[hh]:mm,1899-12-31 (=MIN(BP8:BP39)),0 (=MIN(BP8:BP39)),0,원시 수치 보존
poi-src/test-data/spreadsheet/57181.xlsm,General!BP8,xl/worksheets/sheet2.xml:BP8,0,[=0]?;[<4.16666666666667][hh]:mm:ss;[hh]:mm,1899-12-31,0,0,원시 수치 보존
poi-src/test-data/spreadsheet/57181.xlsm,General!BP86,xl/worksheets/sheet2.xml:BP86,1.3888888888888889E-4,[=0]?;[<4.16666666666667][hh]:mm:ss;[hh]:mm,"1899-12-31 (=MAX(BP8:BP39,BP52:BP83))","00:00:12 (=MAX(BP8:BP39,BP52:BP83))",00:00:12,날짜·시간 의미 일치
poi-src/test-data/spreadsheet/57181.xlsm,General!BP87,xl/worksheets/sheet2.xml:BP87,0,[=0]?;[<4.16666666666667][hh]:mm:ss;[hh]:mm,"1899-12-31 (=MIN(BP8:BP39,BP52:BP83))","0 (=MIN(BP8:BP39,BP52:BP83))",0,원시 수치 보존
poi-src/test-data/spreadsheet/57181.xlsm,General!BP9,xl/worksheets/sheet2.xml:BP9,0,[=0]?;[<4.16666666666667][hh]:mm:ss;[hh]:mm,1899-12-31,0,0,원시 수치 보존
poi-src/test-data/spreadsheet/57181.xlsm,General!BQ10,xl/worksheets/sheet2.xml:BQ10,0,[=0]?;[<4.16666666666667][hh]:mm:ss;[hh]:mm,1899-12-31,0,0,원시 수치 보존
poi-src/test-data/spreadsheet/57181.xlsm,General!BQ11,xl/worksheets/sheet2.xml:BQ11,3.7037037037037041E-4,[=0]?;[<4.16666666666667][hh]:mm:ss;[hh]:mm,1899-12-31,00:00:32,00:00:32,날짜·시간 의미 일치
poi-src/test-data/spreadsheet/57181.xlsm,General!BQ12,xl/worksheets/sheet2.xml:BQ12,0,[=0]?;[<4.16666666666667][hh]:mm:ss;[hh]:mm,1899-12-31,0,0,원시 수치 보존
poi-src/test-data/spreadsheet/57181.xlsm,General!BQ128,xl/worksheets/sheet2.xml:BQ128,4.3981481481481486E-4,[=0]?;[<4.16666666666667][hh]:mm:ss;[hh]:mm,"1899-12-31 (=SUM(BQ8:BQ39,BQ52:BQ83,BQ96:BQ127))","00:00:38 (=SUM(BQ8:BQ39,BQ52:BQ83,BQ96:BQ127))",00:00:38,날짜·시간 의미 일치
poi-src/test-data/spreadsheet/57181.xlsm,General!BQ129,xl/worksheets/sheet2.xml:BQ129,1.4660493827160496E-5,[=0]?;[<4.16666666666667][hh]:mm:ss;[hh]:mm,"1899-12-31 (=IF(COUNT(BQ8:BQ39,BQ52:BQ83,BQ96:BQ127)<>0,AVERAGE(BQ8:BQ39,BQ52:BQ83,BQ96:BQ127),))","00:00:01 (=IF(COUNT(BQ8:BQ39,BQ52:BQ83,BQ96:BQ127)<>0,AVERAGE(BQ8:BQ39,BQ52:BQ83,BQ96:BQ127),))",00:00:01,날짜·시간 의미 일치
poi-src/test-data/spreadsheet/57181.xlsm,General!BQ13,xl/worksheets/sheet2.xml:BQ13,0,[=0]?;[<4.16666666666667][hh]:mm:ss;[hh]:mm,1899-12-31,0,0,원시 수치 보존
poi-src/test-data/spreadsheet/57181.xlsm,General!BQ130,xl/worksheets/sheet2.xml:BQ130,3.7037037037037041E-4,[=0]?;[<4.16666666666667][hh]:mm:ss;[hh]:mm,"1899-12-31 (=MAX(BQ8:BQ39,BQ52:BQ83,BQ96:BQ127))","00:00:32 (=MAX(BQ8:BQ39,BQ52:BQ83,BQ96:BQ127))",00:00:32,날짜·시간 의미 일치
poi-src/test-data/spreadsheet/57181.xlsm,General!BQ131,xl/worksheets/sheet2.xml:BQ131,0,[=0]?;[<4.16666666666667][hh]:mm:ss;[hh]:mm,"1899-12-31 (=MIN(BQ8:BQ39,BQ52:BQ83,BQ96:BQ127))","0 (=MIN(BQ8:BQ39,BQ52:BQ83,BQ96:BQ127))",0,원시 수치 보존
poi-src/test-data/spreadsheet/57181.xlsm,General!BQ14,xl/worksheets/sheet2.xml:BQ14,0,[=0]?;[<4.16666666666667][hh]:mm:ss;[hh]:mm,1899-12-31,0,0,원시 수치 보존
poi-src/test-data/spreadsheet/57181.xlsm,General!BQ15,xl/worksheets/sheet2.xml:BQ15,0,[=0]?;[<4.16666666666667][hh]:mm:ss;[hh]:mm,1899-12-31,0,0,원시 수치 보존
poi-src/test-data/spreadsheet/57181.xlsm,General!BQ16,xl/worksheets/sheet2.xml:BQ16,0,[=0]?;[<4.16666666666667][hh]:mm:ss;[hh]:mm,1899-12-31,0,0,원시 수치 보존
poi-src/test-data/spreadsheet/57181.xlsm,General!BQ17,xl/worksheets/sheet2.xml:BQ17,6.9444444444444444E-5,[=0]?;[<4.16666666666667][hh]:mm:ss;[hh]:mm,1899-12-31,00:00:06,00:00:06,날짜·시간 의미 일치
poi-src/test-data/spreadsheet/57181.xlsm,General!BQ18,xl/worksheets/sheet2.xml:BQ18,0,[=0]?;[<4.16666666666667][hh]:mm:ss;[hh]:mm,1899-12-31,0,0,원시 수치 보존
poi-src/test-data/spreadsheet/57181.xlsm,General!BQ19,xl/worksheets/sheet2.xml:BQ19,0,[=0]?;[<4.16666666666667][hh]:mm:ss;[hh]:mm,1899-12-31,0,0,원시 수치 보존
poi-src/test-data/spreadsheet/57181.xlsm,General!BQ20,xl/worksheets/sheet2.xml:BQ20,0,[=0]?;[<4.16666666666667][hh]:mm:ss;[hh]:mm,1899-12-31,0,0,원시 수치 보존
poi-src/test-data/spreadsheet/57181.xlsm,General!BQ21,xl/worksheets/sheet2.xml:BQ21,0,[=0]?;[<4.16666666666667][hh]:mm:ss;[hh]:mm,1899-12-31,0,0,원시 수치 보존
poi-src/test-data/spreadsheet/57181.xlsm,General!BQ22,xl/worksheets/sheet2.xml:BQ22,0,[=0]?;[<4.16666666666667][hh]:mm:ss;[hh]:mm,1899-12-31,0,0,원시 수치 보존
poi-src/test-data/spreadsheet/57181.xlsm,General!BQ23,xl/worksheets/sheet2.xml:BQ23,0,[=0]?;[<4.16666666666667][hh]:mm:ss;[hh]:mm,1899-12-31,0,0,원시 수치 보존
poi-src/test-data/spreadsheet/57181.xlsm,General!BQ24,xl/worksheets/sheet2.xml:BQ24,0,[=0]?;[<4.16666666666667][hh]:mm:ss;[hh]:mm,1899-12-31,0,0,원시 수치 보존
poi-src/test-data/spreadsheet/57181.xlsm,General!BQ25,xl/worksheets/sheet2.xml:BQ25,0,[=0]?;[<4.16666666666667][hh]:mm:ss;[hh]:mm,1899-12-31,0,0,원시 수치 보존
poi-src/test-data/spreadsheet/57181.xlsm,General!BQ26,xl/worksheets/sheet2.xml:BQ26,0,[=0]?;[<4.16666666666667][hh]:mm:ss;[hh]:mm,1899-12-31,0,0,원시 수치 보존
poi-src/test-data/spreadsheet/57181.xlsm,General!BQ27,xl/worksheets/sheet2.xml:BQ27,0,[=0]?;[<4.16666666666667][hh]:mm:ss;[hh]:mm,1899-12-31,0,0,원시 수치 보존
poi-src/test-data/spreadsheet/57181.xlsm,General!BQ28,xl/worksheets/sheet2.xml:BQ28,0,[=0]?;[<4.16666666666667][hh]:mm:ss;[hh]:mm,1899-12-31,0,0,원시 수치 보존
poi-src/test-data/spreadsheet/57181.xlsm,General!BQ29,xl/worksheets/sheet2.xml:BQ29,0,[=0]?;[<4.16666666666667][hh]:mm:ss;[hh]:mm,1899-12-31,0,0,원시 수치 보존
poi-src/test-data/spreadsheet/57181.xlsm,General!BQ30,xl/worksheets/sheet2.xml:BQ30,0,[=0]?;[<4.16666666666667][hh]:mm:ss;[hh]:mm,1899-12-31,0,0,원시 수치 보존
poi-src/test-data/spreadsheet/57181.xlsm,General!BQ31,xl/worksheets/sheet2.xml:BQ31,0,[=0]?;[<4.16666666666667][hh]:mm:ss;[hh]:mm,1899-12-31,0,0,원시 수치 보존
poi-src/test-data/spreadsheet/57181.xlsm,General!BQ32,xl/worksheets/sheet2.xml:BQ32,0,[=0]?;[<4.16666666666667][hh]:mm:ss;[hh]:mm,1899-12-31,0,0,원시 수치 보존
poi-src/test-data/spreadsheet/57181.xlsm,General!BQ33,xl/worksheets/sheet2.xml:BQ33,0,[=0]?;[<4.16666666666667][hh]:mm:ss;[hh]:mm,1899-12-31,0,0,원시 수치 보존
poi-src/test-data/spreadsheet/57181.xlsm,General!BQ34,xl/worksheets/sheet2.xml:BQ34,0,[=0]?;[<4.16666666666667][hh]:mm:ss;[hh]:mm,1899-12-31,0,0,원시 수치 보존
poi-src/test-data/spreadsheet/57181.xlsm,General!BQ35,xl/worksheets/sheet2.xml:BQ35,0,[=0]?;[<4.16666666666667][hh]:mm:ss;[hh]:mm,1899-12-31,0,0,원시 수치 보존
poi-src/test-data/spreadsheet/57181.xlsm,General!BQ36,xl/worksheets/sheet2.xml:BQ36,0,[=0]?;[<4.16666666666667][hh]:mm:ss;[hh]:mm,1899-12-31,0,0,원시 수치 보존
poi-src/test-data/spreadsheet/57181.xlsm,General!BQ37,xl/worksheets/sheet2.xml:BQ37,0,[=0]?;[<4.16666666666667][hh]:mm:ss;[hh]:mm,1899-12-31,0,0,원시 수치 보존
poi-src/test-data/spreadsheet/57181.xlsm,General!BQ40,xl/worksheets/sheet2.xml:BQ40,4.3981481481481486E-4,[=0]?;[<4.16666666666667][hh]:mm:ss;[hh]:mm,1899-12-31 (=SUM(BQ8:BQ39)),00:00:38 (=SUM(BQ8:BQ39)),00:00:38,날짜·시간 의미 일치
poi-src/test-data/spreadsheet/57181.xlsm,General!BQ41,xl/worksheets/sheet2.xml:BQ41,1.4660493827160496E-5,[=0]?;[<4.16666666666667][hh]:mm:ss;[hh]:mm,"1899-12-31 (=IF(COUNT(BQ8:BQ39)<>0,AVERAGE(BQ8:BQ39),))","00:00:01 (=IF(COUNT(BQ8:BQ39)<>0,AVERAGE(BQ8:BQ39),))",00:00:01,날짜·시간 의미 일치
poi-src/test-data/spreadsheet/57181.xlsm,General!BQ42,xl/worksheets/sheet2.xml:BQ42,3.7037037037037041E-4,[=0]?;[<4.16666666666667][hh]:mm:ss;[hh]:mm,1899-12-31 (=MAX(BQ8:BQ39)),00:00:32 (=MAX(BQ8:BQ39)),00:00:32,날짜·시간 의미 일치
poi-src/test-data/spreadsheet/57181.xlsm,General!BQ43,xl/worksheets/sheet2.xml:BQ43,0,[=0]?;[<4.16666666666667][hh]:mm:ss;[hh]:mm,1899-12-31 (=MIN(BQ8:BQ39)),0 (=MIN(BQ8:BQ39)),0,원시 수치 보존
poi-src/test-data/spreadsheet/57181.xlsm,General!BQ8,xl/worksheets/sheet2.xml:BQ8,0,[=0]?;[<4.16666666666667][hh]:mm:ss;[hh]:mm,1899-12-31,0,0,원시 수치 보존
poi-src/test-data/spreadsheet/57181.xlsm,General!BQ84,xl/worksheets/sheet2.xml:BQ84,4.3981481481481486E-4,[=0]?;[<4.16666666666667][hh]:mm:ss;[hh]:mm,"1899-12-31 (=SUM(BQ8:BQ39,BQ52:BQ83))","00:00:38 (=SUM(BQ8:BQ39,BQ52:BQ83))",00:00:38,날짜·시간 의미 일치
poi-src/test-data/spreadsheet/57181.xlsm,General!BQ85,xl/worksheets/sheet2.xml:BQ85,1.4660493827160496E-5,[=0]?;[<4.16666666666667][hh]:mm:ss;[hh]:mm,"1899-12-31 (=IF(COUNT(BQ8:BQ39,BQ52:BQ83)<>0,AVERAGE(BQ8:BQ39,BQ52:BQ83),))","00:00:01 (=IF(COUNT(BQ8:BQ39,BQ52:BQ83)<>0,AVERAGE(BQ8:BQ39,BQ52:BQ83),))",00:00:01,날짜·시간 의미 일치
poi-src/test-data/spreadsheet/57181.xlsm,General!BQ86,xl/worksheets/sheet2.xml:BQ86,3.7037037037037041E-4,[=0]?;[<4.16666666666667][hh]:mm:ss;[hh]:mm,"1899-12-31 (=MAX(BQ8:BQ39,BQ52:BQ83))","00:00:32 (=MAX(BQ8:BQ39,BQ52:BQ83))",00:00:32,날짜·시간 의미 일치
poi-src/test-data/spreadsheet/57181.xlsm,General!BQ87,xl/worksheets/sheet2.xml:BQ87,0,[=0]?;[<4.16666666666667][hh]:mm:ss;[hh]:mm,"1899-12-31 (=MIN(BQ8:BQ39,BQ52:BQ83))","0 (=MIN(BQ8:BQ39,BQ52:BQ83))",0,원시 수치 보존
poi-src/test-data/spreadsheet/57181.xlsm,General!BQ9,xl/worksheets/sheet2.xml:BQ9,0,[=0]?;[<4.16666666666667][hh]:mm:ss;[hh]:mm,1899-12-31,0,0,원시 수치 보존
poi-src/test-data/spreadsheet/57181.xlsm,General!BR10,xl/worksheets/sheet2.xml:BR10,0,[=0]?;[<4.16666666666667][hh]:mm:ss;[hh]:mm,1899-12-31,0,0,원시 수치 보존
poi-src/test-data/spreadsheet/57181.xlsm,General!BR11,xl/worksheets/sheet2.xml:BR11,1.2345679012345679E-4,[=0]?;[<4.16666666666667][hh]:mm:ss;[hh]:mm,1899-12-31,00:00:11,00:00:11,날짜·시간 의미 일치
poi-src/test-data/spreadsheet/57181.xlsm,General!BR12,xl/worksheets/sheet2.xml:BR12,0,[=0]?;[<4.16666666666667][hh]:mm:ss;[hh]:mm,1899-12-31,0,0,원시 수치 보존
poi-src/test-data/spreadsheet/57181.xlsm,General!BR13,xl/worksheets/sheet2.xml:BR13,0,[=0]?;[<4.16666666666667][hh]:mm:ss;[hh]:mm,1899-12-31,0,0,원시 수치 보존
poi-src/test-data/spreadsheet/57181.xlsm,General!BR130,xl/worksheets/sheet2.xml:BR130,1.2345679012345679E-4,[=0]?;[<4.16666666666667][hh]:mm:ss;[hh]:mm,"1899-12-31 (=MAX(BR8:BR39,BR52:BR83,BR96:BR127))","00:00:11 (=MAX(BR8:BR39,BR52:BR83,BR96:BR127))",00:00:11,날짜·시간 의미 일치
poi-src/test-data/spreadsheet/57181.xlsm,General!BR131,xl/worksheets/sheet2.xml:BR131,0,[=0]?;[<4.16666666666667][hh]:mm:ss;[hh]:mm,"1899-12-31 (=MIN(BR8:BR39,BR52:BR83,BR96:BR127))","0 (=MIN(BR8:BR39,BR52:BR83,BR96:BR127))",0,원시 수치 보존
poi-src/test-data/spreadsheet/57181.xlsm,General!BR14,xl/worksheets/sheet2.xml:BR14,0,[=0]?;[<4.16666666666667][hh]:mm:ss;[hh]:mm,1899-12-31,0,0,원시 수치 보존
poi-src/test-data/spreadsheet/57181.xlsm,General!BR15,xl/worksheets/sheet2.xml:BR15,0,[=0]?;[<4.16666666666667][hh]:mm:ss;[hh]:mm,1899-12-31,0,0,원시 수치 보존
poi-src/test-data/spreadsheet/57181.xlsm,General!BR16,xl/worksheets/sheet2.xml:BR16,0,[=0]?;[<4.16666666666667][hh]:mm:ss;[hh]:mm,1899-12-31,0,0,원시 수치 보존
poi-src/test-data/spreadsheet/57181.xlsm,General!BR17,xl/worksheets/sheet2.xml:BR17,6.9444444444444444E-5,[=0]?;[<4.16666666666667][hh]:mm:ss;[hh]:mm,1899-12-31,00:00:06,00:00:06,날짜·시간 의미 일치
poi-src/test-data/spreadsheet/57181.xlsm,General!BR18,xl/worksheets/sheet2.xml:BR18,0,[=0]?;[<4.16666666666667][hh]:mm:ss;[hh]:mm,1899-12-31,0,0,원시 수치 보존
poi-src/test-data/spreadsheet/57181.xlsm,General!BR19,xl/worksheets/sheet2.xml:BR19,0,[=0]?;[<4.16666666666667][hh]:mm:ss;[hh]:mm,1899-12-31,0,0,원시 수치 보존
poi-src/test-data/spreadsheet/57181.xlsm,General!BR20,xl/worksheets/sheet2.xml:BR20,0,[=0]?;[<4.16666666666667][hh]:mm:ss;[hh]:mm,1899-12-31,0,0,원시 수치 보존
poi-src/test-data/spreadsheet/57181.xlsm,General!BR21,xl/worksheets/sheet2.xml:BR21,0,[=0]?;[<4.16666666666667][hh]:mm:ss;[hh]:mm,1899-12-31,0,0,원시 수치 보존
poi-src/test-data/spreadsheet/57181.xlsm,General!BR22,xl/worksheets/sheet2.xml:BR22,0,[=0]?;[<4.16666666666667][hh]:mm:ss;[hh]:mm,1899-12-31,0,0,원시 수치 보존
poi-src/test-data/spreadsheet/57181.xlsm,General!BR23,xl/worksheets/sheet2.xml:BR23,0,[=0]?;[<4.16666666666667][hh]:mm:ss;[hh]:mm,1899-12-31,0,0,원시 수치 보존
poi-src/test-data/spreadsheet/57181.xlsm,General!BR24,xl/worksheets/sheet2.xml:BR24,0,[=0]?;[<4.16666666666667][hh]:mm:ss;[hh]:mm,1899-12-31,0,0,원시 수치 보존
poi-src/test-data/spreadsheet/57181.xlsm,General!BR25,xl/worksheets/sheet2.xml:BR25,0,[=0]?;[<4.16666666666667][hh]:mm:ss;[hh]:mm,1899-12-31,0,0,원시 수치 보존
poi-src/test-data/spreadsheet/57181.xlsm,General!BR26,xl/worksheets/sheet2.xml:BR26,0,[=0]?;[<4.16666666666667][hh]:mm:ss;[hh]:mm,1899-12-31,0,0,원시 수치 보존
poi-src/test-data/spreadsheet/57181.xlsm,General!BR27,xl/worksheets/sheet2.xml:BR27,0,[=0]?;[<4.16666666666667][hh]:mm:ss;[hh]:mm,1899-12-31,0,0,원시 수치 보존
poi-src/test-data/spreadsheet/57181.xlsm,General!BR28,xl/worksheets/sheet2.xml:BR28,0,[=0]?;[<4.16666666666667][hh]:mm:ss;[hh]:mm,1899-12-31,0,0,원시 수치 보존
poi-src/test-data/spreadsheet/57181.xlsm,General!BR29,xl/worksheets/sheet2.xml:BR29,0,[=0]?;[<4.16666666666667][hh]:mm:ss;[hh]:mm,1899-12-31,0,0,원시 수치 보존
poi-src/test-data/spreadsheet/57181.xlsm,General!BR30,xl/worksheets/sheet2.xml:BR30,0,[=0]?;[<4.16666666666667][hh]:mm:ss;[hh]:mm,1899-12-31,0,0,원시 수치 보존
poi-src/test-data/spreadsheet/57181.xlsm,General!BR31,xl/worksheets/sheet2.xml:BR31,0,[=0]?;[<4.16666666666667][hh]:mm:ss;[hh]:mm,1899-12-31,0,0,원시 수치 보존
poi-src/test-data/spreadsheet/57181.xlsm,General!BR32,xl/worksheets/sheet2.xml:BR32,0,[=0]?;[<4.16666666666667][hh]:mm:ss;[hh]:mm,1899-12-31,0,0,원시 수치 보존
poi-src/test-data/spreadsheet/57181.xlsm,General!BR33,xl/worksheets/sheet2.xml:BR33,0,[=0]?;[<4.16666666666667][hh]:mm:ss;[hh]:mm,1899-12-31,0,0,원시 수치 보존
poi-src/test-data/spreadsheet/57181.xlsm,General!BR34,xl/worksheets/sheet2.xml:BR34,0,[=0]?;[<4.16666666666667][hh]:mm:ss;[hh]:mm,1899-12-31,0,0,원시 수치 보존
poi-src/test-data/spreadsheet/57181.xlsm,General!BR35,xl/worksheets/sheet2.xml:BR35,0,[=0]?;[<4.16666666666667][hh]:mm:ss;[hh]:mm,1899-12-31,0,0,원시 수치 보존
poi-src/test-data/spreadsheet/57181.xlsm,General!BR36,xl/worksheets/sheet2.xml:BR36,0,[=0]?;[<4.16666666666667][hh]:mm:ss;[hh]:mm,1899-12-31,0,0,원시 수치 보존
poi-src/test-data/spreadsheet/57181.xlsm,General!BR37,xl/worksheets/sheet2.xml:BR37,0,[=0]?;[<4.16666666666667][hh]:mm:ss;[hh]:mm,1899-12-31,0,0,원시 수치 보존
poi-src/test-data/spreadsheet/57181.xlsm,General!BR42,xl/worksheets/sheet2.xml:BR42,1.2345679012345679E-4,[=0]?;[<4.16666666666667][hh]:mm:ss;[hh]:mm,1899-12-31 (=MAX(BR8:BR39)),00:00:11 (=MAX(BR8:BR39)),00:00:11,날짜·시간 의미 일치
poi-src/test-data/spreadsheet/57181.xlsm,General!BR43,xl/worksheets/sheet2.xml:BR43,0,[=0]?;[<4.16666666666667][hh]:mm:ss;[hh]:mm,1899-12-31 (=MIN(BR8:BR39)),0 (=MIN(BR8:BR39)),0,원시 수치 보존
poi-src/test-data/spreadsheet/57181.xlsm,General!BR8,xl/worksheets/sheet2.xml:BR8,0,[=0]?;[<4.16666666666667][hh]:mm:ss;[hh]:mm,1899-12-31,0,0,원시 수치 보존
poi-src/test-data/spreadsheet/57181.xlsm,General!BR86,xl/worksheets/sheet2.xml:BR86,1.2345679012345679E-4,[=0]?;[<4.16666666666667][hh]:mm:ss;[hh]:mm,"1899-12-31 (=MAX(BR8:BR39,BR52:BR83))","00:00:11 (=MAX(BR8:BR39,BR52:BR83))",00:00:11,날짜·시간 의미 일치
poi-src/test-data/spreadsheet/57181.xlsm,General!BR87,xl/worksheets/sheet2.xml:BR87,0,[=0]?;[<4.16666666666667][hh]:mm:ss;[hh]:mm,"1899-12-31 (=MIN(BR8:BR39,BR52:BR83))","0 (=MIN(BR8:BR39,BR52:BR83))",0,원시 수치 보존
poi-src/test-data/spreadsheet/57181.xlsm,General!BR9,xl/worksheets/sheet2.xml:BR9,0,[=0]?;[<4.16666666666667][hh]:mm:ss;[hh]:mm,1899-12-31,0,0,원시 수치 보존
poi-src/test-data/spreadsheet/57181.xlsm,General!BS10,xl/worksheets/sheet2.xml:BS10,0,[=0]?;[<4.16666666666667][hh]:mm:ss;[hh]:mm,1899-12-31,0,0,원시 수치 보존
poi-src/test-data/spreadsheet/57181.xlsm,General!BS11,xl/worksheets/sheet2.xml:BS11,1.0879629629629631E-3,[=0]?;[<4.16666666666667][hh]:mm:ss;[hh]:mm,1899-12-31,00:01:34,00:01:34,날짜·시간 의미 일치
poi-src/test-data/spreadsheet/57181.xlsm,General!BS12,xl/worksheets/sheet2.xml:BS12,0,[=0]?;[<4.16666666666667][hh]:mm:ss;[hh]:mm,1899-12-31,0,0,원시 수치 보존
poi-src/test-data/spreadsheet/57181.xlsm,General!BS128,xl/worksheets/sheet2.xml:BS128,1.1111111111111113E-3,[=0]?;[<4.16666666666667][hh]:mm:ss;[hh]:mm,"1899-12-31 (=SUM(BS8:BS39,BS52:BS83,BS96:BS127))","00:01:36 (=SUM(BS8:BS39,BS52:BS83,BS96:BS127))",00:01:36,날짜·시간 의미 일치
poi-src/test-data/spreadsheet/57181.xlsm,General!BS129,xl/worksheets/sheet2.xml:BS129,3.7037037037037043E-5,[=0]?;[<4.16666666666667][hh]:mm:ss;[hh]:mm,"1899-12-31 (=IF(COUNT(BS8:BS39,BS52:BS83,BS96:BS127)<>0,AVERAGE(BS8:BS39,BS52:BS83,BS96:BS127),))","00:00:03 (=IF(COUNT(BS8:BS39,BS52:BS83,BS96:BS127)<>0,AVERAGE(BS8:BS39,BS52:BS83,BS96:BS127),))",00:00:03,날짜·시간 의미 일치
poi-src/test-data/spreadsheet/57181.xlsm,General!BS13,xl/worksheets/sheet2.xml:BS13,0,[=0]?;[<4.16666666666667][hh]:mm:ss;[hh]:mm,1899-12-31,0,0,원시 수치 보존
poi-src/test-data/spreadsheet/57181.xlsm,General!BS130,xl/worksheets/sheet2.xml:BS130,1.0879629629629631E-3,[=0]?;[<4.16666666666667][hh]:mm:ss;[hh]:mm,"1899-12-31 (=MAX(BS8:BS39,BS52:BS83,BS96:BS127))","00:01:34 (=MAX(BS8:BS39,BS52:BS83,BS96:BS127))",00:01:34,날짜·시간 의미 일치
poi-src/test-data/spreadsheet/57181.xlsm,General!BS131,xl/worksheets/sheet2.xml:BS131,0,[=0]?;[<4.16666666666667][hh]:mm:ss;[hh]:mm,"1899-12-31 (=MIN(BS8:BS39,BS52:BS83,BS96:BS127))","0 (=MIN(BS8:BS39,BS52:BS83,BS96:BS127))",0,원시 수치 보존
poi-src/test-data/spreadsheet/57181.xlsm,General!BS14,xl/worksheets/sheet2.xml:BS14,0,[=0]?;[<4.16666666666667][hh]:mm:ss;[hh]:mm,1899-12-31,0,0,원시 수치 보존
poi-src/test-data/spreadsheet/57181.xlsm,General!BS15,xl/worksheets/sheet2.xml:BS15,0,[=0]?;[<4.16666666666667][hh]:mm:ss;[hh]:mm,1899-12-31,0,0,원시 수치 보존
poi-src/test-data/spreadsheet/57181.xlsm,General!BS16,xl/worksheets/sheet2.xml:BS16,0,[=0]?;[<4.16666666666667][hh]:mm:ss;[hh]:mm,1899-12-31,0,0,원시 수치 보존
poi-src/test-data/spreadsheet/57181.xlsm,General!BS17,xl/worksheets/sheet2.xml:BS17,2.314814814814815E-5,[=0]?;[<4.16666666666667][hh]:mm:ss;[hh]:mm,1899-12-31,00:00:02,00:00:02,날짜·시간 의미 일치
poi-src/test-data/spreadsheet/57181.xlsm,General!BS18,xl/worksheets/sheet2.xml:BS18,0,[=0]?;[<4.16666666666667][hh]:mm:ss;[hh]:mm,1899-12-31,0,0,원시 수치 보존
poi-src/test-data/spreadsheet/57181.xlsm,General!BS19,xl/worksheets/sheet2.xml:BS19,0,[=0]?;[<4.16666666666667][hh]:mm:ss;[hh]:mm,1899-12-31,0,0,원시 수치 보존
poi-src/test-data/spreadsheet/57181.xlsm,General!BS20,xl/worksheets/sheet2.xml:BS20,0,[=0]?;[<4.16666666666667][hh]:mm:ss;[hh]:mm,1899-12-31,0,0,원시 수치 보존
poi-src/test-data/spreadsheet/57181.xlsm,General!BS21,xl/worksheets/sheet2.xml:BS21,0,[=0]?;[<4.16666666666667][hh]:mm:ss;[hh]:mm,1899-12-31,0,0,원시 수치 보존
poi-src/test-data/spreadsheet/57181.xlsm,General!BS22,xl/worksheets/sheet2.xml:BS22,0,[=0]?;[<4.16666666666667][hh]:mm:ss;[hh]:mm,1899-12-31,0,0,원시 수치 보존
poi-src/test-data/spreadsheet/57181.xlsm,General!BS23,xl/worksheets/sheet2.xml:BS23,0,[=0]?;[<4.16666666666667][hh]:mm:ss;[hh]:mm,1899-12-31,0,0,원시 수치 보존
poi-src/test-data/spreadsheet/57181.xlsm,General!BS24,xl/worksheets/sheet2.xml:BS24,0,[=0]?;[<4.16666666666667][hh]:mm:ss;[hh]:mm,1899-12-31,0,0,원시 수치 보존
poi-src/test-data/spreadsheet/57181.xlsm,General!BS25,xl/worksheets/sheet2.xml:BS25,0,[=0]?;[<4.16666666666667][hh]:mm:ss;[hh]:mm,1899-12-31,0,0,원시 수치 보존
poi-src/test-data/spreadsheet/57181.xlsm,General!BS26,xl/worksheets/sheet2.xml:BS26,0,[=0]?;[<4.16666666666667][hh]:mm:ss;[hh]:mm,1899-12-31,0,0,원시 수치 보존
poi-src/test-data/spreadsheet/57181.xlsm,General!BS27,xl/worksheets/sheet2.xml:BS27,0,[=0]?;[<4.16666666666667][hh]:mm:ss;[hh]:mm,1899-12-31,0,0,원시 수치 보존
poi-src/test-data/spreadsheet/57181.xlsm,General!BS28,xl/worksheets/sheet2.xml:BS28,0,[=0]?;[<4.16666666666667][hh]:mm:ss;[hh]:mm,1899-12-31,0,0,원시 수치 보존
poi-src/test-data/spreadsheet/57181.xlsm,General!BS29,xl/worksheets/sheet2.xml:BS29,0,[=0]?;[<4.16666666666667][hh]:mm:ss;[hh]:mm,1899-12-31,0,0,원시 수치 보존
poi-src/test-data/spreadsheet/57181.xlsm,General!BS30,xl/worksheets/sheet2.xml:BS30,0,[=0]?;[<4.16666666666667][hh]:mm:ss;[hh]:mm,1899-12-31,0,0,원시 수치 보존
poi-src/test-data/spreadsheet/57181.xlsm,General!BS31,xl/worksheets/sheet2.xml:BS31,0,[=0]?;[<4.16666666666667][hh]:mm:ss;[hh]:mm,1899-12-31,0,0,원시 수치 보존
poi-src/test-data/spreadsheet/57181.xlsm,General!BS32,xl/worksheets/sheet2.xml:BS32,0,[=0]?;[<4.16666666666667][hh]:mm:ss;[hh]:mm,1899-12-31,0,0,원시 수치 보존
poi-src/test-data/spreadsheet/57181.xlsm,General!BS33,xl/worksheets/sheet2.xml:BS33,0,[=0]?;[<4.16666666666667][hh]:mm:ss;[hh]:mm,1899-12-31,0,0,원시 수치 보존
poi-src/test-data/spreadsheet/57181.xlsm,General!BS34,xl/worksheets/sheet2.xml:BS34,0,[=0]?;[<4.16666666666667][hh]:mm:ss;[hh]:mm,1899-12-31,0,0,원시 수치 보존
poi-src/test-data/spreadsheet/57181.xlsm,General!BS35,xl/worksheets/sheet2.xml:BS35,0,[=0]?;[<4.16666666666667][hh]:mm:ss;[hh]:mm,1899-12-31,0,0,원시 수치 보존
poi-src/test-data/spreadsheet/57181.xlsm,General!BS36,xl/worksheets/sheet2.xml:BS36,0,[=0]?;[<4.16666666666667][hh]:mm:ss;[hh]:mm,1899-12-31,0,0,원시 수치 보존
poi-src/test-data/spreadsheet/57181.xlsm,General!BS37,xl/worksheets/sheet2.xml:BS37,0,[=0]?;[<4.16666666666667][hh]:mm:ss;[hh]:mm,1899-12-31,0,0,원시 수치 보존
poi-src/test-data/spreadsheet/57181.xlsm,General!BS40,xl/worksheets/sheet2.xml:BS40,1.1111111111111113E-3,[=0]?;[<4.16666666666667][hh]:mm:ss;[hh]:mm,1899-12-31 (=SUM(BS8:BS39)),00:01:36 (=SUM(BS8:BS39)),00:01:36,날짜·시간 의미 일치
poi-src/test-data/spreadsheet/57181.xlsm,General!BS41,xl/worksheets/sheet2.xml:BS41,3.7037037037037043E-5,[=0]?;[<4.16666666666667][hh]:mm:ss;[hh]:mm,"1899-12-31 (=IF(COUNT(BS8:BS39)<>0,AVERAGE(BS8:BS39),))","00:00:03 (=IF(COUNT(BS8:BS39)<>0,AVERAGE(BS8:BS39),))",00:00:03,날짜·시간 의미 일치
poi-src/test-data/spreadsheet/57181.xlsm,General!BS42,xl/worksheets/sheet2.xml:BS42,1.0879629629629631E-3,[=0]?;[<4.16666666666667][hh]:mm:ss;[hh]:mm,1899-12-31 (=MAX(BS8:BS39)),00:01:34 (=MAX(BS8:BS39)),00:01:34,날짜·시간 의미 일치
poi-src/test-data/spreadsheet/57181.xlsm,General!BS43,xl/worksheets/sheet2.xml:BS43,0,[=0]?;[<4.16666666666667][hh]:mm:ss;[hh]:mm,1899-12-31 (=MIN(BS8:BS39)),0 (=MIN(BS8:BS39)),0,원시 수치 보존
poi-src/test-data/spreadsheet/57181.xlsm,General!BS8,xl/worksheets/sheet2.xml:BS8,0,[=0]?;[<4.16666666666667][hh]:mm:ss;[hh]:mm,1899-12-31,0,0,원시 수치 보존
poi-src/test-data/spreadsheet/57181.xlsm,General!BS84,xl/worksheets/sheet2.xml:BS84,1.1111111111111113E-3,[=0]?;[<4.16666666666667][hh]:mm:ss;[hh]:mm,"1899-12-31 (=SUM(BS8:BS39,BS52:BS83))","00:01:36 (=SUM(BS8:BS39,BS52:BS83))",00:01:36,날짜·시간 의미 일치
poi-src/test-data/spreadsheet/57181.xlsm,General!BS85,xl/worksheets/sheet2.xml:BS85,3.7037037037037043E-5,[=0]?;[<4.16666666666667][hh]:mm:ss;[hh]:mm,"1899-12-31 (=IF(COUNT(BS8:BS39,BS52:BS83)<>0,AVERAGE(BS8:BS39,BS52:BS83),))","00:00:03 (=IF(COUNT(BS8:BS39,BS52:BS83)<>0,AVERAGE(BS8:BS39,BS52:BS83),))",00:00:03,날짜·시간 의미 일치
poi-src/test-data/spreadsheet/57181.xlsm,General!BS86,xl/worksheets/sheet2.xml:BS86,1.0879629629629631E-3,[=0]?;[<4.16666666666667][hh]:mm:ss;[hh]:mm,"1899-12-31 (=MAX(BS8:BS39,BS52:BS83))","00:01:34 (=MAX(BS8:BS39,BS52:BS83))",00:01:34,날짜·시간 의미 일치
poi-src/test-data/spreadsheet/57181.xlsm,General!BS87,xl/worksheets/sheet2.xml:BS87,0,[=0]?;[<4.16666666666667][hh]:mm:ss;[hh]:mm,"1899-12-31 (=MIN(BS8:BS39,BS52:BS83))","0 (=MIN(BS8:BS39,BS52:BS83))",0,원시 수치 보존
poi-src/test-data/spreadsheet/57181.xlsm,General!BS9,xl/worksheets/sheet2.xml:BS9,0,[=0]?;[<4.16666666666667][hh]:mm:ss;[hh]:mm,1899-12-31,0,0,원시 수치 보존
poi-src/test-data/spreadsheet/57181.xlsm,General!BT10,xl/worksheets/sheet2.xml:BT10,0,[=0]?;[<4.16666666666667][hh]:mm:ss;[hh]:mm,1899-12-31,0,0,원시 수치 보존
poi-src/test-data/spreadsheet/57181.xlsm,General!BT11,xl/worksheets/sheet2.xml:BT11,3.6265432098765439E-4,[=0]?;[<4.16666666666667][hh]:mm:ss;[hh]:mm,1899-12-31,00:00:31,00:00:31,날짜·시간 의미 일치
poi-src/test-data/spreadsheet/57181.xlsm,General!BT12,xl/worksheets/sheet2.xml:BT12,0,[=0]?;[<4.16666666666667][hh]:mm:ss;[hh]:mm,1899-12-31,0,0,원시 수치 보존
poi-src/test-data/spreadsheet/57181.xlsm,General!BT13,xl/worksheets/sheet2.xml:BT13,0,[=0]?;[<4.16666666666667][hh]:mm:ss;[hh]:mm,1899-12-31,0,0,원시 수치 보존
poi-src/test-data/spreadsheet/57181.xlsm,General!BT130,xl/worksheets/sheet2.xml:BT130,3.6265432098765439E-4,[=0]?;[<4.16666666666667][hh]:mm:ss;[hh]:mm,"1899-12-31 (=MAX(BT8:BT39,BT52:BT83,BT96:BT127))","00:00:31 (=MAX(BT8:BT39,BT52:BT83,BT96:BT127))",00:00:31,날짜·시간 의미 일치
poi-src/test-data/spreadsheet/57181.xlsm,General!BT131,xl/worksheets/sheet2.xml:BT131,0,[=0]?;[<4.16666666666667][hh]:mm:ss;[hh]:mm,"1899-12-31 (=MIN(BT8:BT39,BT52:BT83,BT96:BT127))","0 (=MIN(BT8:BT39,BT52:BT83,BT96:BT127))",0,원시 수치 보존
poi-src/test-data/spreadsheet/57181.xlsm,General!BT14,xl/worksheets/sheet2.xml:BT14,0,[=0]?;[<4.16666666666667][hh]:mm:ss;[hh]:mm,1899-12-31,0,0,원시 수치 보존
poi-src/test-data/spreadsheet/57181.xlsm,General!BT15,xl/worksheets/sheet2.xml:BT15,0,[=0]?;[<4.16666666666667][hh]:mm:ss;[hh]:mm,1899-12-31,0,0,원시 수치 보존
poi-src/test-data/spreadsheet/57181.xlsm,General!BT16,xl/worksheets/sheet2.xml:BT16,0,[=0]?;[<4.16666666666667][hh]:mm:ss;[hh]:mm,1899-12-31,0,0,원시 수치 보존
poi-src/test-data/spreadsheet/57181.xlsm,General!BT17,xl/worksheets/sheet2.xml:BT17,2.314814814814815E-5,[=0]?;[<4.16666666666667][hh]:mm:ss;[hh]:mm,1899-12-31,00:00:02,00:00:02,날짜·시간 의미 일치
poi-src/test-data/spreadsheet/57181.xlsm,General!BT18,xl/worksheets/sheet2.xml:BT18,0,[=0]?;[<4.16666666666667][hh]:mm:ss;[hh]:mm,1899-12-31,0,0,원시 수치 보존
poi-src/test-data/spreadsheet/57181.xlsm,General!BT19,xl/worksheets/sheet2.xml:BT19,0,[=0]?;[<4.16666666666667][hh]:mm:ss;[hh]:mm,1899-12-31,0,0,원시 수치 보존
poi-src/test-data/spreadsheet/57181.xlsm,General!BT20,xl/worksheets/sheet2.xml:BT20,0,[=0]?;[<4.16666666666667][hh]:mm:ss;[hh]:mm,1899-12-31,0,0,원시 수치 보존
poi-src/test-data/spreadsheet/57181.xlsm,General!BT21,xl/worksheets/sheet2.xml:BT21,0,[=0]?;[<4.16666666666667][hh]:mm:ss;[hh]:mm,1899-12-31,0,0,원시 수치 보존
poi-src/test-data/spreadsheet/57181.xlsm,General!BT22,xl/worksheets/sheet2.xml:BT22,0,[=0]?;[<4.16666666666667][hh]:mm:ss;[hh]:mm,1899-12-31,0,0,원시 수치 보존
poi-src/test-data/spreadsheet/57181.xlsm,General!BT23,xl/worksheets/sheet2.xml:BT23,0,[=0]?;[<4.16666666666667][hh]:mm:ss;[hh]:mm,1899-12-31,0,0,원시 수치 보존
poi-src/test-data/spreadsheet/57181.xlsm,General!BT24,xl/worksheets/sheet2.xml:BT24,0,[=0]?;[<4.16666666666667][hh]:mm:ss;[hh]:mm,1899-12-31,0,0,원시 수치 보존
poi-src/test-data/spreadsheet/57181.xlsm,General!BT25,xl/worksheets/sheet2.xml:BT25,0,[=0]?;[<4.16666666666667][hh]:mm:ss;[hh]:mm,1899-12-31,0,0,원시 수치 보존
poi-src/test-data/spreadsheet/57181.xlsm,General!BT26,xl/worksheets/sheet2.xml:BT26,0,[=0]?;[<4.16666666666667][hh]:mm:ss;[hh]:mm,1899-12-31,0,0,원시 수치 보존
poi-src/test-data/spreadsheet/57181.xlsm,General!BT27,xl/worksheets/sheet2.xml:BT27,0,[=0]?;[<4.16666666666667][hh]:mm:ss;[hh]:mm,1899-12-31,0,0,원시 수치 보존
poi-src/test-data/spreadsheet/57181.xlsm,General!BT28,xl/worksheets/sheet2.xml:BT28,0,[=0]?;[<4.16666666666667][hh]:mm:ss;[hh]:mm,1899-12-31,0,0,원시 수치 보존
poi-src/test-data/spreadsheet/57181.xlsm,General!BT29,xl/worksheets/sheet2.xml:BT29,0,[=0]?;[<4.16666666666667][hh]:mm:ss;[hh]:mm,1899-12-31,0,0,원시 수치 보존
poi-src/test-data/spreadsheet/57181.xlsm,General!BT30,xl/worksheets/sheet2.xml:BT30,0,[=0]?;[<4.16666666666667][hh]:mm:ss;[hh]:mm,1899-12-31,0,0,원시 수치 보존
poi-src/test-data/spreadsheet/57181.xlsm,General!BT31,xl/worksheets/sheet2.xml:BT31,0,[=0]?;[<4.16666666666667][hh]:mm:ss;[hh]:mm,1899-12-31,0,0,원시 수치 보존
poi-src/test-data/spreadsheet/57181.xlsm,General!BT32,xl/worksheets/sheet2.xml:BT32,0,[=0]?;[<4.16666666666667][hh]:mm:ss;[hh]:mm,1899-12-31,0,0,원시 수치 보존
poi-src/test-data/spreadsheet/57181.xlsm,General!BT33,xl/worksheets/sheet2.xml:BT33,0,[=0]?;[<4.16666666666667][hh]:mm:ss;[hh]:mm,1899-12-31,0,0,원시 수치 보존
poi-src/test-data/spreadsheet/57181.xlsm,General!BT34,xl/worksheets/sheet2.xml:BT34,0,[=0]?;[<4.16666666666667][hh]:mm:ss;[hh]:mm,1899-12-31,0,0,원시 수치 보존
poi-src/test-data/spreadsheet/57181.xlsm,General!BT35,xl/worksheets/sheet2.xml:BT35,0,[=0]?;[<4.16666666666667][hh]:mm:ss;[hh]:mm,1899-12-31,0,0,원시 수치 보존
poi-src/test-data/spreadsheet/57181.xlsm,General!BT36,xl/worksheets/sheet2.xml:BT36,0,[=0]?;[<4.16666666666667][hh]:mm:ss;[hh]:mm,1899-12-31,0,0,원시 수치 보존
poi-src/test-data/spreadsheet/57181.xlsm,General!BT37,xl/worksheets/sheet2.xml:BT37,0,[=0]?;[<4.16666666666667][hh]:mm:ss;[hh]:mm,1899-12-31,0,0,원시 수치 보존
poi-src/test-data/spreadsheet/57181.xlsm,General!BT42,xl/worksheets/sheet2.xml:BT42,3.6265432098765439E-4,[=0]?;[<4.16666666666667][hh]:mm:ss;[hh]:mm,1899-12-31 (=MAX(BT8:BT39)),00:00:31 (=MAX(BT8:BT39)),00:00:31,날짜·시간 의미 일치
poi-src/test-data/spreadsheet/57181.xlsm,General!BT43,xl/worksheets/sheet2.xml:BT43,0,[=0]?;[<4.16666666666667][hh]:mm:ss;[hh]:mm,1899-12-31 (=MIN(BT8:BT39)),0 (=MIN(BT8:BT39)),0,원시 수치 보존
poi-src/test-data/spreadsheet/57181.xlsm,General!BT8,xl/worksheets/sheet2.xml:BT8,0,[=0]?;[<4.16666666666667][hh]:mm:ss;[hh]:mm,1899-12-31,0,0,원시 수치 보존
poi-src/test-data/spreadsheet/57181.xlsm,General!BT86,xl/worksheets/sheet2.xml:BT86,3.6265432098765439E-4,[=0]?;[<4.16666666666667][hh]:mm:ss;[hh]:mm,"1899-12-31 (=MAX(BT8:BT39,BT52:BT83))","00:00:31 (=MAX(BT8:BT39,BT52:BT83))",00:00:31,날짜·시간 의미 일치
poi-src/test-data/spreadsheet/57181.xlsm,General!BT87,xl/worksheets/sheet2.xml:BT87,0,[=0]?;[<4.16666666666667][hh]:mm:ss;[hh]:mm,"1899-12-31 (=MIN(BT8:BT39,BT52:BT83))","0 (=MIN(BT8:BT39,BT52:BT83))",0,원시 수치 보존
poi-src/test-data/spreadsheet/57181.xlsm,General!BT9,xl/worksheets/sheet2.xml:BT9,0,[=0]?;[<4.16666666666667][hh]:mm:ss;[hh]:mm,1899-12-31,0,0,원시 수치 보존
poi-src/test-data/spreadsheet/57181.xlsm,General!BU10,xl/worksheets/sheet2.xml:BU10,0,[=0]?;[<4.16666666666667][hh]:mm:ss;[hh]:mm,1899-12-31,0,0,원시 수치 보존
poi-src/test-data/spreadsheet/57181.xlsm,General!BU11,xl/worksheets/sheet2.xml:BU11,3.4722222222222222E-5,[=0]?;[<4.16666666666667][hh]:mm:ss;[hh]:mm,1899-12-31,00:00:03,00:00:03,날짜·시간 의미 일치
poi-src/test-data/spreadsheet/57181.xlsm,General!BU12,xl/worksheets/sheet2.xml:BU12,0,[=0]?;[<4.16666666666667][hh]:mm:ss;[hh]:mm,1899-12-31,0,0,원시 수치 보존
poi-src/test-data/spreadsheet/57181.xlsm,General!BU128,xl/worksheets/sheet2.xml:BU128,4.6296296296296301E-5,[=0]?;[<4.16666666666667][hh]:mm:ss;[hh]:mm,"1899-12-31 (=SUM(BU8:BU39,BU52:BU83,BU96:BU127))","00:00:04 (=SUM(BU8:BU39,BU52:BU83,BU96:BU127))",00:00:04,날짜·시간 의미 일치
poi-src/test-data/spreadsheet/57181.xlsm,General!BU129,xl/worksheets/sheet2.xml:BU129,1.54320987654321E-6,[=0]?;[<4.16666666666667][hh]:mm:ss;[hh]:mm,"1899-12-31 (=IF(COUNT(BU8:BU39,BU52:BU83,BU96:BU127)<>0,AVERAGE(BU8:BU39,BU52:BU83,BU96:BU127),))","00:00:00 (=IF(COUNT(BU8:BU39,BU52:BU83,BU96:BU127)<>0,AVERAGE(BU8:BU39,BU52:BU83,BU96:BU127),))",00:00:00,날짜·시간 의미 일치
poi-src/test-data/spreadsheet/57181.xlsm,General!BU13,xl/worksheets/sheet2.xml:BU13,0,[=0]?;[<4.16666666666667][hh]:mm:ss;[hh]:mm,1899-12-31,0,0,원시 수치 보존
poi-src/test-data/spreadsheet/57181.xlsm,General!BU130,xl/worksheets/sheet2.xml:BU130,3.4722222222222222E-5,[=0]?;[<4.16666666666667][hh]:mm:ss;[hh]:mm,"1899-12-31 (=MAX(BU8:BU39,BU52:BU83,BU96:BU127))","00:00:03 (=MAX(BU8:BU39,BU52:BU83,BU96:BU127))",00:00:03,날짜·시간 의미 일치
poi-src/test-data/spreadsheet/57181.xlsm,General!BU131,xl/worksheets/sheet2.xml:BU131,0,[=0]?;[<4.16666666666667][hh]:mm:ss;[hh]:mm,"1899-12-31 (=MIN(BU8:BU39,BU52:BU83,BU96:BU127))","0 (=MIN(BU8:BU39,BU52:BU83,BU96:BU127))",0,원시 수치 보존
poi-src/test-data/spreadsheet/57181.xlsm,General!BU14,xl/worksheets/sheet2.xml:BU14,0,[=0]?;[<4.16666666666667][hh]:mm:ss;[hh]:mm,1899-12-31,0,0,원시 수치 보존
poi-src/test-data/spreadsheet/57181.xlsm,General!BU15,xl/worksheets/sheet2.xml:BU15,0,[=0]?;[<4.16666666666667][hh]:mm:ss;[hh]:mm,1899-12-31,0,0,원시 수치 보존
poi-src/test-data/spreadsheet/57181.xlsm,General!BU16,xl/worksheets/sheet2.xml:BU16,0,[=0]?;[<4.16666666666667][hh]:mm:ss;[hh]:mm,1899-12-31,0,0,원시 수치 보존
poi-src/test-data/spreadsheet/57181.xlsm,General!BU17,xl/worksheets/sheet2.xml:BU17,1.1574074074074075E-5,[=0]?;[<4.16666666666667][hh]:mm:ss;[hh]:mm,1899-12-31,00:00:01,00:00:01,날짜·시간 의미 일치
poi-src/test-data/spreadsheet/57181.xlsm,General!BU18,xl/worksheets/sheet2.xml:BU18,0,[=0]?;[<4.16666666666667][hh]:mm:ss;[hh]:mm,1899-12-31,0,0,원시 수치 보존
poi-src/test-data/spreadsheet/57181.xlsm,General!BU19,xl/worksheets/sheet2.xml:BU19,0,[=0]?;[<4.16666666666667][hh]:mm:ss;[hh]:mm,1899-12-31,0,0,원시 수치 보존
poi-src/test-data/spreadsheet/57181.xlsm,General!BU20,xl/worksheets/sheet2.xml:BU20,0,[=0]?;[<4.16666666666667][hh]:mm:ss;[hh]:mm,1899-12-31,0,0,원시 수치 보존
poi-src/test-data/spreadsheet/57181.xlsm,General!BU21,xl/worksheets/sheet2.xml:BU21,0,[=0]?;[<4.16666666666667][hh]:mm:ss;[hh]:mm,1899-12-31,0,0,원시 수치 보존
poi-src/test-data/spreadsheet/57181.xlsm,General!BU22,xl/worksheets/sheet2.xml:BU22,0,[=0]?;[<4.16666666666667][hh]:mm:ss;[hh]:mm,1899-12-31,0,0,원시 수치 보존
poi-src/test-data/spreadsheet/57181.xlsm,General!BU23,xl/worksheets/sheet2.xml:BU23,0,[=0]?;[<4.16666666666667][hh]:mm:ss;[hh]:mm,1899-12-31,0,0,원시 수치 보존
poi-src/test-data/spreadsheet/57181.xlsm,General!BU24,xl/worksheets/sheet2.xml:BU24,0,[=0]?;[<4.16666666666667][hh]:mm:ss;[hh]:mm,1899-12-31,0,0,원시 수치 보존
poi-src/test-data/spreadsheet/57181.xlsm,General!BU25,xl/worksheets/sheet2.xml:BU25,0,[=0]?;[<4.16666666666667][hh]:mm:ss;[hh]:mm,1899-12-31,0,0,원시 수치 보존
poi-src/test-data/spreadsheet/57181.xlsm,General!BU26,xl/worksheets/sheet2.xml:BU26,0,[=0]?;[<4.16666666666667][hh]:mm:ss;[hh]:mm,1899-12-31,0,0,원시 수치 보존
poi-src/test-data/spreadsheet/57181.xlsm,General!BU27,xl/worksheets/sheet2.xml:BU27,0,[=0]?;[<4.16666666666667][hh]:mm:ss;[hh]:mm,1899-12-31,0,0,원시 수치 보존
poi-src/test-data/spreadsheet/57181.xlsm,General!BU28,xl/worksheets/sheet2.xml:BU28,0,[=0]?;[<4.16666666666667][hh]:mm:ss;[hh]:mm,1899-12-31,0,0,원시 수치 보존
poi-src/test-data/spreadsheet/57181.xlsm,General!BU29,xl/worksheets/sheet2.xml:BU29,0,[=0]?;[<4.16666666666667][hh]:mm:ss;[hh]:mm,1899-12-31,0,0,원시 수치 보존
poi-src/test-data/spreadsheet/57181.xlsm,General!BU30,xl/worksheets/sheet2.xml:BU30,0,[=0]?;[<4.16666666666667][hh]:mm:ss;[hh]:mm,1899-12-31,0,0,원시 수치 보존
poi-src/test-data/spreadsheet/57181.xlsm,General!BU31,xl/worksheets/sheet2.xml:BU31,0,[=0]?;[<4.16666666666667][hh]:mm:ss;[hh]:mm,1899-12-31,0,0,원시 수치 보존
poi-src/test-data/spreadsheet/57181.xlsm,General!BU32,xl/worksheets/sheet2.xml:BU32,0,[=0]?;[<4.16666666666667][hh]:mm:ss;[hh]:mm,1899-12-31,0,0,원시 수치 보존
poi-src/test-data/spreadsheet/57181.xlsm,General!BU33,xl/worksheets/sheet2.xml:BU33,0,[=0]?;[<4.16666666666667][hh]:mm:ss;[hh]:mm,1899-12-31,0,0,원시 수치 보존
poi-src/test-data/spreadsheet/57181.xlsm,General!BU34,xl/worksheets/sheet2.xml:BU34,0,[=0]?;[<4.16666666666667][hh]:mm:ss;[hh]:mm,1899-12-31,0,0,원시 수치 보존
poi-src/test-data/spreadsheet/57181.xlsm,General!BU35,xl/worksheets/sheet2.xml:BU35,0,[=0]?;[<4.16666666666667][hh]:mm:ss;[hh]:mm,1899-12-31,0,0,원시 수치 보존
poi-src/test-data/spreadsheet/57181.xlsm,General!BU36,xl/worksheets/sheet2.xml:BU36,0,[=0]?;[<4.16666666666667][hh]:mm:ss;[hh]:mm,1899-12-31,0,0,원시 수치 보존
poi-src/test-data/spreadsheet/57181.xlsm,General!BU37,xl/worksheets/sheet2.xml:BU37,0,[=0]?;[<4.16666666666667][hh]:mm:ss;[hh]:mm,1899-12-31,0,0,원시 수치 보존
poi-src/test-data/spreadsheet/57181.xlsm,General!BU40,xl/worksheets/sheet2.xml:BU40,4.6296296296296301E-5,[=0]?;[<4.16666666666667][hh]:mm:ss;[hh]:mm,1899-12-31 (=SUM(BU8:BU39)),00:00:04 (=SUM(BU8:BU39)),00:00:04,날짜·시간 의미 일치
poi-src/test-data/spreadsheet/57181.xlsm,General!BU41,xl/worksheets/sheet2.xml:BU41,1.54320987654321E-6,[=0]?;[<4.16666666666667][hh]:mm:ss;[hh]:mm,"1899-12-31 (=IF(COUNT(BU8:BU39)<>0,AVERAGE(BU8:BU39),))","00:00:00 (=IF(COUNT(BU8:BU39)<>0,AVERAGE(BU8:BU39),))",00:00:00,날짜·시간 의미 일치
poi-src/test-data/spreadsheet/57181.xlsm,General!BU42,xl/worksheets/sheet2.xml:BU42,3.4722222222222222E-5,[=0]?;[<4.16666666666667][hh]:mm:ss;[hh]:mm,1899-12-31 (=MAX(BU8:BU39)),00:00:03 (=MAX(BU8:BU39)),00:00:03,날짜·시간 의미 일치
poi-src/test-data/spreadsheet/57181.xlsm,General!BU43,xl/worksheets/sheet2.xml:BU43,0,[=0]?;[<4.16666666666667][hh]:mm:ss;[hh]:mm,1899-12-31 (=MIN(BU8:BU39)),0 (=MIN(BU8:BU39)),0,원시 수치 보존
poi-src/test-data/spreadsheet/57181.xlsm,General!BU8,xl/worksheets/sheet2.xml:BU8,0,[=0]?;[<4.16666666666667][hh]:mm:ss;[hh]:mm,1899-12-31,0,0,원시 수치 보존
poi-src/test-data/spreadsheet/57181.xlsm,General!BU84,xl/worksheets/sheet2.xml:BU84,4.6296296296296301E-5,[=0]?;[<4.16666666666667][hh]:mm:ss;[hh]:mm,"1899-12-31 (=SUM(BU8:BU39,BU52:BU83))","00:00:04 (=SUM(BU8:BU39,BU52:BU83))",00:00:04,날짜·시간 의미 일치
poi-src/test-data/spreadsheet/57181.xlsm,General!BU85,xl/worksheets/sheet2.xml:BU85,1.54320987654321E-6,[=0]?;[<4.16666666666667][hh]:mm:ss;[hh]:mm,"1899-12-31 (=IF(COUNT(BU8:BU39,BU52:BU83)<>0,AVERAGE(BU8:BU39,BU52:BU83),))","00:00:00 (=IF(COUNT(BU8:BU39,BU52:BU83)<>0,AVERAGE(BU8:BU39,BU52:BU83),))",00:00:00,날짜·시간 의미 일치
poi-src/test-data/spreadsheet/57181.xlsm,General!BU86,xl/worksheets/sheet2.xml:BU86,3.4722222222222222E-5,[=0]?;[<4.16666666666667][hh]:mm:ss;[hh]:mm,"1899-12-31 (=MAX(BU8:BU39,BU52:BU83))","00:00:03 (=MAX(BU8:BU39,BU52:BU83))",00:00:03,날짜·시간 의미 일치
poi-src/test-data/spreadsheet/57181.xlsm,General!BU87,xl/worksheets/sheet2.xml:BU87,0,[=0]?;[<4.16666666666667][hh]:mm:ss;[hh]:mm,"1899-12-31 (=MIN(BU8:BU39,BU52:BU83))","0 (=MIN(BU8:BU39,BU52:BU83))",0,원시 수치 보존
poi-src/test-data/spreadsheet/57181.xlsm,General!BU9,xl/worksheets/sheet2.xml:BU9,0,[=0]?;[<4.16666666666667][hh]:mm:ss;[hh]:mm,1899-12-31,0,0,원시 수치 보존
poi-src/test-data/spreadsheet/57181.xlsm,General!BV10,xl/worksheets/sheet2.xml:BV10,0,[=0]?;[<4.16666666666667][hh]:mm:ss;[hh]:mm,1899-12-31,0,0,원시 수치 보존
poi-src/test-data/spreadsheet/57181.xlsm,General!BV11,xl/worksheets/sheet2.xml:BV11,1.1574074074074073E-5,[=0]?;[<4.16666666666667][hh]:mm:ss;[hh]:mm,1899-12-31,00:00:01,00:00:01,날짜·시간 의미 일치
poi-src/test-data/spreadsheet/57181.xlsm,General!BV12,xl/worksheets/sheet2.xml:BV12,0,[=0]?;[<4.16666666666667][hh]:mm:ss;[hh]:mm,1899-12-31,0,0,원시 수치 보존
poi-src/test-data/spreadsheet/57181.xlsm,General!BV13,xl/worksheets/sheet2.xml:BV13,0,[=0]?;[<4.16666666666667][hh]:mm:ss;[hh]:mm,1899-12-31,0,0,원시 수치 보존
poi-src/test-data/spreadsheet/57181.xlsm,General!BV130,xl/worksheets/sheet2.xml:BV130,1.1574074074074075E-5,[=0]?;[<4.16666666666667][hh]:mm:ss;[hh]:mm,"1899-12-31 (=MAX(BV8:BV39,BV52:BV83,BV96:BV127))","00:00:01 (=MAX(BV8:BV39,BV52:BV83,BV96:BV127))",00:00:01,날짜·시간 의미 일치
poi-src/test-data/spreadsheet/57181.xlsm,General!BV131,xl/worksheets/sheet2.xml:BV131,0,[=0]?;[<4.16666666666667][hh]:mm:ss;[hh]:mm,"1899-12-31 (=MIN(BV8:BV39,BV52:BV83,BV96:BV127))","0 (=MIN(BV8:BV39,BV52:BV83,BV96:BV127))",0,원시 수치 보존
poi-src/test-data/spreadsheet/57181.xlsm,General!BV14,xl/worksheets/sheet2.xml:BV14,0,[=0]?;[<4.16666666666667][hh]:mm:ss;[hh]:mm,1899-12-31,0,0,원시 수치 보존
poi-src/test-data/spreadsheet/57181.xlsm,General!BV15,xl/worksheets/sheet2.xml:BV15,0,[=0]?;[<4.16666666666667][hh]:mm:ss;[hh]:mm,1899-12-31,0,0,원시 수치 보존
poi-src/test-data/spreadsheet/57181.xlsm,General!BV16,xl/worksheets/sheet2.xml:BV16,0,[=0]?;[<4.16666666666667][hh]:mm:ss;[hh]:mm,1899-12-31,0,0,원시 수치 보존
poi-src/test-data/spreadsheet/57181.xlsm,General!BV17,xl/worksheets/sheet2.xml:BV17,1.1574074074074075E-5,[=0]?;[<4.16666666666667][hh]:mm:ss;[hh]:mm,1899-12-31,00:00:01,00:00:01,날짜·시간 의미 일치
poi-src/test-data/spreadsheet/57181.xlsm,General!BV18,xl/worksheets/sheet2.xml:BV18,0,[=0]?;[<4.16666666666667][hh]:mm:ss;[hh]:mm,1899-12-31,0,0,원시 수치 보존
poi-src/test-data/spreadsheet/57181.xlsm,General!BV19,xl/worksheets/sheet2.xml:BV19,0,[=0]?;[<4.16666666666667][hh]:mm:ss;[hh]:mm,1899-12-31,0,0,원시 수치 보존
poi-src/test-data/spreadsheet/57181.xlsm,General!BV20,xl/worksheets/sheet2.xml:BV20,0,[=0]?;[<4.16666666666667][hh]:mm:ss;[hh]:mm,1899-12-31,0,0,원시 수치 보존
poi-src/test-data/spreadsheet/57181.xlsm,General!BV21,xl/worksheets/sheet2.xml:BV21,0,[=0]?;[<4.16666666666667][hh]:mm:ss;[hh]:mm,1899-12-31,0,0,원시 수치 보존
poi-src/test-data/spreadsheet/57181.xlsm,General!BV22,xl/worksheets/sheet2.xml:BV22,0,[=0]?;[<4.16666666666667][hh]:mm:ss;[hh]:mm,1899-12-31,0,0,원시 수치 보존
poi-src/test-data/spreadsheet/57181.xlsm,General!BV23,xl/worksheets/sheet2.xml:BV23,0,[=0]?;[<4.16666666666667][hh]:mm:ss;[hh]:mm,1899-12-31,0,0,원시 수치 보존
poi-src/test-data/spreadsheet/57181.xlsm,General!BV24,xl/worksheets/sheet2.xml:BV24,0,[=0]?;[<4.16666666666667][hh]:mm:ss;[hh]:mm,1899-12-31,0,0,원시 수치 보존
poi-src/test-data/spreadsheet/57181.xlsm,General!BV25,xl/worksheets/sheet2.xml:BV25,0,[=0]?;[<4.16666666666667][hh]:mm:ss;[hh]:mm,1899-12-31,0,0,원시 수치 보존
poi-src/test-data/spreadsheet/57181.xlsm,General!BV26,xl/worksheets/sheet2.xml:BV26,0,[=0]?;[<4.16666666666667][hh]:mm:ss;[hh]:mm,1899-12-31,0,0,원시 수치 보존
poi-src/test-data/spreadsheet/57181.xlsm,General!BV27,xl/worksheets/sheet2.xml:BV27,0,[=0]?;[<4.16666666666667][hh]:mm:ss;[hh]:mm,1899-12-31,0,0,원시 수치 보존
poi-src/test-data/spreadsheet/57181.xlsm,General!BV28,xl/worksheets/sheet2.xml:BV28,0,[=0]?;[<4.16666666666667][hh]:mm:ss;[hh]:mm,1899-12-31,0,0,원시 수치 보존
poi-src/test-data/spreadsheet/57181.xlsm,General!BV29,xl/worksheets/sheet2.xml:BV29,0,[=0]?;[<4.16666666666667][hh]:mm:ss;[hh]:mm,1899-12-31,0,0,원시 수치 보존
poi-src/test-data/spreadsheet/57181.xlsm,General!BV30,xl/worksheets/sheet2.xml:BV30,0,[=0]?;[<4.16666666666667][hh]:mm:ss;[hh]:mm,1899-12-31,0,0,원시 수치 보존
poi-src/test-data/spreadsheet/57181.xlsm,General!BV31,xl/worksheets/sheet2.xml:BV31,0,[=0]?;[<4.16666666666667][hh]:mm:ss;[hh]:mm,1899-12-31,0,0,원시 수치 보존
poi-src/test-data/spreadsheet/57181.xlsm,General!BV32,xl/worksheets/sheet2.xml:BV32,0,[=0]?;[<4.16666666666667][hh]:mm:ss;[hh]:mm,1899-12-31,0,0,원시 수치 보존
poi-src/test-data/spreadsheet/57181.xlsm,General!BV33,xl/worksheets/sheet2.xml:BV33,0,[=0]?;[<4.16666666666667][hh]:mm:ss;[hh]:mm,1899-12-31,0,0,원시 수치 보존
poi-src/test-data/spreadsheet/57181.xlsm,General!BV34,xl/worksheets/sheet2.xml:BV34,0,[=0]?;[<4.16666666666667][hh]:mm:ss;[hh]:mm,1899-12-31,0,0,원시 수치 보존
poi-src/test-data/spreadsheet/57181.xlsm,General!BV35,xl/worksheets/sheet2.xml:BV35,0,[=0]?;[<4.16666666666667][hh]:mm:ss;[hh]:mm,1899-12-31,0,0,원시 수치 보존
poi-src/test-data/spreadsheet/57181.xlsm,General!BV36,xl/worksheets/sheet2.xml:BV36,0,[=0]?;[<4.16666666666667][hh]:mm:ss;[hh]:mm,1899-12-31,0,0,원시 수치 보존
poi-src/test-data/spreadsheet/57181.xlsm,General!BV37,xl/worksheets/sheet2.xml:BV37,0,[=0]?;[<4.16666666666667][hh]:mm:ss;[hh]:mm,1899-12-31,0,0,원시 수치 보존
poi-src/test-data/spreadsheet/57181.xlsm,General!BV42,xl/worksheets/sheet2.xml:BV42,1.1574074074074075E-5,[=0]?;[<4.16666666666667][hh]:mm:ss;[hh]:mm,1899-12-31 (=MAX(BV8:BV39)),00:00:01 (=MAX(BV8:BV39)),00:00:01,날짜·시간 의미 일치
poi-src/test-data/spreadsheet/57181.xlsm,General!BV43,xl/worksheets/sheet2.xml:BV43,0,[=0]?;[<4.16666666666667][hh]:mm:ss;[hh]:mm,1899-12-31 (=MIN(BV8:BV39)),0 (=MIN(BV8:BV39)),0,원시 수치 보존
poi-src/test-data/spreadsheet/57181.xlsm,General!BV8,xl/worksheets/sheet2.xml:BV8,0,[=0]?;[<4.16666666666667][hh]:mm:ss;[hh]:mm,1899-12-31,0,0,원시 수치 보존
poi-src/test-data/spreadsheet/57181.xlsm,General!BV86,xl/worksheets/sheet2.xml:BV86,1.1574074074074075E-5,[=0]?;[<4.16666666666667][hh]:mm:ss;[hh]:mm,"1899-12-31 (=MAX(BV8:BV39,BV52:BV83))","00:00:01 (=MAX(BV8:BV39,BV52:BV83))",00:00:01,날짜·시간 의미 일치
poi-src/test-data/spreadsheet/57181.xlsm,General!BV87,xl/worksheets/sheet2.xml:BV87,0,[=0]?;[<4.16666666666667][hh]:mm:ss;[hh]:mm,"1899-12-31 (=MIN(BV8:BV39,BV52:BV83))","0 (=MIN(BV8:BV39,BV52:BV83))",0,원시 수치 보존
poi-src/test-data/spreadsheet/57181.xlsm,General!BV9,xl/worksheets/sheet2.xml:BV9,0,[=0]?;[<4.16666666666667][hh]:mm:ss;[hh]:mm,1899-12-31,0,0,원시 수치 보존
poi-src/test-data/spreadsheet/57181.xlsm,General!BW10,xl/worksheets/sheet2.xml:BW10,0,[=0]?;[<4.16666666666667][hh]:mm:ss;[hh]:mm,1899-12-31,0,0,원시 수치 보존
poi-src/test-data/spreadsheet/57181.xlsm,General!BW11,xl/worksheets/sheet2.xml:BW11,0,[=0]?;[<4.16666666666667][hh]:mm:ss;[hh]:mm,1899-12-31,0,0,원시 수치 보존
poi-src/test-data/spreadsheet/57181.xlsm,General!BW12,xl/worksheets/sheet2.xml:BW12,0,[=0]?;[<4.16666666666667][hh]:mm:ss;[hh]:mm,1899-12-31,0,0,원시 수치 보존
poi-src/test-data/spreadsheet/57181.xlsm,General!BW129,xl/worksheets/sheet2.xml:BW129,0,[=0]?;[<4.16666666666667][hh]:mm:ss;[hh]:mm,"1899-12-31 (=IF(COUNT(BW8:BW39,BW52:BW83,BW96:BW127)<>0,AVERAGE(BW8:BW39,BW52:BW83,BW96:BW127),))","0 (=IF(COUNT(BW8:BW39,BW52:BW83,BW96:BW127)<>0,AVERAGE(BW8:BW39,BW52:BW83,BW96:BW127),))",0,원시 수치 보존
poi-src/test-data/spreadsheet/57181.xlsm,General!BW13,xl/worksheets/sheet2.xml:BW13,0,[=0]?;[<4.16666666666667][hh]:mm:ss;[hh]:mm,1899-12-31,0,0,원시 수치 보존
poi-src/test-data/spreadsheet/57181.xlsm,General!BW130,xl/worksheets/sheet2.xml:BW130,0,[=0]?;[<4.16666666666667][hh]:mm:ss;[hh]:mm,"1899-12-31 (=MAX(BW8:BW39,BW52:BW83,BW96:BW127))","0 (=MAX(BW8:BW39,BW52:BW83,BW96:BW127))",0,원시 수치 보존
poi-src/test-data/spreadsheet/57181.xlsm,General!BW131,xl/worksheets/sheet2.xml:BW131,0,[=0]?;[<4.16666666666667][hh]:mm:ss;[hh]:mm,"1899-12-31 (=MIN(BW8:BW39,BW52:BW83,BW96:BW127))","0 (=MIN(BW8:BW39,BW52:BW83,BW96:BW127))",0,원시 수치 보존
poi-src/test-data/spreadsheet/57181.xlsm,General!BW14,xl/worksheets/sheet2.xml:BW14,0,[=0]?;[<4.16666666666667][hh]:mm:ss;[hh]:mm,1899-12-31,0,0,원시 수치 보존
poi-src/test-data/spreadsheet/57181.xlsm,General!BW15,xl/worksheets/sheet2.xml:BW15,0,[=0]?;[<4.16666666666667][hh]:mm:ss;[hh]:mm,1899-12-31,0,0,원시 수치 보존
poi-src/test-data/spreadsheet/57181.xlsm,General!BW16,xl/worksheets/sheet2.xml:BW16,0,[=0]?;[<4.16666666666667][hh]:mm:ss;[hh]:mm,1899-12-31,0,0,원시 수치 보존
poi-src/test-data/spreadsheet/57181.xlsm,General!BW17,xl/worksheets/sheet2.xml:BW17,0,[=0]?;[<4.16666666666667][hh]:mm:ss;[hh]:mm,1899-12-31,0,0,원시 수치 보존
poi-src/test-data/spreadsheet/57181.xlsm,General!BW18,xl/worksheets/sheet2.xml:BW18,0,[=0]?;[<4.16666666666667][hh]:mm:ss;[hh]:mm,1899-12-31,0,0,원시 수치 보존
poi-src/test-data/spreadsheet/57181.xlsm,General!BW19,xl/worksheets/sheet2.xml:BW19,0,[=0]?;[<4.16666666666667][hh]:mm:ss;[hh]:mm,1899-12-31,0,0,원시 수치 보존
poi-src/test-data/spreadsheet/57181.xlsm,General!BW20,xl/worksheets/sheet2.xml:BW20,0,[=0]?;[<4.16666666666667][hh]:mm:ss;[hh]:mm,1899-12-31,0,0,원시 수치 보존
poi-src/test-data/spreadsheet/57181.xlsm,General!BW21,xl/worksheets/sheet2.xml:BW21,0,[=0]?;[<4.16666666666667][hh]:mm:ss;[hh]:mm,1899-12-31,0,0,원시 수치 보존
poi-src/test-data/spreadsheet/57181.xlsm,General!BW22,xl/worksheets/sheet2.xml:BW22,0,[=0]?;[<4.16666666666667][hh]:mm:ss;[hh]:mm,1899-12-31,0,0,원시 수치 보존
poi-src/test-data/spreadsheet/57181.xlsm,General!BW23,xl/worksheets/sheet2.xml:BW23,0,[=0]?;[<4.16666666666667][hh]:mm:ss;[hh]:mm,1899-12-31,0,0,원시 수치 보존
poi-src/test-data/spreadsheet/57181.xlsm,General!BW24,xl/worksheets/sheet2.xml:BW24,0,[=0]?;[<4.16666666666667][hh]:mm:ss;[hh]:mm,1899-12-31,0,0,원시 수치 보존
poi-src/test-data/spreadsheet/57181.xlsm,General!BW25,xl/worksheets/sheet2.xml:BW25,0,[=0]?;[<4.16666666666667][hh]:mm:ss;[hh]:mm,1899-12-31,0,0,원시 수치 보존
poi-src/test-data/spreadsheet/57181.xlsm,General!BW26,xl/worksheets/sheet2.xml:BW26,0,[=0]?;[<4.16666666666667][hh]:mm:ss;[hh]:mm,1899-12-31,0,0,원시 수치 보존
poi-src/test-data/spreadsheet/57181.xlsm,General!BW27,xl/worksheets/sheet2.xml:BW27,0,[=0]?;[<4.16666666666667][hh]:mm:ss;[hh]:mm,1899-12-31,0,0,원시 수치 보존
poi-src/test-data/spreadsheet/57181.xlsm,General!BW28,xl/worksheets/sheet2.xml:BW28,0,[=0]?;[<4.16666666666667][hh]:mm:ss;[hh]:mm,1899-12-31,0,0,원시 수치 보존
poi-src/test-data/spreadsheet/57181.xlsm,General!BW29,xl/worksheets/sheet2.xml:BW29,0,[=0]?;[<4.16666666666667][hh]:mm:ss;[hh]:mm,1899-12-31,0,0,원시 수치 보존
poi-src/test-data/spreadsheet/57181.xlsm,General!BW30,xl/worksheets/sheet2.xml:BW30,0,[=0]?;[<4.16666666666667][hh]:mm:ss;[hh]:mm,1899-12-31,0,0,원시 수치 보존
poi-src/test-data/spreadsheet/57181.xlsm,General!BW31,xl/worksheets/sheet2.xml:BW31,0,[=0]?;[<4.16666666666667][hh]:mm:ss;[hh]:mm,1899-12-31,0,0,원시 수치 보존
poi-src/test-data/spreadsheet/57181.xlsm,General!BW32,xl/worksheets/sheet2.xml:BW32,0,[=0]?;[<4.16666666666667][hh]:mm:ss;[hh]:mm,1899-12-31,0,0,원시 수치 보존
poi-src/test-data/spreadsheet/57181.xlsm,General!BW33,xl/worksheets/sheet2.xml:BW33,0,[=0]?;[<4.16666666666667][hh]:mm:ss;[hh]:mm,1899-12-31,0,0,원시 수치 보존
poi-src/test-data/spreadsheet/57181.xlsm,General!BW34,xl/worksheets/sheet2.xml:BW34,0,[=0]?;[<4.16666666666667][hh]:mm:ss;[hh]:mm,1899-12-31,0,0,원시 수치 보존
poi-src/test-data/spreadsheet/57181.xlsm,General!BW35,xl/worksheets/sheet2.xml:BW35,0,[=0]?;[<4.16666666666667][hh]:mm:ss;[hh]:mm,1899-12-31,0,0,원시 수치 보존
poi-src/test-data/spreadsheet/57181.xlsm,General!BW36,xl/worksheets/sheet2.xml:BW36,0,[=0]?;[<4.16666666666667][hh]:mm:ss;[hh]:mm,1899-12-31,0,0,원시 수치 보존
poi-src/test-data/spreadsheet/57181.xlsm,General!BW37,xl/worksheets/sheet2.xml:BW37,0,[=0]?;[<4.16666666666667][hh]:mm:ss;[hh]:mm,1899-12-31,0,0,원시 수치 보존
poi-src/test-data/spreadsheet/57181.xlsm,General!BW41,xl/worksheets/sheet2.xml:BW41,0,[=0]?;[<4.16666666666667][hh]:mm:ss;[hh]:mm,"1899-12-31 (=IF(COUNT(BW8:BW39)<>0,AVERAGE(BW8:BW39),))","0 (=IF(COUNT(BW8:BW39)<>0,AVERAGE(BW8:BW39),))",0,원시 수치 보존
poi-src/test-data/spreadsheet/57181.xlsm,General!BW42,xl/worksheets/sheet2.xml:BW42,0,[=0]?;[<4.16666666666667][hh]:mm:ss;[hh]:mm,1899-12-31 (=MAX(BW8:BW39)),0 (=MAX(BW8:BW39)),0,원시 수치 보존
poi-src/test-data/spreadsheet/57181.xlsm,General!BW43,xl/worksheets/sheet2.xml:BW43,0,[=0]?;[<4.16666666666667][hh]:mm:ss;[hh]:mm,1899-12-31 (=MIN(BW8:BW39)),0 (=MIN(BW8:BW39)),0,원시 수치 보존
poi-src/test-data/spreadsheet/57181.xlsm,General!BW8,xl/worksheets/sheet2.xml:BW8,0,[=0]?;[<4.16666666666667][hh]:mm:ss;[hh]:mm,1899-12-31,0,0,원시 수치 보존
poi-src/test-data/spreadsheet/57181.xlsm,General!BW85,xl/worksheets/sheet2.xml:BW85,0,[=0]?;[<4.16666666666667][hh]:mm:ss;[hh]:mm,"1899-12-31 (=IF(COUNT(BW8:BW39,BW52:BW83)<>0,AVERAGE(BW8:BW39,BW52:BW83),))","0 (=IF(COUNT(BW8:BW39,BW52:BW83)<>0,AVERAGE(BW8:BW39,BW52:BW83),))",0,원시 수치 보존
poi-src/test-data/spreadsheet/57181.xlsm,General!BW86,xl/worksheets/sheet2.xml:BW86,0,[=0]?;[<4.16666666666667][hh]:mm:ss;[hh]:mm,"1899-12-31 (=MAX(BW8:BW39,BW52:BW83))","0 (=MAX(BW8:BW39,BW52:BW83))",0,원시 수치 보존
poi-src/test-data/spreadsheet/57181.xlsm,General!BW87,xl/worksheets/sheet2.xml:BW87,0,[=0]?;[<4.16666666666667][hh]:mm:ss;[hh]:mm,"1899-12-31 (=MIN(BW8:BW39,BW52:BW83))","0 (=MIN(BW8:BW39,BW52:BW83))",0,원시 수치 보존
poi-src/test-data/spreadsheet/57181.xlsm,General!BW9,xl/worksheets/sheet2.xml:BW9,0,[=0]?;[<4.16666666666667][hh]:mm:ss;[hh]:mm,1899-12-31,0,0,원시 수치 보존
poi-src/test-data/spreadsheet/57181.xlsm,General!BZ10,xl/worksheets/sheet2.xml:BZ10,0,[=0]?;[<4.16666666666667][hh]:mm:ss;[hh]:mm,1899-12-31,0,0,원시 수치 보존
poi-src/test-data/spreadsheet/57181.xlsm,General!BZ11,xl/worksheets/sheet2.xml:BZ11,0,[=0]?;[<4.16666666666667][hh]:mm:ss;[hh]:mm,1899-12-31,0,0,원시 수치 보존
poi-src/test-data/spreadsheet/57181.xlsm,General!BZ12,xl/worksheets/sheet2.xml:BZ12,0,[=0]?;[<4.16666666666667][hh]:mm:ss;[hh]:mm,1899-12-31,0,0,원시 수치 보존
poi-src/test-data/spreadsheet/57181.xlsm,General!BZ128,xl/worksheets/sheet2.xml:BZ128,0,[=0]?;[<4.16666666666667][hh]:mm:ss;[hh]:mm,"1899-12-31 (=SUM(BZ8:BZ39,BZ52:BZ83,BZ96:BZ127))","0 (=SUM(BZ8:BZ39,BZ52:BZ83,BZ96:BZ127))",0,원시 수치 보존
poi-src/test-data/spreadsheet/57181.xlsm,General!BZ13,xl/worksheets/sheet2.xml:BZ13,0,[=0]?;[<4.16666666666667][hh]:mm:ss;[hh]:mm,1899-12-31,0,0,원시 수치 보존
poi-src/test-data/spreadsheet/57181.xlsm,General!BZ130,xl/worksheets/sheet2.xml:BZ130,0,[=0]?;[<4.16666666666667][hh]:mm:ss;[hh]:mm,"1899-12-31 (=MAX(BZ8:BZ39,BZ52:BZ83,BZ96:BZ127))","0 (=MAX(BZ8:BZ39,BZ52:BZ83,BZ96:BZ127))",0,원시 수치 보존
poi-src/test-data/spreadsheet/57181.xlsm,General!BZ131,xl/worksheets/sheet2.xml:BZ131,0,[=0]?;[<4.16666666666667][hh]:mm:ss;[hh]:mm,"1899-12-31 (=MIN(BZ8:BZ39,BZ52:BZ83,BZ96:BZ127))","0 (=MIN(BZ8:BZ39,BZ52:BZ83,BZ96:BZ127))",0,원시 수치 보존
poi-src/test-data/spreadsheet/57181.xlsm,General!BZ14,xl/worksheets/sheet2.xml:BZ14,0,[=0]?;[<4.16666666666667][hh]:mm:ss;[hh]:mm,1899-12-31,0,0,원시 수치 보존
poi-src/test-data/spreadsheet/57181.xlsm,General!BZ15,xl/worksheets/sheet2.xml:BZ15,0,[=0]?;[<4.16666666666667][hh]:mm:ss;[hh]:mm,1899-12-31,0,0,원시 수치 보존
poi-src/test-data/spreadsheet/57181.xlsm,General!BZ16,xl/worksheets/sheet2.xml:BZ16,0,[=0]?;[<4.16666666666667][hh]:mm:ss;[hh]:mm,1899-12-31,0,0,원시 수치 보존
poi-src/test-data/spreadsheet/57181.xlsm,General!BZ17,xl/worksheets/sheet2.xml:BZ17,0,[=0]?;[<4.16666666666667][hh]:mm:ss;[hh]:mm,1899-12-31,0,0,원시 수치 보존
poi-src/test-data/spreadsheet/57181.xlsm,General!BZ18,xl/worksheets/sheet2.xml:BZ18,0,[=0]?;[<4.16666666666667][hh]:mm:ss;[hh]:mm,1899-12-31,0,0,원시 수치 보존
poi-src/test-data/spreadsheet/57181.xlsm,General!BZ19,xl/worksheets/sheet2.xml:BZ19,0,[=0]?;[<4.16666666666667][hh]:mm:ss;[hh]:mm,1899-12-31,0,0,원시 수치 보존
poi-src/test-data/spreadsheet/57181.xlsm,General!BZ20,xl/worksheets/sheet2.xml:BZ20,0,[=0]?;[<4.16666666666667][hh]:mm:ss;[hh]:mm,1899-12-31,0,0,원시 수치 보존
poi-src/test-data/spreadsheet/57181.xlsm,General!BZ21,xl/worksheets/sheet2.xml:BZ21,0,[=0]?;[<4.16666666666667][hh]:mm:ss;[hh]:mm,1899-12-31,0,0,원시 수치 보존
poi-src/test-data/spreadsheet/57181.xlsm,General!BZ22,xl/worksheets/sheet2.xml:BZ22,0,[=0]?;[<4.16666666666667][hh]:mm:ss;[hh]:mm,1899-12-31,0,0,원시 수치 보존
poi-src/test-data/spreadsheet/57181.xlsm,General!BZ23,xl/worksheets/sheet2.xml:BZ23,0,[=0]?;[<4.16666666666667][hh]:mm:ss;[hh]:mm,1899-12-31,0,0,원시 수치 보존
poi-src/test-data/spreadsheet/57181.xlsm,General!BZ24,xl/worksheets/sheet2.xml:BZ24,0,[=0]?;[<4.16666666666667][hh]:mm:ss;[hh]:mm,1899-12-31,0,0,원시 수치 보존
poi-src/test-data/spreadsheet/57181.xlsm,General!BZ25,xl/worksheets/sheet2.xml:BZ25,0,[=0]?;[<4.16666666666667][hh]:mm:ss;[hh]:mm,1899-12-31,0,0,원시 수치 보존
poi-src/test-data/spreadsheet/57181.xlsm,General!BZ26,xl/worksheets/sheet2.xml:BZ26,0,[=0]?;[<4.16666666666667][hh]:mm:ss;[hh]:mm,1899-12-31,0,0,원시 수치 보존
poi-src/test-data/spreadsheet/57181.xlsm,General!BZ27,xl/worksheets/sheet2.xml:BZ27,0,[=0]?;[<4.16666666666667][hh]:mm:ss;[hh]:mm,1899-12-31,0,0,원시 수치 보존
poi-src/test-data/spreadsheet/57181.xlsm,General!BZ28,xl/worksheets/sheet2.xml:BZ28,0,[=0]?;[<4.16666666666667][hh]:mm:ss;[hh]:mm,1899-12-31,0,0,원시 수치 보존
poi-src/test-data/spreadsheet/57181.xlsm,General!BZ29,xl/worksheets/sheet2.xml:BZ29,0,[=0]?;[<4.16666666666667][hh]:mm:ss;[hh]:mm,1899-12-31,0,0,원시 수치 보존
poi-src/test-data/spreadsheet/57181.xlsm,General!BZ30,xl/worksheets/sheet2.xml:BZ30,0,[=0]?;[<4.16666666666667][hh]:mm:ss;[hh]:mm,1899-12-31,0,0,원시 수치 보존
poi-src/test-data/spreadsheet/57181.xlsm,General!BZ31,xl/worksheets/sheet2.xml:BZ31,0,[=0]?;[<4.16666666666667][hh]:mm:ss;[hh]:mm,1899-12-31,0,0,원시 수치 보존
poi-src/test-data/spreadsheet/57181.xlsm,General!BZ32,xl/worksheets/sheet2.xml:BZ32,0,[=0]?;[<4.16666666666667][hh]:mm:ss;[hh]:mm,1899-12-31,0,0,원시 수치 보존
poi-src/test-data/spreadsheet/57181.xlsm,General!BZ33,xl/worksheets/sheet2.xml:BZ33,0,[=0]?;[<4.16666666666667][hh]:mm:ss;[hh]:mm,1899-12-31,0,0,원시 수치 보존
poi-src/test-data/spreadsheet/57181.xlsm,General!BZ34,xl/worksheets/sheet2.xml:BZ34,0,[=0]?;[<4.16666666666667][hh]:mm:ss;[hh]:mm,1899-12-31,0,0,원시 수치 보존
poi-src/test-data/spreadsheet/57181.xlsm,General!BZ35,xl/worksheets/sheet2.xml:BZ35,0,[=0]?;[<4.16666666666667][hh]:mm:ss;[hh]:mm,1899-12-31,0,0,원시 수치 보존
poi-src/test-data/spreadsheet/57181.xlsm,General!BZ36,xl/worksheets/sheet2.xml:BZ36,0,[=0]?;[<4.16666666666667][hh]:mm:ss;[hh]:mm,1899-12-31,0,0,원시 수치 보존
poi-src/test-data/spreadsheet/57181.xlsm,General!BZ37,xl/worksheets/sheet2.xml:BZ37,0,[=0]?;[<4.16666666666667][hh]:mm:ss;[hh]:mm,1899-12-31,0,0,원시 수치 보존
poi-src/test-data/spreadsheet/57181.xlsm,General!BZ40,xl/worksheets/sheet2.xml:BZ40,0,[=0]?;[<4.16666666666667][hh]:mm:ss;[hh]:mm,1899-12-31 (=SUM(BZ8:BZ39)),0 (=SUM(BZ8:BZ39)),0,원시 수치 보존
poi-src/test-data/spreadsheet/57181.xlsm,General!BZ42,xl/worksheets/sheet2.xml:BZ42,0,[=0]?;[<4.16666666666667][hh]:mm:ss;[hh]:mm,1899-12-31 (=MAX(BZ8:BZ39)),0 (=MAX(BZ8:BZ39)),0,원시 수치 보존
poi-src/test-data/spreadsheet/57181.xlsm,General!BZ43,xl/worksheets/sheet2.xml:BZ43,0,[=0]?;[<4.16666666666667][hh]:mm:ss;[hh]:mm,1899-12-31 (=MIN(BZ8:BZ39)),0 (=MIN(BZ8:BZ39)),0,원시 수치 보존
poi-src/test-data/spreadsheet/57181.xlsm,General!BZ8,xl/worksheets/sheet2.xml:BZ8,0,[=0]?;[<4.16666666666667][hh]:mm:ss;[hh]:mm,1899-12-31,0,0,원시 수치 보존
poi-src/test-data/spreadsheet/57181.xlsm,General!BZ84,xl/worksheets/sheet2.xml:BZ84,0,[=0]?;[<4.16666666666667][hh]:mm:ss;[hh]:mm,"1899-12-31 (=SUM(BZ8:BZ39,BZ52:BZ83))","0 (=SUM(BZ8:BZ39,BZ52:BZ83))",0,원시 수치 보존
poi-src/test-data/spreadsheet/57181.xlsm,General!BZ86,xl/worksheets/sheet2.xml:BZ86,0,[=0]?;[<4.16666666666667][hh]:mm:ss;[hh]:mm,"1899-12-31 (=MAX(BZ8:BZ39,BZ52:BZ83))","0 (=MAX(BZ8:BZ39,BZ52:BZ83))",0,원시 수치 보존
poi-src/test-data/spreadsheet/57181.xlsm,General!BZ87,xl/worksheets/sheet2.xml:BZ87,0,[=0]?;[<4.16666666666667][hh]:mm:ss;[hh]:mm,"1899-12-31 (=MIN(BZ8:BZ39,BZ52:BZ83))","0 (=MIN(BZ8:BZ39,BZ52:BZ83))",0,원시 수치 보존
poi-src/test-data/spreadsheet/57181.xlsm,General!BZ9,xl/worksheets/sheet2.xml:BZ9,0,[=0]?;[<4.16666666666667][hh]:mm:ss;[hh]:mm,1899-12-31,0,0,원시 수치 보존
poi-src/test-data/spreadsheet/57181.xlsm,General!CA10,xl/worksheets/sheet2.xml:CA10,-1E-8,"[<0]"""";0%",-0%,-1E-8,-1E-8,원시 수치 보존
poi-src/test-data/spreadsheet/57181.xlsm,General!CA12,xl/worksheets/sheet2.xml:CA12,-1E-8,"[<0]"""";0%",-0%,-1E-8,-1E-8,원시 수치 보존
poi-src/test-data/spreadsheet/57181.xlsm,General!CA13,xl/worksheets/sheet2.xml:CA13,-1E-8,"[<0]"""";0%",-0%,-1E-8,-1E-8,원시 수치 보존
poi-src/test-data/spreadsheet/57181.xlsm,General!CA14,xl/worksheets/sheet2.xml:CA14,-1E-8,"[<0]"""";0%",-0%,-1E-8,-1E-8,원시 수치 보존
poi-src/test-data/spreadsheet/57181.xlsm,General!CA15,xl/worksheets/sheet2.xml:CA15,-1E-8,"[<0]"""";0%",-0%,-1E-8,-1E-8,원시 수치 보존
poi-src/test-data/spreadsheet/57181.xlsm,General!CA16,xl/worksheets/sheet2.xml:CA16,-1E-8,"[<0]"""";0%",-0%,-1E-8,-1E-8,원시 수치 보존
poi-src/test-data/spreadsheet/57181.xlsm,General!CA18,xl/worksheets/sheet2.xml:CA18,-1E-8,"[<0]"""";0%",-0%,-1E-8,-1E-8,원시 수치 보존
poi-src/test-data/spreadsheet/57181.xlsm,General!CA19,xl/worksheets/sheet2.xml:CA19,-1E-8,"[<0]"""";0%",-0%,-1E-8,-1E-8,원시 수치 보존
poi-src/test-data/spreadsheet/57181.xlsm,General!CA20,xl/worksheets/sheet2.xml:CA20,-1E-8,"[<0]"""";0%",-0%,-1E-8,-1E-8,원시 수치 보존
poi-src/test-data/spreadsheet/57181.xlsm,General!CA21,xl/worksheets/sheet2.xml:CA21,-1E-8,"[<0]"""";0%",-0%,-1E-8,-1E-8,원시 수치 보존
poi-src/test-data/spreadsheet/57181.xlsm,General!CA22,xl/worksheets/sheet2.xml:CA22,-1E-8,"[<0]"""";0%",-0%,-1E-8,-1E-8,원시 수치 보존
poi-src/test-data/spreadsheet/57181.xlsm,General!CA23,xl/worksheets/sheet2.xml:CA23,-1E-8,"[<0]"""";0%",-0%,-1E-8,-1E-8,원시 수치 보존
poi-src/test-data/spreadsheet/57181.xlsm,General!CA24,xl/worksheets/sheet2.xml:CA24,-1E-8,"[<0]"""";0%",-0%,-1E-8,-1E-8,원시 수치 보존
poi-src/test-data/spreadsheet/57181.xlsm,General!CA25,xl/worksheets/sheet2.xml:CA25,-1E-8,"[<0]"""";0%",-0%,-1E-8,-1E-8,원시 수치 보존
poi-src/test-data/spreadsheet/57181.xlsm,General!CA26,xl/worksheets/sheet2.xml:CA26,-1E-8,"[<0]"""";0%",-0%,-1E-8,-1E-8,원시 수치 보존
poi-src/test-data/spreadsheet/57181.xlsm,General!CA27,xl/worksheets/sheet2.xml:CA27,-1E-8,"[<0]"""";0%",-0%,-1E-8,-1E-8,원시 수치 보존
poi-src/test-data/spreadsheet/57181.xlsm,General!CA28,xl/worksheets/sheet2.xml:CA28,-1E-8,"[<0]"""";0%",-0%,-1E-8,-1E-8,원시 수치 보존
poi-src/test-data/spreadsheet/57181.xlsm,General!CA29,xl/worksheets/sheet2.xml:CA29,-1E-8,"[<0]"""";0%",-0%,-1E-8,-1E-8,원시 수치 보존
poi-src/test-data/spreadsheet/57181.xlsm,General!CA30,xl/worksheets/sheet2.xml:CA30,-1E-8,"[<0]"""";0%",-0%,-1E-8,-1E-8,원시 수치 보존
poi-src/test-data/spreadsheet/57181.xlsm,General!CA31,xl/worksheets/sheet2.xml:CA31,-1E-8,"[<0]"""";0%",-0%,-1E-8,-1E-8,원시 수치 보존
poi-src/test-data/spreadsheet/57181.xlsm,General!CA32,xl/worksheets/sheet2.xml:CA32,-1E-8,"[<0]"""";0%",-0%,-1E-8,-1E-8,원시 수치 보존
poi-src/test-data/spreadsheet/57181.xlsm,General!CA33,xl/worksheets/sheet2.xml:CA33,-1E-8,"[<0]"""";0%",-0%,-1E-8,-1E-8,원시 수치 보존
poi-src/test-data/spreadsheet/57181.xlsm,General!CA34,xl/worksheets/sheet2.xml:CA34,-1E-8,"[<0]"""";0%",-0%,-1E-8,-1E-8,원시 수치 보존
poi-src/test-data/spreadsheet/57181.xlsm,General!CA35,xl/worksheets/sheet2.xml:CA35,-1E-8,"[<0]"""";0%",-0%,-1E-8,-1E-8,원시 수치 보존
poi-src/test-data/spreadsheet/57181.xlsm,General!CA36,xl/worksheets/sheet2.xml:CA36,-1E-8,"[<0]"""";0%",-0%,-1E-8,-1E-8,원시 수치 보존
poi-src/test-data/spreadsheet/57181.xlsm,General!CA37,xl/worksheets/sheet2.xml:CA37,-1E-8,"[<0]"""";0%",-0%,-1E-8,-1E-8,원시 수치 보존
poi-src/test-data/spreadsheet/57181.xlsm,General!CA8,xl/worksheets/sheet2.xml:CA8,-1E-8,"[<0]"""";0%",-0%,-1E-8,-1E-8,원시 수치 보존
poi-src/test-data/spreadsheet/57181.xlsm,General!CA9,xl/worksheets/sheet2.xml:CA9,-1E-8,"[<0]"""";0%",-0%,-1E-8,-1E-8,원시 수치 보존
poi-src/test-data/spreadsheet/57181.xlsm,General!CB10,xl/worksheets/sheet2.xml:CB10,-1E-8,"[<0]"""";0%",-0%,-1E-8,-1E-8,원시 수치 보존
poi-src/test-data/spreadsheet/57181.xlsm,General!CB12,xl/worksheets/sheet2.xml:CB12,-1E-8,"[<0]"""";0%",-0%,-1E-8,-1E-8,원시 수치 보존
poi-src/test-data/spreadsheet/57181.xlsm,General!CB13,xl/worksheets/sheet2.xml:CB13,-1E-8,"[<0]"""";0%",-0%,-1E-8,-1E-8,원시 수치 보존
poi-src/test-data/spreadsheet/57181.xlsm,General!CB14,xl/worksheets/sheet2.xml:CB14,-1E-8,"[<0]"""";0%",-0%,-1E-8,-1E-8,원시 수치 보존
poi-src/test-data/spreadsheet/57181.xlsm,General!CB15,xl/worksheets/sheet2.xml:CB15,-1E-8,"[<0]"""";0%",-0%,-1E-8,-1E-8,원시 수치 보존
poi-src/test-data/spreadsheet/57181.xlsm,General!CB16,xl/worksheets/sheet2.xml:CB16,-1E-8,"[<0]"""";0%",-0%,-1E-8,-1E-8,원시 수치 보존
poi-src/test-data/spreadsheet/57181.xlsm,General!CB18,xl/worksheets/sheet2.xml:CB18,-1E-8,"[<0]"""";0%",-0%,-1E-8,-1E-8,원시 수치 보존
poi-src/test-data/spreadsheet/57181.xlsm,General!CB19,xl/worksheets/sheet2.xml:CB19,-1E-8,"[<0]"""";0%",-0%,-1E-8,-1E-8,원시 수치 보존
poi-src/test-data/spreadsheet/57181.xlsm,General!CB20,xl/worksheets/sheet2.xml:CB20,-1E-8,"[<0]"""";0%",-0%,-1E-8,-1E-8,원시 수치 보존
poi-src/test-data/spreadsheet/57181.xlsm,General!CB21,xl/worksheets/sheet2.xml:CB21,-1E-8,"[<0]"""";0%",-0%,-1E-8,-1E-8,원시 수치 보존
poi-src/test-data/spreadsheet/57181.xlsm,General!CB22,xl/worksheets/sheet2.xml:CB22,-1E-8,"[<0]"""";0%",-0%,-1E-8,-1E-8,원시 수치 보존
poi-src/test-data/spreadsheet/57181.xlsm,General!CB23,xl/worksheets/sheet2.xml:CB23,-1E-8,"[<0]"""";0%",-0%,-1E-8,-1E-8,원시 수치 보존
poi-src/test-data/spreadsheet/57181.xlsm,General!CB24,xl/worksheets/sheet2.xml:CB24,-1E-8,"[<0]"""";0%",-0%,-1E-8,-1E-8,원시 수치 보존
poi-src/test-data/spreadsheet/57181.xlsm,General!CB25,xl/worksheets/sheet2.xml:CB25,-1E-8,"[<0]"""";0%",-0%,-1E-8,-1E-8,원시 수치 보존
poi-src/test-data/spreadsheet/57181.xlsm,General!CB26,xl/worksheets/sheet2.xml:CB26,-1E-8,"[<0]"""";0%",-0%,-1E-8,-1E-8,원시 수치 보존
poi-src/test-data/spreadsheet/57181.xlsm,General!CB27,xl/worksheets/sheet2.xml:CB27,-1E-8,"[<0]"""";0%",-0%,-1E-8,-1E-8,원시 수치 보존
poi-src/test-data/spreadsheet/57181.xlsm,General!CB28,xl/worksheets/sheet2.xml:CB28,-1E-8,"[<0]"""";0%",-0%,-1E-8,-1E-8,원시 수치 보존
poi-src/test-data/spreadsheet/57181.xlsm,General!CB29,xl/worksheets/sheet2.xml:CB29,-1E-8,"[<0]"""";0%",-0%,-1E-8,-1E-8,원시 수치 보존
poi-src/test-data/spreadsheet/57181.xlsm,General!CB30,xl/worksheets/sheet2.xml:CB30,-1E-8,"[<0]"""";0%",-0%,-1E-8,-1E-8,원시 수치 보존
poi-src/test-data/spreadsheet/57181.xlsm,General!CB31,xl/worksheets/sheet2.xml:CB31,-1E-8,"[<0]"""";0%",-0%,-1E-8,-1E-8,원시 수치 보존
poi-src/test-data/spreadsheet/57181.xlsm,General!CB32,xl/worksheets/sheet2.xml:CB32,-1E-8,"[<0]"""";0%",-0%,-1E-8,-1E-8,원시 수치 보존
poi-src/test-data/spreadsheet/57181.xlsm,General!CB33,xl/worksheets/sheet2.xml:CB33,-1E-8,"[<0]"""";0%",-0%,-1E-8,-1E-8,원시 수치 보존
poi-src/test-data/spreadsheet/57181.xlsm,General!CB34,xl/worksheets/sheet2.xml:CB34,-1E-8,"[<0]"""";0%",-0%,-1E-8,-1E-8,원시 수치 보존
poi-src/test-data/spreadsheet/57181.xlsm,General!CB35,xl/worksheets/sheet2.xml:CB35,-1E-8,"[<0]"""";0%",-0%,-1E-8,-1E-8,원시 수치 보존
poi-src/test-data/spreadsheet/57181.xlsm,General!CB36,xl/worksheets/sheet2.xml:CB36,-1E-8,"[<0]"""";0%",-0%,-1E-8,-1E-8,원시 수치 보존
poi-src/test-data/spreadsheet/57181.xlsm,General!CB37,xl/worksheets/sheet2.xml:CB37,-1E-8,"[<0]"""";0%",-0%,-1E-8,-1E-8,원시 수치 보존
poi-src/test-data/spreadsheet/57181.xlsm,General!CB8,xl/worksheets/sheet2.xml:CB8,-1E-8,"[<0]"""";0%",-0%,-1E-8,-1E-8,원시 수치 보존
poi-src/test-data/spreadsheet/57181.xlsm,General!CB9,xl/worksheets/sheet2.xml:CB9,-1E-8,"[<0]"""";0%",-0%,-1E-8,-1E-8,원시 수치 보존
poi-src/test-data/spreadsheet/57181.xlsm,General!CC131,xl/worksheets/sheet2.xml:CC131,0,[=0]?;0%,"0% (=MIN(CC8:CC39,CC52:CC83,CC96:CC127))","0 (=MIN(CC8:CC39,CC52:CC83,CC96:CC127))",0,원시 수치 보존
poi-src/test-data/spreadsheet/57181.xlsm,General!CC29,xl/worksheets/sheet2.xml:CC29,0,[=0]?;0%,0%,0,0,원시 수치 보존
poi-src/test-data/spreadsheet/57181.xlsm,General!CC30,xl/worksheets/sheet2.xml:CC30,0,[=0]?;0%,0%,0,0,원시 수치 보존
poi-src/test-data/spreadsheet/57181.xlsm,General!CC31,xl/worksheets/sheet2.xml:CC31,0,[=0]?;0%,0%,0,0,원시 수치 보존
poi-src/test-data/spreadsheet/57181.xlsm,General!CC32,xl/worksheets/sheet2.xml:CC32,0,[=0]?;0%,0%,0,0,원시 수치 보존
poi-src/test-data/spreadsheet/57181.xlsm,General!CC33,xl/worksheets/sheet2.xml:CC33,0,[=0]?;0%,0%,0,0,원시 수치 보존
poi-src/test-data/spreadsheet/57181.xlsm,General!CC34,xl/worksheets/sheet2.xml:CC34,0,[=0]?;0%,0%,0,0,원시 수치 보존
poi-src/test-data/spreadsheet/57181.xlsm,General!CC35,xl/worksheets/sheet2.xml:CC35,0,[=0]?;0%,0%,0,0,원시 수치 보존
poi-src/test-data/spreadsheet/57181.xlsm,General!CC36,xl/worksheets/sheet2.xml:CC36,0,[=0]?;0%,0%,0,0,원시 수치 보존
poi-src/test-data/spreadsheet/57181.xlsm,General!CC37,xl/worksheets/sheet2.xml:CC37,0,[=0]?;0%,0%,0,0,원시 수치 보존
poi-src/test-data/spreadsheet/57181.xlsm,General!CC43,xl/worksheets/sheet2.xml:CC43,0,[=0]?;0%,0% (=MIN(CC8:CC39)),0 (=MIN(CC8:CC39)),0,원시 수치 보존
poi-src/test-data/spreadsheet/57181.xlsm,General!CC8,xl/worksheets/sheet2.xml:CC8,0,[=0]?;0%,0%,0,0,원시 수치 보존
poi-src/test-data/spreadsheet/57181.xlsm,General!CC87,xl/worksheets/sheet2.xml:CC87,0,[=0]?;0%,"0% (=MIN(CC8:CC39,CC52:CC83))","0 (=MIN(CC8:CC39,CC52:CC83))",0,원시 수치 보존
poi-src/test-data/spreadsheet/57181.xlsm,General!CC9,xl/worksheets/sheet2.xml:CC9,0,[=0]?;0%,0%,0,0,원시 수치 보존
poi-src/test-data/spreadsheet/57181.xlsm,General!CD11,xl/worksheets/sheet2.xml:CD11,0,[=0]?;0%,0%,0,0,원시 수치 보존
poi-src/test-data/spreadsheet/57181.xlsm,General!CD12,xl/worksheets/sheet2.xml:CD12,0,[=0]?;0%,0%,0,0,원시 수치 보존
poi-src/test-data/spreadsheet/57181.xlsm,General!CD13,xl/worksheets/sheet2.xml:CD13,0,[=0]?;0%,0%,0,0,원시 수치 보존
poi-src/test-data/spreadsheet/57181.xlsm,General!CD131,xl/worksheets/sheet2.xml:CD131,0,[=0]?;0%,"0% (=MIN(CD8:CD39,CD52:CD83,CD96:CD127))","0 (=MIN(CD8:CD39,CD52:CD83,CD96:CD127))",0,원시 수치 보존
poi-src/test-data/spreadsheet/57181.xlsm,General!CD14,xl/worksheets/sheet2.xml:CD14,0,[=0]?;0%,0%,0,0,원시 수치 보존
poi-src/test-data/spreadsheet/57181.xlsm,General!CD15,xl/worksheets/sheet2.xml:CD15,0,[=0]?;0%,0%,0,0,원시 수치 보존
poi-src/test-data/spreadsheet/57181.xlsm,General!CD16,xl/worksheets/sheet2.xml:CD16,0,[=0]?;0%,0%,0,0,원시 수치 보존
poi-src/test-data/spreadsheet/57181.xlsm,General!CD17,xl/worksheets/sheet2.xml:CD17,0,[=0]?;0%,0%,0,0,원시 수치 보존
poi-src/test-data/spreadsheet/57181.xlsm,General!CD18,xl/worksheets/sheet2.xml:CD18,0,[=0]?;0%,0%,0,0,원시 수치 보존
poi-src/test-data/spreadsheet/57181.xlsm,General!CD19,xl/worksheets/sheet2.xml:CD19,0,[=0]?;0%,0%,0,0,원시 수치 보존
poi-src/test-data/spreadsheet/57181.xlsm,General!CD20,xl/worksheets/sheet2.xml:CD20,0,[=0]?;0%,0%,0,0,원시 수치 보존
poi-src/test-data/spreadsheet/57181.xlsm,General!CD21,xl/worksheets/sheet2.xml:CD21,0,[=0]?;0%,0%,0,0,원시 수치 보존
poi-src/test-data/spreadsheet/57181.xlsm,General!CD22,xl/worksheets/sheet2.xml:CD22,0,[=0]?;0%,0%,0,0,원시 수치 보존
poi-src/test-data/spreadsheet/57181.xlsm,General!CD23,xl/worksheets/sheet2.xml:CD23,0,[=0]?;0%,0%,0,0,원시 수치 보존
poi-src/test-data/spreadsheet/57181.xlsm,General!CD24,xl/worksheets/sheet2.xml:CD24,0,[=0]?;0%,0%,0,0,원시 수치 보존
poi-src/test-data/spreadsheet/57181.xlsm,General!CD25,xl/worksheets/sheet2.xml:CD25,0,[=0]?;0%,0%,0,0,원시 수치 보존
poi-src/test-data/spreadsheet/57181.xlsm,General!CD26,xl/worksheets/sheet2.xml:CD26,0,[=0]?;0%,0%,0,0,원시 수치 보존
poi-src/test-data/spreadsheet/57181.xlsm,General!CD27,xl/worksheets/sheet2.xml:CD27,0,[=0]?;0%,0%,0,0,원시 수치 보존
poi-src/test-data/spreadsheet/57181.xlsm,General!CD43,xl/worksheets/sheet2.xml:CD43,0,[=0]?;0%,0% (=MIN(CD8:CD39)),0 (=MIN(CD8:CD39)),0,원시 수치 보존
poi-src/test-data/spreadsheet/57181.xlsm,General!CD87,xl/worksheets/sheet2.xml:CD87,0,[=0]?;0%,"0% (=MIN(CD8:CD39,CD52:CD83))","0 (=MIN(CD8:CD39,CD52:CD83))",0,원시 수치 보존
poi-src/test-data/spreadsheet/57181.xlsm,General!CE10,xl/worksheets/sheet2.xml:CE10,0,[=0]?;0%,0%,0,0,원시 수치 보존
poi-src/test-data/spreadsheet/57181.xlsm,General!CE11,xl/worksheets/sheet2.xml:CE11,0,[=0]?;0%,0%,0,0,원시 수치 보존
poi-src/test-data/spreadsheet/57181.xlsm,General!CE12,xl/worksheets/sheet2.xml:CE12,0,[=0]?;0%,0%,0,0,원시 수치 보존
poi-src/test-data/spreadsheet/57181.xlsm,General!CE13,xl/worksheets/sheet2.xml:CE13,0,[=0]?;0%,0%,0,0,원시 수치 보존
poi-src/test-data/spreadsheet/57181.xlsm,General!CE131,xl/worksheets/sheet2.xml:CE131,0,[=0]?;0%,"0% (=MIN(CE8:CE39,CE52:CE83,CE96:CE127))","0 (=MIN(CE8:CE39,CE52:CE83,CE96:CE127))",0,원시 수치 보존
poi-src/test-data/spreadsheet/57181.xlsm,General!CE14,xl/worksheets/sheet2.xml:CE14,0,[=0]?;0%,0%,0,0,원시 수치 보존
poi-src/test-data/spreadsheet/57181.xlsm,General!CE15,xl/worksheets/sheet2.xml:CE15,0,[=0]?;0%,0%,0,0,원시 수치 보존
poi-src/test-data/spreadsheet/57181.xlsm,General!CE16,xl/worksheets/sheet2.xml:CE16,0,[=0]?;0%,0%,0,0,원시 수치 보존
poi-src/test-data/spreadsheet/57181.xlsm,General!CE17,xl/worksheets/sheet2.xml:CE17,0,[=0]?;0%,0%,0,0,원시 수치 보존
poi-src/test-data/spreadsheet/57181.xlsm,General!CE18,xl/worksheets/sheet2.xml:CE18,0,[=0]?;0%,0%,0,0,원시 수치 보존
poi-src/test-data/spreadsheet/57181.xlsm,General!CE19,xl/worksheets/sheet2.xml:CE19,0,[=0]?;0%,0%,0,0,원시 수치 보존
poi-src/test-data/spreadsheet/57181.xlsm,General!CE20,xl/worksheets/sheet2.xml:CE20,0,[=0]?;0%,0%,0,0,원시 수치 보존
poi-src/test-data/spreadsheet/57181.xlsm,General!CE21,xl/worksheets/sheet2.xml:CE21,0,[=0]?;0%,0%,0,0,원시 수치 보존
poi-src/test-data/spreadsheet/57181.xlsm,General!CE23,xl/worksheets/sheet2.xml:CE23,0,[=0]?;0%,0%,0,0,원시 수치 보존
poi-src/test-data/spreadsheet/57181.xlsm,General!CE24,xl/worksheets/sheet2.xml:CE24,0,[=0]?;0%,0%,0,0,원시 수치 보존
poi-src/test-data/spreadsheet/57181.xlsm,General!CE25,xl/worksheets/sheet2.xml:CE25,0,[=0]?;0%,0%,0,0,원시 수치 보존
poi-src/test-data/spreadsheet/57181.xlsm,General!CE26,xl/worksheets/sheet2.xml:CE26,0,[=0]?;0%,0%,0,0,원시 수치 보존
poi-src/test-data/spreadsheet/57181.xlsm,General!CE27,xl/worksheets/sheet2.xml:CE27,0,[=0]?;0%,0%,0,0,원시 수치 보존
poi-src/test-data/spreadsheet/57181.xlsm,General!CE28,xl/worksheets/sheet2.xml:CE28,0,[=0]?;0%,0%,0,0,원시 수치 보존
poi-src/test-data/spreadsheet/57181.xlsm,General!CE29,xl/worksheets/sheet2.xml:CE29,0,[=0]?;0%,0%,0,0,원시 수치 보존
poi-src/test-data/spreadsheet/57181.xlsm,General!CE30,xl/worksheets/sheet2.xml:CE30,0,[=0]?;0%,0%,0,0,원시 수치 보존
poi-src/test-data/spreadsheet/57181.xlsm,General!CE31,xl/worksheets/sheet2.xml:CE31,0,[=0]?;0%,0%,0,0,원시 수치 보존
poi-src/test-data/spreadsheet/57181.xlsm,General!CE32,xl/worksheets/sheet2.xml:CE32,0,[=0]?;0%,0%,0,0,원시 수치 보존
poi-src/test-data/spreadsheet/57181.xlsm,General!CE33,xl/worksheets/sheet2.xml:CE33,0,[=0]?;0%,0%,0,0,원시 수치 보존
poi-src/test-data/spreadsheet/57181.xlsm,General!CE34,xl/worksheets/sheet2.xml:CE34,0,[=0]?;0%,0%,0,0,원시 수치 보존
poi-src/test-data/spreadsheet/57181.xlsm,General!CE35,xl/worksheets/sheet2.xml:CE35,0,[=0]?;0%,0%,0,0,원시 수치 보존
poi-src/test-data/spreadsheet/57181.xlsm,General!CE36,xl/worksheets/sheet2.xml:CE36,0,[=0]?;0%,0%,0,0,원시 수치 보존
poi-src/test-data/spreadsheet/57181.xlsm,General!CE37,xl/worksheets/sheet2.xml:CE37,0,[=0]?;0%,0%,0,0,원시 수치 보존
poi-src/test-data/spreadsheet/57181.xlsm,General!CE43,xl/worksheets/sheet2.xml:CE43,0,[=0]?;0%,0% (=MIN(CE8:CE39)),0 (=MIN(CE8:CE39)),0,원시 수치 보존
poi-src/test-data/spreadsheet/57181.xlsm,General!CE8,xl/worksheets/sheet2.xml:CE8,0,[=0]?;0%,0%,0,0,원시 수치 보존
poi-src/test-data/spreadsheet/57181.xlsm,General!CE87,xl/worksheets/sheet2.xml:CE87,0,[=0]?;0%,"0% (=MIN(CE8:CE39,CE52:CE83))","0 (=MIN(CE8:CE39,CE52:CE83))",0,원시 수치 보존
poi-src/test-data/spreadsheet/57181.xlsm,General!CE9,xl/worksheets/sheet2.xml:CE9,0,[=0]?;0%,0%,0,0,원시 수치 보존
poi-src/test-data/spreadsheet/57181.xlsm,General!CG129,xl/worksheets/sheet2.xml:CG129,0,"[=0]?;#,##0.00","0.00 (=IF(COUNT(CG8:CG39,CG52:CG83,CG96:CG127)<>0,ROUND(AVERAGE(CG8:CG39,CG52:CG83,CG96:CG127),1),))","0 (=IF(COUNT(CG8:CG39,CG52:CG83,CG96:CG127)<>0,ROUND(AVERAGE(CG8:CG39,CG52:CG83,CG96:CG127),1),))",0,원시 수치 보존
poi-src/test-data/spreadsheet/57181.xlsm,General!CG130,xl/worksheets/sheet2.xml:CG130,0,"[=0]?;#,##0.00","0.00 (=MAX(CG8:CG39,CG52:CG83,CG96:CG127))","0 (=MAX(CG8:CG39,CG52:CG83,CG96:CG127))",0,원시 수치 보존
poi-src/test-data/spreadsheet/57181.xlsm,General!CG131,xl/worksheets/sheet2.xml:CG131,0,"[=0]?;#,##0.00","0.00 (=MIN(CG8:CG39,CG52:CG83,CG96:CG127))","0 (=MIN(CG8:CG39,CG52:CG83,CG96:CG127))",0,원시 수치 보존
poi-src/test-data/spreadsheet/57181.xlsm,General!CG41,xl/worksheets/sheet2.xml:CG41,0,"[=0]?;#,##0.00","0.00 (=IF(COUNT(CG8:CG39)<>0,ROUND(AVERAGE(CG8:CG39),1),))","0 (=IF(COUNT(CG8:CG39)<>0,ROUND(AVERAGE(CG8:CG39),1),))",0,원시 수치 보존
poi-src/test-data/spreadsheet/57181.xlsm,General!CG42,xl/worksheets/sheet2.xml:CG42,0,"[=0]?;#,##0.00",0.00 (=MAX(CG8:CG39)),0 (=MAX(CG8:CG39)),0,원시 수치 보존
poi-src/test-data/spreadsheet/57181.xlsm,General!CG43,xl/worksheets/sheet2.xml:CG43,0,"[=0]?;#,##0.00",0.00 (=MIN(CG8:CG39)),0 (=MIN(CG8:CG39)),0,원시 수치 보존
poi-src/test-data/spreadsheet/57181.xlsm,General!CG85,xl/worksheets/sheet2.xml:CG85,0,"[=0]?;#,##0.00","0.00 (=IF(COUNT(CG8:CG39,CG52:CG83)<>0,ROUND(AVERAGE(CG8:CG39,CG52:CG83),1),))","0 (=IF(COUNT(CG8:CG39,CG52:CG83)<>0,ROUND(AVERAGE(CG8:CG39,CG52:CG83),1),))",0,원시 수치 보존
poi-src/test-data/spreadsheet/57181.xlsm,General!CG86,xl/worksheets/sheet2.xml:CG86,0,"[=0]?;#,##0.00","0.00 (=MAX(CG8:CG39,CG52:CG83))","0 (=MAX(CG8:CG39,CG52:CG83))",0,원시 수치 보존
poi-src/test-data/spreadsheet/57181.xlsm,General!CG87,xl/worksheets/sheet2.xml:CG87,0,"[=0]?;#,##0.00","0.00 (=MIN(CG8:CG39,CG52:CG83))","0 (=MIN(CG8:CG39,CG52:CG83))",0,원시 수치 보존
poi-src/test-data/spreadsheet/57181.xlsm,General!CQ129,xl/worksheets/sheet2.xml:CQ129,0,[=0]?;[<4.16666666666667][hh]:mm:ss;[hh]:mm,"1899-12-31 (=IF(COUNT(CQ8:CQ39,CQ52:CQ83,CQ96:CQ127)<>0,AVERAGE(CQ8:CQ39,CQ52:CQ83,CQ96:CQ127),))","0 (=IF(COUNT(CQ8:CQ39,CQ52:CQ83,CQ96:CQ127)<>0,AVERAGE(CQ8:CQ39,CQ52:CQ83,CQ96:CQ127),))",0,원시 수치 보존
poi-src/test-data/spreadsheet/57181.xlsm,General!CQ130,xl/worksheets/sheet2.xml:CQ130,0,[=0]?;[<4.16666666666667][hh]:mm:ss;[hh]:mm,"1899-12-31 (=MAX(CQ8:CQ39,CQ52:CQ83,CQ96:CQ127))","0 (=MAX(CQ8:CQ39,CQ52:CQ83,CQ96:CQ127))",0,원시 수치 보존
poi-src/test-data/spreadsheet/57181.xlsm,General!CQ131,xl/worksheets/sheet2.xml:CQ131,0,[=0]?;[<4.16666666666667][hh]:mm:ss;[hh]:mm,"1899-12-31 (=MIN(CQ8:CQ39,CQ52:CQ83,CQ96:CQ127))","0 (=MIN(CQ8:CQ39,CQ52:CQ83,CQ96:CQ127))",0,원시 수치 보존
poi-src/test-data/spreadsheet/57181.xlsm,General!CQ41,xl/worksheets/sheet2.xml:CQ41,0,[=0]?;[<4.16666666666667][hh]:mm:ss;[hh]:mm,"1899-12-31 (=IF(COUNT(CQ8:CQ39)<>0,AVERAGE(CQ8:CQ39),))","0 (=IF(COUNT(CQ8:CQ39)<>0,AVERAGE(CQ8:CQ39),))",0,원시 수치 보존
poi-src/test-data/spreadsheet/57181.xlsm,General!CQ42,xl/worksheets/sheet2.xml:CQ42,0,[=0]?;[<4.16666666666667][hh]:mm:ss;[hh]:mm,1899-12-31 (=MAX(CQ8:CQ39)),0 (=MAX(CQ8:CQ39)),0,원시 수치 보존
poi-src/test-data/spreadsheet/57181.xlsm,General!CQ43,xl/worksheets/sheet2.xml:CQ43,0,[=0]?;[<4.16666666666667][hh]:mm:ss;[hh]:mm,1899-12-31 (=MIN(CQ8:CQ39)),0 (=MIN(CQ8:CQ39)),0,원시 수치 보존
poi-src/test-data/spreadsheet/57181.xlsm,General!CQ85,xl/worksheets/sheet2.xml:CQ85,0,[=0]?;[<4.16666666666667][hh]:mm:ss;[hh]:mm,"1899-12-31 (=IF(COUNT(CQ8:CQ39,CQ52:CQ83)<>0,AVERAGE(CQ8:CQ39,CQ52:CQ83),))","0 (=IF(COUNT(CQ8:CQ39,CQ52:CQ83)<>0,AVERAGE(CQ8:CQ39,CQ52:CQ83),))",0,원시 수치 보존
poi-src/test-data/spreadsheet/57181.xlsm,General!CQ86,xl/worksheets/sheet2.xml:CQ86,0,[=0]?;[<4.16666666666667][hh]:mm:ss;[hh]:mm,"1899-12-31 (=MAX(CQ8:CQ39,CQ52:CQ83))","0 (=MAX(CQ8:CQ39,CQ52:CQ83))",0,원시 수치 보존
poi-src/test-data/spreadsheet/57181.xlsm,General!CQ87,xl/worksheets/sheet2.xml:CQ87,0,[=0]?;[<4.16666666666667][hh]:mm:ss;[hh]:mm,"1899-12-31 (=MIN(CQ8:CQ39,CQ52:CQ83))","0 (=MIN(CQ8:CQ39,CQ52:CQ83))",0,원시 수치 보존
poi-src/test-data/spreadsheet/57181.xlsm,General!CR129,xl/worksheets/sheet2.xml:CR129,0,[=0]?;[<4.16666666666667][hh]:mm:ss;[hh]:mm,"1899-12-31 (=IF(COUNT(CR8:CR39,CR52:CR83,CR96:CR127)<>0,AVERAGE(CR8:CR39,CR52:CR83,CR96:CR127),))","0 (=IF(COUNT(CR8:CR39,CR52:CR83,CR96:CR127)<>0,AVERAGE(CR8:CR39,CR52:CR83,CR96:CR127),))",0,원시 수치 보존
poi-src/test-data/spreadsheet/57181.xlsm,General!CR130,xl/worksheets/sheet2.xml:CR130,0,[=0]?;[<4.16666666666667][hh]:mm:ss;[hh]:mm,"1899-12-31 (=MAX(CR8:CR39,CR52:CR83,CR96:CR127))","0 (=MAX(CR8:CR39,CR52:CR83,CR96:CR127))",0,원시 수치 보존
poi-src/test-data/spreadsheet/57181.xlsm,General!CR131,xl/worksheets/sheet2.xml:CR131,0,[=0]?;[<4.16666666666667][hh]:mm:ss;[hh]:mm,"1899-12-31 (=MIN(CR8:CR39,CR52:CR83,CR96:CR127))","0 (=MIN(CR8:CR39,CR52:CR83,CR96:CR127))",0,원시 수치 보존
poi-src/test-data/spreadsheet/57181.xlsm,General!CR41,xl/worksheets/sheet2.xml:CR41,0,[=0]?;[<4.16666666666667][hh]:mm:ss;[hh]:mm,"1899-12-31 (=IF(COUNT(CR8:CR39)<>0,AVERAGE(CR8:CR39),))","0 (=IF(COUNT(CR8:CR39)<>0,AVERAGE(CR8:CR39),))",0,원시 수치 보존
poi-src/test-data/spreadsheet/57181.xlsm,General!CR42,xl/worksheets/sheet2.xml:CR42,0,[=0]?;[<4.16666666666667][hh]:mm:ss;[hh]:mm,1899-12-31 (=MAX(CR8:CR39)),0 (=MAX(CR8:CR39)),0,원시 수치 보존
poi-src/test-data/spreadsheet/57181.xlsm,General!CR43,xl/worksheets/sheet2.xml:CR43,0,[=0]?;[<4.16666666666667][hh]:mm:ss;[hh]:mm,1899-12-31 (=MIN(CR8:CR39)),0 (=MIN(CR8:CR39)),0,원시 수치 보존
poi-src/test-data/spreadsheet/57181.xlsm,General!CR85,xl/worksheets/sheet2.xml:CR85,0,[=0]?;[<4.16666666666667][hh]:mm:ss;[hh]:mm,"1899-12-31 (=IF(COUNT(CR8:CR39,CR52:CR83)<>0,AVERAGE(CR8:CR39,CR52:CR83),))","0 (=IF(COUNT(CR8:CR39,CR52:CR83)<>0,AVERAGE(CR8:CR39,CR52:CR83),))",0,원시 수치 보존
poi-src/test-data/spreadsheet/57181.xlsm,General!CR86,xl/worksheets/sheet2.xml:CR86,0,[=0]?;[<4.16666666666667][hh]:mm:ss;[hh]:mm,"1899-12-31 (=MAX(CR8:CR39,CR52:CR83))","0 (=MAX(CR8:CR39,CR52:CR83))",0,원시 수치 보존
poi-src/test-data/spreadsheet/57181.xlsm,General!CR87,xl/worksheets/sheet2.xml:CR87,0,[=0]?;[<4.16666666666667][hh]:mm:ss;[hh]:mm,"1899-12-31 (=MIN(CR8:CR39,CR52:CR83))","0 (=MIN(CR8:CR39,CR52:CR83))",0,원시 수치 보존
poi-src/test-data/spreadsheet/57181.xlsm,General!CS129,xl/worksheets/sheet2.xml:CS129,0,[=0]?;[<4.16666666666667][hh]:mm:ss;[hh]:mm,"1899-12-31 (=IF(COUNT(CS8:CS39,CS52:CS83,CS96:CS127)<>0,AVERAGE(CS8:CS39,CS52:CS83,CS96:CS127),))","0 (=IF(COUNT(CS8:CS39,CS52:CS83,CS96:CS127)<>0,AVERAGE(CS8:CS39,CS52:CS83,CS96:CS127),))",0,원시 수치 보존
poi-src/test-data/spreadsheet/57181.xlsm,General!CS130,xl/worksheets/sheet2.xml:CS130,0,[=0]?;[<4.16666666666667][hh]:mm:ss;[hh]:mm,"1899-12-31 (=MAX(CS8:CS39,CS52:CS83,CS96:CS127))","0 (=MAX(CS8:CS39,CS52:CS83,CS96:CS127))",0,원시 수치 보존
poi-src/test-data/spreadsheet/57181.xlsm,General!CS131,xl/worksheets/sheet2.xml:CS131,0,[=0]?;[<4.16666666666667][hh]:mm:ss;[hh]:mm,"1899-12-31 (=MIN(CS8:CS39,CS52:CS83,CS96:CS127))","0 (=MIN(CS8:CS39,CS52:CS83,CS96:CS127))",0,원시 수치 보존
poi-src/test-data/spreadsheet/57181.xlsm,General!CS41,xl/worksheets/sheet2.xml:CS41,0,[=0]?;[<4.16666666666667][hh]:mm:ss;[hh]:mm,"1899-12-31 (=IF(COUNT(CS8:CS39)<>0,AVERAGE(CS8:CS39),))","0 (=IF(COUNT(CS8:CS39)<>0,AVERAGE(CS8:CS39),))",0,원시 수치 보존
poi-src/test-data/spreadsheet/57181.xlsm,General!CS42,xl/worksheets/sheet2.xml:CS42,0,[=0]?;[<4.16666666666667][hh]:mm:ss;[hh]:mm,1899-12-31 (=MAX(CS8:CS39)),0 (=MAX(CS8:CS39)),0,원시 수치 보존
poi-src/test-data/spreadsheet/57181.xlsm,General!CS43,xl/worksheets/sheet2.xml:CS43,0,[=0]?;[<4.16666666666667][hh]:mm:ss;[hh]:mm,1899-12-31 (=MIN(CS8:CS39)),0 (=MIN(CS8:CS39)),0,원시 수치 보존
poi-src/test-data/spreadsheet/57181.xlsm,General!CS85,xl/worksheets/sheet2.xml:CS85,0,[=0]?;[<4.16666666666667][hh]:mm:ss;[hh]:mm,"1899-12-31 (=IF(COUNT(CS8:CS39,CS52:CS83)<>0,AVERAGE(CS8:CS39,CS52:CS83),))","0 (=IF(COUNT(CS8:CS39,CS52:CS83)<>0,AVERAGE(CS8:CS39,CS52:CS83),))",0,원시 수치 보존
poi-src/test-data/spreadsheet/57181.xlsm,General!CS86,xl/worksheets/sheet2.xml:CS86,0,[=0]?;[<4.16666666666667][hh]:mm:ss;[hh]:mm,"1899-12-31 (=MAX(CS8:CS39,CS52:CS83))","0 (=MAX(CS8:CS39,CS52:CS83))",0,원시 수치 보존
poi-src/test-data/spreadsheet/57181.xlsm,General!CS87,xl/worksheets/sheet2.xml:CS87,0,[=0]?;[<4.16666666666667][hh]:mm:ss;[hh]:mm,"1899-12-31 (=MIN(CS8:CS39,CS52:CS83))","0 (=MIN(CS8:CS39,CS52:CS83))",0,원시 수치 보존
poi-src/test-data/spreadsheet/57181.xlsm,General!CT128,xl/worksheets/sheet2.xml:CT128,0,[=0]?;[<4.16666666666667][hh]:mm:ss;[hh]:mm,"1899-12-31 (=SUM(CT8:CT39,CT52:CT83,CT96:CT127))","0 (=SUM(CT8:CT39,CT52:CT83,CT96:CT127))",0,원시 수치 보존
poi-src/test-data/spreadsheet/57181.xlsm,General!CT129,xl/worksheets/sheet2.xml:CT129,0,[=0]?;[<4.16666666666667][hh]:mm:ss;[hh]:mm,"1899-12-31 (=IF(COUNT(CT8:CT39,CT52:CT83,CT96:CT127)<>0,AVERAGE(CT8:CT39,CT52:CT83,CT96:CT127),))","0 (=IF(COUNT(CT8:CT39,CT52:CT83,CT96:CT127)<>0,AVERAGE(CT8:CT39,CT52:CT83,CT96:CT127),))",0,원시 수치 보존
poi-src/test-data/spreadsheet/57181.xlsm,General!CT130,xl/worksheets/sheet2.xml:CT130,0,[=0]?;[<4.16666666666667][hh]:mm:ss;[hh]:mm,"1899-12-31 (=MAX(CT8:CT39,CT52:CT83,CT96:CT127))","0 (=MAX(CT8:CT39,CT52:CT83,CT96:CT127))",0,원시 수치 보존
poi-src/test-data/spreadsheet/57181.xlsm,General!CT131,xl/worksheets/sheet2.xml:CT131,0,[=0]?;[<4.16666666666667][hh]:mm:ss;[hh]:mm,"1899-12-31 (=MIN(CT8:CT39,CT52:CT83,CT96:CT127))","0 (=MIN(CT8:CT39,CT52:CT83,CT96:CT127))",0,원시 수치 보존
poi-src/test-data/spreadsheet/57181.xlsm,General!CT40,xl/worksheets/sheet2.xml:CT40,0,[=0]?;[<4.16666666666667][hh]:mm:ss;[hh]:mm,1899-12-31 (=SUM(CT8:CT39)),0 (=SUM(CT8:CT39)),0,원시 수치 보존
poi-src/test-data/spreadsheet/57181.xlsm,General!CT41,xl/worksheets/sheet2.xml:CT41,0,[=0]?;[<4.16666666666667][hh]:mm:ss;[hh]:mm,"1899-12-31 (=IF(COUNT(CT8:CT39)<>0,AVERAGE(CT8:CT39),))","0 (=IF(COUNT(CT8:CT39)<>0,AVERAGE(CT8:CT39),))",0,원시 수치 보존
poi-src/test-data/spreadsheet/57181.xlsm,General!CT42,xl/worksheets/sheet2.xml:CT42,0,[=0]?;[<4.16666666666667][hh]:mm:ss;[hh]:mm,1899-12-31 (=MAX(CT8:CT39)),0 (=MAX(CT8:CT39)),0,원시 수치 보존
poi-src/test-data/spreadsheet/57181.xlsm,General!CT43,xl/worksheets/sheet2.xml:CT43,0,[=0]?;[<4.16666666666667][hh]:mm:ss;[hh]:mm,1899-12-31 (=MIN(CT8:CT39)),0 (=MIN(CT8:CT39)),0,원시 수치 보존
poi-src/test-data/spreadsheet/57181.xlsm,General!CT84,xl/worksheets/sheet2.xml:CT84,0,[=0]?;[<4.16666666666667][hh]:mm:ss;[hh]:mm,"1899-12-31 (=SUM(CT8:CT39,CT52:CT83))","0 (=SUM(CT8:CT39,CT52:CT83))",0,원시 수치 보존
poi-src/test-data/spreadsheet/57181.xlsm,General!CT85,xl/worksheets/sheet2.xml:CT85,0,[=0]?;[<4.16666666666667][hh]:mm:ss;[hh]:mm,"1899-12-31 (=IF(COUNT(CT8:CT39,CT52:CT83)<>0,AVERAGE(CT8:CT39,CT52:CT83),))","0 (=IF(COUNT(CT8:CT39,CT52:CT83)<>0,AVERAGE(CT8:CT39,CT52:CT83),))",0,원시 수치 보존
poi-src/test-data/spreadsheet/57181.xlsm,General!CT86,xl/worksheets/sheet2.xml:CT86,0,[=0]?;[<4.16666666666667][hh]:mm:ss;[hh]:mm,"1899-12-31 (=MAX(CT8:CT39,CT52:CT83))","0 (=MAX(CT8:CT39,CT52:CT83))",0,원시 수치 보존
poi-src/test-data/spreadsheet/57181.xlsm,General!CT87,xl/worksheets/sheet2.xml:CT87,0,[=0]?;[<4.16666666666667][hh]:mm:ss;[hh]:mm,"1899-12-31 (=MIN(CT8:CT39,CT52:CT83))","0 (=MIN(CT8:CT39,CT52:CT83))",0,원시 수치 보존
poi-src/test-data/spreadsheet/57181.xlsm,General!CU130,xl/worksheets/sheet2.xml:CU130,0,[=0]?;[<4.16666666666667][hh]:mm:ss;[hh]:mm,"1899-12-31 (=MAX(CU8:CU39,CU52:CU83,CU96:CU127))","0 (=MAX(CU8:CU39,CU52:CU83,CU96:CU127))",0,원시 수치 보존
poi-src/test-data/spreadsheet/57181.xlsm,General!CU131,xl/worksheets/sheet2.xml:CU131,0,[=0]?;[<4.16666666666667][hh]:mm:ss;[hh]:mm,"1899-12-31 (=MIN(CU8:CU39,CU52:CU83,CU96:CU127))","0 (=MIN(CU8:CU39,CU52:CU83,CU96:CU127))",0,원시 수치 보존
poi-src/test-data/spreadsheet/57181.xlsm,General!CU42,xl/worksheets/sheet2.xml:CU42,0,[=0]?;[<4.16666666666667][hh]:mm:ss;[hh]:mm,1899-12-31 (=MAX(CU8:CU39)),0 (=MAX(CU8:CU39)),0,원시 수치 보존
poi-src/test-data/spreadsheet/57181.xlsm,General!CU43,xl/worksheets/sheet2.xml:CU43,0,[=0]?;[<4.16666666666667][hh]:mm:ss;[hh]:mm,1899-12-31 (=MIN(CU8:CU39)),0 (=MIN(CU8:CU39)),0,원시 수치 보존
poi-src/test-data/spreadsheet/57181.xlsm,General!CU86,xl/worksheets/sheet2.xml:CU86,0,[=0]?;[<4.16666666666667][hh]:mm:ss;[hh]:mm,"1899-12-31 (=MAX(CU8:CU39,CU52:CU83))","0 (=MAX(CU8:CU39,CU52:CU83))",0,원시 수치 보존
poi-src/test-data/spreadsheet/57181.xlsm,General!CU87,xl/worksheets/sheet2.xml:CU87,0,[=0]?;[<4.16666666666667][hh]:mm:ss;[hh]:mm,"1899-12-31 (=MIN(CU8:CU39,CU52:CU83))","0 (=MIN(CU8:CU39,CU52:CU83))",0,원시 수치 보존
poi-src/test-data/spreadsheet/57181.xlsm,General!CV128,xl/worksheets/sheet2.xml:CV128,0,[=0]?;[<4.16666666666667][hh]:mm:ss;[hh]:mm,"1899-12-31 (=SUM(CV8:CV39,CV52:CV83,CV96:CV127))","0 (=SUM(CV8:CV39,CV52:CV83,CV96:CV127))",0,원시 수치 보존
poi-src/test-data/spreadsheet/57181.xlsm,General!CV129,xl/worksheets/sheet2.xml:CV129,0,[=0]?;[<4.16666666666667][hh]:mm:ss;[hh]:mm,"1899-12-31 (=IF(COUNT(CV8:CV39,CV52:CV83,CV96:CV127)<>0,AVERAGE(CV8:CV39,CV52:CV83,CV96:CV127),))","0 (=IF(COUNT(CV8:CV39,CV52:CV83,CV96:CV127)<>0,AVERAGE(CV8:CV39,CV52:CV83,CV96:CV127),))",0,원시 수치 보존
poi-src/test-data/spreadsheet/57181.xlsm,General!CV130,xl/worksheets/sheet2.xml:CV130,0,[=0]?;[<4.16666666666667][hh]:mm:ss;[hh]:mm,"1899-12-31 (=MAX(CV8:CV39,CV52:CV83,CV96:CV127))","0 (=MAX(CV8:CV39,CV52:CV83,CV96:CV127))",0,원시 수치 보존
poi-src/test-data/spreadsheet/57181.xlsm,General!CV131,xl/worksheets/sheet2.xml:CV131,0,[=0]?;[<4.16666666666667][hh]:mm:ss;[hh]:mm,"1899-12-31 (=MIN(CV8:CV39,CV52:CV83,CV96:CV127))","0 (=MIN(CV8:CV39,CV52:CV83,CV96:CV127))",0,원시 수치 보존
poi-src/test-data/spreadsheet/57181.xlsm,General!CV40,xl/worksheets/sheet2.xml:CV40,0,[=0]?;[<4.16666666666667][hh]:mm:ss;[hh]:mm,1899-12-31 (=SUM(CV8:CV39)),0 (=SUM(CV8:CV39)),0,원시 수치 보존
poi-src/test-data/spreadsheet/57181.xlsm,General!CV41,xl/worksheets/sheet2.xml:CV41,0,[=0]?;[<4.16666666666667][hh]:mm:ss;[hh]:mm,"1899-12-31 (=IF(COUNT(CV8:CV39)<>0,AVERAGE(CV8:CV39),))","0 (=IF(COUNT(CV8:CV39)<>0,AVERAGE(CV8:CV39),))",0,원시 수치 보존
poi-src/test-data/spreadsheet/57181.xlsm,General!CV42,xl/worksheets/sheet2.xml:CV42,0,[=0]?;[<4.16666666666667][hh]:mm:ss;[hh]:mm,1899-12-31 (=MAX(CV8:CV39)),0 (=MAX(CV8:CV39)),0,원시 수치 보존
poi-src/test-data/spreadsheet/57181.xlsm,General!CV43,xl/worksheets/sheet2.xml:CV43,0,[=0]?;[<4.16666666666667][hh]:mm:ss;[hh]:mm,1899-12-31 (=MIN(CV8:CV39)),0 (=MIN(CV8:CV39)),0,원시 수치 보존
poi-src/test-data/spreadsheet/57181.xlsm,General!CV84,xl/worksheets/sheet2.xml:CV84,0,[=0]?;[<4.16666666666667][hh]:mm:ss;[hh]:mm,"1899-12-31 (=SUM(CV8:CV39,CV52:CV83))","0 (=SUM(CV8:CV39,CV52:CV83))",0,원시 수치 보존
poi-src/test-data/spreadsheet/57181.xlsm,General!CV85,xl/worksheets/sheet2.xml:CV85,0,[=0]?;[<4.16666666666667][hh]:mm:ss;[hh]:mm,"1899-12-31 (=IF(COUNT(CV8:CV39,CV52:CV83)<>0,AVERAGE(CV8:CV39,CV52:CV83),))","0 (=IF(COUNT(CV8:CV39,CV52:CV83)<>0,AVERAGE(CV8:CV39,CV52:CV83),))",0,원시 수치 보존
poi-src/test-data/spreadsheet/57181.xlsm,General!CV86,xl/worksheets/sheet2.xml:CV86,0,[=0]?;[<4.16666666666667][hh]:mm:ss;[hh]:mm,"1899-12-31 (=MAX(CV8:CV39,CV52:CV83))","0 (=MAX(CV8:CV39,CV52:CV83))",0,원시 수치 보존
poi-src/test-data/spreadsheet/57181.xlsm,General!CV87,xl/worksheets/sheet2.xml:CV87,0,[=0]?;[<4.16666666666667][hh]:mm:ss;[hh]:mm,"1899-12-31 (=MIN(CV8:CV39,CV52:CV83))","0 (=MIN(CV8:CV39,CV52:CV83))",0,원시 수치 보존
poi-src/test-data/spreadsheet/57181.xlsm,General!CW130,xl/worksheets/sheet2.xml:CW130,0,[=0]?;[<4.16666666666667][hh]:mm:ss;[hh]:mm,"1899-12-31 (=MAX(CW8:CW39,CW52:CW83,CW96:CW127))","0 (=MAX(CW8:CW39,CW52:CW83,CW96:CW127))",0,원시 수치 보존
poi-src/test-data/spreadsheet/57181.xlsm,General!CW131,xl/worksheets/sheet2.xml:CW131,0,[=0]?;[<4.16666666666667][hh]:mm:ss;[hh]:mm,"1899-12-31 (=MIN(CW8:CW39,CW52:CW83,CW96:CW127))","0 (=MIN(CW8:CW39,CW52:CW83,CW96:CW127))",0,원시 수치 보존
poi-src/test-data/spreadsheet/57181.xlsm,General!CW42,xl/worksheets/sheet2.xml:CW42,0,[=0]?;[<4.16666666666667][hh]:mm:ss;[hh]:mm,1899-12-31 (=MAX(CW8:CW39)),0 (=MAX(CW8:CW39)),0,원시 수치 보존
poi-src/test-data/spreadsheet/57181.xlsm,General!CW43,xl/worksheets/sheet2.xml:CW43,0,[=0]?;[<4.16666666666667][hh]:mm:ss;[hh]:mm,1899-12-31 (=MIN(CW8:CW39)),0 (=MIN(CW8:CW39)),0,원시 수치 보존
poi-src/test-data/spreadsheet/57181.xlsm,General!CW86,xl/worksheets/sheet2.xml:CW86,0,[=0]?;[<4.16666666666667][hh]:mm:ss;[hh]:mm,"1899-12-31 (=MAX(CW8:CW39,CW52:CW83))","0 (=MAX(CW8:CW39,CW52:CW83))",0,원시 수치 보존
poi-src/test-data/spreadsheet/57181.xlsm,General!CW87,xl/worksheets/sheet2.xml:CW87,0,[=0]?;[<4.16666666666667][hh]:mm:ss;[hh]:mm,"1899-12-31 (=MIN(CW8:CW39,CW52:CW83))","0 (=MIN(CW8:CW39,CW52:CW83))",0,원시 수치 보존
poi-src/test-data/spreadsheet/57181.xlsm,General!CX128,xl/worksheets/sheet2.xml:CX128,0,[=0]?;[<4.16666666666667][hh]:mm:ss;[hh]:mm,"1899-12-31 (=SUM(CX8:CX39,CX52:CX83,CX96:CX127))","0 (=SUM(CX8:CX39,CX52:CX83,CX96:CX127))",0,원시 수치 보존
poi-src/test-data/spreadsheet/57181.xlsm,General!CX129,xl/worksheets/sheet2.xml:CX129,0,[=0]?;[<4.16666666666667][hh]:mm:ss;[hh]:mm,"1899-12-31 (=IF(COUNT(CX8:CX39,CX52:CX83,CX96:CX127)<>0,AVERAGE(CX8:CX39,CX52:CX83,CX96:CX127),))","0 (=IF(COUNT(CX8:CX39,CX52:CX83,CX96:CX127)<>0,AVERAGE(CX8:CX39,CX52:CX83,CX96:CX127),))",0,원시 수치 보존
poi-src/test-data/spreadsheet/57181.xlsm,General!CX130,xl/worksheets/sheet2.xml:CX130,0,[=0]?;[<4.16666666666667][hh]:mm:ss;[hh]:mm,"1899-12-31 (=MAX(CX8:CX39,CX52:CX83,CX96:CX127))","0 (=MAX(CX8:CX39,CX52:CX83,CX96:CX127))",0,원시 수치 보존
poi-src/test-data/spreadsheet/57181.xlsm,General!CX131,xl/worksheets/sheet2.xml:CX131,0,[=0]?;[<4.16666666666667][hh]:mm:ss;[hh]:mm,"1899-12-31 (=MIN(CX8:CX39,CX52:CX83,CX96:CX127))","0 (=MIN(CX8:CX39,CX52:CX83,CX96:CX127))",0,원시 수치 보존
poi-src/test-data/spreadsheet/57181.xlsm,General!CX40,xl/worksheets/sheet2.xml:CX40,0,[=0]?;[<4.16666666666667][hh]:mm:ss;[hh]:mm,1899-12-31 (=SUM(CX8:CX39)),0 (=SUM(CX8:CX39)),0,원시 수치 보존
poi-src/test-data/spreadsheet/57181.xlsm,General!CX41,xl/worksheets/sheet2.xml:CX41,0,[=0]?;[<4.16666666666667][hh]:mm:ss;[hh]:mm,"1899-12-31 (=IF(COUNT(CX8:CX39)<>0,AVERAGE(CX8:CX39),))","0 (=IF(COUNT(CX8:CX39)<>0,AVERAGE(CX8:CX39),))",0,원시 수치 보존
poi-src/test-data/spreadsheet/57181.xlsm,General!CX42,xl/worksheets/sheet2.xml:CX42,0,[=0]?;[<4.16666666666667][hh]:mm:ss;[hh]:mm,1899-12-31 (=MAX(CX8:CX39)),0 (=MAX(CX8:CX39)),0,원시 수치 보존
poi-src/test-data/spreadsheet/57181.xlsm,General!CX43,xl/worksheets/sheet2.xml:CX43,0,[=0]?;[<4.16666666666667][hh]:mm:ss;[hh]:mm,1899-12-31 (=MIN(CX8:CX39)),0 (=MIN(CX8:CX39)),0,원시 수치 보존
poi-src/test-data/spreadsheet/57181.xlsm,General!CX84,xl/worksheets/sheet2.xml:CX84,0,[=0]?;[<4.16666666666667][hh]:mm:ss;[hh]:mm,"1899-12-31 (=SUM(CX8:CX39,CX52:CX83))","0 (=SUM(CX8:CX39,CX52:CX83))",0,원시 수치 보존
poi-src/test-data/spreadsheet/57181.xlsm,General!CX85,xl/worksheets/sheet2.xml:CX85,0,[=0]?;[<4.16666666666667][hh]:mm:ss;[hh]:mm,"1899-12-31 (=IF(COUNT(CX8:CX39,CX52:CX83)<>0,AVERAGE(CX8:CX39,CX52:CX83),))","0 (=IF(COUNT(CX8:CX39,CX52:CX83)<>0,AVERAGE(CX8:CX39,CX52:CX83),))",0,원시 수치 보존
poi-src/test-data/spreadsheet/57181.xlsm,General!CX86,xl/worksheets/sheet2.xml:CX86,0,[=0]?;[<4.16666666666667][hh]:mm:ss;[hh]:mm,"1899-12-31 (=MAX(CX8:CX39,CX52:CX83))","0 (=MAX(CX8:CX39,CX52:CX83))",0,원시 수치 보존
poi-src/test-data/spreadsheet/57181.xlsm,General!CX87,xl/worksheets/sheet2.xml:CX87,0,[=0]?;[<4.16666666666667][hh]:mm:ss;[hh]:mm,"1899-12-31 (=MIN(CX8:CX39,CX52:CX83))","0 (=MIN(CX8:CX39,CX52:CX83))",0,원시 수치 보존
poi-src/test-data/spreadsheet/57181.xlsm,General!CY130,xl/worksheets/sheet2.xml:CY130,0,[=0]?;[<4.16666666666667][hh]:mm:ss;[hh]:mm,"1899-12-31 (=MAX(CY8:CY39,CY52:CY83,CY96:CY127))","0 (=MAX(CY8:CY39,CY52:CY83,CY96:CY127))",0,원시 수치 보존
poi-src/test-data/spreadsheet/57181.xlsm,General!CY131,xl/worksheets/sheet2.xml:CY131,0,[=0]?;[<4.16666666666667][hh]:mm:ss;[hh]:mm,"1899-12-31 (=MIN(CY8:CY39,CY52:CY83,CY96:CY127))","0 (=MIN(CY8:CY39,CY52:CY83,CY96:CY127))",0,원시 수치 보존
poi-src/test-data/spreadsheet/57181.xlsm,General!CY42,xl/worksheets/sheet2.xml:CY42,0,[=0]?;[<4.16666666666667][hh]:mm:ss;[hh]:mm,1899-12-31 (=MAX(CY8:CY39)),0 (=MAX(CY8:CY39)),0,원시 수치 보존
poi-src/test-data/spreadsheet/57181.xlsm,General!CY43,xl/worksheets/sheet2.xml:CY43,0,[=0]?;[<4.16666666666667][hh]:mm:ss;[hh]:mm,1899-12-31 (=MIN(CY8:CY39)),0 (=MIN(CY8:CY39)),0,원시 수치 보존
poi-src/test-data/spreadsheet/57181.xlsm,General!CY86,xl/worksheets/sheet2.xml:CY86,0,[=0]?;[<4.16666666666667][hh]:mm:ss;[hh]:mm,"1899-12-31 (=MAX(CY8:CY39,CY52:CY83))","0 (=MAX(CY8:CY39,CY52:CY83))",0,원시 수치 보존
poi-src/test-data/spreadsheet/57181.xlsm,General!CY87,xl/worksheets/sheet2.xml:CY87,0,[=0]?;[<4.16666666666667][hh]:mm:ss;[hh]:mm,"1899-12-31 (=MIN(CY8:CY39,CY52:CY83))","0 (=MIN(CY8:CY39,CY52:CY83))",0,원시 수치 보존
poi-src/test-data/spreadsheet/57181.xlsm,General!CZ128,xl/worksheets/sheet2.xml:CZ128,0,[=0]?;[<4.16666666666667][hh]:mm:ss;[hh]:mm,"1899-12-31 (=SUM(CZ8:CZ39,CZ52:CZ83,CZ96:CZ127))","0 (=SUM(CZ8:CZ39,CZ52:CZ83,CZ96:CZ127))",0,원시 수치 보존
poi-src/test-data/spreadsheet/57181.xlsm,General!CZ129,xl/worksheets/sheet2.xml:CZ129,0,[=0]?;[<4.16666666666667][hh]:mm:ss;[hh]:mm,"1899-12-31 (=IF(COUNT(CZ8:CZ39,CZ52:CZ83,CZ96:CZ127)<>0,AVERAGE(CZ8:CZ39,CZ52:CZ83,CZ96:CZ127),))","0 (=IF(COUNT(CZ8:CZ39,CZ52:CZ83,CZ96:CZ127)<>0,AVERAGE(CZ8:CZ39,CZ52:CZ83,CZ96:CZ127),))",0,원시 수치 보존
poi-src/test-data/spreadsheet/57181.xlsm,General!CZ130,xl/worksheets/sheet2.xml:CZ130,0,[=0]?;[<4.16666666666667][hh]:mm:ss;[hh]:mm,"1899-12-31 (=MAX(CZ8:CZ39,CZ52:CZ83,CZ96:CZ127))","0 (=MAX(CZ8:CZ39,CZ52:CZ83,CZ96:CZ127))",0,원시 수치 보존
poi-src/test-data/spreadsheet/57181.xlsm,General!CZ131,xl/worksheets/sheet2.xml:CZ131,0,[=0]?;[<4.16666666666667][hh]:mm:ss;[hh]:mm,"1899-12-31 (=MIN(CZ8:CZ39,CZ52:CZ83,CZ96:CZ127))","0 (=MIN(CZ8:CZ39,CZ52:CZ83,CZ96:CZ127))",0,원시 수치 보존
poi-src/test-data/spreadsheet/57181.xlsm,General!CZ40,xl/worksheets/sheet2.xml:CZ40,0,[=0]?;[<4.16666666666667][hh]:mm:ss;[hh]:mm,1899-12-31 (=SUM(CZ8:CZ39)),0 (=SUM(CZ8:CZ39)),0,원시 수치 보존
poi-src/test-data/spreadsheet/57181.xlsm,General!CZ41,xl/worksheets/sheet2.xml:CZ41,0,[=0]?;[<4.16666666666667][hh]:mm:ss;[hh]:mm,"1899-12-31 (=IF(COUNT(CZ8:CZ39)<>0,AVERAGE(CZ8:CZ39),))","0 (=IF(COUNT(CZ8:CZ39)<>0,AVERAGE(CZ8:CZ39),))",0,원시 수치 보존
poi-src/test-data/spreadsheet/57181.xlsm,General!CZ42,xl/worksheets/sheet2.xml:CZ42,0,[=0]?;[<4.16666666666667][hh]:mm:ss;[hh]:mm,1899-12-31 (=MAX(CZ8:CZ39)),0 (=MAX(CZ8:CZ39)),0,원시 수치 보존
poi-src/test-data/spreadsheet/57181.xlsm,General!CZ43,xl/worksheets/sheet2.xml:CZ43,0,[=0]?;[<4.16666666666667][hh]:mm:ss;[hh]:mm,1899-12-31 (=MIN(CZ8:CZ39)),0 (=MIN(CZ8:CZ39)),0,원시 수치 보존
poi-src/test-data/spreadsheet/57181.xlsm,General!CZ84,xl/worksheets/sheet2.xml:CZ84,0,[=0]?;[<4.16666666666667][hh]:mm:ss;[hh]:mm,"1899-12-31 (=SUM(CZ8:CZ39,CZ52:CZ83))","0 (=SUM(CZ8:CZ39,CZ52:CZ83))",0,원시 수치 보존
poi-src/test-data/spreadsheet/57181.xlsm,General!CZ85,xl/worksheets/sheet2.xml:CZ85,0,[=0]?;[<4.16666666666667][hh]:mm:ss;[hh]:mm,"1899-12-31 (=IF(COUNT(CZ8:CZ39,CZ52:CZ83)<>0,AVERAGE(CZ8:CZ39,CZ52:CZ83),))","0 (=IF(COUNT(CZ8:CZ39,CZ52:CZ83)<>0,AVERAGE(CZ8:CZ39,CZ52:CZ83),))",0,원시 수치 보존
poi-src/test-data/spreadsheet/57181.xlsm,General!CZ86,xl/worksheets/sheet2.xml:CZ86,0,[=0]?;[<4.16666666666667][hh]:mm:ss;[hh]:mm,"1899-12-31 (=MAX(CZ8:CZ39,CZ52:CZ83))","0 (=MAX(CZ8:CZ39,CZ52:CZ83))",0,원시 수치 보존
poi-src/test-data/spreadsheet/57181.xlsm,General!CZ87,xl/worksheets/sheet2.xml:CZ87,0,[=0]?;[<4.16666666666667][hh]:mm:ss;[hh]:mm,"1899-12-31 (=MIN(CZ8:CZ39,CZ52:CZ83))","0 (=MIN(CZ8:CZ39,CZ52:CZ83))",0,원시 수치 보존
poi-src/test-data/spreadsheet/57181.xlsm,General!DA128,xl/worksheets/sheet2.xml:DA128,0,[=0]?;[<4.16666666666667][hh]:mm:ss;[hh]:mm,"1899-12-31 (=SUM(DA8:DA39,DA52:DA83,DA96:DA127))","0 (=SUM(DA8:DA39,DA52:DA83,DA96:DA127))",0,원시 수치 보존
poi-src/test-data/spreadsheet/57181.xlsm,General!DA129,xl/worksheets/sheet2.xml:DA129,0,[=0]?;[<4.16666666666667][hh]:mm:ss;[hh]:mm,"1899-12-31 (=IF(COUNT(DA8:DA39,DA52:DA83,DA96:DA127)<>0,AVERAGE(DA8:DA39,DA52:DA83,DA96:DA127),))","0 (=IF(COUNT(DA8:DA39,DA52:DA83,DA96:DA127)<>0,AVERAGE(DA8:DA39,DA52:DA83,DA96:DA127),))",0,원시 수치 보존
poi-src/test-data/spreadsheet/57181.xlsm,General!DA130,xl/worksheets/sheet2.xml:DA130,0,[=0]?;[<4.16666666666667][hh]:mm:ss;[hh]:mm,"1899-12-31 (=MAX(DA8:DA39,DA52:DA83,DA96:DA127))","0 (=MAX(DA8:DA39,DA52:DA83,DA96:DA127))",0,원시 수치 보존
poi-src/test-data/spreadsheet/57181.xlsm,General!DA131,xl/worksheets/sheet2.xml:DA131,0,[=0]?;[<4.16666666666667][hh]:mm:ss;[hh]:mm,"1899-12-31 (=MIN(DA8:DA39,DA52:DA83,DA96:DA127))","0 (=MIN(DA8:DA39,DA52:DA83,DA96:DA127))",0,원시 수치 보존
poi-src/test-data/spreadsheet/57181.xlsm,General!DA40,xl/worksheets/sheet2.xml:DA40,0,[=0]?;[<4.16666666666667][hh]:mm:ss;[hh]:mm,1899-12-31 (=SUM(DA8:DA39)),0 (=SUM(DA8:DA39)),0,원시 수치 보존
poi-src/test-data/spreadsheet/57181.xlsm,General!DA41,xl/worksheets/sheet2.xml:DA41,0,[=0]?;[<4.16666666666667][hh]:mm:ss;[hh]:mm,"1899-12-31 (=IF(COUNT(DA8:DA39)<>0,AVERAGE(DA8:DA39),))","0 (=IF(COUNT(DA8:DA39)<>0,AVERAGE(DA8:DA39),))",0,원시 수치 보존
poi-src/test-data/spreadsheet/57181.xlsm,General!DA42,xl/worksheets/sheet2.xml:DA42,0,[=0]?;[<4.16666666666667][hh]:mm:ss;[hh]:mm,1899-12-31 (=MAX(DA8:DA39)),0 (=MAX(DA8:DA39)),0,원시 수치 보존
poi-src/test-data/spreadsheet/57181.xlsm,General!DA43,xl/worksheets/sheet2.xml:DA43,0,[=0]?;[<4.16666666666667][hh]:mm:ss;[hh]:mm,1899-12-31 (=MIN(DA8:DA39)),0 (=MIN(DA8:DA39)),0,원시 수치 보존
poi-src/test-data/spreadsheet/57181.xlsm,General!DA84,xl/worksheets/sheet2.xml:DA84,0,[=0]?;[<4.16666666666667][hh]:mm:ss;[hh]:mm,"1899-12-31 (=SUM(DA8:DA39,DA52:DA83))","0 (=SUM(DA8:DA39,DA52:DA83))",0,원시 수치 보존
poi-src/test-data/spreadsheet/57181.xlsm,General!DA85,xl/worksheets/sheet2.xml:DA85,0,[=0]?;[<4.16666666666667][hh]:mm:ss;[hh]:mm,"1899-12-31 (=IF(COUNT(DA8:DA39,DA52:DA83)<>0,AVERAGE(DA8:DA39,DA52:DA83),))","0 (=IF(COUNT(DA8:DA39,DA52:DA83)<>0,AVERAGE(DA8:DA39,DA52:DA83),))",0,원시 수치 보존
poi-src/test-data/spreadsheet/57181.xlsm,General!DA86,xl/worksheets/sheet2.xml:DA86,0,[=0]?;[<4.16666666666667][hh]:mm:ss;[hh]:mm,"1899-12-31 (=MAX(DA8:DA39,DA52:DA83))","0 (=MAX(DA8:DA39,DA52:DA83))",0,원시 수치 보존
poi-src/test-data/spreadsheet/57181.xlsm,General!DA87,xl/worksheets/sheet2.xml:DA87,0,[=0]?;[<4.16666666666667][hh]:mm:ss;[hh]:mm,"1899-12-31 (=MIN(DA8:DA39,DA52:DA83))","0 (=MIN(DA8:DA39,DA52:DA83))",0,원시 수치 보존
poi-src/test-data/spreadsheet/57181.xlsm,General!DB128,xl/worksheets/sheet2.xml:DB128,0,[=0]?;[<4.16666666666667][hh]:mm:ss;[hh]:mm,"1899-12-31 (=SUM(DB8:DB39,DB52:DB83,DB96:DB127))","0 (=SUM(DB8:DB39,DB52:DB83,DB96:DB127))",0,원시 수치 보존
poi-src/test-data/spreadsheet/57181.xlsm,General!DB129,xl/worksheets/sheet2.xml:DB129,0,[=0]?;[<4.16666666666667][hh]:mm:ss;[hh]:mm,"1899-12-31 (=IF(COUNT(DB8:DB39,DB52:DB83,DB96:DB127)<>0,AVERAGE(DB8:DB39,DB52:DB83,DB96:DB127),))","0 (=IF(COUNT(DB8:DB39,DB52:DB83,DB96:DB127)<>0,AVERAGE(DB8:DB39,DB52:DB83,DB96:DB127),))",0,원시 수치 보존
poi-src/test-data/spreadsheet/57181.xlsm,General!DB130,xl/worksheets/sheet2.xml:DB130,0,[=0]?;[<4.16666666666667][hh]:mm:ss;[hh]:mm,"1899-12-31 (=MAX(DB8:DB39,DB52:DB83,DB96:DB127))","0 (=MAX(DB8:DB39,DB52:DB83,DB96:DB127))",0,원시 수치 보존
poi-src/test-data/spreadsheet/57181.xlsm,General!DB131,xl/worksheets/sheet2.xml:DB131,0,[=0]?;[<4.16666666666667][hh]:mm:ss;[hh]:mm,"1899-12-31 (=MIN(DB8:DB39,DB52:DB83,DB96:DB127))","0 (=MIN(DB8:DB39,DB52:DB83,DB96:DB127))",0,원시 수치 보존
poi-src/test-data/spreadsheet/57181.xlsm,General!DB40,xl/worksheets/sheet2.xml:DB40,0,[=0]?;[<4.16666666666667][hh]:mm:ss;[hh]:mm,1899-12-31 (=SUM(DB8:DB39)),0 (=SUM(DB8:DB39)),0,원시 수치 보존
poi-src/test-data/spreadsheet/57181.xlsm,General!DB41,xl/worksheets/sheet2.xml:DB41,0,[=0]?;[<4.16666666666667][hh]:mm:ss;[hh]:mm,"1899-12-31 (=IF(COUNT(DB8:DB39)<>0,AVERAGE(DB8:DB39),))","0 (=IF(COUNT(DB8:DB39)<>0,AVERAGE(DB8:DB39),))",0,원시 수치 보존
poi-src/test-data/spreadsheet/57181.xlsm,General!DB42,xl/worksheets/sheet2.xml:DB42,0,[=0]?;[<4.16666666666667][hh]:mm:ss;[hh]:mm,1899-12-31 (=MAX(DB8:DB39)),0 (=MAX(DB8:DB39)),0,원시 수치 보존
poi-src/test-data/spreadsheet/57181.xlsm,General!DB43,xl/worksheets/sheet2.xml:DB43,0,[=0]?;[<4.16666666666667][hh]:mm:ss;[hh]:mm,1899-12-31 (=MIN(DB8:DB39)),0 (=MIN(DB8:DB39)),0,원시 수치 보존
poi-src/test-data/spreadsheet/57181.xlsm,General!DB84,xl/worksheets/sheet2.xml:DB84,0,[=0]?;[<4.16666666666667][hh]:mm:ss;[hh]:mm,"1899-12-31 (=SUM(DB8:DB39,DB52:DB83))","0 (=SUM(DB8:DB39,DB52:DB83))",0,원시 수치 보존
poi-src/test-data/spreadsheet/57181.xlsm,General!DB85,xl/worksheets/sheet2.xml:DB85,0,[=0]?;[<4.16666666666667][hh]:mm:ss;[hh]:mm,"1899-12-31 (=IF(COUNT(DB8:DB39,DB52:DB83)<>0,AVERAGE(DB8:DB39,DB52:DB83),))","0 (=IF(COUNT(DB8:DB39,DB52:DB83)<>0,AVERAGE(DB8:DB39,DB52:DB83),))",0,원시 수치 보존
poi-src/test-data/spreadsheet/57181.xlsm,General!DB86,xl/worksheets/sheet2.xml:DB86,0,[=0]?;[<4.16666666666667][hh]:mm:ss;[hh]:mm,"1899-12-31 (=MAX(DB8:DB39,DB52:DB83))","0 (=MAX(DB8:DB39,DB52:DB83))",0,원시 수치 보존
poi-src/test-data/spreadsheet/57181.xlsm,General!DB87,xl/worksheets/sheet2.xml:DB87,0,[=0]?;[<4.16666666666667][hh]:mm:ss;[hh]:mm,"1899-12-31 (=MIN(DB8:DB39,DB52:DB83))","0 (=MIN(DB8:DB39,DB52:DB83))",0,원시 수치 보존
poi-src/test-data/spreadsheet/57181.xlsm,General!DC130,xl/worksheets/sheet2.xml:DC130,0,[=0]?;[<4.16666666666667][hh]:mm:ss;[hh]:mm,"1899-12-31 (=MAX(DC8:DC39,DC52:DC83,DC96:DC127))","0 (=MAX(DC8:DC39,DC52:DC83,DC96:DC127))",0,원시 수치 보존
poi-src/test-data/spreadsheet/57181.xlsm,General!DC131,xl/worksheets/sheet2.xml:DC131,0,[=0]?;[<4.16666666666667][hh]:mm:ss;[hh]:mm,"1899-12-31 (=MIN(DC8:DC39,DC52:DC83,DC96:DC127))","0 (=MIN(DC8:DC39,DC52:DC83,DC96:DC127))",0,원시 수치 보존
poi-src/test-data/spreadsheet/57181.xlsm,General!DC42,xl/worksheets/sheet2.xml:DC42,0,[=0]?;[<4.16666666666667][hh]:mm:ss;[hh]:mm,1899-12-31 (=MAX(DC8:DC39)),0 (=MAX(DC8:DC39)),0,원시 수치 보존
poi-src/test-data/spreadsheet/57181.xlsm,General!DC43,xl/worksheets/sheet2.xml:DC43,0,[=0]?;[<4.16666666666667][hh]:mm:ss;[hh]:mm,1899-12-31 (=MIN(DC8:DC39)),0 (=MIN(DC8:DC39)),0,원시 수치 보존
poi-src/test-data/spreadsheet/57181.xlsm,General!DC86,xl/worksheets/sheet2.xml:DC86,0,[=0]?;[<4.16666666666667][hh]:mm:ss;[hh]:mm,"1899-12-31 (=MAX(DC8:DC39,DC52:DC83))","0 (=MAX(DC8:DC39,DC52:DC83))",0,원시 수치 보존
poi-src/test-data/spreadsheet/57181.xlsm,General!DC87,xl/worksheets/sheet2.xml:DC87,0,[=0]?;[<4.16666666666667][hh]:mm:ss;[hh]:mm,"1899-12-31 (=MIN(DC8:DC39,DC52:DC83))","0 (=MIN(DC8:DC39,DC52:DC83))",0,원시 수치 보존
poi-src/test-data/spreadsheet/57181.xlsm,General!DD128,xl/worksheets/sheet2.xml:DD128,0,[=0]?;[<4.16666666666667][hh]:mm:ss;[hh]:mm,"1899-12-31 (=SUM(DD8:DD39,DD52:DD83,DD96:DD127))","0 (=SUM(DD8:DD39,DD52:DD83,DD96:DD127))",0,원시 수치 보존
poi-src/test-data/spreadsheet/57181.xlsm,General!DD129,xl/worksheets/sheet2.xml:DD129,0,[=0]?;[<4.16666666666667][hh]:mm:ss;[hh]:mm,"1899-12-31 (=IF(COUNT(DD8:DD39,DD52:DD83,DD96:DD127)<>0,AVERAGE(DD8:DD39,DD52:DD83,DD96:DD127),))","0 (=IF(COUNT(DD8:DD39,DD52:DD83,DD96:DD127)<>0,AVERAGE(DD8:DD39,DD52:DD83,DD96:DD127),))",0,원시 수치 보존
poi-src/test-data/spreadsheet/57181.xlsm,General!DD130,xl/worksheets/sheet2.xml:DD130,0,[=0]?;[<4.16666666666667][hh]:mm:ss;[hh]:mm,"1899-12-31 (=MAX(DD8:DD39,DD52:DD83,DD96:DD127))","0 (=MAX(DD8:DD39,DD52:DD83,DD96:DD127))",0,원시 수치 보존
poi-src/test-data/spreadsheet/57181.xlsm,General!DD131,xl/worksheets/sheet2.xml:DD131,0,[=0]?;[<4.16666666666667][hh]:mm:ss;[hh]:mm,"1899-12-31 (=MIN(DD8:DD39,DD52:DD83,DD96:DD127))","0 (=MIN(DD8:DD39,DD52:DD83,DD96:DD127))",0,원시 수치 보존
poi-src/test-data/spreadsheet/57181.xlsm,General!DD40,xl/worksheets/sheet2.xml:DD40,0,[=0]?;[<4.16666666666667][hh]:mm:ss;[hh]:mm,1899-12-31 (=SUM(DD8:DD39)),0 (=SUM(DD8:DD39)),0,원시 수치 보존
poi-src/test-data/spreadsheet/57181.xlsm,General!DD41,xl/worksheets/sheet2.xml:DD41,0,[=0]?;[<4.16666666666667][hh]:mm:ss;[hh]:mm,"1899-12-31 (=IF(COUNT(DD8:DD39)<>0,AVERAGE(DD8:DD39),))","0 (=IF(COUNT(DD8:DD39)<>0,AVERAGE(DD8:DD39),))",0,원시 수치 보존
poi-src/test-data/spreadsheet/57181.xlsm,General!DD42,xl/worksheets/sheet2.xml:DD42,0,[=0]?;[<4.16666666666667][hh]:mm:ss;[hh]:mm,1899-12-31 (=MAX(DD8:DD39)),0 (=MAX(DD8:DD39)),0,원시 수치 보존
poi-src/test-data/spreadsheet/57181.xlsm,General!DD43,xl/worksheets/sheet2.xml:DD43,0,[=0]?;[<4.16666666666667][hh]:mm:ss;[hh]:mm,1899-12-31 (=MIN(DD8:DD39)),0 (=MIN(DD8:DD39)),0,원시 수치 보존
poi-src/test-data/spreadsheet/57181.xlsm,General!DD84,xl/worksheets/sheet2.xml:DD84,0,[=0]?;[<4.16666666666667][hh]:mm:ss;[hh]:mm,"1899-12-31 (=SUM(DD8:DD39,DD52:DD83))","0 (=SUM(DD8:DD39,DD52:DD83))",0,원시 수치 보존
poi-src/test-data/spreadsheet/57181.xlsm,General!DD85,xl/worksheets/sheet2.xml:DD85,0,[=0]?;[<4.16666666666667][hh]:mm:ss;[hh]:mm,"1899-12-31 (=IF(COUNT(DD8:DD39,DD52:DD83)<>0,AVERAGE(DD8:DD39,DD52:DD83),))","0 (=IF(COUNT(DD8:DD39,DD52:DD83)<>0,AVERAGE(DD8:DD39,DD52:DD83),))",0,원시 수치 보존
poi-src/test-data/spreadsheet/57181.xlsm,General!DD86,xl/worksheets/sheet2.xml:DD86,0,[=0]?;[<4.16666666666667][hh]:mm:ss;[hh]:mm,"1899-12-31 (=MAX(DD8:DD39,DD52:DD83))","0 (=MAX(DD8:DD39,DD52:DD83))",0,원시 수치 보존
poi-src/test-data/spreadsheet/57181.xlsm,General!DD87,xl/worksheets/sheet2.xml:DD87,0,[=0]?;[<4.16666666666667][hh]:mm:ss;[hh]:mm,"1899-12-31 (=MIN(DD8:DD39,DD52:DD83))","0 (=MIN(DD8:DD39,DD52:DD83))",0,원시 수치 보존
poi-src/test-data/spreadsheet/57181.xlsm,General!DE130,xl/worksheets/sheet2.xml:DE130,0,[=0]?;[<4.16666666666667][hh]:mm:ss;[hh]:mm,"1899-12-31 (=MAX(DE8:DE39,DE52:DE83,DE96:DE127))","0 (=MAX(DE8:DE39,DE52:DE83,DE96:DE127))",0,원시 수치 보존
poi-src/test-data/spreadsheet/57181.xlsm,General!DE131,xl/worksheets/sheet2.xml:DE131,0,[=0]?;[<4.16666666666667][hh]:mm:ss;[hh]:mm,"1899-12-31 (=MIN(DE8:DE39,DE52:DE83,DE96:DE127))","0 (=MIN(DE8:DE39,DE52:DE83,DE96:DE127))",0,원시 수치 보존
poi-src/test-data/spreadsheet/57181.xlsm,General!DE42,xl/worksheets/sheet2.xml:DE42,0,[=0]?;[<4.16666666666667][hh]:mm:ss;[hh]:mm,1899-12-31 (=MAX(DE8:DE39)),0 (=MAX(DE8:DE39)),0,원시 수치 보존
poi-src/test-data/spreadsheet/57181.xlsm,General!DE43,xl/worksheets/sheet2.xml:DE43,0,[=0]?;[<4.16666666666667][hh]:mm:ss;[hh]:mm,1899-12-31 (=MIN(DE8:DE39)),0 (=MIN(DE8:DE39)),0,원시 수치 보존
poi-src/test-data/spreadsheet/57181.xlsm,General!DE86,xl/worksheets/sheet2.xml:DE86,0,[=0]?;[<4.16666666666667][hh]:mm:ss;[hh]:mm,"1899-12-31 (=MAX(DE8:DE39,DE52:DE83))","0 (=MAX(DE8:DE39,DE52:DE83))",0,원시 수치 보존
poi-src/test-data/spreadsheet/57181.xlsm,General!DE87,xl/worksheets/sheet2.xml:DE87,0,[=0]?;[<4.16666666666667][hh]:mm:ss;[hh]:mm,"1899-12-31 (=MIN(DE8:DE39,DE52:DE83))","0 (=MIN(DE8:DE39,DE52:DE83))",0,원시 수치 보존
poi-src/test-data/spreadsheet/57181.xlsm,General!DF128,xl/worksheets/sheet2.xml:DF128,0,[=0]?;[<4.16666666666667][hh]:mm:ss;[hh]:mm,"1899-12-31 (=SUM(DF8:DF39,DF52:DF83,DF96:DF127))","0 (=SUM(DF8:DF39,DF52:DF83,DF96:DF127))",0,원시 수치 보존
poi-src/test-data/spreadsheet/57181.xlsm,General!DF129,xl/worksheets/sheet2.xml:DF129,0,[=0]?;[<4.16666666666667][hh]:mm:ss;[hh]:mm,"1899-12-31 (=IF(COUNT(DF8:DF39,DF52:DF83,DF96:DF127)<>0,AVERAGE(DF8:DF39,DF52:DF83,DF96:DF127),))","0 (=IF(COUNT(DF8:DF39,DF52:DF83,DF96:DF127)<>0,AVERAGE(DF8:DF39,DF52:DF83,DF96:DF127),))",0,원시 수치 보존
poi-src/test-data/spreadsheet/57181.xlsm,General!DF130,xl/worksheets/sheet2.xml:DF130,0,[=0]?;[<4.16666666666667][hh]:mm:ss;[hh]:mm,"1899-12-31 (=MAX(DF8:DF39,DF52:DF83,DF96:DF127))","0 (=MAX(DF8:DF39,DF52:DF83,DF96:DF127))",0,원시 수치 보존
poi-src/test-data/spreadsheet/57181.xlsm,General!DF131,xl/worksheets/sheet2.xml:DF131,0,[=0]?;[<4.16666666666667][hh]:mm:ss;[hh]:mm,"1899-12-31 (=MIN(DF8:DF39,DF52:DF83,DF96:DF127))","0 (=MIN(DF8:DF39,DF52:DF83,DF96:DF127))",0,원시 수치 보존
poi-src/test-data/spreadsheet/57181.xlsm,General!DF40,xl/worksheets/sheet2.xml:DF40,0,[=0]?;[<4.16666666666667][hh]:mm:ss;[hh]:mm,1899-12-31 (=SUM(DF8:DF39)),0 (=SUM(DF8:DF39)),0,원시 수치 보존
poi-src/test-data/spreadsheet/57181.xlsm,General!DF41,xl/worksheets/sheet2.xml:DF41,0,[=0]?;[<4.16666666666667][hh]:mm:ss;[hh]:mm,"1899-12-31 (=IF(COUNT(DF8:DF39)<>0,AVERAGE(DF8:DF39),))","0 (=IF(COUNT(DF8:DF39)<>0,AVERAGE(DF8:DF39),))",0,원시 수치 보존
poi-src/test-data/spreadsheet/57181.xlsm,General!DF42,xl/worksheets/sheet2.xml:DF42,0,[=0]?;[<4.16666666666667][hh]:mm:ss;[hh]:mm,1899-12-31 (=MAX(DF8:DF39)),0 (=MAX(DF8:DF39)),0,원시 수치 보존
poi-src/test-data/spreadsheet/57181.xlsm,General!DF43,xl/worksheets/sheet2.xml:DF43,0,[=0]?;[<4.16666666666667][hh]:mm:ss;[hh]:mm,1899-12-31 (=MIN(DF8:DF39)),0 (=MIN(DF8:DF39)),0,원시 수치 보존
poi-src/test-data/spreadsheet/57181.xlsm,General!DF84,xl/worksheets/sheet2.xml:DF84,0,[=0]?;[<4.16666666666667][hh]:mm:ss;[hh]:mm,"1899-12-31 (=SUM(DF8:DF39,DF52:DF83))","0 (=SUM(DF8:DF39,DF52:DF83))",0,원시 수치 보존
poi-src/test-data/spreadsheet/57181.xlsm,General!DF85,xl/worksheets/sheet2.xml:DF85,0,[=0]?;[<4.16666666666667][hh]:mm:ss;[hh]:mm,"1899-12-31 (=IF(COUNT(DF8:DF39,DF52:DF83)<>0,AVERAGE(DF8:DF39,DF52:DF83),))","0 (=IF(COUNT(DF8:DF39,DF52:DF83)<>0,AVERAGE(DF8:DF39,DF52:DF83),))",0,원시 수치 보존
poi-src/test-data/spreadsheet/57181.xlsm,General!DF86,xl/worksheets/sheet2.xml:DF86,0,[=0]?;[<4.16666666666667][hh]:mm:ss;[hh]:mm,"1899-12-31 (=MAX(DF8:DF39,DF52:DF83))","0 (=MAX(DF8:DF39,DF52:DF83))",0,원시 수치 보존
poi-src/test-data/spreadsheet/57181.xlsm,General!DF87,xl/worksheets/sheet2.xml:DF87,0,[=0]?;[<4.16666666666667][hh]:mm:ss;[hh]:mm,"1899-12-31 (=MIN(DF8:DF39,DF52:DF83))","0 (=MIN(DF8:DF39,DF52:DF83))",0,원시 수치 보존
poi-src/test-data/spreadsheet/57181.xlsm,General!DG130,xl/worksheets/sheet2.xml:DG130,0,[=0]?;[<4.16666666666667][hh]:mm:ss;[hh]:mm,"1899-12-31 (=MAX(DG8:DG39,DG52:DG83,DG96:DG127))","0 (=MAX(DG8:DG39,DG52:DG83,DG96:DG127))",0,원시 수치 보존
poi-src/test-data/spreadsheet/57181.xlsm,General!DG131,xl/worksheets/sheet2.xml:DG131,0,[=0]?;[<4.16666666666667][hh]:mm:ss;[hh]:mm,"1899-12-31 (=MIN(DG8:DG39,DG52:DG83,DG96:DG127))","0 (=MIN(DG8:DG39,DG52:DG83,DG96:DG127))",0,원시 수치 보존
poi-src/test-data/spreadsheet/57181.xlsm,General!DG42,xl/worksheets/sheet2.xml:DG42,0,[=0]?;[<4.16666666666667][hh]:mm:ss;[hh]:mm,1899-12-31 (=MAX(DG8:DG39)),0 (=MAX(DG8:DG39)),0,원시 수치 보존
poi-src/test-data/spreadsheet/57181.xlsm,General!DG43,xl/worksheets/sheet2.xml:DG43,0,[=0]?;[<4.16666666666667][hh]:mm:ss;[hh]:mm,1899-12-31 (=MIN(DG8:DG39)),0 (=MIN(DG8:DG39)),0,원시 수치 보존
poi-src/test-data/spreadsheet/57181.xlsm,General!DG86,xl/worksheets/sheet2.xml:DG86,0,[=0]?;[<4.16666666666667][hh]:mm:ss;[hh]:mm,"1899-12-31 (=MAX(DG8:DG39,DG52:DG83))","0 (=MAX(DG8:DG39,DG52:DG83))",0,원시 수치 보존
poi-src/test-data/spreadsheet/57181.xlsm,General!DG87,xl/worksheets/sheet2.xml:DG87,0,[=0]?;[<4.16666666666667][hh]:mm:ss;[hh]:mm,"1899-12-31 (=MIN(DG8:DG39,DG52:DG83))","0 (=MIN(DG8:DG39,DG52:DG83))",0,원시 수치 보존
poi-src/test-data/spreadsheet/57181.xlsm,General!DI129,xl/worksheets/sheet2.xml:DI129,0,"[=0]?;#,##0.00","0.00 (=IF(COUNT(DI8:DI39,DI52:DI83,DI96:DI127)<>0,ROUND(AVERAGE(DI8:DI39,DI52:DI83,DI96:DI127),1),))","0 (=IF(COUNT(DI8:DI39,DI52:DI83,DI96:DI127)<>0,ROUND(AVERAGE(DI8:DI39,DI52:DI83,DI96:DI127),1),))",0,원시 수치 보존
poi-src/test-data/spreadsheet/57181.xlsm,General!DI130,xl/worksheets/sheet2.xml:DI130,0,"[=0]?;#,##0.00","0.00 (=MAX(DI8:DI39,DI52:DI83,DI96:DI127))","0 (=MAX(DI8:DI39,DI52:DI83,DI96:DI127))",0,원시 수치 보존
poi-src/test-data/spreadsheet/57181.xlsm,General!DI131,xl/worksheets/sheet2.xml:DI131,0,"[=0]?;#,##0.00","0.00 (=MIN(DI8:DI39,DI52:DI83,DI96:DI127))","0 (=MIN(DI8:DI39,DI52:DI83,DI96:DI127))",0,원시 수치 보존
poi-src/test-data/spreadsheet/57181.xlsm,General!DI41,xl/worksheets/sheet2.xml:DI41,0,"[=0]?;#,##0.00","0.00 (=IF(COUNT(DI8:DI39)<>0,ROUND(AVERAGE(DI8:DI39),1),))","0 (=IF(COUNT(DI8:DI39)<>0,ROUND(AVERAGE(DI8:DI39),1),))",0,원시 수치 보존
poi-src/test-data/spreadsheet/57181.xlsm,General!DI42,xl/worksheets/sheet2.xml:DI42,0,"[=0]?;#,##0.00",0.00 (=MAX(DI8:DI39)),0 (=MAX(DI8:DI39)),0,원시 수치 보존
poi-src/test-data/spreadsheet/57181.xlsm,General!DI43,xl/worksheets/sheet2.xml:DI43,0,"[=0]?;#,##0.00",0.00 (=MIN(DI8:DI39)),0 (=MIN(DI8:DI39)),0,원시 수치 보존
poi-src/test-data/spreadsheet/57181.xlsm,General!DI85,xl/worksheets/sheet2.xml:DI85,0,"[=0]?;#,##0.00","0.00 (=IF(COUNT(DI8:DI39,DI52:DI83)<>0,ROUND(AVERAGE(DI8:DI39,DI52:DI83),1),))","0 (=IF(COUNT(DI8:DI39,DI52:DI83)<>0,ROUND(AVERAGE(DI8:DI39,DI52:DI83),1),))",0,원시 수치 보존
poi-src/test-data/spreadsheet/57181.xlsm,General!DI86,xl/worksheets/sheet2.xml:DI86,0,"[=0]?;#,##0.00","0.00 (=MAX(DI8:DI39,DI52:DI83))","0 (=MAX(DI8:DI39,DI52:DI83))",0,원시 수치 보존
poi-src/test-data/spreadsheet/57181.xlsm,General!DI87,xl/worksheets/sheet2.xml:DI87,0,"[=0]?;#,##0.00","0.00 (=MIN(DI8:DI39,DI52:DI83))","0 (=MIN(DI8:DI39,DI52:DI83))",0,원시 수치 보존
poi-src/test-data/spreadsheet/57181.xlsm,General!DS129,xl/worksheets/sheet2.xml:DS129,0,[=0]?;[<4.16666666666667][hh]:mm:ss;[hh]:mm,"1899-12-31 (=IF(COUNT(DS8:DS39,DS52:DS83,DS96:DS127)<>0,AVERAGE(DS8:DS39,DS52:DS83,DS96:DS127),))","0 (=IF(COUNT(DS8:DS39,DS52:DS83,DS96:DS127)<>0,AVERAGE(DS8:DS39,DS52:DS83,DS96:DS127),))",0,원시 수치 보존
poi-src/test-data/spreadsheet/57181.xlsm,General!DS130,xl/worksheets/sheet2.xml:DS130,0,[=0]?;[<4.16666666666667][hh]:mm:ss;[hh]:mm,"1899-12-31 (=MAX(DS8:DS39,DS52:DS83,DS96:DS127))","0 (=MAX(DS8:DS39,DS52:DS83,DS96:DS127))",0,원시 수치 보존
poi-src/test-data/spreadsheet/57181.xlsm,General!DS131,xl/worksheets/sheet2.xml:DS131,0,[=0]?;[<4.16666666666667][hh]:mm:ss;[hh]:mm,"1899-12-31 (=MIN(DS8:DS39,DS52:DS83,DS96:DS127))","0 (=MIN(DS8:DS39,DS52:DS83,DS96:DS127))",0,원시 수치 보존
poi-src/test-data/spreadsheet/57181.xlsm,General!DS41,xl/worksheets/sheet2.xml:DS41,0,[=0]?;[<4.16666666666667][hh]:mm:ss;[hh]:mm,"1899-12-31 (=IF(COUNT(DS8:DS39)<>0,AVERAGE(DS8:DS39),))","0 (=IF(COUNT(DS8:DS39)<>0,AVERAGE(DS8:DS39),))",0,원시 수치 보존
poi-src/test-data/spreadsheet/57181.xlsm,General!DS42,xl/worksheets/sheet2.xml:DS42,0,[=0]?;[<4.16666666666667][hh]:mm:ss;[hh]:mm,1899-12-31 (=MAX(DS8:DS39)),0 (=MAX(DS8:DS39)),0,원시 수치 보존
poi-src/test-data/spreadsheet/57181.xlsm,General!DS43,xl/worksheets/sheet2.xml:DS43,0,[=0]?;[<4.16666666666667][hh]:mm:ss;[hh]:mm,1899-12-31 (=MIN(DS8:DS39)),0 (=MIN(DS8:DS39)),0,원시 수치 보존
poi-src/test-data/spreadsheet/57181.xlsm,General!DS85,xl/worksheets/sheet2.xml:DS85,0,[=0]?;[<4.16666666666667][hh]:mm:ss;[hh]:mm,"1899-12-31 (=IF(COUNT(DS8:DS39,DS52:DS83)<>0,AVERAGE(DS8:DS39,DS52:DS83),))","0 (=IF(COUNT(DS8:DS39,DS52:DS83)<>0,AVERAGE(DS8:DS39,DS52:DS83),))",0,원시 수치 보존
poi-src/test-data/spreadsheet/57181.xlsm,General!DS86,xl/worksheets/sheet2.xml:DS86,0,[=0]?;[<4.16666666666667][hh]:mm:ss;[hh]:mm,"1899-12-31 (=MAX(DS8:DS39,DS52:DS83))","0 (=MAX(DS8:DS39,DS52:DS83))",0,원시 수치 보존
poi-src/test-data/spreadsheet/57181.xlsm,General!DS87,xl/worksheets/sheet2.xml:DS87,0,[=0]?;[<4.16666666666667][hh]:mm:ss;[hh]:mm,"1899-12-31 (=MIN(DS8:DS39,DS52:DS83))","0 (=MIN(DS8:DS39,DS52:DS83))",0,원시 수치 보존
poi-src/test-data/spreadsheet/57181.xlsm,General!DT129,xl/worksheets/sheet2.xml:DT129,0,[=0]?;[<4.16666666666667][hh]:mm:ss;[hh]:mm,"1899-12-31 (=IF(COUNT(DT8:DT39,DT52:DT83,DT96:DT127)<>0,AVERAGE(DT8:DT39,DT52:DT83,DT96:DT127),))","0 (=IF(COUNT(DT8:DT39,DT52:DT83,DT96:DT127)<>0,AVERAGE(DT8:DT39,DT52:DT83,DT96:DT127),))",0,원시 수치 보존
poi-src/test-data/spreadsheet/57181.xlsm,General!DT130,xl/worksheets/sheet2.xml:DT130,0,[=0]?;[<4.16666666666667][hh]:mm:ss;[hh]:mm,"1899-12-31 (=MAX(DT8:DT39,DT52:DT83,DT96:DT127))","0 (=MAX(DT8:DT39,DT52:DT83,DT96:DT127))",0,원시 수치 보존
poi-src/test-data/spreadsheet/57181.xlsm,General!DT131,xl/worksheets/sheet2.xml:DT131,0,[=0]?;[<4.16666666666667][hh]:mm:ss;[hh]:mm,"1899-12-31 (=MIN(DT8:DT39,DT52:DT83,DT96:DT127))","0 (=MIN(DT8:DT39,DT52:DT83,DT96:DT127))",0,원시 수치 보존
poi-src/test-data/spreadsheet/57181.xlsm,General!DT41,xl/worksheets/sheet2.xml:DT41,0,[=0]?;[<4.16666666666667][hh]:mm:ss;[hh]:mm,"1899-12-31 (=IF(COUNT(DT8:DT39)<>0,AVERAGE(DT8:DT39),))","0 (=IF(COUNT(DT8:DT39)<>0,AVERAGE(DT8:DT39),))",0,원시 수치 보존
poi-src/test-data/spreadsheet/57181.xlsm,General!DT42,xl/worksheets/sheet2.xml:DT42,0,[=0]?;[<4.16666666666667][hh]:mm:ss;[hh]:mm,1899-12-31 (=MAX(DT8:DT39)),0 (=MAX(DT8:DT39)),0,원시 수치 보존
poi-src/test-data/spreadsheet/57181.xlsm,General!DT43,xl/worksheets/sheet2.xml:DT43,0,[=0]?;[<4.16666666666667][hh]:mm:ss;[hh]:mm,1899-12-31 (=MIN(DT8:DT39)),0 (=MIN(DT8:DT39)),0,원시 수치 보존
poi-src/test-data/spreadsheet/57181.xlsm,General!DT85,xl/worksheets/sheet2.xml:DT85,0,[=0]?;[<4.16666666666667][hh]:mm:ss;[hh]:mm,"1899-12-31 (=IF(COUNT(DT8:DT39,DT52:DT83)<>0,AVERAGE(DT8:DT39,DT52:DT83),))","0 (=IF(COUNT(DT8:DT39,DT52:DT83)<>0,AVERAGE(DT8:DT39,DT52:DT83),))",0,원시 수치 보존
poi-src/test-data/spreadsheet/57181.xlsm,General!DT86,xl/worksheets/sheet2.xml:DT86,0,[=0]?;[<4.16666666666667][hh]:mm:ss;[hh]:mm,"1899-12-31 (=MAX(DT8:DT39,DT52:DT83))","0 (=MAX(DT8:DT39,DT52:DT83))",0,원시 수치 보존
poi-src/test-data/spreadsheet/57181.xlsm,General!DT87,xl/worksheets/sheet2.xml:DT87,0,[=0]?;[<4.16666666666667][hh]:mm:ss;[hh]:mm,"1899-12-31 (=MIN(DT8:DT39,DT52:DT83))","0 (=MIN(DT8:DT39,DT52:DT83))",0,원시 수치 보존
poi-src/test-data/spreadsheet/57181.xlsm,General!DU129,xl/worksheets/sheet2.xml:DU129,0,[=0]?;[<4.16666666666667][hh]:mm:ss;[hh]:mm,"1899-12-31 (=IF(COUNT(DU8:DU39,DU52:DU83,DU96:DU127)<>0,AVERAGE(DU8:DU39,DU52:DU83,DU96:DU127),))","0 (=IF(COUNT(DU8:DU39,DU52:DU83,DU96:DU127)<>0,AVERAGE(DU8:DU39,DU52:DU83,DU96:DU127),))",0,원시 수치 보존
poi-src/test-data/spreadsheet/57181.xlsm,General!DU130,xl/worksheets/sheet2.xml:DU130,0,[=0]?;[<4.16666666666667][hh]:mm:ss;[hh]:mm,"1899-12-31 (=MAX(DU8:DU39,DU52:DU83,DU96:DU127))","0 (=MAX(DU8:DU39,DU52:DU83,DU96:DU127))",0,원시 수치 보존
poi-src/test-data/spreadsheet/57181.xlsm,General!DU131,xl/worksheets/sheet2.xml:DU131,0,[=0]?;[<4.16666666666667][hh]:mm:ss;[hh]:mm,"1899-12-31 (=MIN(DU8:DU39,DU52:DU83,DU96:DU127))","0 (=MIN(DU8:DU39,DU52:DU83,DU96:DU127))",0,원시 수치 보존
poi-src/test-data/spreadsheet/57181.xlsm,General!DU41,xl/worksheets/sheet2.xml:DU41,0,[=0]?;[<4.16666666666667][hh]:mm:ss;[hh]:mm,"1899-12-31 (=IF(COUNT(DU8:DU39)<>0,AVERAGE(DU8:DU39),))","0 (=IF(COUNT(DU8:DU39)<>0,AVERAGE(DU8:DU39),))",0,원시 수치 보존
poi-src/test-data/spreadsheet/57181.xlsm,General!DU42,xl/worksheets/sheet2.xml:DU42,0,[=0]?;[<4.16666666666667][hh]:mm:ss;[hh]:mm,1899-12-31 (=MAX(DU8:DU39)),0 (=MAX(DU8:DU39)),0,원시 수치 보존
poi-src/test-data/spreadsheet/57181.xlsm,General!DU43,xl/worksheets/sheet2.xml:DU43,0,[=0]?;[<4.16666666666667][hh]:mm:ss;[hh]:mm,1899-12-31 (=MIN(DU8:DU39)),0 (=MIN(DU8:DU39)),0,원시 수치 보존
poi-src/test-data/spreadsheet/57181.xlsm,General!DU85,xl/worksheets/sheet2.xml:DU85,0,[=0]?;[<4.16666666666667][hh]:mm:ss;[hh]:mm,"1899-12-31 (=IF(COUNT(DU8:DU39,DU52:DU83)<>0,AVERAGE(DU8:DU39,DU52:DU83),))","0 (=IF(COUNT(DU8:DU39,DU52:DU83)<>0,AVERAGE(DU8:DU39,DU52:DU83),))",0,원시 수치 보존
poi-src/test-data/spreadsheet/57181.xlsm,General!DU86,xl/worksheets/sheet2.xml:DU86,0,[=0]?;[<4.16666666666667][hh]:mm:ss;[hh]:mm,"1899-12-31 (=MAX(DU8:DU39,DU52:DU83))","0 (=MAX(DU8:DU39,DU52:DU83))",0,원시 수치 보존
poi-src/test-data/spreadsheet/57181.xlsm,General!DU87,xl/worksheets/sheet2.xml:DU87,0,[=0]?;[<4.16666666666667][hh]:mm:ss;[hh]:mm,"1899-12-31 (=MIN(DU8:DU39,DU52:DU83))","0 (=MIN(DU8:DU39,DU52:DU83))",0,원시 수치 보존
poi-src/test-data/spreadsheet/57181.xlsm,General!DV128,xl/worksheets/sheet2.xml:DV128,0,[=0]?;[<4.16666666666667][hh]:mm:ss;[hh]:mm,"1899-12-31 (=SUM(DV8:DV39,DV52:DV83,DV96:DV127))","0 (=SUM(DV8:DV39,DV52:DV83,DV96:DV127))",0,원시 수치 보존
poi-src/test-data/spreadsheet/57181.xlsm,General!DV129,xl/worksheets/sheet2.xml:DV129,0,[=0]?;[<4.16666666666667][hh]:mm:ss;[hh]:mm,"1899-12-31 (=IF(COUNT(DV8:DV39,DV52:DV83,DV96:DV127)<>0,AVERAGE(DV8:DV39,DV52:DV83,DV96:DV127),))","0 (=IF(COUNT(DV8:DV39,DV52:DV83,DV96:DV127)<>0,AVERAGE(DV8:DV39,DV52:DV83,DV96:DV127),))",0,원시 수치 보존
poi-src/test-data/spreadsheet/57181.xlsm,General!DV130,xl/worksheets/sheet2.xml:DV130,0,[=0]?;[<4.16666666666667][hh]:mm:ss;[hh]:mm,"1899-12-31 (=MAX(DV8:DV39,DV52:DV83,DV96:DV127))","0 (=MAX(DV8:DV39,DV52:DV83,DV96:DV127))",0,원시 수치 보존
poi-src/test-data/spreadsheet/57181.xlsm,General!DV131,xl/worksheets/sheet2.xml:DV131,0,[=0]?;[<4.16666666666667][hh]:mm:ss;[hh]:mm,"1899-12-31 (=MIN(DV8:DV39,DV52:DV83,DV96:DV127))","0 (=MIN(DV8:DV39,DV52:DV83,DV96:DV127))",0,원시 수치 보존
poi-src/test-data/spreadsheet/57181.xlsm,General!DV40,xl/worksheets/sheet2.xml:DV40,0,[=0]?;[<4.16666666666667][hh]:mm:ss;[hh]:mm,1899-12-31 (=SUM(DV8:DV39)),0 (=SUM(DV8:DV39)),0,원시 수치 보존
poi-src/test-data/spreadsheet/57181.xlsm,General!DV41,xl/worksheets/sheet2.xml:DV41,0,[=0]?;[<4.16666666666667][hh]:mm:ss;[hh]:mm,"1899-12-31 (=IF(COUNT(DV8:DV39)<>0,AVERAGE(DV8:DV39),))","0 (=IF(COUNT(DV8:DV39)<>0,AVERAGE(DV8:DV39),))",0,원시 수치 보존
poi-src/test-data/spreadsheet/57181.xlsm,General!DV42,xl/worksheets/sheet2.xml:DV42,0,[=0]?;[<4.16666666666667][hh]:mm:ss;[hh]:mm,1899-12-31 (=MAX(DV8:DV39)),0 (=MAX(DV8:DV39)),0,원시 수치 보존
poi-src/test-data/spreadsheet/57181.xlsm,General!DV43,xl/worksheets/sheet2.xml:DV43,0,[=0]?;[<4.16666666666667][hh]:mm:ss;[hh]:mm,1899-12-31 (=MIN(DV8:DV39)),0 (=MIN(DV8:DV39)),0,원시 수치 보존
poi-src/test-data/spreadsheet/57181.xlsm,General!DV84,xl/worksheets/sheet2.xml:DV84,0,[=0]?;[<4.16666666666667][hh]:mm:ss;[hh]:mm,"1899-12-31 (=SUM(DV8:DV39,DV52:DV83))","0 (=SUM(DV8:DV39,DV52:DV83))",0,원시 수치 보존
poi-src/test-data/spreadsheet/57181.xlsm,General!DV85,xl/worksheets/sheet2.xml:DV85,0,[=0]?;[<4.16666666666667][hh]:mm:ss;[hh]:mm,"1899-12-31 (=IF(COUNT(DV8:DV39,DV52:DV83)<>0,AVERAGE(DV8:DV39,DV52:DV83),))","0 (=IF(COUNT(DV8:DV39,DV52:DV83)<>0,AVERAGE(DV8:DV39,DV52:DV83),))",0,원시 수치 보존
poi-src/test-data/spreadsheet/57181.xlsm,General!DV86,xl/worksheets/sheet2.xml:DV86,0,[=0]?;[<4.16666666666667][hh]:mm:ss;[hh]:mm,"1899-12-31 (=MAX(DV8:DV39,DV52:DV83))","0 (=MAX(DV8:DV39,DV52:DV83))",0,원시 수치 보존
poi-src/test-data/spreadsheet/57181.xlsm,General!DV87,xl/worksheets/sheet2.xml:DV87,0,[=0]?;[<4.16666666666667][hh]:mm:ss;[hh]:mm,"1899-12-31 (=MIN(DV8:DV39,DV52:DV83))","0 (=MIN(DV8:DV39,DV52:DV83))",0,원시 수치 보존
poi-src/test-data/spreadsheet/57181.xlsm,General!DW130,xl/worksheets/sheet2.xml:DW130,0,[=0]?;[<4.16666666666667][hh]:mm:ss;[hh]:mm,"1899-12-31 (=MAX(DW8:DW39,DW52:DW83,DW96:DW127))","0 (=MAX(DW8:DW39,DW52:DW83,DW96:DW127))",0,원시 수치 보존
poi-src/test-data/spreadsheet/57181.xlsm,General!DW131,xl/worksheets/sheet2.xml:DW131,0,[=0]?;[<4.16666666666667][hh]:mm:ss;[hh]:mm,"1899-12-31 (=MIN(DW8:DW39,DW52:DW83,DW96:DW127))","0 (=MIN(DW8:DW39,DW52:DW83,DW96:DW127))",0,원시 수치 보존
poi-src/test-data/spreadsheet/57181.xlsm,General!DW42,xl/worksheets/sheet2.xml:DW42,0,[=0]?;[<4.16666666666667][hh]:mm:ss;[hh]:mm,1899-12-31 (=MAX(DW8:DW39)),0 (=MAX(DW8:DW39)),0,원시 수치 보존
poi-src/test-data/spreadsheet/57181.xlsm,General!DW43,xl/worksheets/sheet2.xml:DW43,0,[=0]?;[<4.16666666666667][hh]:mm:ss;[hh]:mm,1899-12-31 (=MIN(DW8:DW39)),0 (=MIN(DW8:DW39)),0,원시 수치 보존
poi-src/test-data/spreadsheet/57181.xlsm,General!DW86,xl/worksheets/sheet2.xml:DW86,0,[=0]?;[<4.16666666666667][hh]:mm:ss;[hh]:mm,"1899-12-31 (=MAX(DW8:DW39,DW52:DW83))","0 (=MAX(DW8:DW39,DW52:DW83))",0,원시 수치 보존
poi-src/test-data/spreadsheet/57181.xlsm,General!DW87,xl/worksheets/sheet2.xml:DW87,0,[=0]?;[<4.16666666666667][hh]:mm:ss;[hh]:mm,"1899-12-31 (=MIN(DW8:DW39,DW52:DW83))","0 (=MIN(DW8:DW39,DW52:DW83))",0,원시 수치 보존
poi-src/test-data/spreadsheet/57181.xlsm,General!DX128,xl/worksheets/sheet2.xml:DX128,0,[=0]?;[<4.16666666666667][hh]:mm:ss;[hh]:mm,"1899-12-31 (=SUM(DX8:DX39,DX52:DX83,DX96:DX127))","0 (=SUM(DX8:DX39,DX52:DX83,DX96:DX127))",0,원시 수치 보존
poi-src/test-data/spreadsheet/57181.xlsm,General!DX129,xl/worksheets/sheet2.xml:DX129,0,[=0]?;[<4.16666666666667][hh]:mm:ss;[hh]:mm,"1899-12-31 (=IF(COUNT(DX8:DX39,DX52:DX83,DX96:DX127)<>0,AVERAGE(DX8:DX39,DX52:DX83,DX96:DX127),))","0 (=IF(COUNT(DX8:DX39,DX52:DX83,DX96:DX127)<>0,AVERAGE(DX8:DX39,DX52:DX83,DX96:DX127),))",0,원시 수치 보존
poi-src/test-data/spreadsheet/57181.xlsm,General!DX130,xl/worksheets/sheet2.xml:DX130,0,[=0]?;[<4.16666666666667][hh]:mm:ss;[hh]:mm,"1899-12-31 (=MAX(DX8:DX39,DX52:DX83,DX96:DX127))","0 (=MAX(DX8:DX39,DX52:DX83,DX96:DX127))",0,원시 수치 보존
poi-src/test-data/spreadsheet/57181.xlsm,General!DX131,xl/worksheets/sheet2.xml:DX131,0,[=0]?;[<4.16666666666667][hh]:mm:ss;[hh]:mm,"1899-12-31 (=MIN(DX8:DX39,DX52:DX83,DX96:DX127))","0 (=MIN(DX8:DX39,DX52:DX83,DX96:DX127))",0,원시 수치 보존
poi-src/test-data/spreadsheet/57181.xlsm,General!DX40,xl/worksheets/sheet2.xml:DX40,0,[=0]?;[<4.16666666666667][hh]:mm:ss;[hh]:mm,1899-12-31 (=SUM(DX8:DX39)),0 (=SUM(DX8:DX39)),0,원시 수치 보존
poi-src/test-data/spreadsheet/57181.xlsm,General!DX41,xl/worksheets/sheet2.xml:DX41,0,[=0]?;[<4.16666666666667][hh]:mm:ss;[hh]:mm,"1899-12-31 (=IF(COUNT(DX8:DX39)<>0,AVERAGE(DX8:DX39),))","0 (=IF(COUNT(DX8:DX39)<>0,AVERAGE(DX8:DX39),))",0,원시 수치 보존
poi-src/test-data/spreadsheet/57181.xlsm,General!DX42,xl/worksheets/sheet2.xml:DX42,0,[=0]?;[<4.16666666666667][hh]:mm:ss;[hh]:mm,1899-12-31 (=MAX(DX8:DX39)),0 (=MAX(DX8:DX39)),0,원시 수치 보존
poi-src/test-data/spreadsheet/57181.xlsm,General!DX43,xl/worksheets/sheet2.xml:DX43,0,[=0]?;[<4.16666666666667][hh]:mm:ss;[hh]:mm,1899-12-31 (=MIN(DX8:DX39)),0 (=MIN(DX8:DX39)),0,원시 수치 보존
poi-src/test-data/spreadsheet/57181.xlsm,General!DX84,xl/worksheets/sheet2.xml:DX84,0,[=0]?;[<4.16666666666667][hh]:mm:ss;[hh]:mm,"1899-12-31 (=SUM(DX8:DX39,DX52:DX83))","0 (=SUM(DX8:DX39,DX52:DX83))",0,원시 수치 보존
poi-src/test-data/spreadsheet/57181.xlsm,General!DX85,xl/worksheets/sheet2.xml:DX85,0,[=0]?;[<4.16666666666667][hh]:mm:ss;[hh]:mm,"1899-12-31 (=IF(COUNT(DX8:DX39,DX52:DX83)<>0,AVERAGE(DX8:DX39,DX52:DX83),))","0 (=IF(COUNT(DX8:DX39,DX52:DX83)<>0,AVERAGE(DX8:DX39,DX52:DX83),))",0,원시 수치 보존
poi-src/test-data/spreadsheet/57181.xlsm,General!DX86,xl/worksheets/sheet2.xml:DX86,0,[=0]?;[<4.16666666666667][hh]:mm:ss;[hh]:mm,"1899-12-31 (=MAX(DX8:DX39,DX52:DX83))","0 (=MAX(DX8:DX39,DX52:DX83))",0,원시 수치 보존
poi-src/test-data/spreadsheet/57181.xlsm,General!DX87,xl/worksheets/sheet2.xml:DX87,0,[=0]?;[<4.16666666666667][hh]:mm:ss;[hh]:mm,"1899-12-31 (=MIN(DX8:DX39,DX52:DX83))","0 (=MIN(DX8:DX39,DX52:DX83))",0,원시 수치 보존
poi-src/test-data/spreadsheet/57181.xlsm,General!DY130,xl/worksheets/sheet2.xml:DY130,0,[=0]?;[<4.16666666666667][hh]:mm:ss;[hh]:mm,"1899-12-31 (=MAX(DY8:DY39,DY52:DY83,DY96:DY127))","0 (=MAX(DY8:DY39,DY52:DY83,DY96:DY127))",0,원시 수치 보존
poi-src/test-data/spreadsheet/57181.xlsm,General!DY131,xl/worksheets/sheet2.xml:DY131,0,[=0]?;[<4.16666666666667][hh]:mm:ss;[hh]:mm,"1899-12-31 (=MIN(DY8:DY39,DY52:DY83,DY96:DY127))","0 (=MIN(DY8:DY39,DY52:DY83,DY96:DY127))",0,원시 수치 보존
poi-src/test-data/spreadsheet/57181.xlsm,General!DY42,xl/worksheets/sheet2.xml:DY42,0,[=0]?;[<4.16666666666667][hh]:mm:ss;[hh]:mm,1899-12-31 (=MAX(DY8:DY39)),0 (=MAX(DY8:DY39)),0,원시 수치 보존
poi-src/test-data/spreadsheet/57181.xlsm,General!DY43,xl/worksheets/sheet2.xml:DY43,0,[=0]?;[<4.16666666666667][hh]:mm:ss;[hh]:mm,1899-12-31 (=MIN(DY8:DY39)),0 (=MIN(DY8:DY39)),0,원시 수치 보존
poi-src/test-data/spreadsheet/57181.xlsm,General!DY86,xl/worksheets/sheet2.xml:DY86,0,[=0]?;[<4.16666666666667][hh]:mm:ss;[hh]:mm,"1899-12-31 (=MAX(DY8:DY39,DY52:DY83))","0 (=MAX(DY8:DY39,DY52:DY83))",0,원시 수치 보존
poi-src/test-data/spreadsheet/57181.xlsm,General!DY87,xl/worksheets/sheet2.xml:DY87,0,[=0]?;[<4.16666666666667][hh]:mm:ss;[hh]:mm,"1899-12-31 (=MIN(DY8:DY39,DY52:DY83))","0 (=MIN(DY8:DY39,DY52:DY83))",0,원시 수치 보존
poi-src/test-data/spreadsheet/57181.xlsm,General!DZ128,xl/worksheets/sheet2.xml:DZ128,0,[=0]?;[<4.16666666666667][hh]:mm:ss;[hh]:mm,"1899-12-31 (=SUM(DZ8:DZ39,DZ52:DZ83,DZ96:DZ127))","0 (=SUM(DZ8:DZ39,DZ52:DZ83,DZ96:DZ127))",0,원시 수치 보존
poi-src/test-data/spreadsheet/57181.xlsm,General!DZ129,xl/worksheets/sheet2.xml:DZ129,0,[=0]?;[<4.16666666666667][hh]:mm:ss;[hh]:mm,"1899-12-31 (=IF(COUNT(DZ8:DZ39,DZ52:DZ83,DZ96:DZ127)<>0,AVERAGE(DZ8:DZ39,DZ52:DZ83,DZ96:DZ127),))","0 (=IF(COUNT(DZ8:DZ39,DZ52:DZ83,DZ96:DZ127)<>0,AVERAGE(DZ8:DZ39,DZ52:DZ83,DZ96:DZ127),))",0,원시 수치 보존
poi-src/test-data/spreadsheet/57181.xlsm,General!DZ130,xl/worksheets/sheet2.xml:DZ130,0,[=0]?;[<4.16666666666667][hh]:mm:ss;[hh]:mm,"1899-12-31 (=MAX(DZ8:DZ39,DZ52:DZ83,DZ96:DZ127))","0 (=MAX(DZ8:DZ39,DZ52:DZ83,DZ96:DZ127))",0,원시 수치 보존
poi-src/test-data/spreadsheet/57181.xlsm,General!DZ131,xl/worksheets/sheet2.xml:DZ131,0,[=0]?;[<4.16666666666667][hh]:mm:ss;[hh]:mm,"1899-12-31 (=MIN(DZ8:DZ39,DZ52:DZ83,DZ96:DZ127))","0 (=MIN(DZ8:DZ39,DZ52:DZ83,DZ96:DZ127))",0,원시 수치 보존
poi-src/test-data/spreadsheet/57181.xlsm,General!DZ40,xl/worksheets/sheet2.xml:DZ40,0,[=0]?;[<4.16666666666667][hh]:mm:ss;[hh]:mm,1899-12-31 (=SUM(DZ8:DZ39)),0 (=SUM(DZ8:DZ39)),0,원시 수치 보존
poi-src/test-data/spreadsheet/57181.xlsm,General!DZ41,xl/worksheets/sheet2.xml:DZ41,0,[=0]?;[<4.16666666666667][hh]:mm:ss;[hh]:mm,"1899-12-31 (=IF(COUNT(DZ8:DZ39)<>0,AVERAGE(DZ8:DZ39),))","0 (=IF(COUNT(DZ8:DZ39)<>0,AVERAGE(DZ8:DZ39),))",0,원시 수치 보존
poi-src/test-data/spreadsheet/57181.xlsm,General!DZ42,xl/worksheets/sheet2.xml:DZ42,0,[=0]?;[<4.16666666666667][hh]:mm:ss;[hh]:mm,1899-12-31 (=MAX(DZ8:DZ39)),0 (=MAX(DZ8:DZ39)),0,원시 수치 보존
poi-src/test-data/spreadsheet/57181.xlsm,General!DZ43,xl/worksheets/sheet2.xml:DZ43,0,[=0]?;[<4.16666666666667][hh]:mm:ss;[hh]:mm,1899-12-31 (=MIN(DZ8:DZ39)),0 (=MIN(DZ8:DZ39)),0,원시 수치 보존
poi-src/test-data/spreadsheet/57181.xlsm,General!DZ84,xl/worksheets/sheet2.xml:DZ84,0,[=0]?;[<4.16666666666667][hh]:mm:ss;[hh]:mm,"1899-12-31 (=SUM(DZ8:DZ39,DZ52:DZ83))","0 (=SUM(DZ8:DZ39,DZ52:DZ83))",0,원시 수치 보존
poi-src/test-data/spreadsheet/57181.xlsm,General!DZ85,xl/worksheets/sheet2.xml:DZ85,0,[=0]?;[<4.16666666666667][hh]:mm:ss;[hh]:mm,"1899-12-31 (=IF(COUNT(DZ8:DZ39,DZ52:DZ83)<>0,AVERAGE(DZ8:DZ39,DZ52:DZ83),))","0 (=IF(COUNT(DZ8:DZ39,DZ52:DZ83)<>0,AVERAGE(DZ8:DZ39,DZ52:DZ83),))",0,원시 수치 보존
poi-src/test-data/spreadsheet/57181.xlsm,General!DZ86,xl/worksheets/sheet2.xml:DZ86,0,[=0]?;[<4.16666666666667][hh]:mm:ss;[hh]:mm,"1899-12-31 (=MAX(DZ8:DZ39,DZ52:DZ83))","0 (=MAX(DZ8:DZ39,DZ52:DZ83))",0,원시 수치 보존
poi-src/test-data/spreadsheet/57181.xlsm,General!DZ87,xl/worksheets/sheet2.xml:DZ87,0,[=0]?;[<4.16666666666667][hh]:mm:ss;[hh]:mm,"1899-12-31 (=MIN(DZ8:DZ39,DZ52:DZ83))","0 (=MIN(DZ8:DZ39,DZ52:DZ83))",0,원시 수치 보존
poi-src/test-data/spreadsheet/57181.xlsm,General!EA130,xl/worksheets/sheet2.xml:EA130,0,[=0]?;[<4.16666666666667][hh]:mm:ss;[hh]:mm,"1899-12-31 (=MAX(EA8:EA39,EA52:EA83,EA96:EA127))","0 (=MAX(EA8:EA39,EA52:EA83,EA96:EA127))",0,원시 수치 보존
poi-src/test-data/spreadsheet/57181.xlsm,General!EA131,xl/worksheets/sheet2.xml:EA131,0,[=0]?;[<4.16666666666667][hh]:mm:ss;[hh]:mm,"1899-12-31 (=MIN(EA8:EA39,EA52:EA83,EA96:EA127))","0 (=MIN(EA8:EA39,EA52:EA83,EA96:EA127))",0,원시 수치 보존
poi-src/test-data/spreadsheet/57181.xlsm,General!EA42,xl/worksheets/sheet2.xml:EA42,0,[=0]?;[<4.16666666666667][hh]:mm:ss;[hh]:mm,1899-12-31 (=MAX(EA8:EA39)),0 (=MAX(EA8:EA39)),0,원시 수치 보존
poi-src/test-data/spreadsheet/57181.xlsm,General!EA43,xl/worksheets/sheet2.xml:EA43,0,[=0]?;[<4.16666666666667][hh]:mm:ss;[hh]:mm,1899-12-31 (=MIN(EA8:EA39)),0 (=MIN(EA8:EA39)),0,원시 수치 보존
poi-src/test-data/spreadsheet/57181.xlsm,General!EA86,xl/worksheets/sheet2.xml:EA86,0,[=0]?;[<4.16666666666667][hh]:mm:ss;[hh]:mm,"1899-12-31 (=MAX(EA8:EA39,EA52:EA83))","0 (=MAX(EA8:EA39,EA52:EA83))",0,원시 수치 보존
poi-src/test-data/spreadsheet/57181.xlsm,General!EA87,xl/worksheets/sheet2.xml:EA87,0,[=0]?;[<4.16666666666667][hh]:mm:ss;[hh]:mm,"1899-12-31 (=MIN(EA8:EA39,EA52:EA83))","0 (=MIN(EA8:EA39,EA52:EA83))",0,원시 수치 보존
poi-src/test-data/spreadsheet/57181.xlsm,General!EB128,xl/worksheets/sheet2.xml:EB128,0,[=0]?;[<4.16666666666667][hh]:mm:ss;[hh]:mm,"1899-12-31 (=SUM(EB8:EB39,EB52:EB83,EB96:EB127))","0 (=SUM(EB8:EB39,EB52:EB83,EB96:EB127))",0,원시 수치 보존
poi-src/test-data/spreadsheet/57181.xlsm,General!EB129,xl/worksheets/sheet2.xml:EB129,0,[=0]?;[<4.16666666666667][hh]:mm:ss;[hh]:mm,"1899-12-31 (=IF(COUNT(EB8:EB39,EB52:EB83,EB96:EB127)<>0,AVERAGE(EB8:EB39,EB52:EB83,EB96:EB127),))","0 (=IF(COUNT(EB8:EB39,EB52:EB83,EB96:EB127)<>0,AVERAGE(EB8:EB39,EB52:EB83,EB96:EB127),))",0,원시 수치 보존
poi-src/test-data/spreadsheet/57181.xlsm,General!EB130,xl/worksheets/sheet2.xml:EB130,0,[=0]?;[<4.16666666666667][hh]:mm:ss;[hh]:mm,"1899-12-31 (=MAX(EB8:EB39,EB52:EB83,EB96:EB127))","0 (=MAX(EB8:EB39,EB52:EB83,EB96:EB127))",0,원시 수치 보존
poi-src/test-data/spreadsheet/57181.xlsm,General!EB131,xl/worksheets/sheet2.xml:EB131,0,[=0]?;[<4.16666666666667][hh]:mm:ss;[hh]:mm,"1899-12-31 (=MIN(EB8:EB39,EB52:EB83,EB96:EB127))","0 (=MIN(EB8:EB39,EB52:EB83,EB96:EB127))",0,원시 수치 보존
poi-src/test-data/spreadsheet/57181.xlsm,General!EB40,xl/worksheets/sheet2.xml:EB40,0,[=0]?;[<4.16666666666667][hh]:mm:ss;[hh]:mm,1899-12-31 (=SUM(EB8:EB39)),0 (=SUM(EB8:EB39)),0,원시 수치 보존
poi-src/test-data/spreadsheet/57181.xlsm,General!EB41,xl/worksheets/sheet2.xml:EB41,0,[=0]?;[<4.16666666666667][hh]:mm:ss;[hh]:mm,"1899-12-31 (=IF(COUNT(EB8:EB39)<>0,AVERAGE(EB8:EB39),))","0 (=IF(COUNT(EB8:EB39)<>0,AVERAGE(EB8:EB39),))",0,원시 수치 보존
poi-src/test-data/spreadsheet/57181.xlsm,General!EB42,xl/worksheets/sheet2.xml:EB42,0,[=0]?;[<4.16666666666667][hh]:mm:ss;[hh]:mm,1899-12-31 (=MAX(EB8:EB39)),0 (=MAX(EB8:EB39)),0,원시 수치 보존
poi-src/test-data/spreadsheet/57181.xlsm,General!EB43,xl/worksheets/sheet2.xml:EB43,0,[=0]?;[<4.16666666666667][hh]:mm:ss;[hh]:mm,1899-12-31 (=MIN(EB8:EB39)),0 (=MIN(EB8:EB39)),0,원시 수치 보존
poi-src/test-data/spreadsheet/57181.xlsm,General!EB84,xl/worksheets/sheet2.xml:EB84,0,[=0]?;[<4.16666666666667][hh]:mm:ss;[hh]:mm,"1899-12-31 (=SUM(EB8:EB39,EB52:EB83))","0 (=SUM(EB8:EB39,EB52:EB83))",0,원시 수치 보존
poi-src/test-data/spreadsheet/57181.xlsm,General!EB85,xl/worksheets/sheet2.xml:EB85,0,[=0]?;[<4.16666666666667][hh]:mm:ss;[hh]:mm,"1899-12-31 (=IF(COUNT(EB8:EB39,EB52:EB83)<>0,AVERAGE(EB8:EB39,EB52:EB83),))","0 (=IF(COUNT(EB8:EB39,EB52:EB83)<>0,AVERAGE(EB8:EB39,EB52:EB83),))",0,원시 수치 보존
poi-src/test-data/spreadsheet/57181.xlsm,General!EB86,xl/worksheets/sheet2.xml:EB86,0,[=0]?;[<4.16666666666667][hh]:mm:ss;[hh]:mm,"1899-12-31 (=MAX(EB8:EB39,EB52:EB83))","0 (=MAX(EB8:EB39,EB52:EB83))",0,원시 수치 보존
poi-src/test-data/spreadsheet/57181.xlsm,General!EB87,xl/worksheets/sheet2.xml:EB87,0,[=0]?;[<4.16666666666667][hh]:mm:ss;[hh]:mm,"1899-12-31 (=MIN(EB8:EB39,EB52:EB83))","0 (=MIN(EB8:EB39,EB52:EB83))",0,원시 수치 보존
poi-src/test-data/spreadsheet/57181.xlsm,General!EC128,xl/worksheets/sheet2.xml:EC128,0,[=0]?;[<4.16666666666667][hh]:mm:ss;[hh]:mm,"1899-12-31 (=SUM(EC8:EC39,EC52:EC83,EC96:EC127))","0 (=SUM(EC8:EC39,EC52:EC83,EC96:EC127))",0,원시 수치 보존
poi-src/test-data/spreadsheet/57181.xlsm,General!EC129,xl/worksheets/sheet2.xml:EC129,0,[=0]?;[<4.16666666666667][hh]:mm:ss;[hh]:mm,"1899-12-31 (=IF(COUNT(EC8:EC39,EC52:EC83,EC96:EC127)<>0,AVERAGE(EC8:EC39,EC52:EC83,EC96:EC127),))","0 (=IF(COUNT(EC8:EC39,EC52:EC83,EC96:EC127)<>0,AVERAGE(EC8:EC39,EC52:EC83,EC96:EC127),))",0,원시 수치 보존
poi-src/test-data/spreadsheet/57181.xlsm,General!EC130,xl/worksheets/sheet2.xml:EC130,0,[=0]?;[<4.16666666666667][hh]:mm:ss;[hh]:mm,"1899-12-31 (=MAX(EC8:EC39,EC52:EC83,EC96:EC127))","0 (=MAX(EC8:EC39,EC52:EC83,EC96:EC127))",0,원시 수치 보존
poi-src/test-data/spreadsheet/57181.xlsm,General!EC131,xl/worksheets/sheet2.xml:EC131,0,[=0]?;[<4.16666666666667][hh]:mm:ss;[hh]:mm,"1899-12-31 (=MIN(EC8:EC39,EC52:EC83,EC96:EC127))","0 (=MIN(EC8:EC39,EC52:EC83,EC96:EC127))",0,원시 수치 보존
poi-src/test-data/spreadsheet/57181.xlsm,General!EC40,xl/worksheets/sheet2.xml:EC40,0,[=0]?;[<4.16666666666667][hh]:mm:ss;[hh]:mm,1899-12-31 (=SUM(EC8:EC39)),0 (=SUM(EC8:EC39)),0,원시 수치 보존
poi-src/test-data/spreadsheet/57181.xlsm,General!EC41,xl/worksheets/sheet2.xml:EC41,0,[=0]?;[<4.16666666666667][hh]:mm:ss;[hh]:mm,"1899-12-31 (=IF(COUNT(EC8:EC39)<>0,AVERAGE(EC8:EC39),))","0 (=IF(COUNT(EC8:EC39)<>0,AVERAGE(EC8:EC39),))",0,원시 수치 보존
poi-src/test-data/spreadsheet/57181.xlsm,General!EC42,xl/worksheets/sheet2.xml:EC42,0,[=0]?;[<4.16666666666667][hh]:mm:ss;[hh]:mm,1899-12-31 (=MAX(EC8:EC39)),0 (=MAX(EC8:EC39)),0,원시 수치 보존
poi-src/test-data/spreadsheet/57181.xlsm,General!EC43,xl/worksheets/sheet2.xml:EC43,0,[=0]?;[<4.16666666666667][hh]:mm:ss;[hh]:mm,1899-12-31 (=MIN(EC8:EC39)),0 (=MIN(EC8:EC39)),0,원시 수치 보존
poi-src/test-data/spreadsheet/57181.xlsm,General!EC84,xl/worksheets/sheet2.xml:EC84,0,[=0]?;[<4.16666666666667][hh]:mm:ss;[hh]:mm,"1899-12-31 (=SUM(EC8:EC39,EC52:EC83))","0 (=SUM(EC8:EC39,EC52:EC83))",0,원시 수치 보존
poi-src/test-data/spreadsheet/57181.xlsm,General!EC85,xl/worksheets/sheet2.xml:EC85,0,[=0]?;[<4.16666666666667][hh]:mm:ss;[hh]:mm,"1899-12-31 (=IF(COUNT(EC8:EC39,EC52:EC83)<>0,AVERAGE(EC8:EC39,EC52:EC83),))","0 (=IF(COUNT(EC8:EC39,EC52:EC83)<>0,AVERAGE(EC8:EC39,EC52:EC83),))",0,원시 수치 보존
poi-src/test-data/spreadsheet/57181.xlsm,General!EC86,xl/worksheets/sheet2.xml:EC86,0,[=0]?;[<4.16666666666667][hh]:mm:ss;[hh]:mm,"1899-12-31 (=MAX(EC8:EC39,EC52:EC83))","0 (=MAX(EC8:EC39,EC52:EC83))",0,원시 수치 보존
poi-src/test-data/spreadsheet/57181.xlsm,General!EC87,xl/worksheets/sheet2.xml:EC87,0,[=0]?;[<4.16666666666667][hh]:mm:ss;[hh]:mm,"1899-12-31 (=MIN(EC8:EC39,EC52:EC83))","0 (=MIN(EC8:EC39,EC52:EC83))",0,원시 수치 보존
poi-src/test-data/spreadsheet/57181.xlsm,General!ED128,xl/worksheets/sheet2.xml:ED128,0,[=0]?;[<4.16666666666667][hh]:mm:ss;[hh]:mm,"1899-12-31 (=SUM(ED8:ED39,ED52:ED83,ED96:ED127))","0 (=SUM(ED8:ED39,ED52:ED83,ED96:ED127))",0,원시 수치 보존
poi-src/test-data/spreadsheet/57181.xlsm,General!ED129,xl/worksheets/sheet2.xml:ED129,0,[=0]?;[<4.16666666666667][hh]:mm:ss;[hh]:mm,"1899-12-31 (=IF(COUNT(ED8:ED39,ED52:ED83,ED96:ED127)<>0,AVERAGE(ED8:ED39,ED52:ED83,ED96:ED127),))","0 (=IF(COUNT(ED8:ED39,ED52:ED83,ED96:ED127)<>0,AVERAGE(ED8:ED39,ED52:ED83,ED96:ED127),))",0,원시 수치 보존
poi-src/test-data/spreadsheet/57181.xlsm,General!ED130,xl/worksheets/sheet2.xml:ED130,0,[=0]?;[<4.16666666666667][hh]:mm:ss;[hh]:mm,"1899-12-31 (=MAX(ED8:ED39,ED52:ED83,ED96:ED127))","0 (=MAX(ED8:ED39,ED52:ED83,ED96:ED127))",0,원시 수치 보존
poi-src/test-data/spreadsheet/57181.xlsm,General!ED131,xl/worksheets/sheet2.xml:ED131,0,[=0]?;[<4.16666666666667][hh]:mm:ss;[hh]:mm,"1899-12-31 (=MIN(ED8:ED39,ED52:ED83,ED96:ED127))","0 (=MIN(ED8:ED39,ED52:ED83,ED96:ED127))",0,원시 수치 보존
poi-src/test-data/spreadsheet/57181.xlsm,General!ED40,xl/worksheets/sheet2.xml:ED40,0,[=0]?;[<4.16666666666667][hh]:mm:ss;[hh]:mm,1899-12-31 (=SUM(ED8:ED39)),0 (=SUM(ED8:ED39)),0,원시 수치 보존
poi-src/test-data/spreadsheet/57181.xlsm,General!ED41,xl/worksheets/sheet2.xml:ED41,0,[=0]?;[<4.16666666666667][hh]:mm:ss;[hh]:mm,"1899-12-31 (=IF(COUNT(ED8:ED39)<>0,AVERAGE(ED8:ED39),))","0 (=IF(COUNT(ED8:ED39)<>0,AVERAGE(ED8:ED39),))",0,원시 수치 보존
poi-src/test-data/spreadsheet/57181.xlsm,General!ED42,xl/worksheets/sheet2.xml:ED42,0,[=0]?;[<4.16666666666667][hh]:mm:ss;[hh]:mm,1899-12-31 (=MAX(ED8:ED39)),0 (=MAX(ED8:ED39)),0,원시 수치 보존
poi-src/test-data/spreadsheet/57181.xlsm,General!ED43,xl/worksheets/sheet2.xml:ED43,0,[=0]?;[<4.16666666666667][hh]:mm:ss;[hh]:mm,1899-12-31 (=MIN(ED8:ED39)),0 (=MIN(ED8:ED39)),0,원시 수치 보존
poi-src/test-data/spreadsheet/57181.xlsm,General!ED84,xl/worksheets/sheet2.xml:ED84,0,[=0]?;[<4.16666666666667][hh]:mm:ss;[hh]:mm,"1899-12-31 (=SUM(ED8:ED39,ED52:ED83))","0 (=SUM(ED8:ED39,ED52:ED83))",0,원시 수치 보존
poi-src/test-data/spreadsheet/57181.xlsm,General!ED85,xl/worksheets/sheet2.xml:ED85,0,[=0]?;[<4.16666666666667][hh]:mm:ss;[hh]:mm,"1899-12-31 (=IF(COUNT(ED8:ED39,ED52:ED83)<>0,AVERAGE(ED8:ED39,ED52:ED83),))","0 (=IF(COUNT(ED8:ED39,ED52:ED83)<>0,AVERAGE(ED8:ED39,ED52:ED83),))",0,원시 수치 보존
poi-src/test-data/spreadsheet/57181.xlsm,General!ED86,xl/worksheets/sheet2.xml:ED86,0,[=0]?;[<4.16666666666667][hh]:mm:ss;[hh]:mm,"1899-12-31 (=MAX(ED8:ED39,ED52:ED83))","0 (=MAX(ED8:ED39,ED52:ED83))",0,원시 수치 보존
poi-src/test-data/spreadsheet/57181.xlsm,General!ED87,xl/worksheets/sheet2.xml:ED87,0,[=0]?;[<4.16666666666667][hh]:mm:ss;[hh]:mm,"1899-12-31 (=MIN(ED8:ED39,ED52:ED83))","0 (=MIN(ED8:ED39,ED52:ED83))",0,원시 수치 보존
poi-src/test-data/spreadsheet/57181.xlsm,General!EE130,xl/worksheets/sheet2.xml:EE130,0,[=0]?;[<4.16666666666667][hh]:mm:ss;[hh]:mm,"1899-12-31 (=MAX(EE8:EE39,EE52:EE83,EE96:EE127))","0 (=MAX(EE8:EE39,EE52:EE83,EE96:EE127))",0,원시 수치 보존
poi-src/test-data/spreadsheet/57181.xlsm,General!EE131,xl/worksheets/sheet2.xml:EE131,0,[=0]?;[<4.16666666666667][hh]:mm:ss;[hh]:mm,"1899-12-31 (=MIN(EE8:EE39,EE52:EE83,EE96:EE127))","0 (=MIN(EE8:EE39,EE52:EE83,EE96:EE127))",0,원시 수치 보존
poi-src/test-data/spreadsheet/57181.xlsm,General!EE42,xl/worksheets/sheet2.xml:EE42,0,[=0]?;[<4.16666666666667][hh]:mm:ss;[hh]:mm,1899-12-31 (=MAX(EE8:EE39)),0 (=MAX(EE8:EE39)),0,원시 수치 보존
poi-src/test-data/spreadsheet/57181.xlsm,General!EE43,xl/worksheets/sheet2.xml:EE43,0,[=0]?;[<4.16666666666667][hh]:mm:ss;[hh]:mm,1899-12-31 (=MIN(EE8:EE39)),0 (=MIN(EE8:EE39)),0,원시 수치 보존
poi-src/test-data/spreadsheet/57181.xlsm,General!EE86,xl/worksheets/sheet2.xml:EE86,0,[=0]?;[<4.16666666666667][hh]:mm:ss;[hh]:mm,"1899-12-31 (=MAX(EE8:EE39,EE52:EE83))","0 (=MAX(EE8:EE39,EE52:EE83))",0,원시 수치 보존
poi-src/test-data/spreadsheet/57181.xlsm,General!EE87,xl/worksheets/sheet2.xml:EE87,0,[=0]?;[<4.16666666666667][hh]:mm:ss;[hh]:mm,"1899-12-31 (=MIN(EE8:EE39,EE52:EE83))","0 (=MIN(EE8:EE39,EE52:EE83))",0,원시 수치 보존
poi-src/test-data/spreadsheet/57181.xlsm,General!EF128,xl/worksheets/sheet2.xml:EF128,0,[=0]?;[<4.16666666666667][hh]:mm:ss;[hh]:mm,"1899-12-31 (=SUM(EF8:EF39,EF52:EF83,EF96:EF127))","0 (=SUM(EF8:EF39,EF52:EF83,EF96:EF127))",0,원시 수치 보존
poi-src/test-data/spreadsheet/57181.xlsm,General!EF129,xl/worksheets/sheet2.xml:EF129,0,[=0]?;[<4.16666666666667][hh]:mm:ss;[hh]:mm,"1899-12-31 (=IF(COUNT(EF8:EF39,EF52:EF83,EF96:EF127)<>0,AVERAGE(EF8:EF39,EF52:EF83,EF96:EF127),))","0 (=IF(COUNT(EF8:EF39,EF52:EF83,EF96:EF127)<>0,AVERAGE(EF8:EF39,EF52:EF83,EF96:EF127),))",0,원시 수치 보존
poi-src/test-data/spreadsheet/57181.xlsm,General!EF130,xl/worksheets/sheet2.xml:EF130,0,[=0]?;[<4.16666666666667][hh]:mm:ss;[hh]:mm,"1899-12-31 (=MAX(EF8:EF39,EF52:EF83,EF96:EF127))","0 (=MAX(EF8:EF39,EF52:EF83,EF96:EF127))",0,원시 수치 보존
poi-src/test-data/spreadsheet/57181.xlsm,General!EF131,xl/worksheets/sheet2.xml:EF131,0,[=0]?;[<4.16666666666667][hh]:mm:ss;[hh]:mm,"1899-12-31 (=MIN(EF8:EF39,EF52:EF83,EF96:EF127))","0 (=MIN(EF8:EF39,EF52:EF83,EF96:EF127))",0,원시 수치 보존
poi-src/test-data/spreadsheet/57181.xlsm,General!EF40,xl/worksheets/sheet2.xml:EF40,0,[=0]?;[<4.16666666666667][hh]:mm:ss;[hh]:mm,1899-12-31 (=SUM(EF8:EF39)),0 (=SUM(EF8:EF39)),0,원시 수치 보존
poi-src/test-data/spreadsheet/57181.xlsm,General!EF41,xl/worksheets/sheet2.xml:EF41,0,[=0]?;[<4.16666666666667][hh]:mm:ss;[hh]:mm,"1899-12-31 (=IF(COUNT(EF8:EF39)<>0,AVERAGE(EF8:EF39),))","0 (=IF(COUNT(EF8:EF39)<>0,AVERAGE(EF8:EF39),))",0,원시 수치 보존
poi-src/test-data/spreadsheet/57181.xlsm,General!EF42,xl/worksheets/sheet2.xml:EF42,0,[=0]?;[<4.16666666666667][hh]:mm:ss;[hh]:mm,1899-12-31 (=MAX(EF8:EF39)),0 (=MAX(EF8:EF39)),0,원시 수치 보존
poi-src/test-data/spreadsheet/57181.xlsm,General!EF43,xl/worksheets/sheet2.xml:EF43,0,[=0]?;[<4.16666666666667][hh]:mm:ss;[hh]:mm,1899-12-31 (=MIN(EF8:EF39)),0 (=MIN(EF8:EF39)),0,원시 수치 보존
poi-src/test-data/spreadsheet/57181.xlsm,General!EF84,xl/worksheets/sheet2.xml:EF84,0,[=0]?;[<4.16666666666667][hh]:mm:ss;[hh]:mm,"1899-12-31 (=SUM(EF8:EF39,EF52:EF83))","0 (=SUM(EF8:EF39,EF52:EF83))",0,원시 수치 보존
poi-src/test-data/spreadsheet/57181.xlsm,General!EF85,xl/worksheets/sheet2.xml:EF85,0,[=0]?;[<4.16666666666667][hh]:mm:ss;[hh]:mm,"1899-12-31 (=IF(COUNT(EF8:EF39,EF52:EF83)<>0,AVERAGE(EF8:EF39,EF52:EF83),))","0 (=IF(COUNT(EF8:EF39,EF52:EF83)<>0,AVERAGE(EF8:EF39,EF52:EF83),))",0,원시 수치 보존
poi-src/test-data/spreadsheet/57181.xlsm,General!EF86,xl/worksheets/sheet2.xml:EF86,0,[=0]?;[<4.16666666666667][hh]:mm:ss;[hh]:mm,"1899-12-31 (=MAX(EF8:EF39,EF52:EF83))","0 (=MAX(EF8:EF39,EF52:EF83))",0,원시 수치 보존
poi-src/test-data/spreadsheet/57181.xlsm,General!EF87,xl/worksheets/sheet2.xml:EF87,0,[=0]?;[<4.16666666666667][hh]:mm:ss;[hh]:mm,"1899-12-31 (=MIN(EF8:EF39,EF52:EF83))","0 (=MIN(EF8:EF39,EF52:EF83))",0,원시 수치 보존
poi-src/test-data/spreadsheet/57181.xlsm,General!EG130,xl/worksheets/sheet2.xml:EG130,0,[=0]?;[<4.16666666666667][hh]:mm:ss;[hh]:mm,"1899-12-31 (=MAX(EG8:EG39,EG52:EG83,EG96:EG127))","0 (=MAX(EG8:EG39,EG52:EG83,EG96:EG127))",0,원시 수치 보존
poi-src/test-data/spreadsheet/57181.xlsm,General!EG131,xl/worksheets/sheet2.xml:EG131,0,[=0]?;[<4.16666666666667][hh]:mm:ss;[hh]:mm,"1899-12-31 (=MIN(EG8:EG39,EG52:EG83,EG96:EG127))","0 (=MIN(EG8:EG39,EG52:EG83,EG96:EG127))",0,원시 수치 보존
poi-src/test-data/spreadsheet/57181.xlsm,General!EG42,xl/worksheets/sheet2.xml:EG42,0,[=0]?;[<4.16666666666667][hh]:mm:ss;[hh]:mm,1899-12-31 (=MAX(EG8:EG39)),0 (=MAX(EG8:EG39)),0,원시 수치 보존
poi-src/test-data/spreadsheet/57181.xlsm,General!EG43,xl/worksheets/sheet2.xml:EG43,0,[=0]?;[<4.16666666666667][hh]:mm:ss;[hh]:mm,1899-12-31 (=MIN(EG8:EG39)),0 (=MIN(EG8:EG39)),0,원시 수치 보존
poi-src/test-data/spreadsheet/57181.xlsm,General!EG86,xl/worksheets/sheet2.xml:EG86,0,[=0]?;[<4.16666666666667][hh]:mm:ss;[hh]:mm,"1899-12-31 (=MAX(EG8:EG39,EG52:EG83))","0 (=MAX(EG8:EG39,EG52:EG83))",0,원시 수치 보존
poi-src/test-data/spreadsheet/57181.xlsm,General!EG87,xl/worksheets/sheet2.xml:EG87,0,[=0]?;[<4.16666666666667][hh]:mm:ss;[hh]:mm,"1899-12-31 (=MIN(EG8:EG39,EG52:EG83))","0 (=MIN(EG8:EG39,EG52:EG83))",0,원시 수치 보존
poi-src/test-data/spreadsheet/57181.xlsm,General!EH128,xl/worksheets/sheet2.xml:EH128,0,[=0]?;[<4.16666666666667][hh]:mm:ss;[hh]:mm,"1899-12-31 (=SUM(EH8:EH39,EH52:EH83,EH96:EH127))","0 (=SUM(EH8:EH39,EH52:EH83,EH96:EH127))",0,원시 수치 보존
poi-src/test-data/spreadsheet/57181.xlsm,General!EH129,xl/worksheets/sheet2.xml:EH129,0,[=0]?;[<4.16666666666667][hh]:mm:ss;[hh]:mm,"1899-12-31 (=IF(COUNT(EH8:EH39,EH52:EH83,EH96:EH127)<>0,AVERAGE(EH8:EH39,EH52:EH83,EH96:EH127),))","0 (=IF(COUNT(EH8:EH39,EH52:EH83,EH96:EH127)<>0,AVERAGE(EH8:EH39,EH52:EH83,EH96:EH127),))",0,원시 수치 보존
poi-src/test-data/spreadsheet/57181.xlsm,General!EH130,xl/worksheets/sheet2.xml:EH130,0,[=0]?;[<4.16666666666667][hh]:mm:ss;[hh]:mm,"1899-12-31 (=MAX(EH8:EH39,EH52:EH83,EH96:EH127))","0 (=MAX(EH8:EH39,EH52:EH83,EH96:EH127))",0,원시 수치 보존
poi-src/test-data/spreadsheet/57181.xlsm,General!EH131,xl/worksheets/sheet2.xml:EH131,0,[=0]?;[<4.16666666666667][hh]:mm:ss;[hh]:mm,"1899-12-31 (=MIN(EH8:EH39,EH52:EH83,EH96:EH127))","0 (=MIN(EH8:EH39,EH52:EH83,EH96:EH127))",0,원시 수치 보존
poi-src/test-data/spreadsheet/57181.xlsm,General!EH40,xl/worksheets/sheet2.xml:EH40,0,[=0]?;[<4.16666666666667][hh]:mm:ss;[hh]:mm,1899-12-31 (=SUM(EH8:EH39)),0 (=SUM(EH8:EH39)),0,원시 수치 보존
poi-src/test-data/spreadsheet/57181.xlsm,General!EH41,xl/worksheets/sheet2.xml:EH41,0,[=0]?;[<4.16666666666667][hh]:mm:ss;[hh]:mm,"1899-12-31 (=IF(COUNT(EH8:EH39)<>0,AVERAGE(EH8:EH39),))","0 (=IF(COUNT(EH8:EH39)<>0,AVERAGE(EH8:EH39),))",0,원시 수치 보존
poi-src/test-data/spreadsheet/57181.xlsm,General!EH42,xl/worksheets/sheet2.xml:EH42,0,[=0]?;[<4.16666666666667][hh]:mm:ss;[hh]:mm,1899-12-31 (=MAX(EH8:EH39)),0 (=MAX(EH8:EH39)),0,원시 수치 보존
poi-src/test-data/spreadsheet/57181.xlsm,General!EH43,xl/worksheets/sheet2.xml:EH43,0,[=0]?;[<4.16666666666667][hh]:mm:ss;[hh]:mm,1899-12-31 (=MIN(EH8:EH39)),0 (=MIN(EH8:EH39)),0,원시 수치 보존
poi-src/test-data/spreadsheet/57181.xlsm,General!EH84,xl/worksheets/sheet2.xml:EH84,0,[=0]?;[<4.16666666666667][hh]:mm:ss;[hh]:mm,"1899-12-31 (=SUM(EH8:EH39,EH52:EH83))","0 (=SUM(EH8:EH39,EH52:EH83))",0,원시 수치 보존
poi-src/test-data/spreadsheet/57181.xlsm,General!EH85,xl/worksheets/sheet2.xml:EH85,0,[=0]?;[<4.16666666666667][hh]:mm:ss;[hh]:mm,"1899-12-31 (=IF(COUNT(EH8:EH39,EH52:EH83)<>0,AVERAGE(EH8:EH39,EH52:EH83),))","0 (=IF(COUNT(EH8:EH39,EH52:EH83)<>0,AVERAGE(EH8:EH39,EH52:EH83),))",0,원시 수치 보존
poi-src/test-data/spreadsheet/57181.xlsm,General!EH86,xl/worksheets/sheet2.xml:EH86,0,[=0]?;[<4.16666666666667][hh]:mm:ss;[hh]:mm,"1899-12-31 (=MAX(EH8:EH39,EH52:EH83))","0 (=MAX(EH8:EH39,EH52:EH83))",0,원시 수치 보존
poi-src/test-data/spreadsheet/57181.xlsm,General!EH87,xl/worksheets/sheet2.xml:EH87,0,[=0]?;[<4.16666666666667][hh]:mm:ss;[hh]:mm,"1899-12-31 (=MIN(EH8:EH39,EH52:EH83))","0 (=MIN(EH8:EH39,EH52:EH83))",0,원시 수치 보존
poi-src/test-data/spreadsheet/57181.xlsm,General!EI130,xl/worksheets/sheet2.xml:EI130,0,[=0]?;[<4.16666666666667][hh]:mm:ss;[hh]:mm,"1899-12-31 (=MAX(EI8:EI39,EI52:EI83,EI96:EI127))","0 (=MAX(EI8:EI39,EI52:EI83,EI96:EI127))",0,원시 수치 보존
poi-src/test-data/spreadsheet/57181.xlsm,General!EI131,xl/worksheets/sheet2.xml:EI131,0,[=0]?;[<4.16666666666667][hh]:mm:ss;[hh]:mm,"1899-12-31 (=MIN(EI8:EI39,EI52:EI83,EI96:EI127))","0 (=MIN(EI8:EI39,EI52:EI83,EI96:EI127))",0,원시 수치 보존
poi-src/test-data/spreadsheet/57181.xlsm,General!EI42,xl/worksheets/sheet2.xml:EI42,0,[=0]?;[<4.16666666666667][hh]:mm:ss;[hh]:mm,1899-12-31 (=MAX(EI8:EI39)),0 (=MAX(EI8:EI39)),0,원시 수치 보존
poi-src/test-data/spreadsheet/57181.xlsm,General!EI43,xl/worksheets/sheet2.xml:EI43,0,[=0]?;[<4.16666666666667][hh]:mm:ss;[hh]:mm,1899-12-31 (=MIN(EI8:EI39)),0 (=MIN(EI8:EI39)),0,원시 수치 보존
poi-src/test-data/spreadsheet/57181.xlsm,General!EI86,xl/worksheets/sheet2.xml:EI86,0,[=0]?;[<4.16666666666667][hh]:mm:ss;[hh]:mm,"1899-12-31 (=MAX(EI8:EI39,EI52:EI83))","0 (=MAX(EI8:EI39,EI52:EI83))",0,원시 수치 보존
poi-src/test-data/spreadsheet/57181.xlsm,General!EI87,xl/worksheets/sheet2.xml:EI87,0,[=0]?;[<4.16666666666667][hh]:mm:ss;[hh]:mm,"1899-12-31 (=MIN(EI8:EI39,EI52:EI83))","0 (=MIN(EI8:EI39,EI52:EI83))",0,원시 수치 보존
poi-src/test-data/spreadsheet/57181.xlsm,General!EK129,xl/worksheets/sheet2.xml:EK129,0,"[=0]?;#,##0.00","0.00 (=IF(COUNT(EK8:EK39,EK52:EK83,EK96:EK127)<>0,ROUND(AVERAGE(EK8:EK39,EK52:EK83,EK96:EK127),1),))","0 (=IF(COUNT(EK8:EK39,EK52:EK83,EK96:EK127)<>0,ROUND(AVERAGE(EK8:EK39,EK52:EK83,EK96:EK127),1),))",0,원시 수치 보존
poi-src/test-data/spreadsheet/57181.xlsm,General!EK130,xl/worksheets/sheet2.xml:EK130,0,"[=0]?;#,##0.00","0.00 (=MAX(EK8:EK39,EK52:EK83,EK96:EK127))","0 (=MAX(EK8:EK39,EK52:EK83,EK96:EK127))",0,원시 수치 보존
poi-src/test-data/spreadsheet/57181.xlsm,General!EK131,xl/worksheets/sheet2.xml:EK131,0,"[=0]?;#,##0.00","0.00 (=MIN(EK8:EK39,EK52:EK83,EK96:EK127))","0 (=MIN(EK8:EK39,EK52:EK83,EK96:EK127))",0,원시 수치 보존
poi-src/test-data/spreadsheet/57181.xlsm,General!EK41,xl/worksheets/sheet2.xml:EK41,0,"[=0]?;#,##0.00","0.00 (=IF(COUNT(EK8:EK39)<>0,ROUND(AVERAGE(EK8:EK39),1),))","0 (=IF(COUNT(EK8:EK39)<>0,ROUND(AVERAGE(EK8:EK39),1),))",0,원시 수치 보존
poi-src/test-data/spreadsheet/57181.xlsm,General!EK42,xl/worksheets/sheet2.xml:EK42,0,"[=0]?;#,##0.00",0.00 (=MAX(EK8:EK39)),0 (=MAX(EK8:EK39)),0,원시 수치 보존
poi-src/test-data/spreadsheet/57181.xlsm,General!EK43,xl/worksheets/sheet2.xml:EK43,0,"[=0]?;#,##0.00",0.00 (=MIN(EK8:EK39)),0 (=MIN(EK8:EK39)),0,원시 수치 보존
poi-src/test-data/spreadsheet/57181.xlsm,General!EK85,xl/worksheets/sheet2.xml:EK85,0,"[=0]?;#,##0.00","0.00 (=IF(COUNT(EK8:EK39,EK52:EK83)<>0,ROUND(AVERAGE(EK8:EK39,EK52:EK83),1),))","0 (=IF(COUNT(EK8:EK39,EK52:EK83)<>0,ROUND(AVERAGE(EK8:EK39,EK52:EK83),1),))",0,원시 수치 보존
poi-src/test-data/spreadsheet/57181.xlsm,General!EK86,xl/worksheets/sheet2.xml:EK86,0,"[=0]?;#,##0.00","0.00 (=MAX(EK8:EK39,EK52:EK83))","0 (=MAX(EK8:EK39,EK52:EK83))",0,원시 수치 보존
poi-src/test-data/spreadsheet/57181.xlsm,General!EK87,xl/worksheets/sheet2.xml:EK87,0,"[=0]?;#,##0.00","0.00 (=MIN(EK8:EK39,EK52:EK83))","0 (=MIN(EK8:EK39,EK52:EK83))",0,원시 수치 보존
poi-src/test-data/spreadsheet/57181.xlsm,General!EU129,xl/worksheets/sheet2.xml:EU129,0,[=0]?;[<4.16666666666667][hh]:mm:ss;[hh]:mm,"1899-12-31 (=IF(COUNT(EU8:EU39,EU52:EU83,EU96:EU127)<>0,AVERAGE(EU8:EU39,EU52:EU83,EU96:EU127),))","0 (=IF(COUNT(EU8:EU39,EU52:EU83,EU96:EU127)<>0,AVERAGE(EU8:EU39,EU52:EU83,EU96:EU127),))",0,원시 수치 보존
poi-src/test-data/spreadsheet/57181.xlsm,General!EU130,xl/worksheets/sheet2.xml:EU130,0,[=0]?;[<4.16666666666667][hh]:mm:ss;[hh]:mm,"1899-12-31 (=MAX(EU8:EU39,EU52:EU83,EU96:EU127))","0 (=MAX(EU8:EU39,EU52:EU83,EU96:EU127))",0,원시 수치 보존
poi-src/test-data/spreadsheet/57181.xlsm,General!EU131,xl/worksheets/sheet2.xml:EU131,0,[=0]?;[<4.16666666666667][hh]:mm:ss;[hh]:mm,"1899-12-31 (=MIN(EU8:EU39,EU52:EU83,EU96:EU127))","0 (=MIN(EU8:EU39,EU52:EU83,EU96:EU127))",0,원시 수치 보존
poi-src/test-data/spreadsheet/57181.xlsm,General!EU41,xl/worksheets/sheet2.xml:EU41,0,[=0]?;[<4.16666666666667][hh]:mm:ss;[hh]:mm,"1899-12-31 (=IF(COUNT(EU8:EU39)<>0,AVERAGE(EU8:EU39),))","0 (=IF(COUNT(EU8:EU39)<>0,AVERAGE(EU8:EU39),))",0,원시 수치 보존
poi-src/test-data/spreadsheet/57181.xlsm,General!EU42,xl/worksheets/sheet2.xml:EU42,0,[=0]?;[<4.16666666666667][hh]:mm:ss;[hh]:mm,1899-12-31 (=MAX(EU8:EU39)),0 (=MAX(EU8:EU39)),0,원시 수치 보존
poi-src/test-data/spreadsheet/57181.xlsm,General!EU43,xl/worksheets/sheet2.xml:EU43,0,[=0]?;[<4.16666666666667][hh]:mm:ss;[hh]:mm,1899-12-31 (=MIN(EU8:EU39)),0 (=MIN(EU8:EU39)),0,원시 수치 보존
poi-src/test-data/spreadsheet/57181.xlsm,General!EU85,xl/worksheets/sheet2.xml:EU85,0,[=0]?;[<4.16666666666667][hh]:mm:ss;[hh]:mm,"1899-12-31 (=IF(COUNT(EU8:EU39,EU52:EU83)<>0,AVERAGE(EU8:EU39,EU52:EU83),))","0 (=IF(COUNT(EU8:EU39,EU52:EU83)<>0,AVERAGE(EU8:EU39,EU52:EU83),))",0,원시 수치 보존
poi-src/test-data/spreadsheet/57181.xlsm,General!EU86,xl/worksheets/sheet2.xml:EU86,0,[=0]?;[<4.16666666666667][hh]:mm:ss;[hh]:mm,"1899-12-31 (=MAX(EU8:EU39,EU52:EU83))","0 (=MAX(EU8:EU39,EU52:EU83))",0,원시 수치 보존
poi-src/test-data/spreadsheet/57181.xlsm,General!EU87,xl/worksheets/sheet2.xml:EU87,0,[=0]?;[<4.16666666666667][hh]:mm:ss;[hh]:mm,"1899-12-31 (=MIN(EU8:EU39,EU52:EU83))","0 (=MIN(EU8:EU39,EU52:EU83))",0,원시 수치 보존
poi-src/test-data/spreadsheet/57181.xlsm,General!EV129,xl/worksheets/sheet2.xml:EV129,0,[=0]?;[<4.16666666666667][hh]:mm:ss;[hh]:mm,"1899-12-31 (=IF(COUNT(EV8:EV39,EV52:EV83,EV96:EV127)<>0,AVERAGE(EV8:EV39,EV52:EV83,EV96:EV127),))","0 (=IF(COUNT(EV8:EV39,EV52:EV83,EV96:EV127)<>0,AVERAGE(EV8:EV39,EV52:EV83,EV96:EV127),))",0,원시 수치 보존
poi-src/test-data/spreadsheet/57181.xlsm,General!EV130,xl/worksheets/sheet2.xml:EV130,0,[=0]?;[<4.16666666666667][hh]:mm:ss;[hh]:mm,"1899-12-31 (=MAX(EV8:EV39,EV52:EV83,EV96:EV127))","0 (=MAX(EV8:EV39,EV52:EV83,EV96:EV127))",0,원시 수치 보존
poi-src/test-data/spreadsheet/57181.xlsm,General!EV131,xl/worksheets/sheet2.xml:EV131,0,[=0]?;[<4.16666666666667][hh]:mm:ss;[hh]:mm,"1899-12-31 (=MIN(EV8:EV39,EV52:EV83,EV96:EV127))","0 (=MIN(EV8:EV39,EV52:EV83,EV96:EV127))",0,원시 수치 보존
poi-src/test-data/spreadsheet/57181.xlsm,General!EV41,xl/worksheets/sheet2.xml:EV41,0,[=0]?;[<4.16666666666667][hh]:mm:ss;[hh]:mm,"1899-12-31 (=IF(COUNT(EV8:EV39)<>0,AVERAGE(EV8:EV39),))","0 (=IF(COUNT(EV8:EV39)<>0,AVERAGE(EV8:EV39),))",0,원시 수치 보존
poi-src/test-data/spreadsheet/57181.xlsm,General!EV42,xl/worksheets/sheet2.xml:EV42,0,[=0]?;[<4.16666666666667][hh]:mm:ss;[hh]:mm,1899-12-31 (=MAX(EV8:EV39)),0 (=MAX(EV8:EV39)),0,원시 수치 보존
poi-src/test-data/spreadsheet/57181.xlsm,General!EV43,xl/worksheets/sheet2.xml:EV43,0,[=0]?;[<4.16666666666667][hh]:mm:ss;[hh]:mm,1899-12-31 (=MIN(EV8:EV39)),0 (=MIN(EV8:EV39)),0,원시 수치 보존
poi-src/test-data/spreadsheet/57181.xlsm,General!EV85,xl/worksheets/sheet2.xml:EV85,0,[=0]?;[<4.16666666666667][hh]:mm:ss;[hh]:mm,"1899-12-31 (=IF(COUNT(EV8:EV39,EV52:EV83)<>0,AVERAGE(EV8:EV39,EV52:EV83),))","0 (=IF(COUNT(EV8:EV39,EV52:EV83)<>0,AVERAGE(EV8:EV39,EV52:EV83),))",0,원시 수치 보존
poi-src/test-data/spreadsheet/57181.xlsm,General!EV86,xl/worksheets/sheet2.xml:EV86,0,[=0]?;[<4.16666666666667][hh]:mm:ss;[hh]:mm,"1899-12-31 (=MAX(EV8:EV39,EV52:EV83))","0 (=MAX(EV8:EV39,EV52:EV83))",0,원시 수치 보존
poi-src/test-data/spreadsheet/57181.xlsm,General!EV87,xl/worksheets/sheet2.xml:EV87,0,[=0]?;[<4.16666666666667][hh]:mm:ss;[hh]:mm,"1899-12-31 (=MIN(EV8:EV39,EV52:EV83))","0 (=MIN(EV8:EV39,EV52:EV83))",0,원시 수치 보존
poi-src/test-data/spreadsheet/57181.xlsm,General!EW129,xl/worksheets/sheet2.xml:EW129,0,[=0]?;[<4.16666666666667][hh]:mm:ss;[hh]:mm,"1899-12-31 (=IF(COUNT(EW8:EW39,EW52:EW83,EW96:EW127)<>0,AVERAGE(EW8:EW39,EW52:EW83,EW96:EW127),))","0 (=IF(COUNT(EW8:EW39,EW52:EW83,EW96:EW127)<>0,AVERAGE(EW8:EW39,EW52:EW83,EW96:EW127),))",0,원시 수치 보존
poi-src/test-data/spreadsheet/57181.xlsm,General!EW130,xl/worksheets/sheet2.xml:EW130,0,[=0]?;[<4.16666666666667][hh]:mm:ss;[hh]:mm,"1899-12-31 (=MAX(EW8:EW39,EW52:EW83,EW96:EW127))","0 (=MAX(EW8:EW39,EW52:EW83,EW96:EW127))",0,원시 수치 보존
poi-src/test-data/spreadsheet/57181.xlsm,General!EW131,xl/worksheets/sheet2.xml:EW131,0,[=0]?;[<4.16666666666667][hh]:mm:ss;[hh]:mm,"1899-12-31 (=MIN(EW8:EW39,EW52:EW83,EW96:EW127))","0 (=MIN(EW8:EW39,EW52:EW83,EW96:EW127))",0,원시 수치 보존
poi-src/test-data/spreadsheet/57181.xlsm,General!EW41,xl/worksheets/sheet2.xml:EW41,0,[=0]?;[<4.16666666666667][hh]:mm:ss;[hh]:mm,"1899-12-31 (=IF(COUNT(EW8:EW39)<>0,AVERAGE(EW8:EW39),))","0 (=IF(COUNT(EW8:EW39)<>0,AVERAGE(EW8:EW39),))",0,원시 수치 보존
poi-src/test-data/spreadsheet/57181.xlsm,General!EW42,xl/worksheets/sheet2.xml:EW42,0,[=0]?;[<4.16666666666667][hh]:mm:ss;[hh]:mm,1899-12-31 (=MAX(EW8:EW39)),0 (=MAX(EW8:EW39)),0,원시 수치 보존
poi-src/test-data/spreadsheet/57181.xlsm,General!EW43,xl/worksheets/sheet2.xml:EW43,0,[=0]?;[<4.16666666666667][hh]:mm:ss;[hh]:mm,1899-12-31 (=MIN(EW8:EW39)),0 (=MIN(EW8:EW39)),0,원시 수치 보존
poi-src/test-data/spreadsheet/57181.xlsm,General!EW85,xl/worksheets/sheet2.xml:EW85,0,[=0]?;[<4.16666666666667][hh]:mm:ss;[hh]:mm,"1899-12-31 (=IF(COUNT(EW8:EW39,EW52:EW83)<>0,AVERAGE(EW8:EW39,EW52:EW83),))","0 (=IF(COUNT(EW8:EW39,EW52:EW83)<>0,AVERAGE(EW8:EW39,EW52:EW83),))",0,원시 수치 보존
poi-src/test-data/spreadsheet/57181.xlsm,General!EW86,xl/worksheets/sheet2.xml:EW86,0,[=0]?;[<4.16666666666667][hh]:mm:ss;[hh]:mm,"1899-12-31 (=MAX(EW8:EW39,EW52:EW83))","0 (=MAX(EW8:EW39,EW52:EW83))",0,원시 수치 보존
poi-src/test-data/spreadsheet/57181.xlsm,General!EW87,xl/worksheets/sheet2.xml:EW87,0,[=0]?;[<4.16666666666667][hh]:mm:ss;[hh]:mm,"1899-12-31 (=MIN(EW8:EW39,EW52:EW83))","0 (=MIN(EW8:EW39,EW52:EW83))",0,원시 수치 보존
poi-src/test-data/spreadsheet/57181.xlsm,General!EX128,xl/worksheets/sheet2.xml:EX128,0,[=0]?;[<4.16666666666667][hh]:mm:ss;[hh]:mm,"1899-12-31 (=SUM(EX8:EX39,EX52:EX83,EX96:EX127))","0 (=SUM(EX8:EX39,EX52:EX83,EX96:EX127))",0,원시 수치 보존
poi-src/test-data/spreadsheet/57181.xlsm,General!EX129,xl/worksheets/sheet2.xml:EX129,0,[=0]?;[<4.16666666666667][hh]:mm:ss;[hh]:mm,"1899-12-31 (=IF(COUNT(EX8:EX39,EX52:EX83,EX96:EX127)<>0,AVERAGE(EX8:EX39,EX52:EX83,EX96:EX127),))","0 (=IF(COUNT(EX8:EX39,EX52:EX83,EX96:EX127)<>0,AVERAGE(EX8:EX39,EX52:EX83,EX96:EX127),))",0,원시 수치 보존
poi-src/test-data/spreadsheet/57181.xlsm,General!EX130,xl/worksheets/sheet2.xml:EX130,0,[=0]?;[<4.16666666666667][hh]:mm:ss;[hh]:mm,"1899-12-31 (=MAX(EX8:EX39,EX52:EX83,EX96:EX127))","0 (=MAX(EX8:EX39,EX52:EX83,EX96:EX127))",0,원시 수치 보존
poi-src/test-data/spreadsheet/57181.xlsm,General!EX131,xl/worksheets/sheet2.xml:EX131,0,[=0]?;[<4.16666666666667][hh]:mm:ss;[hh]:mm,"1899-12-31 (=MIN(EX8:EX39,EX52:EX83,EX96:EX127))","0 (=MIN(EX8:EX39,EX52:EX83,EX96:EX127))",0,원시 수치 보존
poi-src/test-data/spreadsheet/57181.xlsm,General!EX40,xl/worksheets/sheet2.xml:EX40,0,[=0]?;[<4.16666666666667][hh]:mm:ss;[hh]:mm,1899-12-31 (=SUM(EX8:EX39)),0 (=SUM(EX8:EX39)),0,원시 수치 보존
poi-src/test-data/spreadsheet/57181.xlsm,General!EX41,xl/worksheets/sheet2.xml:EX41,0,[=0]?;[<4.16666666666667][hh]:mm:ss;[hh]:mm,"1899-12-31 (=IF(COUNT(EX8:EX39)<>0,AVERAGE(EX8:EX39),))","0 (=IF(COUNT(EX8:EX39)<>0,AVERAGE(EX8:EX39),))",0,원시 수치 보존
poi-src/test-data/spreadsheet/57181.xlsm,General!EX42,xl/worksheets/sheet2.xml:EX42,0,[=0]?;[<4.16666666666667][hh]:mm:ss;[hh]:mm,1899-12-31 (=MAX(EX8:EX39)),0 (=MAX(EX8:EX39)),0,원시 수치 보존
poi-src/test-data/spreadsheet/57181.xlsm,General!EX43,xl/worksheets/sheet2.xml:EX43,0,[=0]?;[<4.16666666666667][hh]:mm:ss;[hh]:mm,1899-12-31 (=MIN(EX8:EX39)),0 (=MIN(EX8:EX39)),0,원시 수치 보존
poi-src/test-data/spreadsheet/57181.xlsm,General!EX84,xl/worksheets/sheet2.xml:EX84,0,[=0]?;[<4.16666666666667][hh]:mm:ss;[hh]:mm,"1899-12-31 (=SUM(EX8:EX39,EX52:EX83))","0 (=SUM(EX8:EX39,EX52:EX83))",0,원시 수치 보존
poi-src/test-data/spreadsheet/57181.xlsm,General!EX85,xl/worksheets/sheet2.xml:EX85,0,[=0]?;[<4.16666666666667][hh]:mm:ss;[hh]:mm,"1899-12-31 (=IF(COUNT(EX8:EX39,EX52:EX83)<>0,AVERAGE(EX8:EX39,EX52:EX83),))","0 (=IF(COUNT(EX8:EX39,EX52:EX83)<>0,AVERAGE(EX8:EX39,EX52:EX83),))",0,원시 수치 보존
poi-src/test-data/spreadsheet/57181.xlsm,General!EX86,xl/worksheets/sheet2.xml:EX86,0,[=0]?;[<4.16666666666667][hh]:mm:ss;[hh]:mm,"1899-12-31 (=MAX(EX8:EX39,EX52:EX83))","0 (=MAX(EX8:EX39,EX52:EX83))",0,원시 수치 보존
poi-src/test-data/spreadsheet/57181.xlsm,General!EX87,xl/worksheets/sheet2.xml:EX87,0,[=0]?;[<4.16666666666667][hh]:mm:ss;[hh]:mm,"1899-12-31 (=MIN(EX8:EX39,EX52:EX83))","0 (=MIN(EX8:EX39,EX52:EX83))",0,원시 수치 보존
poi-src/test-data/spreadsheet/57181.xlsm,General!EY130,xl/worksheets/sheet2.xml:EY130,0,[=0]?;[<4.16666666666667][hh]:mm:ss;[hh]:mm,"1899-12-31 (=MAX(EY8:EY39,EY52:EY83,EY96:EY127))","0 (=MAX(EY8:EY39,EY52:EY83,EY96:EY127))",0,원시 수치 보존
poi-src/test-data/spreadsheet/57181.xlsm,General!EY131,xl/worksheets/sheet2.xml:EY131,0,[=0]?;[<4.16666666666667][hh]:mm:ss;[hh]:mm,"1899-12-31 (=MIN(EY8:EY39,EY52:EY83,EY96:EY127))","0 (=MIN(EY8:EY39,EY52:EY83,EY96:EY127))",0,원시 수치 보존
poi-src/test-data/spreadsheet/57181.xlsm,General!EY42,xl/worksheets/sheet2.xml:EY42,0,[=0]?;[<4.16666666666667][hh]:mm:ss;[hh]:mm,1899-12-31 (=MAX(EY8:EY39)),0 (=MAX(EY8:EY39)),0,원시 수치 보존
poi-src/test-data/spreadsheet/57181.xlsm,General!EY43,xl/worksheets/sheet2.xml:EY43,0,[=0]?;[<4.16666666666667][hh]:mm:ss;[hh]:mm,1899-12-31 (=MIN(EY8:EY39)),0 (=MIN(EY8:EY39)),0,원시 수치 보존
poi-src/test-data/spreadsheet/57181.xlsm,General!EY86,xl/worksheets/sheet2.xml:EY86,0,[=0]?;[<4.16666666666667][hh]:mm:ss;[hh]:mm,"1899-12-31 (=MAX(EY8:EY39,EY52:EY83))","0 (=MAX(EY8:EY39,EY52:EY83))",0,원시 수치 보존
poi-src/test-data/spreadsheet/57181.xlsm,General!EY87,xl/worksheets/sheet2.xml:EY87,0,[=0]?;[<4.16666666666667][hh]:mm:ss;[hh]:mm,"1899-12-31 (=MIN(EY8:EY39,EY52:EY83))","0 (=MIN(EY8:EY39,EY52:EY83))",0,원시 수치 보존
poi-src/test-data/spreadsheet/57181.xlsm,General!EZ128,xl/worksheets/sheet2.xml:EZ128,0,[=0]?;[<4.16666666666667][hh]:mm:ss;[hh]:mm,"1899-12-31 (=SUM(EZ8:EZ39,EZ52:EZ83,EZ96:EZ127))","0 (=SUM(EZ8:EZ39,EZ52:EZ83,EZ96:EZ127))",0,원시 수치 보존
poi-src/test-data/spreadsheet/57181.xlsm,General!EZ129,xl/worksheets/sheet2.xml:EZ129,0,[=0]?;[<4.16666666666667][hh]:mm:ss;[hh]:mm,"1899-12-31 (=IF(COUNT(EZ8:EZ39,EZ52:EZ83,EZ96:EZ127)<>0,AVERAGE(EZ8:EZ39,EZ52:EZ83,EZ96:EZ127),))","0 (=IF(COUNT(EZ8:EZ39,EZ52:EZ83,EZ96:EZ127)<>0,AVERAGE(EZ8:EZ39,EZ52:EZ83,EZ96:EZ127),))",0,원시 수치 보존
poi-src/test-data/spreadsheet/57181.xlsm,General!EZ130,xl/worksheets/sheet2.xml:EZ130,0,[=0]?;[<4.16666666666667][hh]:mm:ss;[hh]:mm,"1899-12-31 (=MAX(EZ8:EZ39,EZ52:EZ83,EZ96:EZ127))","0 (=MAX(EZ8:EZ39,EZ52:EZ83,EZ96:EZ127))",0,원시 수치 보존
poi-src/test-data/spreadsheet/57181.xlsm,General!EZ131,xl/worksheets/sheet2.xml:EZ131,0,[=0]?;[<4.16666666666667][hh]:mm:ss;[hh]:mm,"1899-12-31 (=MIN(EZ8:EZ39,EZ52:EZ83,EZ96:EZ127))","0 (=MIN(EZ8:EZ39,EZ52:EZ83,EZ96:EZ127))",0,원시 수치 보존
poi-src/test-data/spreadsheet/57181.xlsm,General!EZ40,xl/worksheets/sheet2.xml:EZ40,0,[=0]?;[<4.16666666666667][hh]:mm:ss;[hh]:mm,1899-12-31 (=SUM(EZ8:EZ39)),0 (=SUM(EZ8:EZ39)),0,원시 수치 보존
poi-src/test-data/spreadsheet/57181.xlsm,General!EZ41,xl/worksheets/sheet2.xml:EZ41,0,[=0]?;[<4.16666666666667][hh]:mm:ss;[hh]:mm,"1899-12-31 (=IF(COUNT(EZ8:EZ39)<>0,AVERAGE(EZ8:EZ39),))","0 (=IF(COUNT(EZ8:EZ39)<>0,AVERAGE(EZ8:EZ39),))",0,원시 수치 보존
poi-src/test-data/spreadsheet/57181.xlsm,General!EZ42,xl/worksheets/sheet2.xml:EZ42,0,[=0]?;[<4.16666666666667][hh]:mm:ss;[hh]:mm,1899-12-31 (=MAX(EZ8:EZ39)),0 (=MAX(EZ8:EZ39)),0,원시 수치 보존
poi-src/test-data/spreadsheet/57181.xlsm,General!EZ43,xl/worksheets/sheet2.xml:EZ43,0,[=0]?;[<4.16666666666667][hh]:mm:ss;[hh]:mm,1899-12-31 (=MIN(EZ8:EZ39)),0 (=MIN(EZ8:EZ39)),0,원시 수치 보존
poi-src/test-data/spreadsheet/57181.xlsm,General!EZ84,xl/worksheets/sheet2.xml:EZ84,0,[=0]?;[<4.16666666666667][hh]:mm:ss;[hh]:mm,"1899-12-31 (=SUM(EZ8:EZ39,EZ52:EZ83))","0 (=SUM(EZ8:EZ39,EZ52:EZ83))",0,원시 수치 보존
poi-src/test-data/spreadsheet/57181.xlsm,General!EZ85,xl/worksheets/sheet2.xml:EZ85,0,[=0]?;[<4.16666666666667][hh]:mm:ss;[hh]:mm,"1899-12-31 (=IF(COUNT(EZ8:EZ39,EZ52:EZ83)<>0,AVERAGE(EZ8:EZ39,EZ52:EZ83),))","0 (=IF(COUNT(EZ8:EZ39,EZ52:EZ83)<>0,AVERAGE(EZ8:EZ39,EZ52:EZ83),))",0,원시 수치 보존
poi-src/test-data/spreadsheet/57181.xlsm,General!EZ86,xl/worksheets/sheet2.xml:EZ86,0,[=0]?;[<4.16666666666667][hh]:mm:ss;[hh]:mm,"1899-12-31 (=MAX(EZ8:EZ39,EZ52:EZ83))","0 (=MAX(EZ8:EZ39,EZ52:EZ83))",0,원시 수치 보존
poi-src/test-data/spreadsheet/57181.xlsm,General!EZ87,xl/worksheets/sheet2.xml:EZ87,0,[=0]?;[<4.16666666666667][hh]:mm:ss;[hh]:mm,"1899-12-31 (=MIN(EZ8:EZ39,EZ52:EZ83))","0 (=MIN(EZ8:EZ39,EZ52:EZ83))",0,원시 수치 보존
poi-src/test-data/spreadsheet/57181.xlsm,General!FA130,xl/worksheets/sheet2.xml:FA130,0,[=0]?;[<4.16666666666667][hh]:mm:ss;[hh]:mm,"1899-12-31 (=MAX(FA8:FA39,FA52:FA83,FA96:FA127))","0 (=MAX(FA8:FA39,FA52:FA83,FA96:FA127))",0,원시 수치 보존
poi-src/test-data/spreadsheet/57181.xlsm,General!FA131,xl/worksheets/sheet2.xml:FA131,0,[=0]?;[<4.16666666666667][hh]:mm:ss;[hh]:mm,"1899-12-31 (=MIN(FA8:FA39,FA52:FA83,FA96:FA127))","0 (=MIN(FA8:FA39,FA52:FA83,FA96:FA127))",0,원시 수치 보존
poi-src/test-data/spreadsheet/57181.xlsm,General!FA42,xl/worksheets/sheet2.xml:FA42,0,[=0]?;[<4.16666666666667][hh]:mm:ss;[hh]:mm,1899-12-31 (=MAX(FA8:FA39)),0 (=MAX(FA8:FA39)),0,원시 수치 보존
poi-src/test-data/spreadsheet/57181.xlsm,General!FA43,xl/worksheets/sheet2.xml:FA43,0,[=0]?;[<4.16666666666667][hh]:mm:ss;[hh]:mm,1899-12-31 (=MIN(FA8:FA39)),0 (=MIN(FA8:FA39)),0,원시 수치 보존
poi-src/test-data/spreadsheet/57181.xlsm,General!FA86,xl/worksheets/sheet2.xml:FA86,0,[=0]?;[<4.16666666666667][hh]:mm:ss;[hh]:mm,"1899-12-31 (=MAX(FA8:FA39,FA52:FA83))","0 (=MAX(FA8:FA39,FA52:FA83))",0,원시 수치 보존
poi-src/test-data/spreadsheet/57181.xlsm,General!FA87,xl/worksheets/sheet2.xml:FA87,0,[=0]?;[<4.16666666666667][hh]:mm:ss;[hh]:mm,"1899-12-31 (=MIN(FA8:FA39,FA52:FA83))","0 (=MIN(FA8:FA39,FA52:FA83))",0,원시 수치 보존
poi-src/test-data/spreadsheet/57181.xlsm,General!FB128,xl/worksheets/sheet2.xml:FB128,0,[=0]?;[<4.16666666666667][hh]:mm:ss;[hh]:mm,"1899-12-31 (=SUM(FB8:FB39,FB52:FB83,FB96:FB127))","0 (=SUM(FB8:FB39,FB52:FB83,FB96:FB127))",0,원시 수치 보존
poi-src/test-data/spreadsheet/57181.xlsm,General!FB129,xl/worksheets/sheet2.xml:FB129,0,[=0]?;[<4.16666666666667][hh]:mm:ss;[hh]:mm,"1899-12-31 (=IF(COUNT(FB8:FB39,FB52:FB83,FB96:FB127)<>0,AVERAGE(FB8:FB39,FB52:FB83,FB96:FB127),))","0 (=IF(COUNT(FB8:FB39,FB52:FB83,FB96:FB127)<>0,AVERAGE(FB8:FB39,FB52:FB83,FB96:FB127),))",0,원시 수치 보존
poi-src/test-data/spreadsheet/57181.xlsm,General!FB130,xl/worksheets/sheet2.xml:FB130,0,[=0]?;[<4.16666666666667][hh]:mm:ss;[hh]:mm,"1899-12-31 (=MAX(FB8:FB39,FB52:FB83,FB96:FB127))","0 (=MAX(FB8:FB39,FB52:FB83,FB96:FB127))",0,원시 수치 보존
poi-src/test-data/spreadsheet/57181.xlsm,General!FB131,xl/worksheets/sheet2.xml:FB131,0,[=0]?;[<4.16666666666667][hh]:mm:ss;[hh]:mm,"1899-12-31 (=MIN(FB8:FB39,FB52:FB83,FB96:FB127))","0 (=MIN(FB8:FB39,FB52:FB83,FB96:FB127))",0,원시 수치 보존
poi-src/test-data/spreadsheet/57181.xlsm,General!FB40,xl/worksheets/sheet2.xml:FB40,0,[=0]?;[<4.16666666666667][hh]:mm:ss;[hh]:mm,1899-12-31 (=SUM(FB8:FB39)),0 (=SUM(FB8:FB39)),0,원시 수치 보존
poi-src/test-data/spreadsheet/57181.xlsm,General!FB41,xl/worksheets/sheet2.xml:FB41,0,[=0]?;[<4.16666666666667][hh]:mm:ss;[hh]:mm,"1899-12-31 (=IF(COUNT(FB8:FB39)<>0,AVERAGE(FB8:FB39),))","0 (=IF(COUNT(FB8:FB39)<>0,AVERAGE(FB8:FB39),))",0,원시 수치 보존
poi-src/test-data/spreadsheet/57181.xlsm,General!FB42,xl/worksheets/sheet2.xml:FB42,0,[=0]?;[<4.16666666666667][hh]:mm:ss;[hh]:mm,1899-12-31 (=MAX(FB8:FB39)),0 (=MAX(FB8:FB39)),0,원시 수치 보존
poi-src/test-data/spreadsheet/57181.xlsm,General!FB43,xl/worksheets/sheet2.xml:FB43,0,[=0]?;[<4.16666666666667][hh]:mm:ss;[hh]:mm,1899-12-31 (=MIN(FB8:FB39)),0 (=MIN(FB8:FB39)),0,원시 수치 보존
poi-src/test-data/spreadsheet/57181.xlsm,General!FB84,xl/worksheets/sheet2.xml:FB84,0,[=0]?;[<4.16666666666667][hh]:mm:ss;[hh]:mm,"1899-12-31 (=SUM(FB8:FB39,FB52:FB83))","0 (=SUM(FB8:FB39,FB52:FB83))",0,원시 수치 보존
poi-src/test-data/spreadsheet/57181.xlsm,General!FB85,xl/worksheets/sheet2.xml:FB85,0,[=0]?;[<4.16666666666667][hh]:mm:ss;[hh]:mm,"1899-12-31 (=IF(COUNT(FB8:FB39,FB52:FB83)<>0,AVERAGE(FB8:FB39,FB52:FB83),))","0 (=IF(COUNT(FB8:FB39,FB52:FB83)<>0,AVERAGE(FB8:FB39,FB52:FB83),))",0,원시 수치 보존
poi-src/test-data/spreadsheet/57181.xlsm,General!FB86,xl/worksheets/sheet2.xml:FB86,0,[=0]?;[<4.16666666666667][hh]:mm:ss;[hh]:mm,"1899-12-31 (=MAX(FB8:FB39,FB52:FB83))","0 (=MAX(FB8:FB39,FB52:FB83))",0,원시 수치 보존
poi-src/test-data/spreadsheet/57181.xlsm,General!FB87,xl/worksheets/sheet2.xml:FB87,0,[=0]?;[<4.16666666666667][hh]:mm:ss;[hh]:mm,"1899-12-31 (=MIN(FB8:FB39,FB52:FB83))","0 (=MIN(FB8:FB39,FB52:FB83))",0,원시 수치 보존
poi-src/test-data/spreadsheet/57181.xlsm,General!FC130,xl/worksheets/sheet2.xml:FC130,0,[=0]?;[<4.16666666666667][hh]:mm:ss;[hh]:mm,"1899-12-31 (=MAX(FC8:FC39,FC52:FC83,FC96:FC127))","0 (=MAX(FC8:FC39,FC52:FC83,FC96:FC127))",0,원시 수치 보존
poi-src/test-data/spreadsheet/57181.xlsm,General!FC131,xl/worksheets/sheet2.xml:FC131,0,[=0]?;[<4.16666666666667][hh]:mm:ss;[hh]:mm,"1899-12-31 (=MIN(FC8:FC39,FC52:FC83,FC96:FC127))","0 (=MIN(FC8:FC39,FC52:FC83,FC96:FC127))",0,원시 수치 보존
poi-src/test-data/spreadsheet/57181.xlsm,General!FC42,xl/worksheets/sheet2.xml:FC42,0,[=0]?;[<4.16666666666667][hh]:mm:ss;[hh]:mm,1899-12-31 (=MAX(FC8:FC39)),0 (=MAX(FC8:FC39)),0,원시 수치 보존
poi-src/test-data/spreadsheet/57181.xlsm,General!FC43,xl/worksheets/sheet2.xml:FC43,0,[=0]?;[<4.16666666666667][hh]:mm:ss;[hh]:mm,1899-12-31 (=MIN(FC8:FC39)),0 (=MIN(FC8:FC39)),0,원시 수치 보존
poi-src/test-data/spreadsheet/57181.xlsm,General!FC86,xl/worksheets/sheet2.xml:FC86,0,[=0]?;[<4.16666666666667][hh]:mm:ss;[hh]:mm,"1899-12-31 (=MAX(FC8:FC39,FC52:FC83))","0 (=MAX(FC8:FC39,FC52:FC83))",0,원시 수치 보존
poi-src/test-data/spreadsheet/57181.xlsm,General!FC87,xl/worksheets/sheet2.xml:FC87,0,[=0]?;[<4.16666666666667][hh]:mm:ss;[hh]:mm,"1899-12-31 (=MIN(FC8:FC39,FC52:FC83))","0 (=MIN(FC8:FC39,FC52:FC83))",0,원시 수치 보존
poi-src/test-data/spreadsheet/57181.xlsm,General!FD128,xl/worksheets/sheet2.xml:FD128,0,[=0]?;[<4.16666666666667][hh]:mm:ss;[hh]:mm,"1899-12-31 (=SUM(FD8:FD39,FD52:FD83,FD96:FD127))","0 (=SUM(FD8:FD39,FD52:FD83,FD96:FD127))",0,원시 수치 보존
poi-src/test-data/spreadsheet/57181.xlsm,General!FD129,xl/worksheets/sheet2.xml:FD129,0,[=0]?;[<4.16666666666667][hh]:mm:ss;[hh]:mm,"1899-12-31 (=IF(COUNT(FD8:FD39,FD52:FD83,FD96:FD127)<>0,AVERAGE(FD8:FD39,FD52:FD83,FD96:FD127),))","0 (=IF(COUNT(FD8:FD39,FD52:FD83,FD96:FD127)<>0,AVERAGE(FD8:FD39,FD52:FD83,FD96:FD127),))",0,원시 수치 보존
poi-src/test-data/spreadsheet/57181.xlsm,General!FD130,xl/worksheets/sheet2.xml:FD130,0,[=0]?;[<4.16666666666667][hh]:mm:ss;[hh]:mm,"1899-12-31 (=MAX(FD8:FD39,FD52:FD83,FD96:FD127))","0 (=MAX(FD8:FD39,FD52:FD83,FD96:FD127))",0,원시 수치 보존
poi-src/test-data/spreadsheet/57181.xlsm,General!FD131,xl/worksheets/sheet2.xml:FD131,0,[=0]?;[<4.16666666666667][hh]:mm:ss;[hh]:mm,"1899-12-31 (=MIN(FD8:FD39,FD52:FD83,FD96:FD127))","0 (=MIN(FD8:FD39,FD52:FD83,FD96:FD127))",0,원시 수치 보존
poi-src/test-data/spreadsheet/57181.xlsm,General!FD40,xl/worksheets/sheet2.xml:FD40,0,[=0]?;[<4.16666666666667][hh]:mm:ss;[hh]:mm,1899-12-31 (=SUM(FD8:FD39)),0 (=SUM(FD8:FD39)),0,원시 수치 보존
poi-src/test-data/spreadsheet/57181.xlsm,General!FD41,xl/worksheets/sheet2.xml:FD41,0,[=0]?;[<4.16666666666667][hh]:mm:ss;[hh]:mm,"1899-12-31 (=IF(COUNT(FD8:FD39)<>0,AVERAGE(FD8:FD39),))","0 (=IF(COUNT(FD8:FD39)<>0,AVERAGE(FD8:FD39),))",0,원시 수치 보존
poi-src/test-data/spreadsheet/57181.xlsm,General!FD42,xl/worksheets/sheet2.xml:FD42,0,[=0]?;[<4.16666666666667][hh]:mm:ss;[hh]:mm,1899-12-31 (=MAX(FD8:FD39)),0 (=MAX(FD8:FD39)),0,원시 수치 보존
poi-src/test-data/spreadsheet/57181.xlsm,General!FD43,xl/worksheets/sheet2.xml:FD43,0,[=0]?;[<4.16666666666667][hh]:mm:ss;[hh]:mm,1899-12-31 (=MIN(FD8:FD39)),0 (=MIN(FD8:FD39)),0,원시 수치 보존
poi-src/test-data/spreadsheet/57181.xlsm,General!FD84,xl/worksheets/sheet2.xml:FD84,0,[=0]?;[<4.16666666666667][hh]:mm:ss;[hh]:mm,"1899-12-31 (=SUM(FD8:FD39,FD52:FD83))","0 (=SUM(FD8:FD39,FD52:FD83))",0,원시 수치 보존
poi-src/test-data/spreadsheet/57181.xlsm,General!FD85,xl/worksheets/sheet2.xml:FD85,0,[=0]?;[<4.16666666666667][hh]:mm:ss;[hh]:mm,"1899-12-31 (=IF(COUNT(FD8:FD39,FD52:FD83)<>0,AVERAGE(FD8:FD39,FD52:FD83),))","0 (=IF(COUNT(FD8:FD39,FD52:FD83)<>0,AVERAGE(FD8:FD39,FD52:FD83),))",0,원시 수치 보존
poi-src/test-data/spreadsheet/57181.xlsm,General!FD86,xl/worksheets/sheet2.xml:FD86,0,[=0]?;[<4.16666666666667][hh]:mm:ss;[hh]:mm,"1899-12-31 (=MAX(FD8:FD39,FD52:FD83))","0 (=MAX(FD8:FD39,FD52:FD83))",0,원시 수치 보존
poi-src/test-data/spreadsheet/57181.xlsm,General!FD87,xl/worksheets/sheet2.xml:FD87,0,[=0]?;[<4.16666666666667][hh]:mm:ss;[hh]:mm,"1899-12-31 (=MIN(FD8:FD39,FD52:FD83))","0 (=MIN(FD8:FD39,FD52:FD83))",0,원시 수치 보존
poi-src/test-data/spreadsheet/57181.xlsm,General!FE128,xl/worksheets/sheet2.xml:FE128,0,[=0]?;[<4.16666666666667][hh]:mm:ss;[hh]:mm,"1899-12-31 (=SUM(FE8:FE39,FE52:FE83,FE96:FE127))","0 (=SUM(FE8:FE39,FE52:FE83,FE96:FE127))",0,원시 수치 보존
poi-src/test-data/spreadsheet/57181.xlsm,General!FE129,xl/worksheets/sheet2.xml:FE129,0,[=0]?;[<4.16666666666667][hh]:mm:ss;[hh]:mm,"1899-12-31 (=IF(COUNT(FE8:FE39,FE52:FE83,FE96:FE127)<>0,AVERAGE(FE8:FE39,FE52:FE83,FE96:FE127),))","0 (=IF(COUNT(FE8:FE39,FE52:FE83,FE96:FE127)<>0,AVERAGE(FE8:FE39,FE52:FE83,FE96:FE127),))",0,원시 수치 보존
poi-src/test-data/spreadsheet/57181.xlsm,General!FE130,xl/worksheets/sheet2.xml:FE130,0,[=0]?;[<4.16666666666667][hh]:mm:ss;[hh]:mm,"1899-12-31 (=MAX(FE8:FE39,FE52:FE83,FE96:FE127))","0 (=MAX(FE8:FE39,FE52:FE83,FE96:FE127))",0,원시 수치 보존
poi-src/test-data/spreadsheet/57181.xlsm,General!FE131,xl/worksheets/sheet2.xml:FE131,0,[=0]?;[<4.16666666666667][hh]:mm:ss;[hh]:mm,"1899-12-31 (=MIN(FE8:FE39,FE52:FE83,FE96:FE127))","0 (=MIN(FE8:FE39,FE52:FE83,FE96:FE127))",0,원시 수치 보존
poi-src/test-data/spreadsheet/57181.xlsm,General!FE40,xl/worksheets/sheet2.xml:FE40,0,[=0]?;[<4.16666666666667][hh]:mm:ss;[hh]:mm,1899-12-31 (=SUM(FE8:FE39)),0 (=SUM(FE8:FE39)),0,원시 수치 보존
poi-src/test-data/spreadsheet/57181.xlsm,General!FE41,xl/worksheets/sheet2.xml:FE41,0,[=0]?;[<4.16666666666667][hh]:mm:ss;[hh]:mm,"1899-12-31 (=IF(COUNT(FE8:FE39)<>0,AVERAGE(FE8:FE39),))","0 (=IF(COUNT(FE8:FE39)<>0,AVERAGE(FE8:FE39),))",0,원시 수치 보존
poi-src/test-data/spreadsheet/57181.xlsm,General!FE42,xl/worksheets/sheet2.xml:FE42,0,[=0]?;[<4.16666666666667][hh]:mm:ss;[hh]:mm,1899-12-31 (=MAX(FE8:FE39)),0 (=MAX(FE8:FE39)),0,원시 수치 보존
poi-src/test-data/spreadsheet/57181.xlsm,General!FE43,xl/worksheets/sheet2.xml:FE43,0,[=0]?;[<4.16666666666667][hh]:mm:ss;[hh]:mm,1899-12-31 (=MIN(FE8:FE39)),0 (=MIN(FE8:FE39)),0,원시 수치 보존
poi-src/test-data/spreadsheet/57181.xlsm,General!FE84,xl/worksheets/sheet2.xml:FE84,0,[=0]?;[<4.16666666666667][hh]:mm:ss;[hh]:mm,"1899-12-31 (=SUM(FE8:FE39,FE52:FE83))","0 (=SUM(FE8:FE39,FE52:FE83))",0,원시 수치 보존
poi-src/test-data/spreadsheet/57181.xlsm,General!FE85,xl/worksheets/sheet2.xml:FE85,0,[=0]?;[<4.16666666666667][hh]:mm:ss;[hh]:mm,"1899-12-31 (=IF(COUNT(FE8:FE39,FE52:FE83)<>0,AVERAGE(FE8:FE39,FE52:FE83),))","0 (=IF(COUNT(FE8:FE39,FE52:FE83)<>0,AVERAGE(FE8:FE39,FE52:FE83),))",0,원시 수치 보존
poi-src/test-data/spreadsheet/57181.xlsm,General!FE86,xl/worksheets/sheet2.xml:FE86,0,[=0]?;[<4.16666666666667][hh]:mm:ss;[hh]:mm,"1899-12-31 (=MAX(FE8:FE39,FE52:FE83))","0 (=MAX(FE8:FE39,FE52:FE83))",0,원시 수치 보존
poi-src/test-data/spreadsheet/57181.xlsm,General!FE87,xl/worksheets/sheet2.xml:FE87,0,[=0]?;[<4.16666666666667][hh]:mm:ss;[hh]:mm,"1899-12-31 (=MIN(FE8:FE39,FE52:FE83))","0 (=MIN(FE8:FE39,FE52:FE83))",0,원시 수치 보존
poi-src/test-data/spreadsheet/57181.xlsm,General!FF128,xl/worksheets/sheet2.xml:FF128,0,[=0]?;[<4.16666666666667][hh]:mm:ss;[hh]:mm,"1899-12-31 (=SUM(FF8:FF39,FF52:FF83,FF96:FF127))","0 (=SUM(FF8:FF39,FF52:FF83,FF96:FF127))",0,원시 수치 보존
poi-src/test-data/spreadsheet/57181.xlsm,General!FF129,xl/worksheets/sheet2.xml:FF129,0,[=0]?;[<4.16666666666667][hh]:mm:ss;[hh]:mm,"1899-12-31 (=IF(COUNT(FF8:FF39,FF52:FF83,FF96:FF127)<>0,AVERAGE(FF8:FF39,FF52:FF83,FF96:FF127),))","0 (=IF(COUNT(FF8:FF39,FF52:FF83,FF96:FF127)<>0,AVERAGE(FF8:FF39,FF52:FF83,FF96:FF127),))",0,원시 수치 보존
poi-src/test-data/spreadsheet/57181.xlsm,General!FF130,xl/worksheets/sheet2.xml:FF130,0,[=0]?;[<4.16666666666667][hh]:mm:ss;[hh]:mm,"1899-12-31 (=MAX(FF8:FF39,FF52:FF83,FF96:FF127))","0 (=MAX(FF8:FF39,FF52:FF83,FF96:FF127))",0,원시 수치 보존
poi-src/test-data/spreadsheet/57181.xlsm,General!FF131,xl/worksheets/sheet2.xml:FF131,0,[=0]?;[<4.16666666666667][hh]:mm:ss;[hh]:mm,"1899-12-31 (=MIN(FF8:FF39,FF52:FF83,FF96:FF127))","0 (=MIN(FF8:FF39,FF52:FF83,FF96:FF127))",0,원시 수치 보존
poi-src/test-data/spreadsheet/57181.xlsm,General!FF40,xl/worksheets/sheet2.xml:FF40,0,[=0]?;[<4.16666666666667][hh]:mm:ss;[hh]:mm,1899-12-31 (=SUM(FF8:FF39)),0 (=SUM(FF8:FF39)),0,원시 수치 보존
poi-src/test-data/spreadsheet/57181.xlsm,General!FF41,xl/worksheets/sheet2.xml:FF41,0,[=0]?;[<4.16666666666667][hh]:mm:ss;[hh]:mm,"1899-12-31 (=IF(COUNT(FF8:FF39)<>0,AVERAGE(FF8:FF39),))","0 (=IF(COUNT(FF8:FF39)<>0,AVERAGE(FF8:FF39),))",0,원시 수치 보존
poi-src/test-data/spreadsheet/57181.xlsm,General!FF42,xl/worksheets/sheet2.xml:FF42,0,[=0]?;[<4.16666666666667][hh]:mm:ss;[hh]:mm,1899-12-31 (=MAX(FF8:FF39)),0 (=MAX(FF8:FF39)),0,원시 수치 보존
poi-src/test-data/spreadsheet/57181.xlsm,General!FF43,xl/worksheets/sheet2.xml:FF43,0,[=0]?;[<4.16666666666667][hh]:mm:ss;[hh]:mm,1899-12-31 (=MIN(FF8:FF39)),0 (=MIN(FF8:FF39)),0,원시 수치 보존
poi-src/test-data/spreadsheet/57181.xlsm,General!FF84,xl/worksheets/sheet2.xml:FF84,0,[=0]?;[<4.16666666666667][hh]:mm:ss;[hh]:mm,"1899-12-31 (=SUM(FF8:FF39,FF52:FF83))","0 (=SUM(FF8:FF39,FF52:FF83))",0,원시 수치 보존
poi-src/test-data/spreadsheet/57181.xlsm,General!FF85,xl/worksheets/sheet2.xml:FF85,0,[=0]?;[<4.16666666666667][hh]:mm:ss;[hh]:mm,"1899-12-31 (=IF(COUNT(FF8:FF39,FF52:FF83)<>0,AVERAGE(FF8:FF39,FF52:FF83),))","0 (=IF(COUNT(FF8:FF39,FF52:FF83)<>0,AVERAGE(FF8:FF39,FF52:FF83),))",0,원시 수치 보존
poi-src/test-data/spreadsheet/57181.xlsm,General!FF86,xl/worksheets/sheet2.xml:FF86,0,[=0]?;[<4.16666666666667][hh]:mm:ss;[hh]:mm,"1899-12-31 (=MAX(FF8:FF39,FF52:FF83))","0 (=MAX(FF8:FF39,FF52:FF83))",0,원시 수치 보존
poi-src/test-data/spreadsheet/57181.xlsm,General!FF87,xl/worksheets/sheet2.xml:FF87,0,[=0]?;[<4.16666666666667][hh]:mm:ss;[hh]:mm,"1899-12-31 (=MIN(FF8:FF39,FF52:FF83))","0 (=MIN(FF8:FF39,FF52:FF83))",0,원시 수치 보존
poi-src/test-data/spreadsheet/57181.xlsm,General!FG130,xl/worksheets/sheet2.xml:FG130,0,[=0]?;[<4.16666666666667][hh]:mm:ss;[hh]:mm,"1899-12-31 (=MAX(FG8:FG39,FG52:FG83,FG96:FG127))","0 (=MAX(FG8:FG39,FG52:FG83,FG96:FG127))",0,원시 수치 보존
poi-src/test-data/spreadsheet/57181.xlsm,General!FG131,xl/worksheets/sheet2.xml:FG131,0,[=0]?;[<4.16666666666667][hh]:mm:ss;[hh]:mm,"1899-12-31 (=MIN(FG8:FG39,FG52:FG83,FG96:FG127))","0 (=MIN(FG8:FG39,FG52:FG83,FG96:FG127))",0,원시 수치 보존
poi-src/test-data/spreadsheet/57181.xlsm,General!FG42,xl/worksheets/sheet2.xml:FG42,0,[=0]?;[<4.16666666666667][hh]:mm:ss;[hh]:mm,1899-12-31 (=MAX(FG8:FG39)),0 (=MAX(FG8:FG39)),0,원시 수치 보존
poi-src/test-data/spreadsheet/57181.xlsm,General!FG43,xl/worksheets/sheet2.xml:FG43,0,[=0]?;[<4.16666666666667][hh]:mm:ss;[hh]:mm,1899-12-31 (=MIN(FG8:FG39)),0 (=MIN(FG8:FG39)),0,원시 수치 보존
poi-src/test-data/spreadsheet/57181.xlsm,General!FG86,xl/worksheets/sheet2.xml:FG86,0,[=0]?;[<4.16666666666667][hh]:mm:ss;[hh]:mm,"1899-12-31 (=MAX(FG8:FG39,FG52:FG83))","0 (=MAX(FG8:FG39,FG52:FG83))",0,원시 수치 보존
poi-src/test-data/spreadsheet/57181.xlsm,General!FG87,xl/worksheets/sheet2.xml:FG87,0,[=0]?;[<4.16666666666667][hh]:mm:ss;[hh]:mm,"1899-12-31 (=MIN(FG8:FG39,FG52:FG83))","0 (=MIN(FG8:FG39,FG52:FG83))",0,원시 수치 보존
poi-src/test-data/spreadsheet/57181.xlsm,General!FH128,xl/worksheets/sheet2.xml:FH128,0,[=0]?;[<4.16666666666667][hh]:mm:ss;[hh]:mm,"1899-12-31 (=SUM(FH8:FH39,FH52:FH83,FH96:FH127))","0 (=SUM(FH8:FH39,FH52:FH83,FH96:FH127))",0,원시 수치 보존
poi-src/test-data/spreadsheet/57181.xlsm,General!FH129,xl/worksheets/sheet2.xml:FH129,0,[=0]?;[<4.16666666666667][hh]:mm:ss;[hh]:mm,"1899-12-31 (=IF(COUNT(FH8:FH39,FH52:FH83,FH96:FH127)<>0,AVERAGE(FH8:FH39,FH52:FH83,FH96:FH127),))","0 (=IF(COUNT(FH8:FH39,FH52:FH83,FH96:FH127)<>0,AVERAGE(FH8:FH39,FH52:FH83,FH96:FH127),))",0,원시 수치 보존
poi-src/test-data/spreadsheet/57181.xlsm,General!FH130,xl/worksheets/sheet2.xml:FH130,0,[=0]?;[<4.16666666666667][hh]:mm:ss;[hh]:mm,"1899-12-31 (=MAX(FH8:FH39,FH52:FH83,FH96:FH127))","0 (=MAX(FH8:FH39,FH52:FH83,FH96:FH127))",0,원시 수치 보존
poi-src/test-data/spreadsheet/57181.xlsm,General!FH131,xl/worksheets/sheet2.xml:FH131,0,[=0]?;[<4.16666666666667][hh]:mm:ss;[hh]:mm,"1899-12-31 (=MIN(FH8:FH39,FH52:FH83,FH96:FH127))","0 (=MIN(FH8:FH39,FH52:FH83,FH96:FH127))",0,원시 수치 보존
poi-src/test-data/spreadsheet/57181.xlsm,General!FH40,xl/worksheets/sheet2.xml:FH40,0,[=0]?;[<4.16666666666667][hh]:mm:ss;[hh]:mm,1899-12-31 (=SUM(FH8:FH39)),0 (=SUM(FH8:FH39)),0,원시 수치 보존
poi-src/test-data/spreadsheet/57181.xlsm,General!FH41,xl/worksheets/sheet2.xml:FH41,0,[=0]?;[<4.16666666666667][hh]:mm:ss;[hh]:mm,"1899-12-31 (=IF(COUNT(FH8:FH39)<>0,AVERAGE(FH8:FH39),))","0 (=IF(COUNT(FH8:FH39)<>0,AVERAGE(FH8:FH39),))",0,원시 수치 보존
poi-src/test-data/spreadsheet/57181.xlsm,General!FH42,xl/worksheets/sheet2.xml:FH42,0,[=0]?;[<4.16666666666667][hh]:mm:ss;[hh]:mm,1899-12-31 (=MAX(FH8:FH39)),0 (=MAX(FH8:FH39)),0,원시 수치 보존
poi-src/test-data/spreadsheet/57181.xlsm,General!FH43,xl/worksheets/sheet2.xml:FH43,0,[=0]?;[<4.16666666666667][hh]:mm:ss;[hh]:mm,1899-12-31 (=MIN(FH8:FH39)),0 (=MIN(FH8:FH39)),0,원시 수치 보존
poi-src/test-data/spreadsheet/57181.xlsm,General!FH84,xl/worksheets/sheet2.xml:FH84,0,[=0]?;[<4.16666666666667][hh]:mm:ss;[hh]:mm,"1899-12-31 (=SUM(FH8:FH39,FH52:FH83))","0 (=SUM(FH8:FH39,FH52:FH83))",0,원시 수치 보존
poi-src/test-data/spreadsheet/57181.xlsm,General!FH85,xl/worksheets/sheet2.xml:FH85,0,[=0]?;[<4.16666666666667][hh]:mm:ss;[hh]:mm,"1899-12-31 (=IF(COUNT(FH8:FH39,FH52:FH83)<>0,AVERAGE(FH8:FH39,FH52:FH83),))","0 (=IF(COUNT(FH8:FH39,FH52:FH83)<>0,AVERAGE(FH8:FH39,FH52:FH83),))",0,원시 수치 보존
poi-src/test-data/spreadsheet/57181.xlsm,General!FH86,xl/worksheets/sheet2.xml:FH86,0,[=0]?;[<4.16666666666667][hh]:mm:ss;[hh]:mm,"1899-12-31 (=MAX(FH8:FH39,FH52:FH83))","0 (=MAX(FH8:FH39,FH52:FH83))",0,원시 수치 보존
poi-src/test-data/spreadsheet/57181.xlsm,General!FH87,xl/worksheets/sheet2.xml:FH87,0,[=0]?;[<4.16666666666667][hh]:mm:ss;[hh]:mm,"1899-12-31 (=MIN(FH8:FH39,FH52:FH83))","0 (=MIN(FH8:FH39,FH52:FH83))",0,원시 수치 보존
poi-src/test-data/spreadsheet/57181.xlsm,General!FI130,xl/worksheets/sheet2.xml:FI130,0,[=0]?;[<4.16666666666667][hh]:mm:ss;[hh]:mm,"1899-12-31 (=MAX(FI8:FI39,FI52:FI83,FI96:FI127))","0 (=MAX(FI8:FI39,FI52:FI83,FI96:FI127))",0,원시 수치 보존
poi-src/test-data/spreadsheet/57181.xlsm,General!FI131,xl/worksheets/sheet2.xml:FI131,0,[=0]?;[<4.16666666666667][hh]:mm:ss;[hh]:mm,"1899-12-31 (=MIN(FI8:FI39,FI52:FI83,FI96:FI127))","0 (=MIN(FI8:FI39,FI52:FI83,FI96:FI127))",0,원시 수치 보존
poi-src/test-data/spreadsheet/57181.xlsm,General!FI42,xl/worksheets/sheet2.xml:FI42,0,[=0]?;[<4.16666666666667][hh]:mm:ss;[hh]:mm,1899-12-31 (=MAX(FI8:FI39)),0 (=MAX(FI8:FI39)),0,원시 수치 보존
poi-src/test-data/spreadsheet/57181.xlsm,General!FI43,xl/worksheets/sheet2.xml:FI43,0,[=0]?;[<4.16666666666667][hh]:mm:ss;[hh]:mm,1899-12-31 (=MIN(FI8:FI39)),0 (=MIN(FI8:FI39)),0,원시 수치 보존
poi-src/test-data/spreadsheet/57181.xlsm,General!FI86,xl/worksheets/sheet2.xml:FI86,0,[=0]?;[<4.16666666666667][hh]:mm:ss;[hh]:mm,"1899-12-31 (=MAX(FI8:FI39,FI52:FI83))","0 (=MAX(FI8:FI39,FI52:FI83))",0,원시 수치 보존
poi-src/test-data/spreadsheet/57181.xlsm,General!FI87,xl/worksheets/sheet2.xml:FI87,0,[=0]?;[<4.16666666666667][hh]:mm:ss;[hh]:mm,"1899-12-31 (=MIN(FI8:FI39,FI52:FI83))","0 (=MIN(FI8:FI39,FI52:FI83))",0,원시 수치 보존
poi-src/test-data/spreadsheet/57181.xlsm,General!FJ128,xl/worksheets/sheet2.xml:FJ128,0,[=0]?;[<4.16666666666667][hh]:mm:ss;[hh]:mm,"1899-12-31 (=SUM(FJ8:FJ39,FJ52:FJ83,FJ96:FJ127))","0 (=SUM(FJ8:FJ39,FJ52:FJ83,FJ96:FJ127))",0,원시 수치 보존
poi-src/test-data/spreadsheet/57181.xlsm,General!FJ129,xl/worksheets/sheet2.xml:FJ129,0,[=0]?;[<4.16666666666667][hh]:mm:ss;[hh]:mm,"1899-12-31 (=IF(COUNT(FJ8:FJ39,FJ52:FJ83,FJ96:FJ127)<>0,AVERAGE(FJ8:FJ39,FJ52:FJ83,FJ96:FJ127),))","0 (=IF(COUNT(FJ8:FJ39,FJ52:FJ83,FJ96:FJ127)<>0,AVERAGE(FJ8:FJ39,FJ52:FJ83,FJ96:FJ127),))",0,원시 수치 보존
poi-src/test-data/spreadsheet/57181.xlsm,General!FJ130,xl/worksheets/sheet2.xml:FJ130,0,[=0]?;[<4.16666666666667][hh]:mm:ss;[hh]:mm,"1899-12-31 (=MAX(FJ8:FJ39,FJ52:FJ83,FJ96:FJ127))","0 (=MAX(FJ8:FJ39,FJ52:FJ83,FJ96:FJ127))",0,원시 수치 보존
poi-src/test-data/spreadsheet/57181.xlsm,General!FJ131,xl/worksheets/sheet2.xml:FJ131,0,[=0]?;[<4.16666666666667][hh]:mm:ss;[hh]:mm,"1899-12-31 (=MIN(FJ8:FJ39,FJ52:FJ83,FJ96:FJ127))","0 (=MIN(FJ8:FJ39,FJ52:FJ83,FJ96:FJ127))",0,원시 수치 보존
poi-src/test-data/spreadsheet/57181.xlsm,General!FJ40,xl/worksheets/sheet2.xml:FJ40,0,[=0]?;[<4.16666666666667][hh]:mm:ss;[hh]:mm,1899-12-31 (=SUM(FJ8:FJ39)),0 (=SUM(FJ8:FJ39)),0,원시 수치 보존
poi-src/test-data/spreadsheet/57181.xlsm,General!FJ41,xl/worksheets/sheet2.xml:FJ41,0,[=0]?;[<4.16666666666667][hh]:mm:ss;[hh]:mm,"1899-12-31 (=IF(COUNT(FJ8:FJ39)<>0,AVERAGE(FJ8:FJ39),))","0 (=IF(COUNT(FJ8:FJ39)<>0,AVERAGE(FJ8:FJ39),))",0,원시 수치 보존
poi-src/test-data/spreadsheet/57181.xlsm,General!FJ42,xl/worksheets/sheet2.xml:FJ42,0,[=0]?;[<4.16666666666667][hh]:mm:ss;[hh]:mm,1899-12-31 (=MAX(FJ8:FJ39)),0 (=MAX(FJ8:FJ39)),0,원시 수치 보존
poi-src/test-data/spreadsheet/57181.xlsm,General!FJ43,xl/worksheets/sheet2.xml:FJ43,0,[=0]?;[<4.16666666666667][hh]:mm:ss;[hh]:mm,1899-12-31 (=MIN(FJ8:FJ39)),0 (=MIN(FJ8:FJ39)),0,원시 수치 보존
poi-src/test-data/spreadsheet/57181.xlsm,General!FJ84,xl/worksheets/sheet2.xml:FJ84,0,[=0]?;[<4.16666666666667][hh]:mm:ss;[hh]:mm,"1899-12-31 (=SUM(FJ8:FJ39,FJ52:FJ83))","0 (=SUM(FJ8:FJ39,FJ52:FJ83))",0,원시 수치 보존
poi-src/test-data/spreadsheet/57181.xlsm,General!FJ85,xl/worksheets/sheet2.xml:FJ85,0,[=0]?;[<4.16666666666667][hh]:mm:ss;[hh]:mm,"1899-12-31 (=IF(COUNT(FJ8:FJ39,FJ52:FJ83)<>0,AVERAGE(FJ8:FJ39,FJ52:FJ83),))","0 (=IF(COUNT(FJ8:FJ39,FJ52:FJ83)<>0,AVERAGE(FJ8:FJ39,FJ52:FJ83),))",0,원시 수치 보존
poi-src/test-data/spreadsheet/57181.xlsm,General!FJ86,xl/worksheets/sheet2.xml:FJ86,0,[=0]?;[<4.16666666666667][hh]:mm:ss;[hh]:mm,"1899-12-31 (=MAX(FJ8:FJ39,FJ52:FJ83))","0 (=MAX(FJ8:FJ39,FJ52:FJ83))",0,원시 수치 보존
poi-src/test-data/spreadsheet/57181.xlsm,General!FJ87,xl/worksheets/sheet2.xml:FJ87,0,[=0]?;[<4.16666666666667][hh]:mm:ss;[hh]:mm,"1899-12-31 (=MIN(FJ8:FJ39,FJ52:FJ83))","0 (=MIN(FJ8:FJ39,FJ52:FJ83))",0,원시 수치 보존
poi-src/test-data/spreadsheet/57181.xlsm,General!FK130,xl/worksheets/sheet2.xml:FK130,0,[=0]?;[<4.16666666666667][hh]:mm:ss;[hh]:mm,"1899-12-31 (=MAX(FK8:FK39,FK52:FK83,FK96:FK127))","0 (=MAX(FK8:FK39,FK52:FK83,FK96:FK127))",0,원시 수치 보존
poi-src/test-data/spreadsheet/57181.xlsm,General!FK131,xl/worksheets/sheet2.xml:FK131,0,[=0]?;[<4.16666666666667][hh]:mm:ss;[hh]:mm,"1899-12-31 (=MIN(FK8:FK39,FK52:FK83,FK96:FK127))","0 (=MIN(FK8:FK39,FK52:FK83,FK96:FK127))",0,원시 수치 보존
poi-src/test-data/spreadsheet/57181.xlsm,General!FK42,xl/worksheets/sheet2.xml:FK42,0,[=0]?;[<4.16666666666667][hh]:mm:ss;[hh]:mm,1899-12-31 (=MAX(FK8:FK39)),0 (=MAX(FK8:FK39)),0,원시 수치 보존
poi-src/test-data/spreadsheet/57181.xlsm,General!FK43,xl/worksheets/sheet2.xml:FK43,0,[=0]?;[<4.16666666666667][hh]:mm:ss;[hh]:mm,1899-12-31 (=MIN(FK8:FK39)),0 (=MIN(FK8:FK39)),0,원시 수치 보존
poi-src/test-data/spreadsheet/57181.xlsm,General!FK86,xl/worksheets/sheet2.xml:FK86,0,[=0]?;[<4.16666666666667][hh]:mm:ss;[hh]:mm,"1899-12-31 (=MAX(FK8:FK39,FK52:FK83))","0 (=MAX(FK8:FK39,FK52:FK83))",0,원시 수치 보존
poi-src/test-data/spreadsheet/57181.xlsm,General!FK87,xl/worksheets/sheet2.xml:FK87,0,[=0]?;[<4.16666666666667][hh]:mm:ss;[hh]:mm,"1899-12-31 (=MIN(FK8:FK39,FK52:FK83))","0 (=MIN(FK8:FK39,FK52:FK83))",0,원시 수치 보존
poi-src/test-data/spreadsheet/57181.xlsm,General!FM129,xl/worksheets/sheet2.xml:FM129,0,"[=0]?;#,##0.00","0.00 (=IF(COUNT(FM8:FM39,FM52:FM83,FM96:FM127)<>0,ROUND(AVERAGE(FM8:FM39,FM52:FM83,FM96:FM127),1),))","0 (=IF(COUNT(FM8:FM39,FM52:FM83,FM96:FM127)<>0,ROUND(AVERAGE(FM8:FM39,FM52:FM83,FM96:FM127),1),))",0,원시 수치 보존
poi-src/test-data/spreadsheet/57181.xlsm,General!FM130,xl/worksheets/sheet2.xml:FM130,0,"[=0]?;#,##0.00","0.00 (=MAX(FM8:FM39,FM52:FM83,FM96:FM127))","0 (=MAX(FM8:FM39,FM52:FM83,FM96:FM127))",0,원시 수치 보존
poi-src/test-data/spreadsheet/57181.xlsm,General!FM131,xl/worksheets/sheet2.xml:FM131,0,"[=0]?;#,##0.00","0.00 (=MIN(FM8:FM39,FM52:FM83,FM96:FM127))","0 (=MIN(FM8:FM39,FM52:FM83,FM96:FM127))",0,원시 수치 보존
poi-src/test-data/spreadsheet/57181.xlsm,General!FM41,xl/worksheets/sheet2.xml:FM41,0,"[=0]?;#,##0.00","0.00 (=IF(COUNT(FM8:FM39)<>0,ROUND(AVERAGE(FM8:FM39),1),))","0 (=IF(COUNT(FM8:FM39)<>0,ROUND(AVERAGE(FM8:FM39),1),))",0,원시 수치 보존
poi-src/test-data/spreadsheet/57181.xlsm,General!FM42,xl/worksheets/sheet2.xml:FM42,0,"[=0]?;#,##0.00",0.00 (=MAX(FM8:FM39)),0 (=MAX(FM8:FM39)),0,원시 수치 보존
poi-src/test-data/spreadsheet/57181.xlsm,General!FM43,xl/worksheets/sheet2.xml:FM43,0,"[=0]?;#,##0.00",0.00 (=MIN(FM8:FM39)),0 (=MIN(FM8:FM39)),0,원시 수치 보존
poi-src/test-data/spreadsheet/57181.xlsm,General!FM85,xl/worksheets/sheet2.xml:FM85,0,"[=0]?;#,##0.00","0.00 (=IF(COUNT(FM8:FM39,FM52:FM83)<>0,ROUND(AVERAGE(FM8:FM39,FM52:FM83),1),))","0 (=IF(COUNT(FM8:FM39,FM52:FM83)<>0,ROUND(AVERAGE(FM8:FM39,FM52:FM83),1),))",0,원시 수치 보존
poi-src/test-data/spreadsheet/57181.xlsm,General!FM86,xl/worksheets/sheet2.xml:FM86,0,"[=0]?;#,##0.00","0.00 (=MAX(FM8:FM39,FM52:FM83))","0 (=MAX(FM8:FM39,FM52:FM83))",0,원시 수치 보존
poi-src/test-data/spreadsheet/57181.xlsm,General!FM87,xl/worksheets/sheet2.xml:FM87,0,"[=0]?;#,##0.00","0.00 (=MIN(FM8:FM39,FM52:FM83))","0 (=MIN(FM8:FM39,FM52:FM83))",0,원시 수치 보존
poi-src/test-data/spreadsheet/57181.xlsm,General!FW129,xl/worksheets/sheet2.xml:FW129,0,[=0]?;[<4.16666666666667][hh]:mm:ss;[hh]:mm,"1899-12-31 (=IF(COUNT(FW8:FW39,FW52:FW83,FW96:FW127)<>0,AVERAGE(FW8:FW39,FW52:FW83,FW96:FW127),))","0 (=IF(COUNT(FW8:FW39,FW52:FW83,FW96:FW127)<>0,AVERAGE(FW8:FW39,FW52:FW83,FW96:FW127),))",0,원시 수치 보존
poi-src/test-data/spreadsheet/57181.xlsm,General!FW130,xl/worksheets/sheet2.xml:FW130,0,[=0]?;[<4.16666666666667][hh]:mm:ss;[hh]:mm,"1899-12-31 (=MAX(FW8:FW39,FW52:FW83,FW96:FW127))","0 (=MAX(FW8:FW39,FW52:FW83,FW96:FW127))",0,원시 수치 보존
poi-src/test-data/spreadsheet/57181.xlsm,General!FW131,xl/worksheets/sheet2.xml:FW131,0,[=0]?;[<4.16666666666667][hh]:mm:ss;[hh]:mm,"1899-12-31 (=MIN(FW8:FW39,FW52:FW83,FW96:FW127))","0 (=MIN(FW8:FW39,FW52:FW83,FW96:FW127))",0,원시 수치 보존
poi-src/test-data/spreadsheet/57181.xlsm,General!FW41,xl/worksheets/sheet2.xml:FW41,0,[=0]?;[<4.16666666666667][hh]:mm:ss;[hh]:mm,"1899-12-31 (=IF(COUNT(FW8:FW39)<>0,AVERAGE(FW8:FW39),))","0 (=IF(COUNT(FW8:FW39)<>0,AVERAGE(FW8:FW39),))",0,원시 수치 보존
poi-src/test-data/spreadsheet/57181.xlsm,General!FW42,xl/worksheets/sheet2.xml:FW42,0,[=0]?;[<4.16666666666667][hh]:mm:ss;[hh]:mm,1899-12-31 (=MAX(FW8:FW39)),0 (=MAX(FW8:FW39)),0,원시 수치 보존
poi-src/test-data/spreadsheet/57181.xlsm,General!FW43,xl/worksheets/sheet2.xml:FW43,0,[=0]?;[<4.16666666666667][hh]:mm:ss;[hh]:mm,1899-12-31 (=MIN(FW8:FW39)),0 (=MIN(FW8:FW39)),0,원시 수치 보존
poi-src/test-data/spreadsheet/57181.xlsm,General!FW85,xl/worksheets/sheet2.xml:FW85,0,[=0]?;[<4.16666666666667][hh]:mm:ss;[hh]:mm,"1899-12-31 (=IF(COUNT(FW8:FW39,FW52:FW83)<>0,AVERAGE(FW8:FW39,FW52:FW83),))","0 (=IF(COUNT(FW8:FW39,FW52:FW83)<>0,AVERAGE(FW8:FW39,FW52:FW83),))",0,원시 수치 보존
poi-src/test-data/spreadsheet/57181.xlsm,General!FW86,xl/worksheets/sheet2.xml:FW86,0,[=0]?;[<4.16666666666667][hh]:mm:ss;[hh]:mm,"1899-12-31 (=MAX(FW8:FW39,FW52:FW83))","0 (=MAX(FW8:FW39,FW52:FW83))",0,원시 수치 보존
poi-src/test-data/spreadsheet/57181.xlsm,General!FW87,xl/worksheets/sheet2.xml:FW87,0,[=0]?;[<4.16666666666667][hh]:mm:ss;[hh]:mm,"1899-12-31 (=MIN(FW8:FW39,FW52:FW83))","0 (=MIN(FW8:FW39,FW52:FW83))",0,원시 수치 보존
poi-src/test-data/spreadsheet/57181.xlsm,General!FX129,xl/worksheets/sheet2.xml:FX129,0,[=0]?;[<4.16666666666667][hh]:mm:ss;[hh]:mm,"1899-12-31 (=IF(COUNT(FX8:FX39,FX52:FX83,FX96:FX127)<>0,AVERAGE(FX8:FX39,FX52:FX83,FX96:FX127),))","0 (=IF(COUNT(FX8:FX39,FX52:FX83,FX96:FX127)<>0,AVERAGE(FX8:FX39,FX52:FX83,FX96:FX127),))",0,원시 수치 보존
poi-src/test-data/spreadsheet/57181.xlsm,General!FX130,xl/worksheets/sheet2.xml:FX130,0,[=0]?;[<4.16666666666667][hh]:mm:ss;[hh]:mm,"1899-12-31 (=MAX(FX8:FX39,FX52:FX83,FX96:FX127))","0 (=MAX(FX8:FX39,FX52:FX83,FX96:FX127))",0,원시 수치 보존
poi-src/test-data/spreadsheet/57181.xlsm,General!FX131,xl/worksheets/sheet2.xml:FX131,0,[=0]?;[<4.16666666666667][hh]:mm:ss;[hh]:mm,"1899-12-31 (=MIN(FX8:FX39,FX52:FX83,FX96:FX127))","0 (=MIN(FX8:FX39,FX52:FX83,FX96:FX127))",0,원시 수치 보존
poi-src/test-data/spreadsheet/57181.xlsm,General!FX41,xl/worksheets/sheet2.xml:FX41,0,[=0]?;[<4.16666666666667][hh]:mm:ss;[hh]:mm,"1899-12-31 (=IF(COUNT(FX8:FX39)<>0,AVERAGE(FX8:FX39),))","0 (=IF(COUNT(FX8:FX39)<>0,AVERAGE(FX8:FX39),))",0,원시 수치 보존
poi-src/test-data/spreadsheet/57181.xlsm,General!FX42,xl/worksheets/sheet2.xml:FX42,0,[=0]?;[<4.16666666666667][hh]:mm:ss;[hh]:mm,1899-12-31 (=MAX(FX8:FX39)),0 (=MAX(FX8:FX39)),0,원시 수치 보존
poi-src/test-data/spreadsheet/57181.xlsm,General!FX43,xl/worksheets/sheet2.xml:FX43,0,[=0]?;[<4.16666666666667][hh]:mm:ss;[hh]:mm,1899-12-31 (=MIN(FX8:FX39)),0 (=MIN(FX8:FX39)),0,원시 수치 보존
poi-src/test-data/spreadsheet/57181.xlsm,General!FX85,xl/worksheets/sheet2.xml:FX85,0,[=0]?;[<4.16666666666667][hh]:mm:ss;[hh]:mm,"1899-12-31 (=IF(COUNT(FX8:FX39,FX52:FX83)<>0,AVERAGE(FX8:FX39,FX52:FX83),))","0 (=IF(COUNT(FX8:FX39,FX52:FX83)<>0,AVERAGE(FX8:FX39,FX52:FX83),))",0,원시 수치 보존
poi-src/test-data/spreadsheet/57181.xlsm,General!FX86,xl/worksheets/sheet2.xml:FX86,0,[=0]?;[<4.16666666666667][hh]:mm:ss;[hh]:mm,"1899-12-31 (=MAX(FX8:FX39,FX52:FX83))","0 (=MAX(FX8:FX39,FX52:FX83))",0,원시 수치 보존
poi-src/test-data/spreadsheet/57181.xlsm,General!FX87,xl/worksheets/sheet2.xml:FX87,0,[=0]?;[<4.16666666666667][hh]:mm:ss;[hh]:mm,"1899-12-31 (=MIN(FX8:FX39,FX52:FX83))","0 (=MIN(FX8:FX39,FX52:FX83))",0,원시 수치 보존
poi-src/test-data/spreadsheet/57181.xlsm,General!FY129,xl/worksheets/sheet2.xml:FY129,0,[=0]?;[<4.16666666666667][hh]:mm:ss;[hh]:mm,"1899-12-31 (=IF(COUNT(FY8:FY39,FY52:FY83,FY96:FY127)<>0,AVERAGE(FY8:FY39,FY52:FY83,FY96:FY127),))","0 (=IF(COUNT(FY8:FY39,FY52:FY83,FY96:FY127)<>0,AVERAGE(FY8:FY39,FY52:FY83,FY96:FY127),))",0,원시 수치 보존
poi-src/test-data/spreadsheet/57181.xlsm,General!FY130,xl/worksheets/sheet2.xml:FY130,0,[=0]?;[<4.16666666666667][hh]:mm:ss;[hh]:mm,"1899-12-31 (=MAX(FY8:FY39,FY52:FY83,FY96:FY127))","0 (=MAX(FY8:FY39,FY52:FY83,FY96:FY127))",0,원시 수치 보존
poi-src/test-data/spreadsheet/57181.xlsm,General!FY131,xl/worksheets/sheet2.xml:FY131,0,[=0]?;[<4.16666666666667][hh]:mm:ss;[hh]:mm,"1899-12-31 (=MIN(FY8:FY39,FY52:FY83,FY96:FY127))","0 (=MIN(FY8:FY39,FY52:FY83,FY96:FY127))",0,원시 수치 보존
poi-src/test-data/spreadsheet/57181.xlsm,General!FY41,xl/worksheets/sheet2.xml:FY41,0,[=0]?;[<4.16666666666667][hh]:mm:ss;[hh]:mm,"1899-12-31 (=IF(COUNT(FY8:FY39)<>0,AVERAGE(FY8:FY39),))","0 (=IF(COUNT(FY8:FY39)<>0,AVERAGE(FY8:FY39),))",0,원시 수치 보존
poi-src/test-data/spreadsheet/57181.xlsm,General!FY42,xl/worksheets/sheet2.xml:FY42,0,[=0]?;[<4.16666666666667][hh]:mm:ss;[hh]:mm,1899-12-31 (=MAX(FY8:FY39)),0 (=MAX(FY8:FY39)),0,원시 수치 보존
poi-src/test-data/spreadsheet/57181.xlsm,General!FY43,xl/worksheets/sheet2.xml:FY43,0,[=0]?;[<4.16666666666667][hh]:mm:ss;[hh]:mm,1899-12-31 (=MIN(FY8:FY39)),0 (=MIN(FY8:FY39)),0,원시 수치 보존
poi-src/test-data/spreadsheet/57181.xlsm,General!FY85,xl/worksheets/sheet2.xml:FY85,0,[=0]?;[<4.16666666666667][hh]:mm:ss;[hh]:mm,"1899-12-31 (=IF(COUNT(FY8:FY39,FY52:FY83)<>0,AVERAGE(FY8:FY39,FY52:FY83),))","0 (=IF(COUNT(FY8:FY39,FY52:FY83)<>0,AVERAGE(FY8:FY39,FY52:FY83),))",0,원시 수치 보존
poi-src/test-data/spreadsheet/57181.xlsm,General!FY86,xl/worksheets/sheet2.xml:FY86,0,[=0]?;[<4.16666666666667][hh]:mm:ss;[hh]:mm,"1899-12-31 (=MAX(FY8:FY39,FY52:FY83))","0 (=MAX(FY8:FY39,FY52:FY83))",0,원시 수치 보존
poi-src/test-data/spreadsheet/57181.xlsm,General!FY87,xl/worksheets/sheet2.xml:FY87,0,[=0]?;[<4.16666666666667][hh]:mm:ss;[hh]:mm,"1899-12-31 (=MIN(FY8:FY39,FY52:FY83))","0 (=MIN(FY8:FY39,FY52:FY83))",0,원시 수치 보존
poi-src/test-data/spreadsheet/57181.xlsm,General!FZ128,xl/worksheets/sheet2.xml:FZ128,0,[=0]?;[<4.16666666666667][hh]:mm:ss;[hh]:mm,"1899-12-31 (=SUM(FZ8:FZ39,FZ52:FZ83,FZ96:FZ127))","0 (=SUM(FZ8:FZ39,FZ52:FZ83,FZ96:FZ127))",0,원시 수치 보존
poi-src/test-data/spreadsheet/57181.xlsm,General!FZ129,xl/worksheets/sheet2.xml:FZ129,0,[=0]?;[<4.16666666666667][hh]:mm:ss;[hh]:mm,"1899-12-31 (=IF(COUNT(FZ8:FZ39,FZ52:FZ83,FZ96:FZ127)<>0,AVERAGE(FZ8:FZ39,FZ52:FZ83,FZ96:FZ127),))","0 (=IF(COUNT(FZ8:FZ39,FZ52:FZ83,FZ96:FZ127)<>0,AVERAGE(FZ8:FZ39,FZ52:FZ83,FZ96:FZ127),))",0,원시 수치 보존
poi-src/test-data/spreadsheet/57181.xlsm,General!FZ130,xl/worksheets/sheet2.xml:FZ130,0,[=0]?;[<4.16666666666667][hh]:mm:ss;[hh]:mm,"1899-12-31 (=MAX(FZ8:FZ39,FZ52:FZ83,FZ96:FZ127))","0 (=MAX(FZ8:FZ39,FZ52:FZ83,FZ96:FZ127))",0,원시 수치 보존
poi-src/test-data/spreadsheet/57181.xlsm,General!FZ131,xl/worksheets/sheet2.xml:FZ131,0,[=0]?;[<4.16666666666667][hh]:mm:ss;[hh]:mm,"1899-12-31 (=MIN(FZ8:FZ39,FZ52:FZ83,FZ96:FZ127))","0 (=MIN(FZ8:FZ39,FZ52:FZ83,FZ96:FZ127))",0,원시 수치 보존
poi-src/test-data/spreadsheet/57181.xlsm,General!FZ40,xl/worksheets/sheet2.xml:FZ40,0,[=0]?;[<4.16666666666667][hh]:mm:ss;[hh]:mm,1899-12-31 (=SUM(FZ8:FZ39)),0 (=SUM(FZ8:FZ39)),0,원시 수치 보존
poi-src/test-data/spreadsheet/57181.xlsm,General!FZ41,xl/worksheets/sheet2.xml:FZ41,0,[=0]?;[<4.16666666666667][hh]:mm:ss;[hh]:mm,"1899-12-31 (=IF(COUNT(FZ8:FZ39)<>0,AVERAGE(FZ8:FZ39),))","0 (=IF(COUNT(FZ8:FZ39)<>0,AVERAGE(FZ8:FZ39),))",0,원시 수치 보존
poi-src/test-data/spreadsheet/57181.xlsm,General!FZ42,xl/worksheets/sheet2.xml:FZ42,0,[=0]?;[<4.16666666666667][hh]:mm:ss;[hh]:mm,1899-12-31 (=MAX(FZ8:FZ39)),0 (=MAX(FZ8:FZ39)),0,원시 수치 보존
poi-src/test-data/spreadsheet/57181.xlsm,General!FZ43,xl/worksheets/sheet2.xml:FZ43,0,[=0]?;[<4.16666666666667][hh]:mm:ss;[hh]:mm,1899-12-31 (=MIN(FZ8:FZ39)),0 (=MIN(FZ8:FZ39)),0,원시 수치 보존
poi-src/test-data/spreadsheet/57181.xlsm,General!FZ84,xl/worksheets/sheet2.xml:FZ84,0,[=0]?;[<4.16666666666667][hh]:mm:ss;[hh]:mm,"1899-12-31 (=SUM(FZ8:FZ39,FZ52:FZ83))","0 (=SUM(FZ8:FZ39,FZ52:FZ83))",0,원시 수치 보존
poi-src/test-data/spreadsheet/57181.xlsm,General!FZ85,xl/worksheets/sheet2.xml:FZ85,0,[=0]?;[<4.16666666666667][hh]:mm:ss;[hh]:mm,"1899-12-31 (=IF(COUNT(FZ8:FZ39,FZ52:FZ83)<>0,AVERAGE(FZ8:FZ39,FZ52:FZ83),))","0 (=IF(COUNT(FZ8:FZ39,FZ52:FZ83)<>0,AVERAGE(FZ8:FZ39,FZ52:FZ83),))",0,원시 수치 보존
poi-src/test-data/spreadsheet/57181.xlsm,General!FZ86,xl/worksheets/sheet2.xml:FZ86,0,[=0]?;[<4.16666666666667][hh]:mm:ss;[hh]:mm,"1899-12-31 (=MAX(FZ8:FZ39,FZ52:FZ83))","0 (=MAX(FZ8:FZ39,FZ52:FZ83))",0,원시 수치 보존
poi-src/test-data/spreadsheet/57181.xlsm,General!FZ87,xl/worksheets/sheet2.xml:FZ87,0,[=0]?;[<4.16666666666667][hh]:mm:ss;[hh]:mm,"1899-12-31 (=MIN(FZ8:FZ39,FZ52:FZ83))","0 (=MIN(FZ8:FZ39,FZ52:FZ83))",0,원시 수치 보존
poi-src/test-data/spreadsheet/57181.xlsm,General!GA130,xl/worksheets/sheet2.xml:GA130,0,[=0]?;[<4.16666666666667][hh]:mm:ss;[hh]:mm,"1899-12-31 (=MAX(GA8:GA39,GA52:GA83,GA96:GA127))","0 (=MAX(GA8:GA39,GA52:GA83,GA96:GA127))",0,원시 수치 보존
poi-src/test-data/spreadsheet/57181.xlsm,General!GA131,xl/worksheets/sheet2.xml:GA131,0,[=0]?;[<4.16666666666667][hh]:mm:ss;[hh]:mm,"1899-12-31 (=MIN(GA8:GA39,GA52:GA83,GA96:GA127))","0 (=MIN(GA8:GA39,GA52:GA83,GA96:GA127))",0,원시 수치 보존
poi-src/test-data/spreadsheet/57181.xlsm,General!GA42,xl/worksheets/sheet2.xml:GA42,0,[=0]?;[<4.16666666666667][hh]:mm:ss;[hh]:mm,1899-12-31 (=MAX(GA8:GA39)),0 (=MAX(GA8:GA39)),0,원시 수치 보존
poi-src/test-data/spreadsheet/57181.xlsm,General!GA43,xl/worksheets/sheet2.xml:GA43,0,[=0]?;[<4.16666666666667][hh]:mm:ss;[hh]:mm,1899-12-31 (=MIN(GA8:GA39)),0 (=MIN(GA8:GA39)),0,원시 수치 보존
poi-src/test-data/spreadsheet/57181.xlsm,General!GA86,xl/worksheets/sheet2.xml:GA86,0,[=0]?;[<4.16666666666667][hh]:mm:ss;[hh]:mm,"1899-12-31 (=MAX(GA8:GA39,GA52:GA83))","0 (=MAX(GA8:GA39,GA52:GA83))",0,원시 수치 보존
poi-src/test-data/spreadsheet/57181.xlsm,General!GA87,xl/worksheets/sheet2.xml:GA87,0,[=0]?;[<4.16666666666667][hh]:mm:ss;[hh]:mm,"1899-12-31 (=MIN(GA8:GA39,GA52:GA83))","0 (=MIN(GA8:GA39,GA52:GA83))",0,원시 수치 보존
poi-src/test-data/spreadsheet/57181.xlsm,General!GB128,xl/worksheets/sheet2.xml:GB128,0,[=0]?;[<4.16666666666667][hh]:mm:ss;[hh]:mm,"1899-12-31 (=SUM(GB8:GB39,GB52:GB83,GB96:GB127))","0 (=SUM(GB8:GB39,GB52:GB83,GB96:GB127))",0,원시 수치 보존
poi-src/test-data/spreadsheet/57181.xlsm,General!GB129,xl/worksheets/sheet2.xml:GB129,0,[=0]?;[<4.16666666666667][hh]:mm:ss;[hh]:mm,"1899-12-31 (=IF(COUNT(GB8:GB39,GB52:GB83,GB96:GB127)<>0,AVERAGE(GB8:GB39,GB52:GB83,GB96:GB127),))","0 (=IF(COUNT(GB8:GB39,GB52:GB83,GB96:GB127)<>0,AVERAGE(GB8:GB39,GB52:GB83,GB96:GB127),))",0,원시 수치 보존
poi-src/test-data/spreadsheet/57181.xlsm,General!GB130,xl/worksheets/sheet2.xml:GB130,0,[=0]?;[<4.16666666666667][hh]:mm:ss;[hh]:mm,"1899-12-31 (=MAX(GB8:GB39,GB52:GB83,GB96:GB127))","0 (=MAX(GB8:GB39,GB52:GB83,GB96:GB127))",0,원시 수치 보존
poi-src/test-data/spreadsheet/57181.xlsm,General!GB131,xl/worksheets/sheet2.xml:GB131,0,[=0]?;[<4.16666666666667][hh]:mm:ss;[hh]:mm,"1899-12-31 (=MIN(GB8:GB39,GB52:GB83,GB96:GB127))","0 (=MIN(GB8:GB39,GB52:GB83,GB96:GB127))",0,원시 수치 보존
poi-src/test-data/spreadsheet/57181.xlsm,General!GB40,xl/worksheets/sheet2.xml:GB40,0,[=0]?;[<4.16666666666667][hh]:mm:ss;[hh]:mm,1899-12-31 (=SUM(GB8:GB39)),0 (=SUM(GB8:GB39)),0,원시 수치 보존
poi-src/test-data/spreadsheet/57181.xlsm,General!GB41,xl/worksheets/sheet2.xml:GB41,0,[=0]?;[<4.16666666666667][hh]:mm:ss;[hh]:mm,"1899-12-31 (=IF(COUNT(GB8:GB39)<>0,AVERAGE(GB8:GB39),))","0 (=IF(COUNT(GB8:GB39)<>0,AVERAGE(GB8:GB39),))",0,원시 수치 보존
poi-src/test-data/spreadsheet/57181.xlsm,General!GB42,xl/worksheets/sheet2.xml:GB42,0,[=0]?;[<4.16666666666667][hh]:mm:ss;[hh]:mm,1899-12-31 (=MAX(GB8:GB39)),0 (=MAX(GB8:GB39)),0,원시 수치 보존
poi-src/test-data/spreadsheet/57181.xlsm,General!GB43,xl/worksheets/sheet2.xml:GB43,0,[=0]?;[<4.16666666666667][hh]:mm:ss;[hh]:mm,1899-12-31 (=MIN(GB8:GB39)),0 (=MIN(GB8:GB39)),0,원시 수치 보존
poi-src/test-data/spreadsheet/57181.xlsm,General!GB84,xl/worksheets/sheet2.xml:GB84,0,[=0]?;[<4.16666666666667][hh]:mm:ss;[hh]:mm,"1899-12-31 (=SUM(GB8:GB39,GB52:GB83))","0 (=SUM(GB8:GB39,GB52:GB83))",0,원시 수치 보존
poi-src/test-data/spreadsheet/57181.xlsm,General!GB85,xl/worksheets/sheet2.xml:GB85,0,[=0]?;[<4.16666666666667][hh]:mm:ss;[hh]:mm,"1899-12-31 (=IF(COUNT(GB8:GB39,GB52:GB83)<>0,AVERAGE(GB8:GB39,GB52:GB83),))","0 (=IF(COUNT(GB8:GB39,GB52:GB83)<>0,AVERAGE(GB8:GB39,GB52:GB83),))",0,원시 수치 보존
poi-src/test-data/spreadsheet/57181.xlsm,General!GB86,xl/worksheets/sheet2.xml:GB86,0,[=0]?;[<4.16666666666667][hh]:mm:ss;[hh]:mm,"1899-12-31 (=MAX(GB8:GB39,GB52:GB83))","0 (=MAX(GB8:GB39,GB52:GB83))",0,원시 수치 보존
poi-src/test-data/spreadsheet/57181.xlsm,General!GB87,xl/worksheets/sheet2.xml:GB87,0,[=0]?;[<4.16666666666667][hh]:mm:ss;[hh]:mm,"1899-12-31 (=MIN(GB8:GB39,GB52:GB83))","0 (=MIN(GB8:GB39,GB52:GB83))",0,원시 수치 보존
poi-src/test-data/spreadsheet/57181.xlsm,General!GC130,xl/worksheets/sheet2.xml:GC130,0,[=0]?;[<4.16666666666667][hh]:mm:ss;[hh]:mm,"1899-12-31 (=MAX(GC8:GC39,GC52:GC83,GC96:GC127))","0 (=MAX(GC8:GC39,GC52:GC83,GC96:GC127))",0,원시 수치 보존
poi-src/test-data/spreadsheet/57181.xlsm,General!GC131,xl/worksheets/sheet2.xml:GC131,0,[=0]?;[<4.16666666666667][hh]:mm:ss;[hh]:mm,"1899-12-31 (=MIN(GC8:GC39,GC52:GC83,GC96:GC127))","0 (=MIN(GC8:GC39,GC52:GC83,GC96:GC127))",0,원시 수치 보존
poi-src/test-data/spreadsheet/57181.xlsm,General!GC42,xl/worksheets/sheet2.xml:GC42,0,[=0]?;[<4.16666666666667][hh]:mm:ss;[hh]:mm,1899-12-31 (=MAX(GC8:GC39)),0 (=MAX(GC8:GC39)),0,원시 수치 보존
poi-src/test-data/spreadsheet/57181.xlsm,General!GC43,xl/worksheets/sheet2.xml:GC43,0,[=0]?;[<4.16666666666667][hh]:mm:ss;[hh]:mm,1899-12-31 (=MIN(GC8:GC39)),0 (=MIN(GC8:GC39)),0,원시 수치 보존
poi-src/test-data/spreadsheet/57181.xlsm,General!GC86,xl/worksheets/sheet2.xml:GC86,0,[=0]?;[<4.16666666666667][hh]:mm:ss;[hh]:mm,"1899-12-31 (=MAX(GC8:GC39,GC52:GC83))","0 (=MAX(GC8:GC39,GC52:GC83))",0,원시 수치 보존
poi-src/test-data/spreadsheet/57181.xlsm,General!GC87,xl/worksheets/sheet2.xml:GC87,0,[=0]?;[<4.16666666666667][hh]:mm:ss;[hh]:mm,"1899-12-31 (=MIN(GC8:GC39,GC52:GC83))","0 (=MIN(GC8:GC39,GC52:GC83))",0,원시 수치 보존
poi-src/test-data/spreadsheet/57181.xlsm,General!GD128,xl/worksheets/sheet2.xml:GD128,0,[=0]?;[<4.16666666666667][hh]:mm:ss;[hh]:mm,"1899-12-31 (=SUM(GD8:GD39,GD52:GD83,GD96:GD127))","0 (=SUM(GD8:GD39,GD52:GD83,GD96:GD127))",0,원시 수치 보존
poi-src/test-data/spreadsheet/57181.xlsm,General!GD129,xl/worksheets/sheet2.xml:GD129,0,[=0]?;[<4.16666666666667][hh]:mm:ss;[hh]:mm,"1899-12-31 (=IF(COUNT(GD8:GD39,GD52:GD83,GD96:GD127)<>0,AVERAGE(GD8:GD39,GD52:GD83,GD96:GD127),))","0 (=IF(COUNT(GD8:GD39,GD52:GD83,GD96:GD127)<>0,AVERAGE(GD8:GD39,GD52:GD83,GD96:GD127),))",0,원시 수치 보존
poi-src/test-data/spreadsheet/57181.xlsm,General!GD130,xl/worksheets/sheet2.xml:GD130,0,[=0]?;[<4.16666666666667][hh]:mm:ss;[hh]:mm,"1899-12-31 (=MAX(GD8:GD39,GD52:GD83,GD96:GD127))","0 (=MAX(GD8:GD39,GD52:GD83,GD96:GD127))",0,원시 수치 보존
poi-src/test-data/spreadsheet/57181.xlsm,General!GD131,xl/worksheets/sheet2.xml:GD131,0,[=0]?;[<4.16666666666667][hh]:mm:ss;[hh]:mm,"1899-12-31 (=MIN(GD8:GD39,GD52:GD83,GD96:GD127))","0 (=MIN(GD8:GD39,GD52:GD83,GD96:GD127))",0,원시 수치 보존
poi-src/test-data/spreadsheet/57181.xlsm,General!GD40,xl/worksheets/sheet2.xml:GD40,0,[=0]?;[<4.16666666666667][hh]:mm:ss;[hh]:mm,1899-12-31 (=SUM(GD8:GD39)),0 (=SUM(GD8:GD39)),0,원시 수치 보존
poi-src/test-data/spreadsheet/57181.xlsm,General!GD41,xl/worksheets/sheet2.xml:GD41,0,[=0]?;[<4.16666666666667][hh]:mm:ss;[hh]:mm,"1899-12-31 (=IF(COUNT(GD8:GD39)<>0,AVERAGE(GD8:GD39),))","0 (=IF(COUNT(GD8:GD39)<>0,AVERAGE(GD8:GD39),))",0,원시 수치 보존
poi-src/test-data/spreadsheet/57181.xlsm,General!GD42,xl/worksheets/sheet2.xml:GD42,0,[=0]?;[<4.16666666666667][hh]:mm:ss;[hh]:mm,1899-12-31 (=MAX(GD8:GD39)),0 (=MAX(GD8:GD39)),0,원시 수치 보존
poi-src/test-data/spreadsheet/57181.xlsm,General!GD43,xl/worksheets/sheet2.xml:GD43,0,[=0]?;[<4.16666666666667][hh]:mm:ss;[hh]:mm,1899-12-31 (=MIN(GD8:GD39)),0 (=MIN(GD8:GD39)),0,원시 수치 보존
poi-src/test-data/spreadsheet/57181.xlsm,General!GD84,xl/worksheets/sheet2.xml:GD84,0,[=0]?;[<4.16666666666667][hh]:mm:ss;[hh]:mm,"1899-12-31 (=SUM(GD8:GD39,GD52:GD83))","0 (=SUM(GD8:GD39,GD52:GD83))",0,원시 수치 보존
poi-src/test-data/spreadsheet/57181.xlsm,General!GD85,xl/worksheets/sheet2.xml:GD85,0,[=0]?;[<4.16666666666667][hh]:mm:ss;[hh]:mm,"1899-12-31 (=IF(COUNT(GD8:GD39,GD52:GD83)<>0,AVERAGE(GD8:GD39,GD52:GD83),))","0 (=IF(COUNT(GD8:GD39,GD52:GD83)<>0,AVERAGE(GD8:GD39,GD52:GD83),))",0,원시 수치 보존
poi-src/test-data/spreadsheet/57181.xlsm,General!GD86,xl/worksheets/sheet2.xml:GD86,0,[=0]?;[<4.16666666666667][hh]:mm:ss;[hh]:mm,"1899-12-31 (=MAX(GD8:GD39,GD52:GD83))","0 (=MAX(GD8:GD39,GD52:GD83))",0,원시 수치 보존
poi-src/test-data/spreadsheet/57181.xlsm,General!GD87,xl/worksheets/sheet2.xml:GD87,0,[=0]?;[<4.16666666666667][hh]:mm:ss;[hh]:mm,"1899-12-31 (=MIN(GD8:GD39,GD52:GD83))","0 (=MIN(GD8:GD39,GD52:GD83))",0,원시 수치 보존
poi-src/test-data/spreadsheet/57181.xlsm,General!GE130,xl/worksheets/sheet2.xml:GE130,0,[=0]?;[<4.16666666666667][hh]:mm:ss;[hh]:mm,"1899-12-31 (=MAX(GE8:GE39,GE52:GE83,GE96:GE127))","0 (=MAX(GE8:GE39,GE52:GE83,GE96:GE127))",0,원시 수치 보존
poi-src/test-data/spreadsheet/57181.xlsm,General!GE131,xl/worksheets/sheet2.xml:GE131,0,[=0]?;[<4.16666666666667][hh]:mm:ss;[hh]:mm,"1899-12-31 (=MIN(GE8:GE39,GE52:GE83,GE96:GE127))","0 (=MIN(GE8:GE39,GE52:GE83,GE96:GE127))",0,원시 수치 보존
poi-src/test-data/spreadsheet/57181.xlsm,General!GE42,xl/worksheets/sheet2.xml:GE42,0,[=0]?;[<4.16666666666667][hh]:mm:ss;[hh]:mm,1899-12-31 (=MAX(GE8:GE39)),0 (=MAX(GE8:GE39)),0,원시 수치 보존
poi-src/test-data/spreadsheet/57181.xlsm,General!GE43,xl/worksheets/sheet2.xml:GE43,0,[=0]?;[<4.16666666666667][hh]:mm:ss;[hh]:mm,1899-12-31 (=MIN(GE8:GE39)),0 (=MIN(GE8:GE39)),0,원시 수치 보존
poi-src/test-data/spreadsheet/57181.xlsm,General!GE86,xl/worksheets/sheet2.xml:GE86,0,[=0]?;[<4.16666666666667][hh]:mm:ss;[hh]:mm,"1899-12-31 (=MAX(GE8:GE39,GE52:GE83))","0 (=MAX(GE8:GE39,GE52:GE83))",0,원시 수치 보존
poi-src/test-data/spreadsheet/57181.xlsm,General!GE87,xl/worksheets/sheet2.xml:GE87,0,[=0]?;[<4.16666666666667][hh]:mm:ss;[hh]:mm,"1899-12-31 (=MIN(GE8:GE39,GE52:GE83))","0 (=MIN(GE8:GE39,GE52:GE83))",0,원시 수치 보존
poi-src/test-data/spreadsheet/57181.xlsm,General!GF128,xl/worksheets/sheet2.xml:GF128,0,[=0]?;[<4.16666666666667][hh]:mm:ss;[hh]:mm,"1899-12-31 (=SUM(GF8:GF39,GF52:GF83,GF96:GF127))","0 (=SUM(GF8:GF39,GF52:GF83,GF96:GF127))",0,원시 수치 보존
poi-src/test-data/spreadsheet/57181.xlsm,General!GF129,xl/worksheets/sheet2.xml:GF129,0,[=0]?;[<4.16666666666667][hh]:mm:ss;[hh]:mm,"1899-12-31 (=IF(COUNT(GF8:GF39,GF52:GF83,GF96:GF127)<>0,AVERAGE(GF8:GF39,GF52:GF83,GF96:GF127),))","0 (=IF(COUNT(GF8:GF39,GF52:GF83,GF96:GF127)<>0,AVERAGE(GF8:GF39,GF52:GF83,GF96:GF127),))",0,원시 수치 보존
poi-src/test-data/spreadsheet/57181.xlsm,General!GF130,xl/worksheets/sheet2.xml:GF130,0,[=0]?;[<4.16666666666667][hh]:mm:ss;[hh]:mm,"1899-12-31 (=MAX(GF8:GF39,GF52:GF83,GF96:GF127))","0 (=MAX(GF8:GF39,GF52:GF83,GF96:GF127))",0,원시 수치 보존
poi-src/test-data/spreadsheet/57181.xlsm,General!GF131,xl/worksheets/sheet2.xml:GF131,0,[=0]?;[<4.16666666666667][hh]:mm:ss;[hh]:mm,"1899-12-31 (=MIN(GF8:GF39,GF52:GF83,GF96:GF127))","0 (=MIN(GF8:GF39,GF52:GF83,GF96:GF127))",0,원시 수치 보존
poi-src/test-data/spreadsheet/57181.xlsm,General!GF40,xl/worksheets/sheet2.xml:GF40,0,[=0]?;[<4.16666666666667][hh]:mm:ss;[hh]:mm,1899-12-31 (=SUM(GF8:GF39)),0 (=SUM(GF8:GF39)),0,원시 수치 보존
poi-src/test-data/spreadsheet/57181.xlsm,General!GF41,xl/worksheets/sheet2.xml:GF41,0,[=0]?;[<4.16666666666667][hh]:mm:ss;[hh]:mm,"1899-12-31 (=IF(COUNT(GF8:GF39)<>0,AVERAGE(GF8:GF39),))","0 (=IF(COUNT(GF8:GF39)<>0,AVERAGE(GF8:GF39),))",0,원시 수치 보존
poi-src/test-data/spreadsheet/57181.xlsm,General!GF42,xl/worksheets/sheet2.xml:GF42,0,[=0]?;[<4.16666666666667][hh]:mm:ss;[hh]:mm,1899-12-31 (=MAX(GF8:GF39)),0 (=MAX(GF8:GF39)),0,원시 수치 보존
poi-src/test-data/spreadsheet/57181.xlsm,General!GF43,xl/worksheets/sheet2.xml:GF43,0,[=0]?;[<4.16666666666667][hh]:mm:ss;[hh]:mm,1899-12-31 (=MIN(GF8:GF39)),0 (=MIN(GF8:GF39)),0,원시 수치 보존
poi-src/test-data/spreadsheet/57181.xlsm,General!GF84,xl/worksheets/sheet2.xml:GF84,0,[=0]?;[<4.16666666666667][hh]:mm:ss;[hh]:mm,"1899-12-31 (=SUM(GF8:GF39,GF52:GF83))","0 (=SUM(GF8:GF39,GF52:GF83))",0,원시 수치 보존
poi-src/test-data/spreadsheet/57181.xlsm,General!GF85,xl/worksheets/sheet2.xml:GF85,0,[=0]?;[<4.16666666666667][hh]:mm:ss;[hh]:mm,"1899-12-31 (=IF(COUNT(GF8:GF39,GF52:GF83)<>0,AVERAGE(GF8:GF39,GF52:GF83),))","0 (=IF(COUNT(GF8:GF39,GF52:GF83)<>0,AVERAGE(GF8:GF39,GF52:GF83),))",0,원시 수치 보존
poi-src/test-data/spreadsheet/57181.xlsm,General!GF86,xl/worksheets/sheet2.xml:GF86,0,[=0]?;[<4.16666666666667][hh]:mm:ss;[hh]:mm,"1899-12-31 (=MAX(GF8:GF39,GF52:GF83))","0 (=MAX(GF8:GF39,GF52:GF83))",0,원시 수치 보존
poi-src/test-data/spreadsheet/57181.xlsm,General!GF87,xl/worksheets/sheet2.xml:GF87,0,[=0]?;[<4.16666666666667][hh]:mm:ss;[hh]:mm,"1899-12-31 (=MIN(GF8:GF39,GF52:GF83))","0 (=MIN(GF8:GF39,GF52:GF83))",0,원시 수치 보존
poi-src/test-data/spreadsheet/57181.xlsm,General!GG128,xl/worksheets/sheet2.xml:GG128,0,[=0]?;[<4.16666666666667][hh]:mm:ss;[hh]:mm,"1899-12-31 (=SUM(GG8:GG39,GG52:GG83,GG96:GG127))","0 (=SUM(GG8:GG39,GG52:GG83,GG96:GG127))",0,원시 수치 보존
poi-src/test-data/spreadsheet/57181.xlsm,General!GG129,xl/worksheets/sheet2.xml:GG129,0,[=0]?;[<4.16666666666667][hh]:mm:ss;[hh]:mm,"1899-12-31 (=IF(COUNT(GG8:GG39,GG52:GG83,GG96:GG127)<>0,AVERAGE(GG8:GG39,GG52:GG83,GG96:GG127),))","0 (=IF(COUNT(GG8:GG39,GG52:GG83,GG96:GG127)<>0,AVERAGE(GG8:GG39,GG52:GG83,GG96:GG127),))",0,원시 수치 보존
poi-src/test-data/spreadsheet/57181.xlsm,General!GG130,xl/worksheets/sheet2.xml:GG130,0,[=0]?;[<4.16666666666667][hh]:mm:ss;[hh]:mm,"1899-12-31 (=MAX(GG8:GG39,GG52:GG83,GG96:GG127))","0 (=MAX(GG8:GG39,GG52:GG83,GG96:GG127))",0,원시 수치 보존
poi-src/test-data/spreadsheet/57181.xlsm,General!GG131,xl/worksheets/sheet2.xml:GG131,0,[=0]?;[<4.16666666666667][hh]:mm:ss;[hh]:mm,"1899-12-31 (=MIN(GG8:GG39,GG52:GG83,GG96:GG127))","0 (=MIN(GG8:GG39,GG52:GG83,GG96:GG127))",0,원시 수치 보존
poi-src/test-data/spreadsheet/57181.xlsm,General!GG40,xl/worksheets/sheet2.xml:GG40,0,[=0]?;[<4.16666666666667][hh]:mm:ss;[hh]:mm,1899-12-31 (=SUM(GG8:GG39)),0 (=SUM(GG8:GG39)),0,원시 수치 보존
poi-src/test-data/spreadsheet/57181.xlsm,General!GG41,xl/worksheets/sheet2.xml:GG41,0,[=0]?;[<4.16666666666667][hh]:mm:ss;[hh]:mm,"1899-12-31 (=IF(COUNT(GG8:GG39)<>0,AVERAGE(GG8:GG39),))","0 (=IF(COUNT(GG8:GG39)<>0,AVERAGE(GG8:GG39),))",0,원시 수치 보존
poi-src/test-data/spreadsheet/57181.xlsm,General!GG42,xl/worksheets/sheet2.xml:GG42,0,[=0]?;[<4.16666666666667][hh]:mm:ss;[hh]:mm,1899-12-31 (=MAX(GG8:GG39)),0 (=MAX(GG8:GG39)),0,원시 수치 보존
poi-src/test-data/spreadsheet/57181.xlsm,General!GG43,xl/worksheets/sheet2.xml:GG43,0,[=0]?;[<4.16666666666667][hh]:mm:ss;[hh]:mm,1899-12-31 (=MIN(GG8:GG39)),0 (=MIN(GG8:GG39)),0,원시 수치 보존
poi-src/test-data/spreadsheet/57181.xlsm,General!GG84,xl/worksheets/sheet2.xml:GG84,0,[=0]?;[<4.16666666666667][hh]:mm:ss;[hh]:mm,"1899-12-31 (=SUM(GG8:GG39,GG52:GG83))","0 (=SUM(GG8:GG39,GG52:GG83))",0,원시 수치 보존
poi-src/test-data/spreadsheet/57181.xlsm,General!GG85,xl/worksheets/sheet2.xml:GG85,0,[=0]?;[<4.16666666666667][hh]:mm:ss;[hh]:mm,"1899-12-31 (=IF(COUNT(GG8:GG39,GG52:GG83)<>0,AVERAGE(GG8:GG39,GG52:GG83),))","0 (=IF(COUNT(GG8:GG39,GG52:GG83)<>0,AVERAGE(GG8:GG39,GG52:GG83),))",0,원시 수치 보존
poi-src/test-data/spreadsheet/57181.xlsm,General!GG86,xl/worksheets/sheet2.xml:GG86,0,[=0]?;[<4.16666666666667][hh]:mm:ss;[hh]:mm,"1899-12-31 (=MAX(GG8:GG39,GG52:GG83))","0 (=MAX(GG8:GG39,GG52:GG83))",0,원시 수치 보존
poi-src/test-data/spreadsheet/57181.xlsm,General!GG87,xl/worksheets/sheet2.xml:GG87,0,[=0]?;[<4.16666666666667][hh]:mm:ss;[hh]:mm,"1899-12-31 (=MIN(GG8:GG39,GG52:GG83))","0 (=MIN(GG8:GG39,GG52:GG83))",0,원시 수치 보존
poi-src/test-data/spreadsheet/57181.xlsm,General!GH128,xl/worksheets/sheet2.xml:GH128,0,[=0]?;[<4.16666666666667][hh]:mm:ss;[hh]:mm,"1899-12-31 (=SUM(GH8:GH39,GH52:GH83,GH96:GH127))","0 (=SUM(GH8:GH39,GH52:GH83,GH96:GH127))",0,원시 수치 보존
poi-src/test-data/spreadsheet/57181.xlsm,General!GH129,xl/worksheets/sheet2.xml:GH129,0,[=0]?;[<4.16666666666667][hh]:mm:ss;[hh]:mm,"1899-12-31 (=IF(COUNT(GH8:GH39,GH52:GH83,GH96:GH127)<>0,AVERAGE(GH8:GH39,GH52:GH83,GH96:GH127),))","0 (=IF(COUNT(GH8:GH39,GH52:GH83,GH96:GH127)<>0,AVERAGE(GH8:GH39,GH52:GH83,GH96:GH127),))",0,원시 수치 보존
poi-src/test-data/spreadsheet/57181.xlsm,General!GH130,xl/worksheets/sheet2.xml:GH130,0,[=0]?;[<4.16666666666667][hh]:mm:ss;[hh]:mm,"1899-12-31 (=MAX(GH8:GH39,GH52:GH83,GH96:GH127))","0 (=MAX(GH8:GH39,GH52:GH83,GH96:GH127))",0,원시 수치 보존
poi-src/test-data/spreadsheet/57181.xlsm,General!GH131,xl/worksheets/sheet2.xml:GH131,0,[=0]?;[<4.16666666666667][hh]:mm:ss;[hh]:mm,"1899-12-31 (=MIN(GH8:GH39,GH52:GH83,GH96:GH127))","0 (=MIN(GH8:GH39,GH52:GH83,GH96:GH127))",0,원시 수치 보존
poi-src/test-data/spreadsheet/57181.xlsm,General!GH40,xl/worksheets/sheet2.xml:GH40,0,[=0]?;[<4.16666666666667][hh]:mm:ss;[hh]:mm,1899-12-31 (=SUM(GH8:GH39)),0 (=SUM(GH8:GH39)),0,원시 수치 보존
poi-src/test-data/spreadsheet/57181.xlsm,General!GH41,xl/worksheets/sheet2.xml:GH41,0,[=0]?;[<4.16666666666667][hh]:mm:ss;[hh]:mm,"1899-12-31 (=IF(COUNT(GH8:GH39)<>0,AVERAGE(GH8:GH39),))","0 (=IF(COUNT(GH8:GH39)<>0,AVERAGE(GH8:GH39),))",0,원시 수치 보존
poi-src/test-data/spreadsheet/57181.xlsm,General!GH42,xl/worksheets/sheet2.xml:GH42,0,[=0]?;[<4.16666666666667][hh]:mm:ss;[hh]:mm,1899-12-31 (=MAX(GH8:GH39)),0 (=MAX(GH8:GH39)),0,원시 수치 보존
poi-src/test-data/spreadsheet/57181.xlsm,General!GH43,xl/worksheets/sheet2.xml:GH43,0,[=0]?;[<4.16666666666667][hh]:mm:ss;[hh]:mm,1899-12-31 (=MIN(GH8:GH39)),0 (=MIN(GH8:GH39)),0,원시 수치 보존
poi-src/test-data/spreadsheet/57181.xlsm,General!GH84,xl/worksheets/sheet2.xml:GH84,0,[=0]?;[<4.16666666666667][hh]:mm:ss;[hh]:mm,"1899-12-31 (=SUM(GH8:GH39,GH52:GH83))","0 (=SUM(GH8:GH39,GH52:GH83))",0,원시 수치 보존
poi-src/test-data/spreadsheet/57181.xlsm,General!GH85,xl/worksheets/sheet2.xml:GH85,0,[=0]?;[<4.16666666666667][hh]:mm:ss;[hh]:mm,"1899-12-31 (=IF(COUNT(GH8:GH39,GH52:GH83)<>0,AVERAGE(GH8:GH39,GH52:GH83),))","0 (=IF(COUNT(GH8:GH39,GH52:GH83)<>0,AVERAGE(GH8:GH39,GH52:GH83),))",0,원시 수치 보존
poi-src/test-data/spreadsheet/57181.xlsm,General!GH86,xl/worksheets/sheet2.xml:GH86,0,[=0]?;[<4.16666666666667][hh]:mm:ss;[hh]:mm,"1899-12-31 (=MAX(GH8:GH39,GH52:GH83))","0 (=MAX(GH8:GH39,GH52:GH83))",0,원시 수치 보존
poi-src/test-data/spreadsheet/57181.xlsm,General!GH87,xl/worksheets/sheet2.xml:GH87,0,[=0]?;[<4.16666666666667][hh]:mm:ss;[hh]:mm,"1899-12-31 (=MIN(GH8:GH39,GH52:GH83))","0 (=MIN(GH8:GH39,GH52:GH83))",0,원시 수치 보존
poi-src/test-data/spreadsheet/57181.xlsm,General!GI130,xl/worksheets/sheet2.xml:GI130,0,[=0]?;[<4.16666666666667][hh]:mm:ss;[hh]:mm,"1899-12-31 (=MAX(GI8:GI39,GI52:GI83,GI96:GI127))","0 (=MAX(GI8:GI39,GI52:GI83,GI96:GI127))",0,원시 수치 보존
poi-src/test-data/spreadsheet/57181.xlsm,General!GI131,xl/worksheets/sheet2.xml:GI131,0,[=0]?;[<4.16666666666667][hh]:mm:ss;[hh]:mm,"1899-12-31 (=MIN(GI8:GI39,GI52:GI83,GI96:GI127))","0 (=MIN(GI8:GI39,GI52:GI83,GI96:GI127))",0,원시 수치 보존
poi-src/test-data/spreadsheet/57181.xlsm,General!GI42,xl/worksheets/sheet2.xml:GI42,0,[=0]?;[<4.16666666666667][hh]:mm:ss;[hh]:mm,1899-12-31 (=MAX(GI8:GI39)),0 (=MAX(GI8:GI39)),0,원시 수치 보존
poi-src/test-data/spreadsheet/57181.xlsm,General!GI43,xl/worksheets/sheet2.xml:GI43,0,[=0]?;[<4.16666666666667][hh]:mm:ss;[hh]:mm,1899-12-31 (=MIN(GI8:GI39)),0 (=MIN(GI8:GI39)),0,원시 수치 보존
poi-src/test-data/spreadsheet/57181.xlsm,General!GI86,xl/worksheets/sheet2.xml:GI86,0,[=0]?;[<4.16666666666667][hh]:mm:ss;[hh]:mm,"1899-12-31 (=MAX(GI8:GI39,GI52:GI83))","0 (=MAX(GI8:GI39,GI52:GI83))",0,원시 수치 보존
poi-src/test-data/spreadsheet/57181.xlsm,General!GI87,xl/worksheets/sheet2.xml:GI87,0,[=0]?;[<4.16666666666667][hh]:mm:ss;[hh]:mm,"1899-12-31 (=MIN(GI8:GI39,GI52:GI83))","0 (=MIN(GI8:GI39,GI52:GI83))",0,원시 수치 보존
poi-src/test-data/spreadsheet/57181.xlsm,General!GJ128,xl/worksheets/sheet2.xml:GJ128,0,[=0]?;[<4.16666666666667][hh]:mm:ss;[hh]:mm,"1899-12-31 (=SUM(GJ8:GJ39,GJ52:GJ83,GJ96:GJ127))","0 (=SUM(GJ8:GJ39,GJ52:GJ83,GJ96:GJ127))",0,원시 수치 보존
poi-src/test-data/spreadsheet/57181.xlsm,General!GJ129,xl/worksheets/sheet2.xml:GJ129,0,[=0]?;[<4.16666666666667][hh]:mm:ss;[hh]:mm,"1899-12-31 (=IF(COUNT(GJ8:GJ39,GJ52:GJ83,GJ96:GJ127)<>0,AVERAGE(GJ8:GJ39,GJ52:GJ83,GJ96:GJ127),))","0 (=IF(COUNT(GJ8:GJ39,GJ52:GJ83,GJ96:GJ127)<>0,AVERAGE(GJ8:GJ39,GJ52:GJ83,GJ96:GJ127),))",0,원시 수치 보존
poi-src/test-data/spreadsheet/57181.xlsm,General!GJ130,xl/worksheets/sheet2.xml:GJ130,0,[=0]?;[<4.16666666666667][hh]:mm:ss;[hh]:mm,"1899-12-31 (=MAX(GJ8:GJ39,GJ52:GJ83,GJ96:GJ127))","0 (=MAX(GJ8:GJ39,GJ52:GJ83,GJ96:GJ127))",0,원시 수치 보존
poi-src/test-data/spreadsheet/57181.xlsm,General!GJ131,xl/worksheets/sheet2.xml:GJ131,0,[=0]?;[<4.16666666666667][hh]:mm:ss;[hh]:mm,"1899-12-31 (=MIN(GJ8:GJ39,GJ52:GJ83,GJ96:GJ127))","0 (=MIN(GJ8:GJ39,GJ52:GJ83,GJ96:GJ127))",0,원시 수치 보존
poi-src/test-data/spreadsheet/57181.xlsm,General!GJ40,xl/worksheets/sheet2.xml:GJ40,0,[=0]?;[<4.16666666666667][hh]:mm:ss;[hh]:mm,1899-12-31 (=SUM(GJ8:GJ39)),0 (=SUM(GJ8:GJ39)),0,원시 수치 보존
poi-src/test-data/spreadsheet/57181.xlsm,General!GJ41,xl/worksheets/sheet2.xml:GJ41,0,[=0]?;[<4.16666666666667][hh]:mm:ss;[hh]:mm,"1899-12-31 (=IF(COUNT(GJ8:GJ39)<>0,AVERAGE(GJ8:GJ39),))","0 (=IF(COUNT(GJ8:GJ39)<>0,AVERAGE(GJ8:GJ39),))",0,원시 수치 보존
poi-src/test-data/spreadsheet/57181.xlsm,General!GJ42,xl/worksheets/sheet2.xml:GJ42,0,[=0]?;[<4.16666666666667][hh]:mm:ss;[hh]:mm,1899-12-31 (=MAX(GJ8:GJ39)),0 (=MAX(GJ8:GJ39)),0,원시 수치 보존
poi-src/test-data/spreadsheet/57181.xlsm,General!GJ43,xl/worksheets/sheet2.xml:GJ43,0,[=0]?;[<4.16666666666667][hh]:mm:ss;[hh]:mm,1899-12-31 (=MIN(GJ8:GJ39)),0 (=MIN(GJ8:GJ39)),0,원시 수치 보존
poi-src/test-data/spreadsheet/57181.xlsm,General!GJ84,xl/worksheets/sheet2.xml:GJ84,0,[=0]?;[<4.16666666666667][hh]:mm:ss;[hh]:mm,"1899-12-31 (=SUM(GJ8:GJ39,GJ52:GJ83))","0 (=SUM(GJ8:GJ39,GJ52:GJ83))",0,원시 수치 보존
poi-src/test-data/spreadsheet/57181.xlsm,General!GJ85,xl/worksheets/sheet2.xml:GJ85,0,[=0]?;[<4.16666666666667][hh]:mm:ss;[hh]:mm,"1899-12-31 (=IF(COUNT(GJ8:GJ39,GJ52:GJ83)<>0,AVERAGE(GJ8:GJ39,GJ52:GJ83),))","0 (=IF(COUNT(GJ8:GJ39,GJ52:GJ83)<>0,AVERAGE(GJ8:GJ39,GJ52:GJ83),))",0,원시 수치 보존
poi-src/test-data/spreadsheet/57181.xlsm,General!GJ86,xl/worksheets/sheet2.xml:GJ86,0,[=0]?;[<4.16666666666667][hh]:mm:ss;[hh]:mm,"1899-12-31 (=MAX(GJ8:GJ39,GJ52:GJ83))","0 (=MAX(GJ8:GJ39,GJ52:GJ83))",0,원시 수치 보존
poi-src/test-data/spreadsheet/57181.xlsm,General!GJ87,xl/worksheets/sheet2.xml:GJ87,0,[=0]?;[<4.16666666666667][hh]:mm:ss;[hh]:mm,"1899-12-31 (=MIN(GJ8:GJ39,GJ52:GJ83))","0 (=MIN(GJ8:GJ39,GJ52:GJ83))",0,원시 수치 보존
poi-src/test-data/spreadsheet/57181.xlsm,General!GK130,xl/worksheets/sheet2.xml:GK130,0,[=0]?;[<4.16666666666667][hh]:mm:ss;[hh]:mm,"1899-12-31 (=MAX(GK8:GK39,GK52:GK83,GK96:GK127))","0 (=MAX(GK8:GK39,GK52:GK83,GK96:GK127))",0,원시 수치 보존
poi-src/test-data/spreadsheet/57181.xlsm,General!GK131,xl/worksheets/sheet2.xml:GK131,0,[=0]?;[<4.16666666666667][hh]:mm:ss;[hh]:mm,"1899-12-31 (=MIN(GK8:GK39,GK52:GK83,GK96:GK127))","0 (=MIN(GK8:GK39,GK52:GK83,GK96:GK127))",0,원시 수치 보존
poi-src/test-data/spreadsheet/57181.xlsm,General!GK42,xl/worksheets/sheet2.xml:GK42,0,[=0]?;[<4.16666666666667][hh]:mm:ss;[hh]:mm,1899-12-31 (=MAX(GK8:GK39)),0 (=MAX(GK8:GK39)),0,원시 수치 보존
poi-src/test-data/spreadsheet/57181.xlsm,General!GK43,xl/worksheets/sheet2.xml:GK43,0,[=0]?;[<4.16666666666667][hh]:mm:ss;[hh]:mm,1899-12-31 (=MIN(GK8:GK39)),0 (=MIN(GK8:GK39)),0,원시 수치 보존
poi-src/test-data/spreadsheet/57181.xlsm,General!GK86,xl/worksheets/sheet2.xml:GK86,0,[=0]?;[<4.16666666666667][hh]:mm:ss;[hh]:mm,"1899-12-31 (=MAX(GK8:GK39,GK52:GK83))","0 (=MAX(GK8:GK39,GK52:GK83))",0,원시 수치 보존
poi-src/test-data/spreadsheet/57181.xlsm,General!GK87,xl/worksheets/sheet2.xml:GK87,0,[=0]?;[<4.16666666666667][hh]:mm:ss;[hh]:mm,"1899-12-31 (=MIN(GK8:GK39,GK52:GK83))","0 (=MIN(GK8:GK39,GK52:GK83))",0,원시 수치 보존
poi-src/test-data/spreadsheet/57181.xlsm,General!GL128,xl/worksheets/sheet2.xml:GL128,0,[=0]?;[<4.16666666666667][hh]:mm:ss;[hh]:mm,"1899-12-31 (=SUM(GL8:GL39,GL52:GL83,GL96:GL127))","0 (=SUM(GL8:GL39,GL52:GL83,GL96:GL127))",0,원시 수치 보존
poi-src/test-data/spreadsheet/57181.xlsm,General!GL129,xl/worksheets/sheet2.xml:GL129,0,[=0]?;[<4.16666666666667][hh]:mm:ss;[hh]:mm,"1899-12-31 (=IF(COUNT(GL8:GL39,GL52:GL83,GL96:GL127)<>0,AVERAGE(GL8:GL39,GL52:GL83,GL96:GL127),))","0 (=IF(COUNT(GL8:GL39,GL52:GL83,GL96:GL127)<>0,AVERAGE(GL8:GL39,GL52:GL83,GL96:GL127),))",0,원시 수치 보존
poi-src/test-data/spreadsheet/57181.xlsm,General!GL130,xl/worksheets/sheet2.xml:GL130,0,[=0]?;[<4.16666666666667][hh]:mm:ss;[hh]:mm,"1899-12-31 (=MAX(GL8:GL39,GL52:GL83,GL96:GL127))","0 (=MAX(GL8:GL39,GL52:GL83,GL96:GL127))",0,원시 수치 보존
poi-src/test-data/spreadsheet/57181.xlsm,General!GL131,xl/worksheets/sheet2.xml:GL131,0,[=0]?;[<4.16666666666667][hh]:mm:ss;[hh]:mm,"1899-12-31 (=MIN(GL8:GL39,GL52:GL83,GL96:GL127))","0 (=MIN(GL8:GL39,GL52:GL83,GL96:GL127))",0,원시 수치 보존
poi-src/test-data/spreadsheet/57181.xlsm,General!GL40,xl/worksheets/sheet2.xml:GL40,0,[=0]?;[<4.16666666666667][hh]:mm:ss;[hh]:mm,1899-12-31 (=SUM(GL8:GL39)),0 (=SUM(GL8:GL39)),0,원시 수치 보존
poi-src/test-data/spreadsheet/57181.xlsm,General!GL41,xl/worksheets/sheet2.xml:GL41,0,[=0]?;[<4.16666666666667][hh]:mm:ss;[hh]:mm,"1899-12-31 (=IF(COUNT(GL8:GL39)<>0,AVERAGE(GL8:GL39),))","0 (=IF(COUNT(GL8:GL39)<>0,AVERAGE(GL8:GL39),))",0,원시 수치 보존
poi-src/test-data/spreadsheet/57181.xlsm,General!GL42,xl/worksheets/sheet2.xml:GL42,0,[=0]?;[<4.16666666666667][hh]:mm:ss;[hh]:mm,1899-12-31 (=MAX(GL8:GL39)),0 (=MAX(GL8:GL39)),0,원시 수치 보존
poi-src/test-data/spreadsheet/57181.xlsm,General!GL43,xl/worksheets/sheet2.xml:GL43,0,[=0]?;[<4.16666666666667][hh]:mm:ss;[hh]:mm,1899-12-31 (=MIN(GL8:GL39)),0 (=MIN(GL8:GL39)),0,원시 수치 보존
poi-src/test-data/spreadsheet/57181.xlsm,General!GL84,xl/worksheets/sheet2.xml:GL84,0,[=0]?;[<4.16666666666667][hh]:mm:ss;[hh]:mm,"1899-12-31 (=SUM(GL8:GL39,GL52:GL83))","0 (=SUM(GL8:GL39,GL52:GL83))",0,원시 수치 보존
poi-src/test-data/spreadsheet/57181.xlsm,General!GL85,xl/worksheets/sheet2.xml:GL85,0,[=0]?;[<4.16666666666667][hh]:mm:ss;[hh]:mm,"1899-12-31 (=IF(COUNT(GL8:GL39,GL52:GL83)<>0,AVERAGE(GL8:GL39,GL52:GL83),))","0 (=IF(COUNT(GL8:GL39,GL52:GL83)<>0,AVERAGE(GL8:GL39,GL52:GL83),))",0,원시 수치 보존
poi-src/test-data/spreadsheet/57181.xlsm,General!GL86,xl/worksheets/sheet2.xml:GL86,0,[=0]?;[<4.16666666666667][hh]:mm:ss;[hh]:mm,"1899-12-31 (=MAX(GL8:GL39,GL52:GL83))","0 (=MAX(GL8:GL39,GL52:GL83))",0,원시 수치 보존
poi-src/test-data/spreadsheet/57181.xlsm,General!GL87,xl/worksheets/sheet2.xml:GL87,0,[=0]?;[<4.16666666666667][hh]:mm:ss;[hh]:mm,"1899-12-31 (=MIN(GL8:GL39,GL52:GL83))","0 (=MIN(GL8:GL39,GL52:GL83))",0,원시 수치 보존
poi-src/test-data/spreadsheet/57181.xlsm,General!GM130,xl/worksheets/sheet2.xml:GM130,0,[=0]?;[<4.16666666666667][hh]:mm:ss;[hh]:mm,"1899-12-31 (=MAX(GM8:GM39,GM52:GM83,GM96:GM127))","0 (=MAX(GM8:GM39,GM52:GM83,GM96:GM127))",0,원시 수치 보존
poi-src/test-data/spreadsheet/57181.xlsm,General!GM131,xl/worksheets/sheet2.xml:GM131,0,[=0]?;[<4.16666666666667][hh]:mm:ss;[hh]:mm,"1899-12-31 (=MIN(GM8:GM39,GM52:GM83,GM96:GM127))","0 (=MIN(GM8:GM39,GM52:GM83,GM96:GM127))",0,원시 수치 보존
poi-src/test-data/spreadsheet/57181.xlsm,General!GM42,xl/worksheets/sheet2.xml:GM42,0,[=0]?;[<4.16666666666667][hh]:mm:ss;[hh]:mm,1899-12-31 (=MAX(GM8:GM39)),0 (=MAX(GM8:GM39)),0,원시 수치 보존
poi-src/test-data/spreadsheet/57181.xlsm,General!GM43,xl/worksheets/sheet2.xml:GM43,0,[=0]?;[<4.16666666666667][hh]:mm:ss;[hh]:mm,1899-12-31 (=MIN(GM8:GM39)),0 (=MIN(GM8:GM39)),0,원시 수치 보존
poi-src/test-data/spreadsheet/57181.xlsm,General!GM86,xl/worksheets/sheet2.xml:GM86,0,[=0]?;[<4.16666666666667][hh]:mm:ss;[hh]:mm,"1899-12-31 (=MAX(GM8:GM39,GM52:GM83))","0 (=MAX(GM8:GM39,GM52:GM83))",0,원시 수치 보존
poi-src/test-data/spreadsheet/57181.xlsm,General!GM87,xl/worksheets/sheet2.xml:GM87,0,[=0]?;[<4.16666666666667][hh]:mm:ss;[hh]:mm,"1899-12-31 (=MIN(GM8:GM39,GM52:GM83))","0 (=MIN(GM8:GM39,GM52:GM83))",0,원시 수치 보존
poi-src/test-data/spreadsheet/57181.xlsm,General!GO129,xl/worksheets/sheet2.xml:GO129,0,"[=0]?;#,##0.00","0.00 (=IF(COUNT(GO8:GO39,GO52:GO83,GO96:GO127)<>0,ROUND(AVERAGE(GO8:GO39,GO52:GO83,GO96:GO127),1),))","0 (=IF(COUNT(GO8:GO39,GO52:GO83,GO96:GO127)<>0,ROUND(AVERAGE(GO8:GO39,GO52:GO83,GO96:GO127),1),))",0,원시 수치 보존
poi-src/test-data/spreadsheet/57181.xlsm,General!GO130,xl/worksheets/sheet2.xml:GO130,0,"[=0]?;#,##0.00","0.00 (=MAX(GO8:GO39,GO52:GO83,GO96:GO127))","0 (=MAX(GO8:GO39,GO52:GO83,GO96:GO127))",0,원시 수치 보존
poi-src/test-data/spreadsheet/57181.xlsm,General!GO131,xl/worksheets/sheet2.xml:GO131,0,"[=0]?;#,##0.00","0.00 (=MIN(GO8:GO39,GO52:GO83,GO96:GO127))","0 (=MIN(GO8:GO39,GO52:GO83,GO96:GO127))",0,원시 수치 보존
poi-src/test-data/spreadsheet/57181.xlsm,General!GO41,xl/worksheets/sheet2.xml:GO41,0,"[=0]?;#,##0.00","0.00 (=IF(COUNT(GO8:GO39)<>0,ROUND(AVERAGE(GO8:GO39),1),))","0 (=IF(COUNT(GO8:GO39)<>0,ROUND(AVERAGE(GO8:GO39),1),))",0,원시 수치 보존
poi-src/test-data/spreadsheet/57181.xlsm,General!GO42,xl/worksheets/sheet2.xml:GO42,0,"[=0]?;#,##0.00",0.00 (=MAX(GO8:GO39)),0 (=MAX(GO8:GO39)),0,원시 수치 보존
poi-src/test-data/spreadsheet/57181.xlsm,General!GO43,xl/worksheets/sheet2.xml:GO43,0,"[=0]?;#,##0.00",0.00 (=MIN(GO8:GO39)),0 (=MIN(GO8:GO39)),0,원시 수치 보존
poi-src/test-data/spreadsheet/57181.xlsm,General!GO85,xl/worksheets/sheet2.xml:GO85,0,"[=0]?;#,##0.00","0.00 (=IF(COUNT(GO8:GO39,GO52:GO83)<>0,ROUND(AVERAGE(GO8:GO39,GO52:GO83),1),))","0 (=IF(COUNT(GO8:GO39,GO52:GO83)<>0,ROUND(AVERAGE(GO8:GO39,GO52:GO83),1),))",0,원시 수치 보존
poi-src/test-data/spreadsheet/57181.xlsm,General!GO86,xl/worksheets/sheet2.xml:GO86,0,"[=0]?;#,##0.00","0.00 (=MAX(GO8:GO39,GO52:GO83))","0 (=MAX(GO8:GO39,GO52:GO83))",0,원시 수치 보존
poi-src/test-data/spreadsheet/57181.xlsm,General!GO87,xl/worksheets/sheet2.xml:GO87,0,"[=0]?;#,##0.00","0.00 (=MIN(GO8:GO39,GO52:GO83))","0 (=MIN(GO8:GO39,GO52:GO83))",0,원시 수치 보존
poi-src/test-data/spreadsheet/57181.xlsm,General!GY129,xl/worksheets/sheet2.xml:GY129,0,[=0]?;[<4.16666666666667][hh]:mm:ss;[hh]:mm,"1899-12-31 (=IF(COUNT(GY8:GY39,GY52:GY83,GY96:GY127)<>0,AVERAGE(GY8:GY39,GY52:GY83,GY96:GY127),))","0 (=IF(COUNT(GY8:GY39,GY52:GY83,GY96:GY127)<>0,AVERAGE(GY8:GY39,GY52:GY83,GY96:GY127),))",0,원시 수치 보존
poi-src/test-data/spreadsheet/57181.xlsm,General!GY130,xl/worksheets/sheet2.xml:GY130,0,[=0]?;[<4.16666666666667][hh]:mm:ss;[hh]:mm,"1899-12-31 (=MAX(GY8:GY39,GY52:GY83,GY96:GY127))","0 (=MAX(GY8:GY39,GY52:GY83,GY96:GY127))",0,원시 수치 보존
poi-src/test-data/spreadsheet/57181.xlsm,General!GY131,xl/worksheets/sheet2.xml:GY131,0,[=0]?;[<4.16666666666667][hh]:mm:ss;[hh]:mm,"1899-12-31 (=MIN(GY8:GY39,GY52:GY83,GY96:GY127))","0 (=MIN(GY8:GY39,GY52:GY83,GY96:GY127))",0,원시 수치 보존
poi-src/test-data/spreadsheet/57181.xlsm,General!GY41,xl/worksheets/sheet2.xml:GY41,0,[=0]?;[<4.16666666666667][hh]:mm:ss;[hh]:mm,"1899-12-31 (=IF(COUNT(GY8:GY39)<>0,AVERAGE(GY8:GY39),))","0 (=IF(COUNT(GY8:GY39)<>0,AVERAGE(GY8:GY39),))",0,원시 수치 보존
poi-src/test-data/spreadsheet/57181.xlsm,General!GY42,xl/worksheets/sheet2.xml:GY42,0,[=0]?;[<4.16666666666667][hh]:mm:ss;[hh]:mm,1899-12-31 (=MAX(GY8:GY39)),0 (=MAX(GY8:GY39)),0,원시 수치 보존
poi-src/test-data/spreadsheet/57181.xlsm,General!GY43,xl/worksheets/sheet2.xml:GY43,0,[=0]?;[<4.16666666666667][hh]:mm:ss;[hh]:mm,1899-12-31 (=MIN(GY8:GY39)),0 (=MIN(GY8:GY39)),0,원시 수치 보존
poi-src/test-data/spreadsheet/57181.xlsm,General!GY85,xl/worksheets/sheet2.xml:GY85,0,[=0]?;[<4.16666666666667][hh]:mm:ss;[hh]:mm,"1899-12-31 (=IF(COUNT(GY8:GY39,GY52:GY83)<>0,AVERAGE(GY8:GY39,GY52:GY83),))","0 (=IF(COUNT(GY8:GY39,GY52:GY83)<>0,AVERAGE(GY8:GY39,GY52:GY83),))",0,원시 수치 보존
poi-src/test-data/spreadsheet/57181.xlsm,General!GY86,xl/worksheets/sheet2.xml:GY86,0,[=0]?;[<4.16666666666667][hh]:mm:ss;[hh]:mm,"1899-12-31 (=MAX(GY8:GY39,GY52:GY83))","0 (=MAX(GY8:GY39,GY52:GY83))",0,원시 수치 보존
poi-src/test-data/spreadsheet/57181.xlsm,General!GY87,xl/worksheets/sheet2.xml:GY87,0,[=0]?;[<4.16666666666667][hh]:mm:ss;[hh]:mm,"1899-12-31 (=MIN(GY8:GY39,GY52:GY83))","0 (=MIN(GY8:GY39,GY52:GY83))",0,원시 수치 보존
poi-src/test-data/spreadsheet/57181.xlsm,General!GZ129,xl/worksheets/sheet2.xml:GZ129,0,[=0]?;[<4.16666666666667][hh]:mm:ss;[hh]:mm,"1899-12-31 (=IF(COUNT(GZ8:GZ39,GZ52:GZ83,GZ96:GZ127)<>0,AVERAGE(GZ8:GZ39,GZ52:GZ83,GZ96:GZ127),))","0 (=IF(COUNT(GZ8:GZ39,GZ52:GZ83,GZ96:GZ127)<>0,AVERAGE(GZ8:GZ39,GZ52:GZ83,GZ96:GZ127),))",0,원시 수치 보존
poi-src/test-data/spreadsheet/57181.xlsm,General!GZ130,xl/worksheets/sheet2.xml:GZ130,0,[=0]?;[<4.16666666666667][hh]:mm:ss;[hh]:mm,"1899-12-31 (=MAX(GZ8:GZ39,GZ52:GZ83,GZ96:GZ127))","0 (=MAX(GZ8:GZ39,GZ52:GZ83,GZ96:GZ127))",0,원시 수치 보존
poi-src/test-data/spreadsheet/57181.xlsm,General!GZ131,xl/worksheets/sheet2.xml:GZ131,0,[=0]?;[<4.16666666666667][hh]:mm:ss;[hh]:mm,"1899-12-31 (=MIN(GZ8:GZ39,GZ52:GZ83,GZ96:GZ127))","0 (=MIN(GZ8:GZ39,GZ52:GZ83,GZ96:GZ127))",0,원시 수치 보존
poi-src/test-data/spreadsheet/57181.xlsm,General!GZ41,xl/worksheets/sheet2.xml:GZ41,0,[=0]?;[<4.16666666666667][hh]:mm:ss;[hh]:mm,"1899-12-31 (=IF(COUNT(GZ8:GZ39)<>0,AVERAGE(GZ8:GZ39),))","0 (=IF(COUNT(GZ8:GZ39)<>0,AVERAGE(GZ8:GZ39),))",0,원시 수치 보존
poi-src/test-data/spreadsheet/57181.xlsm,General!GZ42,xl/worksheets/sheet2.xml:GZ42,0,[=0]?;[<4.16666666666667][hh]:mm:ss;[hh]:mm,1899-12-31 (=MAX(GZ8:GZ39)),0 (=MAX(GZ8:GZ39)),0,원시 수치 보존
poi-src/test-data/spreadsheet/57181.xlsm,General!GZ43,xl/worksheets/sheet2.xml:GZ43,0,[=0]?;[<4.16666666666667][hh]:mm:ss;[hh]:mm,1899-12-31 (=MIN(GZ8:GZ39)),0 (=MIN(GZ8:GZ39)),0,원시 수치 보존
poi-src/test-data/spreadsheet/57181.xlsm,General!GZ85,xl/worksheets/sheet2.xml:GZ85,0,[=0]?;[<4.16666666666667][hh]:mm:ss;[hh]:mm,"1899-12-31 (=IF(COUNT(GZ8:GZ39,GZ52:GZ83)<>0,AVERAGE(GZ8:GZ39,GZ52:GZ83),))","0 (=IF(COUNT(GZ8:GZ39,GZ52:GZ83)<>0,AVERAGE(GZ8:GZ39,GZ52:GZ83),))",0,원시 수치 보존
poi-src/test-data/spreadsheet/57181.xlsm,General!GZ86,xl/worksheets/sheet2.xml:GZ86,0,[=0]?;[<4.16666666666667][hh]:mm:ss;[hh]:mm,"1899-12-31 (=MAX(GZ8:GZ39,GZ52:GZ83))","0 (=MAX(GZ8:GZ39,GZ52:GZ83))",0,원시 수치 보존
poi-src/test-data/spreadsheet/57181.xlsm,General!GZ87,xl/worksheets/sheet2.xml:GZ87,0,[=0]?;[<4.16666666666667][hh]:mm:ss;[hh]:mm,"1899-12-31 (=MIN(GZ8:GZ39,GZ52:GZ83))","0 (=MIN(GZ8:GZ39,GZ52:GZ83))",0,원시 수치 보존
poi-src/test-data/spreadsheet/57181.xlsm,General!HA129,xl/worksheets/sheet2.xml:HA129,0,[=0]?;[<4.16666666666667][hh]:mm:ss;[hh]:mm,"1899-12-31 (=IF(COUNT(HA8:HA39,HA52:HA83,HA96:HA127)<>0,AVERAGE(HA8:HA39,HA52:HA83,HA96:HA127),))","0 (=IF(COUNT(HA8:HA39,HA52:HA83,HA96:HA127)<>0,AVERAGE(HA8:HA39,HA52:HA83,HA96:HA127),))",0,원시 수치 보존
poi-src/test-data/spreadsheet/57181.xlsm,General!HA130,xl/worksheets/sheet2.xml:HA130,0,[=0]?;[<4.16666666666667][hh]:mm:ss;[hh]:mm,"1899-12-31 (=MAX(HA8:HA39,HA52:HA83,HA96:HA127))","0 (=MAX(HA8:HA39,HA52:HA83,HA96:HA127))",0,원시 수치 보존
poi-src/test-data/spreadsheet/57181.xlsm,General!HA131,xl/worksheets/sheet2.xml:HA131,0,[=0]?;[<4.16666666666667][hh]:mm:ss;[hh]:mm,"1899-12-31 (=MIN(HA8:HA39,HA52:HA83,HA96:HA127))","0 (=MIN(HA8:HA39,HA52:HA83,HA96:HA127))",0,원시 수치 보존
poi-src/test-data/spreadsheet/57181.xlsm,General!HA41,xl/worksheets/sheet2.xml:HA41,0,[=0]?;[<4.16666666666667][hh]:mm:ss;[hh]:mm,"1899-12-31 (=IF(COUNT(HA8:HA39)<>0,AVERAGE(HA8:HA39),))","0 (=IF(COUNT(HA8:HA39)<>0,AVERAGE(HA8:HA39),))",0,원시 수치 보존
poi-src/test-data/spreadsheet/57181.xlsm,General!HA42,xl/worksheets/sheet2.xml:HA42,0,[=0]?;[<4.16666666666667][hh]:mm:ss;[hh]:mm,1899-12-31 (=MAX(HA8:HA39)),0 (=MAX(HA8:HA39)),0,원시 수치 보존
poi-src/test-data/spreadsheet/57181.xlsm,General!HA43,xl/worksheets/sheet2.xml:HA43,0,[=0]?;[<4.16666666666667][hh]:mm:ss;[hh]:mm,1899-12-31 (=MIN(HA8:HA39)),0 (=MIN(HA8:HA39)),0,원시 수치 보존
poi-src/test-data/spreadsheet/57181.xlsm,General!HA85,xl/worksheets/sheet2.xml:HA85,0,[=0]?;[<4.16666666666667][hh]:mm:ss;[hh]:mm,"1899-12-31 (=IF(COUNT(HA8:HA39,HA52:HA83)<>0,AVERAGE(HA8:HA39,HA52:HA83),))","0 (=IF(COUNT(HA8:HA39,HA52:HA83)<>0,AVERAGE(HA8:HA39,HA52:HA83),))",0,원시 수치 보존
poi-src/test-data/spreadsheet/57181.xlsm,General!HA86,xl/worksheets/sheet2.xml:HA86,0,[=0]?;[<4.16666666666667][hh]:mm:ss;[hh]:mm,"1899-12-31 (=MAX(HA8:HA39,HA52:HA83))","0 (=MAX(HA8:HA39,HA52:HA83))",0,원시 수치 보존
poi-src/test-data/spreadsheet/57181.xlsm,General!HA87,xl/worksheets/sheet2.xml:HA87,0,[=0]?;[<4.16666666666667][hh]:mm:ss;[hh]:mm,"1899-12-31 (=MIN(HA8:HA39,HA52:HA83))","0 (=MIN(HA8:HA39,HA52:HA83))",0,원시 수치 보존
poi-src/test-data/spreadsheet/57181.xlsm,General!HB128,xl/worksheets/sheet2.xml:HB128,0,[=0]?;[<4.16666666666667][hh]:mm:ss;[hh]:mm,"1899-12-31 (=SUM(HB8:HB39,HB52:HB83,HB96:HB127))","0 (=SUM(HB8:HB39,HB52:HB83,HB96:HB127))",0,원시 수치 보존
poi-src/test-data/spreadsheet/57181.xlsm,General!HB129,xl/worksheets/sheet2.xml:HB129,0,[=0]?;[<4.16666666666667][hh]:mm:ss;[hh]:mm,"1899-12-31 (=IF(COUNT(HB8:HB39,HB52:HB83,HB96:HB127)<>0,AVERAGE(HB8:HB39,HB52:HB83,HB96:HB127),))","0 (=IF(COUNT(HB8:HB39,HB52:HB83,HB96:HB127)<>0,AVERAGE(HB8:HB39,HB52:HB83,HB96:HB127),))",0,원시 수치 보존
poi-src/test-data/spreadsheet/57181.xlsm,General!HB130,xl/worksheets/sheet2.xml:HB130,0,[=0]?;[<4.16666666666667][hh]:mm:ss;[hh]:mm,"1899-12-31 (=MAX(HB8:HB39,HB52:HB83,HB96:HB127))","0 (=MAX(HB8:HB39,HB52:HB83,HB96:HB127))",0,원시 수치 보존
poi-src/test-data/spreadsheet/57181.xlsm,General!HB131,xl/worksheets/sheet2.xml:HB131,0,[=0]?;[<4.16666666666667][hh]:mm:ss;[hh]:mm,"1899-12-31 (=MIN(HB8:HB39,HB52:HB83,HB96:HB127))","0 (=MIN(HB8:HB39,HB52:HB83,HB96:HB127))",0,원시 수치 보존
poi-src/test-data/spreadsheet/57181.xlsm,General!HB40,xl/worksheets/sheet2.xml:HB40,0,[=0]?;[<4.16666666666667][hh]:mm:ss;[hh]:mm,1899-12-31 (=SUM(HB8:HB39)),0 (=SUM(HB8:HB39)),0,원시 수치 보존
poi-src/test-data/spreadsheet/57181.xlsm,General!HB41,xl/worksheets/sheet2.xml:HB41,0,[=0]?;[<4.16666666666667][hh]:mm:ss;[hh]:mm,"1899-12-31 (=IF(COUNT(HB8:HB39)<>0,AVERAGE(HB8:HB39),))","0 (=IF(COUNT(HB8:HB39)<>0,AVERAGE(HB8:HB39),))",0,원시 수치 보존
poi-src/test-data/spreadsheet/57181.xlsm,General!HB42,xl/worksheets/sheet2.xml:HB42,0,[=0]?;[<4.16666666666667][hh]:mm:ss;[hh]:mm,1899-12-31 (=MAX(HB8:HB39)),0 (=MAX(HB8:HB39)),0,원시 수치 보존
poi-src/test-data/spreadsheet/57181.xlsm,General!HB43,xl/worksheets/sheet2.xml:HB43,0,[=0]?;[<4.16666666666667][hh]:mm:ss;[hh]:mm,1899-12-31 (=MIN(HB8:HB39)),0 (=MIN(HB8:HB39)),0,원시 수치 보존
poi-src/test-data/spreadsheet/57181.xlsm,General!HB84,xl/worksheets/sheet2.xml:HB84,0,[=0]?;[<4.16666666666667][hh]:mm:ss;[hh]:mm,"1899-12-31 (=SUM(HB8:HB39,HB52:HB83))","0 (=SUM(HB8:HB39,HB52:HB83))",0,원시 수치 보존
poi-src/test-data/spreadsheet/57181.xlsm,General!HB85,xl/worksheets/sheet2.xml:HB85,0,[=0]?;[<4.16666666666667][hh]:mm:ss;[hh]:mm,"1899-12-31 (=IF(COUNT(HB8:HB39,HB52:HB83)<>0,AVERAGE(HB8:HB39,HB52:HB83),))","0 (=IF(COUNT(HB8:HB39,HB52:HB83)<>0,AVERAGE(HB8:HB39,HB52:HB83),))",0,원시 수치 보존
poi-src/test-data/spreadsheet/57181.xlsm,General!HB86,xl/worksheets/sheet2.xml:HB86,0,[=0]?;[<4.16666666666667][hh]:mm:ss;[hh]:mm,"1899-12-31 (=MAX(HB8:HB39,HB52:HB83))","0 (=MAX(HB8:HB39,HB52:HB83))",0,원시 수치 보존
poi-src/test-data/spreadsheet/57181.xlsm,General!HB87,xl/worksheets/sheet2.xml:HB87,0,[=0]?;[<4.16666666666667][hh]:mm:ss;[hh]:mm,"1899-12-31 (=MIN(HB8:HB39,HB52:HB83))","0 (=MIN(HB8:HB39,HB52:HB83))",0,원시 수치 보존
poi-src/test-data/spreadsheet/57181.xlsm,General!HC130,xl/worksheets/sheet2.xml:HC130,0,[=0]?;[<4.16666666666667][hh]:mm:ss;[hh]:mm,"1899-12-31 (=MAX(HC8:HC39,HC52:HC83,HC96:HC127))","0 (=MAX(HC8:HC39,HC52:HC83,HC96:HC127))",0,원시 수치 보존
poi-src/test-data/spreadsheet/57181.xlsm,General!HC131,xl/worksheets/sheet2.xml:HC131,0,[=0]?;[<4.16666666666667][hh]:mm:ss;[hh]:mm,"1899-12-31 (=MIN(HC8:HC39,HC52:HC83,HC96:HC127))","0 (=MIN(HC8:HC39,HC52:HC83,HC96:HC127))",0,원시 수치 보존
poi-src/test-data/spreadsheet/57181.xlsm,General!HC42,xl/worksheets/sheet2.xml:HC42,0,[=0]?;[<4.16666666666667][hh]:mm:ss;[hh]:mm,1899-12-31 (=MAX(HC8:HC39)),0 (=MAX(HC8:HC39)),0,원시 수치 보존
poi-src/test-data/spreadsheet/57181.xlsm,General!HC43,xl/worksheets/sheet2.xml:HC43,0,[=0]?;[<4.16666666666667][hh]:mm:ss;[hh]:mm,1899-12-31 (=MIN(HC8:HC39)),0 (=MIN(HC8:HC39)),0,원시 수치 보존
poi-src/test-data/spreadsheet/57181.xlsm,General!HC86,xl/worksheets/sheet2.xml:HC86,0,[=0]?;[<4.16666666666667][hh]:mm:ss;[hh]:mm,"1899-12-31 (=MAX(HC8:HC39,HC52:HC83))","0 (=MAX(HC8:HC39,HC52:HC83))",0,원시 수치 보존
poi-src/test-data/spreadsheet/57181.xlsm,General!HC87,xl/worksheets/sheet2.xml:HC87,0,[=0]?;[<4.16666666666667][hh]:mm:ss;[hh]:mm,"1899-12-31 (=MIN(HC8:HC39,HC52:HC83))","0 (=MIN(HC8:HC39,HC52:HC83))",0,원시 수치 보존
poi-src/test-data/spreadsheet/57181.xlsm,General!HD128,xl/worksheets/sheet2.xml:HD128,0,[=0]?;[<4.16666666666667][hh]:mm:ss;[hh]:mm,"1899-12-31 (=SUM(HD8:HD39,HD52:HD83,HD96:HD127))","0 (=SUM(HD8:HD39,HD52:HD83,HD96:HD127))",0,원시 수치 보존
poi-src/test-data/spreadsheet/57181.xlsm,General!HD129,xl/worksheets/sheet2.xml:HD129,0,[=0]?;[<4.16666666666667][hh]:mm:ss;[hh]:mm,"1899-12-31 (=IF(COUNT(HD8:HD39,HD52:HD83,HD96:HD127)<>0,AVERAGE(HD8:HD39,HD52:HD83,HD96:HD127),))","0 (=IF(COUNT(HD8:HD39,HD52:HD83,HD96:HD127)<>0,AVERAGE(HD8:HD39,HD52:HD83,HD96:HD127),))",0,원시 수치 보존
poi-src/test-data/spreadsheet/57181.xlsm,General!HD130,xl/worksheets/sheet2.xml:HD130,0,[=0]?;[<4.16666666666667][hh]:mm:ss;[hh]:mm,"1899-12-31 (=MAX(HD8:HD39,HD52:HD83,HD96:HD127))","0 (=MAX(HD8:HD39,HD52:HD83,HD96:HD127))",0,원시 수치 보존
poi-src/test-data/spreadsheet/57181.xlsm,General!HD131,xl/worksheets/sheet2.xml:HD131,0,[=0]?;[<4.16666666666667][hh]:mm:ss;[hh]:mm,"1899-12-31 (=MIN(HD8:HD39,HD52:HD83,HD96:HD127))","0 (=MIN(HD8:HD39,HD52:HD83,HD96:HD127))",0,원시 수치 보존
poi-src/test-data/spreadsheet/57181.xlsm,General!HD40,xl/worksheets/sheet2.xml:HD40,0,[=0]?;[<4.16666666666667][hh]:mm:ss;[hh]:mm,1899-12-31 (=SUM(HD8:HD39)),0 (=SUM(HD8:HD39)),0,원시 수치 보존
poi-src/test-data/spreadsheet/57181.xlsm,General!HD41,xl/worksheets/sheet2.xml:HD41,0,[=0]?;[<4.16666666666667][hh]:mm:ss;[hh]:mm,"1899-12-31 (=IF(COUNT(HD8:HD39)<>0,AVERAGE(HD8:HD39),))","0 (=IF(COUNT(HD8:HD39)<>0,AVERAGE(HD8:HD39),))",0,원시 수치 보존
poi-src/test-data/spreadsheet/57181.xlsm,General!HD42,xl/worksheets/sheet2.xml:HD42,0,[=0]?;[<4.16666666666667][hh]:mm:ss;[hh]:mm,1899-12-31 (=MAX(HD8:HD39)),0 (=MAX(HD8:HD39)),0,원시 수치 보존
poi-src/test-data/spreadsheet/57181.xlsm,General!HD43,xl/worksheets/sheet2.xml:HD43,0,[=0]?;[<4.16666666666667][hh]:mm:ss;[hh]:mm,1899-12-31 (=MIN(HD8:HD39)),0 (=MIN(HD8:HD39)),0,원시 수치 보존
poi-src/test-data/spreadsheet/57181.xlsm,General!HD84,xl/worksheets/sheet2.xml:HD84,0,[=0]?;[<4.16666666666667][hh]:mm:ss;[hh]:mm,"1899-12-31 (=SUM(HD8:HD39,HD52:HD83))","0 (=SUM(HD8:HD39,HD52:HD83))",0,원시 수치 보존
poi-src/test-data/spreadsheet/57181.xlsm,General!HD85,xl/worksheets/sheet2.xml:HD85,0,[=0]?;[<4.16666666666667][hh]:mm:ss;[hh]:mm,"1899-12-31 (=IF(COUNT(HD8:HD39,HD52:HD83)<>0,AVERAGE(HD8:HD39,HD52:HD83),))","0 (=IF(COUNT(HD8:HD39,HD52:HD83)<>0,AVERAGE(HD8:HD39,HD52:HD83),))",0,원시 수치 보존
poi-src/test-data/spreadsheet/57181.xlsm,General!HD86,xl/worksheets/sheet2.xml:HD86,0,[=0]?;[<4.16666666666667][hh]:mm:ss;[hh]:mm,"1899-12-31 (=MAX(HD8:HD39,HD52:HD83))","0 (=MAX(HD8:HD39,HD52:HD83))",0,원시 수치 보존
poi-src/test-data/spreadsheet/57181.xlsm,General!HD87,xl/worksheets/sheet2.xml:HD87,0,[=0]?;[<4.16666666666667][hh]:mm:ss;[hh]:mm,"1899-12-31 (=MIN(HD8:HD39,HD52:HD83))","0 (=MIN(HD8:HD39,HD52:HD83))",0,원시 수치 보존
poi-src/test-data/spreadsheet/57181.xlsm,General!HE130,xl/worksheets/sheet2.xml:HE130,0,[=0]?;[<4.16666666666667][hh]:mm:ss;[hh]:mm,"1899-12-31 (=MAX(HE8:HE39,HE52:HE83,HE96:HE127))","0 (=MAX(HE8:HE39,HE52:HE83,HE96:HE127))",0,원시 수치 보존
poi-src/test-data/spreadsheet/57181.xlsm,General!HE131,xl/worksheets/sheet2.xml:HE131,0,[=0]?;[<4.16666666666667][hh]:mm:ss;[hh]:mm,"1899-12-31 (=MIN(HE8:HE39,HE52:HE83,HE96:HE127))","0 (=MIN(HE8:HE39,HE52:HE83,HE96:HE127))",0,원시 수치 보존
poi-src/test-data/spreadsheet/57181.xlsm,General!HE42,xl/worksheets/sheet2.xml:HE42,0,[=0]?;[<4.16666666666667][hh]:mm:ss;[hh]:mm,1899-12-31 (=MAX(HE8:HE39)),0 (=MAX(HE8:HE39)),0,원시 수치 보존
poi-src/test-data/spreadsheet/57181.xlsm,General!HE43,xl/worksheets/sheet2.xml:HE43,0,[=0]?;[<4.16666666666667][hh]:mm:ss;[hh]:mm,1899-12-31 (=MIN(HE8:HE39)),0 (=MIN(HE8:HE39)),0,원시 수치 보존
poi-src/test-data/spreadsheet/57181.xlsm,General!HE86,xl/worksheets/sheet2.xml:HE86,0,[=0]?;[<4.16666666666667][hh]:mm:ss;[hh]:mm,"1899-12-31 (=MAX(HE8:HE39,HE52:HE83))","0 (=MAX(HE8:HE39,HE52:HE83))",0,원시 수치 보존
poi-src/test-data/spreadsheet/57181.xlsm,General!HE87,xl/worksheets/sheet2.xml:HE87,0,[=0]?;[<4.16666666666667][hh]:mm:ss;[hh]:mm,"1899-12-31 (=MIN(HE8:HE39,HE52:HE83))","0 (=MIN(HE8:HE39,HE52:HE83))",0,원시 수치 보존
poi-src/test-data/spreadsheet/57181.xlsm,General!HF128,xl/worksheets/sheet2.xml:HF128,0,[=0]?;[<4.16666666666667][hh]:mm:ss;[hh]:mm,"1899-12-31 (=SUM(HF8:HF39,HF52:HF83,HF96:HF127))","0 (=SUM(HF8:HF39,HF52:HF83,HF96:HF127))",0,원시 수치 보존
poi-src/test-data/spreadsheet/57181.xlsm,General!HF129,xl/worksheets/sheet2.xml:HF129,0,[=0]?;[<4.16666666666667][hh]:mm:ss;[hh]:mm,"1899-12-31 (=IF(COUNT(HF8:HF39,HF52:HF83,HF96:HF127)<>0,AVERAGE(HF8:HF39,HF52:HF83,HF96:HF127),))","0 (=IF(COUNT(HF8:HF39,HF52:HF83,HF96:HF127)<>0,AVERAGE(HF8:HF39,HF52:HF83,HF96:HF127),))",0,원시 수치 보존
poi-src/test-data/spreadsheet/57181.xlsm,General!HF130,xl/worksheets/sheet2.xml:HF130,0,[=0]?;[<4.16666666666667][hh]:mm:ss;[hh]:mm,"1899-12-31 (=MAX(HF8:HF39,HF52:HF83,HF96:HF127))","0 (=MAX(HF8:HF39,HF52:HF83,HF96:HF127))",0,원시 수치 보존
poi-src/test-data/spreadsheet/57181.xlsm,General!HF131,xl/worksheets/sheet2.xml:HF131,0,[=0]?;[<4.16666666666667][hh]:mm:ss;[hh]:mm,"1899-12-31 (=MIN(HF8:HF39,HF52:HF83,HF96:HF127))","0 (=MIN(HF8:HF39,HF52:HF83,HF96:HF127))",0,원시 수치 보존
poi-src/test-data/spreadsheet/57181.xlsm,General!HF40,xl/worksheets/sheet2.xml:HF40,0,[=0]?;[<4.16666666666667][hh]:mm:ss;[hh]:mm,1899-12-31 (=SUM(HF8:HF39)),0 (=SUM(HF8:HF39)),0,원시 수치 보존
poi-src/test-data/spreadsheet/57181.xlsm,General!HF41,xl/worksheets/sheet2.xml:HF41,0,[=0]?;[<4.16666666666667][hh]:mm:ss;[hh]:mm,"1899-12-31 (=IF(COUNT(HF8:HF39)<>0,AVERAGE(HF8:HF39),))","0 (=IF(COUNT(HF8:HF39)<>0,AVERAGE(HF8:HF39),))",0,원시 수치 보존
poi-src/test-data/spreadsheet/57181.xlsm,General!HF42,xl/worksheets/sheet2.xml:HF42,0,[=0]?;[<4.16666666666667][hh]:mm:ss;[hh]:mm,1899-12-31 (=MAX(HF8:HF39)),0 (=MAX(HF8:HF39)),0,원시 수치 보존
poi-src/test-data/spreadsheet/57181.xlsm,General!HF43,xl/worksheets/sheet2.xml:HF43,0,[=0]?;[<4.16666666666667][hh]:mm:ss;[hh]:mm,1899-12-31 (=MIN(HF8:HF39)),0 (=MIN(HF8:HF39)),0,원시 수치 보존
poi-src/test-data/spreadsheet/57181.xlsm,General!HF84,xl/worksheets/sheet2.xml:HF84,0,[=0]?;[<4.16666666666667][hh]:mm:ss;[hh]:mm,"1899-12-31 (=SUM(HF8:HF39,HF52:HF83))","0 (=SUM(HF8:HF39,HF52:HF83))",0,원시 수치 보존
poi-src/test-data/spreadsheet/57181.xlsm,General!HF85,xl/worksheets/sheet2.xml:HF85,0,[=0]?;[<4.16666666666667][hh]:mm:ss;[hh]:mm,"1899-12-31 (=IF(COUNT(HF8:HF39,HF52:HF83)<>0,AVERAGE(HF8:HF39,HF52:HF83),))","0 (=IF(COUNT(HF8:HF39,HF52:HF83)<>0,AVERAGE(HF8:HF39,HF52:HF83),))",0,원시 수치 보존
poi-src/test-data/spreadsheet/57181.xlsm,General!HF86,xl/worksheets/sheet2.xml:HF86,0,[=0]?;[<4.16666666666667][hh]:mm:ss;[hh]:mm,"1899-12-31 (=MAX(HF8:HF39,HF52:HF83))","0 (=MAX(HF8:HF39,HF52:HF83))",0,원시 수치 보존
poi-src/test-data/spreadsheet/57181.xlsm,General!HF87,xl/worksheets/sheet2.xml:HF87,0,[=0]?;[<4.16666666666667][hh]:mm:ss;[hh]:mm,"1899-12-31 (=MIN(HF8:HF39,HF52:HF83))","0 (=MIN(HF8:HF39,HF52:HF83))",0,원시 수치 보존
poi-src/test-data/spreadsheet/57181.xlsm,General!HG130,xl/worksheets/sheet2.xml:HG130,0,[=0]?;[<4.16666666666667][hh]:mm:ss;[hh]:mm,"1899-12-31 (=MAX(HG8:HG39,HG52:HG83,HG96:HG127))","0 (=MAX(HG8:HG39,HG52:HG83,HG96:HG127))",0,원시 수치 보존
poi-src/test-data/spreadsheet/57181.xlsm,General!HG131,xl/worksheets/sheet2.xml:HG131,0,[=0]?;[<4.16666666666667][hh]:mm:ss;[hh]:mm,"1899-12-31 (=MIN(HG8:HG39,HG52:HG83,HG96:HG127))","0 (=MIN(HG8:HG39,HG52:HG83,HG96:HG127))",0,원시 수치 보존
poi-src/test-data/spreadsheet/57181.xlsm,General!HG42,xl/worksheets/sheet2.xml:HG42,0,[=0]?;[<4.16666666666667][hh]:mm:ss;[hh]:mm,1899-12-31 (=MAX(HG8:HG39)),0 (=MAX(HG8:HG39)),0,원시 수치 보존
poi-src/test-data/spreadsheet/57181.xlsm,General!HG43,xl/worksheets/sheet2.xml:HG43,0,[=0]?;[<4.16666666666667][hh]:mm:ss;[hh]:mm,1899-12-31 (=MIN(HG8:HG39)),0 (=MIN(HG8:HG39)),0,원시 수치 보존
poi-src/test-data/spreadsheet/57181.xlsm,General!HG86,xl/worksheets/sheet2.xml:HG86,0,[=0]?;[<4.16666666666667][hh]:mm:ss;[hh]:mm,"1899-12-31 (=MAX(HG8:HG39,HG52:HG83))","0 (=MAX(HG8:HG39,HG52:HG83))",0,원시 수치 보존
poi-src/test-data/spreadsheet/57181.xlsm,General!HG87,xl/worksheets/sheet2.xml:HG87,0,[=0]?;[<4.16666666666667][hh]:mm:ss;[hh]:mm,"1899-12-31 (=MIN(HG8:HG39,HG52:HG83))","0 (=MIN(HG8:HG39,HG52:HG83))",0,원시 수치 보존
poi-src/test-data/spreadsheet/57181.xlsm,General!HH128,xl/worksheets/sheet2.xml:HH128,0,[=0]?;[<4.16666666666667][hh]:mm:ss;[hh]:mm,"1899-12-31 (=SUM(HH8:HH39,HH52:HH83,HH96:HH127))","0 (=SUM(HH8:HH39,HH52:HH83,HH96:HH127))",0,원시 수치 보존
poi-src/test-data/spreadsheet/57181.xlsm,General!HH129,xl/worksheets/sheet2.xml:HH129,0,[=0]?;[<4.16666666666667][hh]:mm:ss;[hh]:mm,"1899-12-31 (=IF(COUNT(HH8:HH39,HH52:HH83,HH96:HH127)<>0,AVERAGE(HH8:HH39,HH52:HH83,HH96:HH127),))","0 (=IF(COUNT(HH8:HH39,HH52:HH83,HH96:HH127)<>0,AVERAGE(HH8:HH39,HH52:HH83,HH96:HH127),))",0,원시 수치 보존
poi-src/test-data/spreadsheet/57181.xlsm,General!HH130,xl/worksheets/sheet2.xml:HH130,0,[=0]?;[<4.16666666666667][hh]:mm:ss;[hh]:mm,"1899-12-31 (=MAX(HH8:HH39,HH52:HH83,HH96:HH127))","0 (=MAX(HH8:HH39,HH52:HH83,HH96:HH127))",0,원시 수치 보존
poi-src/test-data/spreadsheet/57181.xlsm,General!HH131,xl/worksheets/sheet2.xml:HH131,0,[=0]?;[<4.16666666666667][hh]:mm:ss;[hh]:mm,"1899-12-31 (=MIN(HH8:HH39,HH52:HH83,HH96:HH127))","0 (=MIN(HH8:HH39,HH52:HH83,HH96:HH127))",0,원시 수치 보존
poi-src/test-data/spreadsheet/57181.xlsm,General!HH40,xl/worksheets/sheet2.xml:HH40,0,[=0]?;[<4.16666666666667][hh]:mm:ss;[hh]:mm,1899-12-31 (=SUM(HH8:HH39)),0 (=SUM(HH8:HH39)),0,원시 수치 보존
poi-src/test-data/spreadsheet/57181.xlsm,General!HH41,xl/worksheets/sheet2.xml:HH41,0,[=0]?;[<4.16666666666667][hh]:mm:ss;[hh]:mm,"1899-12-31 (=IF(COUNT(HH8:HH39)<>0,AVERAGE(HH8:HH39),))","0 (=IF(COUNT(HH8:HH39)<>0,AVERAGE(HH8:HH39),))",0,원시 수치 보존
poi-src/test-data/spreadsheet/57181.xlsm,General!HH42,xl/worksheets/sheet2.xml:HH42,0,[=0]?;[<4.16666666666667][hh]:mm:ss;[hh]:mm,1899-12-31 (=MAX(HH8:HH39)),0 (=MAX(HH8:HH39)),0,원시 수치 보존
poi-src/test-data/spreadsheet/57181.xlsm,General!HH43,xl/worksheets/sheet2.xml:HH43,0,[=0]?;[<4.16666666666667][hh]:mm:ss;[hh]:mm,1899-12-31 (=MIN(HH8:HH39)),0 (=MIN(HH8:HH39)),0,원시 수치 보존
poi-src/test-data/spreadsheet/57181.xlsm,General!HH84,xl/worksheets/sheet2.xml:HH84,0,[=0]?;[<4.16666666666667][hh]:mm:ss;[hh]:mm,"1899-12-31 (=SUM(HH8:HH39,HH52:HH83))","0 (=SUM(HH8:HH39,HH52:HH83))",0,원시 수치 보존
poi-src/test-data/spreadsheet/57181.xlsm,General!HH85,xl/worksheets/sheet2.xml:HH85,0,[=0]?;[<4.16666666666667][hh]:mm:ss;[hh]:mm,"1899-12-31 (=IF(COUNT(HH8:HH39,HH52:HH83)<>0,AVERAGE(HH8:HH39,HH52:HH83),))","0 (=IF(COUNT(HH8:HH39,HH52:HH83)<>0,AVERAGE(HH8:HH39,HH52:HH83),))",0,원시 수치 보존
poi-src/test-data/spreadsheet/57181.xlsm,General!HH86,xl/worksheets/sheet2.xml:HH86,0,[=0]?;[<4.16666666666667][hh]:mm:ss;[hh]:mm,"1899-12-31 (=MAX(HH8:HH39,HH52:HH83))","0 (=MAX(HH8:HH39,HH52:HH83))",0,원시 수치 보존
poi-src/test-data/spreadsheet/57181.xlsm,General!HH87,xl/worksheets/sheet2.xml:HH87,0,[=0]?;[<4.16666666666667][hh]:mm:ss;[hh]:mm,"1899-12-31 (=MIN(HH8:HH39,HH52:HH83))","0 (=MIN(HH8:HH39,HH52:HH83))",0,원시 수치 보존
poi-src/test-data/spreadsheet/57181.xlsm,General!HI128,xl/worksheets/sheet2.xml:HI128,0,[=0]?;[<4.16666666666667][hh]:mm:ss;[hh]:mm,"1899-12-31 (=SUM(HI8:HI39,HI52:HI83,HI96:HI127))","0 (=SUM(HI8:HI39,HI52:HI83,HI96:HI127))",0,원시 수치 보존
poi-src/test-data/spreadsheet/57181.xlsm,General!HI129,xl/worksheets/sheet2.xml:HI129,0,[=0]?;[<4.16666666666667][hh]:mm:ss;[hh]:mm,"1899-12-31 (=IF(COUNT(HI8:HI39,HI52:HI83,HI96:HI127)<>0,AVERAGE(HI8:HI39,HI52:HI83,HI96:HI127),))","0 (=IF(COUNT(HI8:HI39,HI52:HI83,HI96:HI127)<>0,AVERAGE(HI8:HI39,HI52:HI83,HI96:HI127),))",0,원시 수치 보존
poi-src/test-data/spreadsheet/57181.xlsm,General!HI130,xl/worksheets/sheet2.xml:HI130,0,[=0]?;[<4.16666666666667][hh]:mm:ss;[hh]:mm,"1899-12-31 (=MAX(HI8:HI39,HI52:HI83,HI96:HI127))","0 (=MAX(HI8:HI39,HI52:HI83,HI96:HI127))",0,원시 수치 보존
poi-src/test-data/spreadsheet/57181.xlsm,General!HI131,xl/worksheets/sheet2.xml:HI131,0,[=0]?;[<4.16666666666667][hh]:mm:ss;[hh]:mm,"1899-12-31 (=MIN(HI8:HI39,HI52:HI83,HI96:HI127))","0 (=MIN(HI8:HI39,HI52:HI83,HI96:HI127))",0,원시 수치 보존
poi-src/test-data/spreadsheet/57181.xlsm,General!HI40,xl/worksheets/sheet2.xml:HI40,0,[=0]?;[<4.16666666666667][hh]:mm:ss;[hh]:mm,1899-12-31 (=SUM(HI8:HI39)),0 (=SUM(HI8:HI39)),0,원시 수치 보존
poi-src/test-data/spreadsheet/57181.xlsm,General!HI41,xl/worksheets/sheet2.xml:HI41,0,[=0]?;[<4.16666666666667][hh]:mm:ss;[hh]:mm,"1899-12-31 (=IF(COUNT(HI8:HI39)<>0,AVERAGE(HI8:HI39),))","0 (=IF(COUNT(HI8:HI39)<>0,AVERAGE(HI8:HI39),))",0,원시 수치 보존
poi-src/test-data/spreadsheet/57181.xlsm,General!HI42,xl/worksheets/sheet2.xml:HI42,0,[=0]?;[<4.16666666666667][hh]:mm:ss;[hh]:mm,1899-12-31 (=MAX(HI8:HI39)),0 (=MAX(HI8:HI39)),0,원시 수치 보존
poi-src/test-data/spreadsheet/57181.xlsm,General!HI43,xl/worksheets/sheet2.xml:HI43,0,[=0]?;[<4.16666666666667][hh]:mm:ss;[hh]:mm,1899-12-31 (=MIN(HI8:HI39)),0 (=MIN(HI8:HI39)),0,원시 수치 보존
poi-src/test-data/spreadsheet/57181.xlsm,General!HI84,xl/worksheets/sheet2.xml:HI84,0,[=0]?;[<4.16666666666667][hh]:mm:ss;[hh]:mm,"1899-12-31 (=SUM(HI8:HI39,HI52:HI83))","0 (=SUM(HI8:HI39,HI52:HI83))",0,원시 수치 보존
poi-src/test-data/spreadsheet/57181.xlsm,General!HI85,xl/worksheets/sheet2.xml:HI85,0,[=0]?;[<4.16666666666667][hh]:mm:ss;[hh]:mm,"1899-12-31 (=IF(COUNT(HI8:HI39,HI52:HI83)<>0,AVERAGE(HI8:HI39,HI52:HI83),))","0 (=IF(COUNT(HI8:HI39,HI52:HI83)<>0,AVERAGE(HI8:HI39,HI52:HI83),))",0,원시 수치 보존
poi-src/test-data/spreadsheet/57181.xlsm,General!HI86,xl/worksheets/sheet2.xml:HI86,0,[=0]?;[<4.16666666666667][hh]:mm:ss;[hh]:mm,"1899-12-31 (=MAX(HI8:HI39,HI52:HI83))","0 (=MAX(HI8:HI39,HI52:HI83))",0,원시 수치 보존
poi-src/test-data/spreadsheet/57181.xlsm,General!HI87,xl/worksheets/sheet2.xml:HI87,0,[=0]?;[<4.16666666666667][hh]:mm:ss;[hh]:mm,"1899-12-31 (=MIN(HI8:HI39,HI52:HI83))","0 (=MIN(HI8:HI39,HI52:HI83))",0,원시 수치 보존
poi-src/test-data/spreadsheet/57181.xlsm,General!HJ128,xl/worksheets/sheet2.xml:HJ128,0,[=0]?;[<4.16666666666667][hh]:mm:ss;[hh]:mm,"1899-12-31 (=SUM(HJ8:HJ39,HJ52:HJ83,HJ96:HJ127))","0 (=SUM(HJ8:HJ39,HJ52:HJ83,HJ96:HJ127))",0,원시 수치 보존
poi-src/test-data/spreadsheet/57181.xlsm,General!HJ129,xl/worksheets/sheet2.xml:HJ129,0,[=0]?;[<4.16666666666667][hh]:mm:ss;[hh]:mm,"1899-12-31 (=IF(COUNT(HJ8:HJ39,HJ52:HJ83,HJ96:HJ127)<>0,AVERAGE(HJ8:HJ39,HJ52:HJ83,HJ96:HJ127),))","0 (=IF(COUNT(HJ8:HJ39,HJ52:HJ83,HJ96:HJ127)<>0,AVERAGE(HJ8:HJ39,HJ52:HJ83,HJ96:HJ127),))",0,원시 수치 보존
poi-src/test-data/spreadsheet/57181.xlsm,General!HJ130,xl/worksheets/sheet2.xml:HJ130,0,[=0]?;[<4.16666666666667][hh]:mm:ss;[hh]:mm,"1899-12-31 (=MAX(HJ8:HJ39,HJ52:HJ83,HJ96:HJ127))","0 (=MAX(HJ8:HJ39,HJ52:HJ83,HJ96:HJ127))",0,원시 수치 보존
poi-src/test-data/spreadsheet/57181.xlsm,General!HJ131,xl/worksheets/sheet2.xml:HJ131,0,[=0]?;[<4.16666666666667][hh]:mm:ss;[hh]:mm,"1899-12-31 (=MIN(HJ8:HJ39,HJ52:HJ83,HJ96:HJ127))","0 (=MIN(HJ8:HJ39,HJ52:HJ83,HJ96:HJ127))",0,원시 수치 보존
poi-src/test-data/spreadsheet/57181.xlsm,General!HJ40,xl/worksheets/sheet2.xml:HJ40,0,[=0]?;[<4.16666666666667][hh]:mm:ss;[hh]:mm,1899-12-31 (=SUM(HJ8:HJ39)),0 (=SUM(HJ8:HJ39)),0,원시 수치 보존
poi-src/test-data/spreadsheet/57181.xlsm,General!HJ41,xl/worksheets/sheet2.xml:HJ41,0,[=0]?;[<4.16666666666667][hh]:mm:ss;[hh]:mm,"1899-12-31 (=IF(COUNT(HJ8:HJ39)<>0,AVERAGE(HJ8:HJ39),))","0 (=IF(COUNT(HJ8:HJ39)<>0,AVERAGE(HJ8:HJ39),))",0,원시 수치 보존
poi-src/test-data/spreadsheet/57181.xlsm,General!HJ42,xl/worksheets/sheet2.xml:HJ42,0,[=0]?;[<4.16666666666667][hh]:mm:ss;[hh]:mm,1899-12-31 (=MAX(HJ8:HJ39)),0 (=MAX(HJ8:HJ39)),0,원시 수치 보존
poi-src/test-data/spreadsheet/57181.xlsm,General!HJ43,xl/worksheets/sheet2.xml:HJ43,0,[=0]?;[<4.16666666666667][hh]:mm:ss;[hh]:mm,1899-12-31 (=MIN(HJ8:HJ39)),0 (=MIN(HJ8:HJ39)),0,원시 수치 보존
poi-src/test-data/spreadsheet/57181.xlsm,General!HJ84,xl/worksheets/sheet2.xml:HJ84,0,[=0]?;[<4.16666666666667][hh]:mm:ss;[hh]:mm,"1899-12-31 (=SUM(HJ8:HJ39,HJ52:HJ83))","0 (=SUM(HJ8:HJ39,HJ52:HJ83))",0,원시 수치 보존
poi-src/test-data/spreadsheet/57181.xlsm,General!HJ85,xl/worksheets/sheet2.xml:HJ85,0,[=0]?;[<4.16666666666667][hh]:mm:ss;[hh]:mm,"1899-12-31 (=IF(COUNT(HJ8:HJ39,HJ52:HJ83)<>0,AVERAGE(HJ8:HJ39,HJ52:HJ83),))","0 (=IF(COUNT(HJ8:HJ39,HJ52:HJ83)<>0,AVERAGE(HJ8:HJ39,HJ52:HJ83),))",0,원시 수치 보존
poi-src/test-data/spreadsheet/57181.xlsm,General!HJ86,xl/worksheets/sheet2.xml:HJ86,0,[=0]?;[<4.16666666666667][hh]:mm:ss;[hh]:mm,"1899-12-31 (=MAX(HJ8:HJ39,HJ52:HJ83))","0 (=MAX(HJ8:HJ39,HJ52:HJ83))",0,원시 수치 보존
poi-src/test-data/spreadsheet/57181.xlsm,General!HJ87,xl/worksheets/sheet2.xml:HJ87,0,[=0]?;[<4.16666666666667][hh]:mm:ss;[hh]:mm,"1899-12-31 (=MIN(HJ8:HJ39,HJ52:HJ83))","0 (=MIN(HJ8:HJ39,HJ52:HJ83))",0,원시 수치 보존
poi-src/test-data/spreadsheet/57181.xlsm,General!HK130,xl/worksheets/sheet2.xml:HK130,0,[=0]?;[<4.16666666666667][hh]:mm:ss;[hh]:mm,"1899-12-31 (=MAX(HK8:HK39,HK52:HK83,HK96:HK127))","0 (=MAX(HK8:HK39,HK52:HK83,HK96:HK127))",0,원시 수치 보존
poi-src/test-data/spreadsheet/57181.xlsm,General!HK131,xl/worksheets/sheet2.xml:HK131,0,[=0]?;[<4.16666666666667][hh]:mm:ss;[hh]:mm,"1899-12-31 (=MIN(HK8:HK39,HK52:HK83,HK96:HK127))","0 (=MIN(HK8:HK39,HK52:HK83,HK96:HK127))",0,원시 수치 보존
poi-src/test-data/spreadsheet/57181.xlsm,General!HK42,xl/worksheets/sheet2.xml:HK42,0,[=0]?;[<4.16666666666667][hh]:mm:ss;[hh]:mm,1899-12-31 (=MAX(HK8:HK39)),0 (=MAX(HK8:HK39)),0,원시 수치 보존
poi-src/test-data/spreadsheet/57181.xlsm,General!HK43,xl/worksheets/sheet2.xml:HK43,0,[=0]?;[<4.16666666666667][hh]:mm:ss;[hh]:mm,1899-12-31 (=MIN(HK8:HK39)),0 (=MIN(HK8:HK39)),0,원시 수치 보존
poi-src/test-data/spreadsheet/57181.xlsm,General!HK86,xl/worksheets/sheet2.xml:HK86,0,[=0]?;[<4.16666666666667][hh]:mm:ss;[hh]:mm,"1899-12-31 (=MAX(HK8:HK39,HK52:HK83))","0 (=MAX(HK8:HK39,HK52:HK83))",0,원시 수치 보존
poi-src/test-data/spreadsheet/57181.xlsm,General!HK87,xl/worksheets/sheet2.xml:HK87,0,[=0]?;[<4.16666666666667][hh]:mm:ss;[hh]:mm,"1899-12-31 (=MIN(HK8:HK39,HK52:HK83))","0 (=MIN(HK8:HK39,HK52:HK83))",0,원시 수치 보존
poi-src/test-data/spreadsheet/57181.xlsm,General!HL128,xl/worksheets/sheet2.xml:HL128,0,[=0]?;[<4.16666666666667][hh]:mm:ss;[hh]:mm,"1899-12-31 (=SUM(HL8:HL39,HL52:HL83,HL96:HL127))","0 (=SUM(HL8:HL39,HL52:HL83,HL96:HL127))",0,원시 수치 보존
poi-src/test-data/spreadsheet/57181.xlsm,General!HL129,xl/worksheets/sheet2.xml:HL129,0,[=0]?;[<4.16666666666667][hh]:mm:ss;[hh]:mm,"1899-12-31 (=IF(COUNT(HL8:HL39,HL52:HL83,HL96:HL127)<>0,AVERAGE(HL8:HL39,HL52:HL83,HL96:HL127),))","0 (=IF(COUNT(HL8:HL39,HL52:HL83,HL96:HL127)<>0,AVERAGE(HL8:HL39,HL52:HL83,HL96:HL127),))",0,원시 수치 보존
poi-src/test-data/spreadsheet/57181.xlsm,General!HL130,xl/worksheets/sheet2.xml:HL130,0,[=0]?;[<4.16666666666667][hh]:mm:ss;[hh]:mm,"1899-12-31 (=MAX(HL8:HL39,HL52:HL83,HL96:HL127))","0 (=MAX(HL8:HL39,HL52:HL83,HL96:HL127))",0,원시 수치 보존
poi-src/test-data/spreadsheet/57181.xlsm,General!HL131,xl/worksheets/sheet2.xml:HL131,0,[=0]?;[<4.16666666666667][hh]:mm:ss;[hh]:mm,"1899-12-31 (=MIN(HL8:HL39,HL52:HL83,HL96:HL127))","0 (=MIN(HL8:HL39,HL52:HL83,HL96:HL127))",0,원시 수치 보존
poi-src/test-data/spreadsheet/57181.xlsm,General!HL40,xl/worksheets/sheet2.xml:HL40,0,[=0]?;[<4.16666666666667][hh]:mm:ss;[hh]:mm,1899-12-31 (=SUM(HL8:HL39)),0 (=SUM(HL8:HL39)),0,원시 수치 보존
poi-src/test-data/spreadsheet/57181.xlsm,General!HL41,xl/worksheets/sheet2.xml:HL41,0,[=0]?;[<4.16666666666667][hh]:mm:ss;[hh]:mm,"1899-12-31 (=IF(COUNT(HL8:HL39)<>0,AVERAGE(HL8:HL39),))","0 (=IF(COUNT(HL8:HL39)<>0,AVERAGE(HL8:HL39),))",0,원시 수치 보존
poi-src/test-data/spreadsheet/57181.xlsm,General!HL42,xl/worksheets/sheet2.xml:HL42,0,[=0]?;[<4.16666666666667][hh]:mm:ss;[hh]:mm,1899-12-31 (=MAX(HL8:HL39)),0 (=MAX(HL8:HL39)),0,원시 수치 보존
poi-src/test-data/spreadsheet/57181.xlsm,General!HL43,xl/worksheets/sheet2.xml:HL43,0,[=0]?;[<4.16666666666667][hh]:mm:ss;[hh]:mm,1899-12-31 (=MIN(HL8:HL39)),0 (=MIN(HL8:HL39)),0,원시 수치 보존
poi-src/test-data/spreadsheet/57181.xlsm,General!HL84,xl/worksheets/sheet2.xml:HL84,0,[=0]?;[<4.16666666666667][hh]:mm:ss;[hh]:mm,"1899-12-31 (=SUM(HL8:HL39,HL52:HL83))","0 (=SUM(HL8:HL39,HL52:HL83))",0,원시 수치 보존
poi-src/test-data/spreadsheet/57181.xlsm,General!HL85,xl/worksheets/sheet2.xml:HL85,0,[=0]?;[<4.16666666666667][hh]:mm:ss;[hh]:mm,"1899-12-31 (=IF(COUNT(HL8:HL39,HL52:HL83)<>0,AVERAGE(HL8:HL39,HL52:HL83),))","0 (=IF(COUNT(HL8:HL39,HL52:HL83)<>0,AVERAGE(HL8:HL39,HL52:HL83),))",0,원시 수치 보존
poi-src/test-data/spreadsheet/57181.xlsm,General!HL86,xl/worksheets/sheet2.xml:HL86,0,[=0]?;[<4.16666666666667][hh]:mm:ss;[hh]:mm,"1899-12-31 (=MAX(HL8:HL39,HL52:HL83))","0 (=MAX(HL8:HL39,HL52:HL83))",0,원시 수치 보존
poi-src/test-data/spreadsheet/57181.xlsm,General!HL87,xl/worksheets/sheet2.xml:HL87,0,[=0]?;[<4.16666666666667][hh]:mm:ss;[hh]:mm,"1899-12-31 (=MIN(HL8:HL39,HL52:HL83))","0 (=MIN(HL8:HL39,HL52:HL83))",0,원시 수치 보존
poi-src/test-data/spreadsheet/57181.xlsm,General!HM130,xl/worksheets/sheet2.xml:HM130,0,[=0]?;[<4.16666666666667][hh]:mm:ss;[hh]:mm,"1899-12-31 (=MAX(HM8:HM39,HM52:HM83,HM96:HM127))","0 (=MAX(HM8:HM39,HM52:HM83,HM96:HM127))",0,원시 수치 보존
poi-src/test-data/spreadsheet/57181.xlsm,General!HM131,xl/worksheets/sheet2.xml:HM131,0,[=0]?;[<4.16666666666667][hh]:mm:ss;[hh]:mm,"1899-12-31 (=MIN(HM8:HM39,HM52:HM83,HM96:HM127))","0 (=MIN(HM8:HM39,HM52:HM83,HM96:HM127))",0,원시 수치 보존
poi-src/test-data/spreadsheet/57181.xlsm,General!HM42,xl/worksheets/sheet2.xml:HM42,0,[=0]?;[<4.16666666666667][hh]:mm:ss;[hh]:mm,1899-12-31 (=MAX(HM8:HM39)),0 (=MAX(HM8:HM39)),0,원시 수치 보존
poi-src/test-data/spreadsheet/57181.xlsm,General!HM43,xl/worksheets/sheet2.xml:HM43,0,[=0]?;[<4.16666666666667][hh]:mm:ss;[hh]:mm,1899-12-31 (=MIN(HM8:HM39)),0 (=MIN(HM8:HM39)),0,원시 수치 보존
poi-src/test-data/spreadsheet/57181.xlsm,General!HM86,xl/worksheets/sheet2.xml:HM86,0,[=0]?;[<4.16666666666667][hh]:mm:ss;[hh]:mm,"1899-12-31 (=MAX(HM8:HM39,HM52:HM83))","0 (=MAX(HM8:HM39,HM52:HM83))",0,원시 수치 보존
poi-src/test-data/spreadsheet/57181.xlsm,General!HM87,xl/worksheets/sheet2.xml:HM87,0,[=0]?;[<4.16666666666667][hh]:mm:ss;[hh]:mm,"1899-12-31 (=MIN(HM8:HM39,HM52:HM83))","0 (=MIN(HM8:HM39,HM52:HM83))",0,원시 수치 보존
poi-src/test-data/spreadsheet/57181.xlsm,General!HN128,xl/worksheets/sheet2.xml:HN128,0,[=0]?;[<4.16666666666667][hh]:mm:ss;[hh]:mm,"1899-12-31 (=SUM(HN8:HN39,HN52:HN83,HN96:HN127))","0 (=SUM(HN8:HN39,HN52:HN83,HN96:HN127))",0,원시 수치 보존
poi-src/test-data/spreadsheet/57181.xlsm,General!HN129,xl/worksheets/sheet2.xml:HN129,0,[=0]?;[<4.16666666666667][hh]:mm:ss;[hh]:mm,"1899-12-31 (=IF(COUNT(HN8:HN39,HN52:HN83,HN96:HN127)<>0,AVERAGE(HN8:HN39,HN52:HN83,HN96:HN127),))","0 (=IF(COUNT(HN8:HN39,HN52:HN83,HN96:HN127)<>0,AVERAGE(HN8:HN39,HN52:HN83,HN96:HN127),))",0,원시 수치 보존
poi-src/test-data/spreadsheet/57181.xlsm,General!HN130,xl/worksheets/sheet2.xml:HN130,0,[=0]?;[<4.16666666666667][hh]:mm:ss;[hh]:mm,"1899-12-31 (=MAX(HN8:HN39,HN52:HN83,HN96:HN127))","0 (=MAX(HN8:HN39,HN52:HN83,HN96:HN127))",0,원시 수치 보존
poi-src/test-data/spreadsheet/57181.xlsm,General!HN131,xl/worksheets/sheet2.xml:HN131,0,[=0]?;[<4.16666666666667][hh]:mm:ss;[hh]:mm,"1899-12-31 (=MIN(HN8:HN39,HN52:HN83,HN96:HN127))","0 (=MIN(HN8:HN39,HN52:HN83,HN96:HN127))",0,원시 수치 보존
poi-src/test-data/spreadsheet/57181.xlsm,General!HN40,xl/worksheets/sheet2.xml:HN40,0,[=0]?;[<4.16666666666667][hh]:mm:ss;[hh]:mm,1899-12-31 (=SUM(HN8:HN39)),0 (=SUM(HN8:HN39)),0,원시 수치 보존
poi-src/test-data/spreadsheet/57181.xlsm,General!HN41,xl/worksheets/sheet2.xml:HN41,0,[=0]?;[<4.16666666666667][hh]:mm:ss;[hh]:mm,"1899-12-31 (=IF(COUNT(HN8:HN39)<>0,AVERAGE(HN8:HN39),))","0 (=IF(COUNT(HN8:HN39)<>0,AVERAGE(HN8:HN39),))",0,원시 수치 보존
poi-src/test-data/spreadsheet/57181.xlsm,General!HN42,xl/worksheets/sheet2.xml:HN42,0,[=0]?;[<4.16666666666667][hh]:mm:ss;[hh]:mm,1899-12-31 (=MAX(HN8:HN39)),0 (=MAX(HN8:HN39)),0,원시 수치 보존
poi-src/test-data/spreadsheet/57181.xlsm,General!HN43,xl/worksheets/sheet2.xml:HN43,0,[=0]?;[<4.16666666666667][hh]:mm:ss;[hh]:mm,1899-12-31 (=MIN(HN8:HN39)),0 (=MIN(HN8:HN39)),0,원시 수치 보존
poi-src/test-data/spreadsheet/57181.xlsm,General!HN84,xl/worksheets/sheet2.xml:HN84,0,[=0]?;[<4.16666666666667][hh]:mm:ss;[hh]:mm,"1899-12-31 (=SUM(HN8:HN39,HN52:HN83))","0 (=SUM(HN8:HN39,HN52:HN83))",0,원시 수치 보존
poi-src/test-data/spreadsheet/57181.xlsm,General!HN85,xl/worksheets/sheet2.xml:HN85,0,[=0]?;[<4.16666666666667][hh]:mm:ss;[hh]:mm,"1899-12-31 (=IF(COUNT(HN8:HN39,HN52:HN83)<>0,AVERAGE(HN8:HN39,HN52:HN83),))","0 (=IF(COUNT(HN8:HN39,HN52:HN83)<>0,AVERAGE(HN8:HN39,HN52:HN83),))",0,원시 수치 보존
poi-src/test-data/spreadsheet/57181.xlsm,General!HN86,xl/worksheets/sheet2.xml:HN86,0,[=0]?;[<4.16666666666667][hh]:mm:ss;[hh]:mm,"1899-12-31 (=MAX(HN8:HN39,HN52:HN83))","0 (=MAX(HN8:HN39,HN52:HN83))",0,원시 수치 보존
poi-src/test-data/spreadsheet/57181.xlsm,General!HN87,xl/worksheets/sheet2.xml:HN87,0,[=0]?;[<4.16666666666667][hh]:mm:ss;[hh]:mm,"1899-12-31 (=MIN(HN8:HN39,HN52:HN83))","0 (=MIN(HN8:HN39,HN52:HN83))",0,원시 수치 보존
poi-src/test-data/spreadsheet/57181.xlsm,General!HO130,xl/worksheets/sheet2.xml:HO130,0,[=0]?;[<4.16666666666667][hh]:mm:ss;[hh]:mm,"1899-12-31 (=MAX(HO8:HO39,HO52:HO83,HO96:HO127))","0 (=MAX(HO8:HO39,HO52:HO83,HO96:HO127))",0,원시 수치 보존
poi-src/test-data/spreadsheet/57181.xlsm,General!HO131,xl/worksheets/sheet2.xml:HO131,0,[=0]?;[<4.16666666666667][hh]:mm:ss;[hh]:mm,"1899-12-31 (=MIN(HO8:HO39,HO52:HO83,HO96:HO127))","0 (=MIN(HO8:HO39,HO52:HO83,HO96:HO127))",0,원시 수치 보존
poi-src/test-data/spreadsheet/57181.xlsm,General!HO42,xl/worksheets/sheet2.xml:HO42,0,[=0]?;[<4.16666666666667][hh]:mm:ss;[hh]:mm,1899-12-31 (=MAX(HO8:HO39)),0 (=MAX(HO8:HO39)),0,원시 수치 보존
poi-src/test-data/spreadsheet/57181.xlsm,General!HO43,xl/worksheets/sheet2.xml:HO43,0,[=0]?;[<4.16666666666667][hh]:mm:ss;[hh]:mm,1899-12-31 (=MIN(HO8:HO39)),0 (=MIN(HO8:HO39)),0,원시 수치 보존
poi-src/test-data/spreadsheet/57181.xlsm,General!HO86,xl/worksheets/sheet2.xml:HO86,0,[=0]?;[<4.16666666666667][hh]:mm:ss;[hh]:mm,"1899-12-31 (=MAX(HO8:HO39,HO52:HO83))","0 (=MAX(HO8:HO39,HO52:HO83))",0,원시 수치 보존
poi-src/test-data/spreadsheet/57181.xlsm,General!HO87,xl/worksheets/sheet2.xml:HO87,0,[=0]?;[<4.16666666666667][hh]:mm:ss;[hh]:mm,"1899-12-31 (=MIN(HO8:HO39,HO52:HO83))","0 (=MIN(HO8:HO39,HO52:HO83))",0,원시 수치 보존
poi-src/test-data/spreadsheet/57181.xlsm,General!HQ129,xl/worksheets/sheet2.xml:HQ129,0,"[=0]?;#,##0.00","0.00 (=IF(COUNT(HQ8:HQ39,HQ52:HQ83,HQ96:HQ127)<>0,ROUND(AVERAGE(HQ8:HQ39,HQ52:HQ83,HQ96:HQ127),1),))","0 (=IF(COUNT(HQ8:HQ39,HQ52:HQ83,HQ96:HQ127)<>0,ROUND(AVERAGE(HQ8:HQ39,HQ52:HQ83,HQ96:HQ127),1),))",0,원시 수치 보존
poi-src/test-data/spreadsheet/57181.xlsm,General!HQ130,xl/worksheets/sheet2.xml:HQ130,0,"[=0]?;#,##0.00","0.00 (=MAX(HQ8:HQ39,HQ52:HQ83,HQ96:HQ127))","0 (=MAX(HQ8:HQ39,HQ52:HQ83,HQ96:HQ127))",0,원시 수치 보존
poi-src/test-data/spreadsheet/57181.xlsm,General!HQ131,xl/worksheets/sheet2.xml:HQ131,0,"[=0]?;#,##0.00","0.00 (=MIN(HQ8:HQ39,HQ52:HQ83,HQ96:HQ127))","0 (=MIN(HQ8:HQ39,HQ52:HQ83,HQ96:HQ127))",0,원시 수치 보존
poi-src/test-data/spreadsheet/57181.xlsm,General!HQ41,xl/worksheets/sheet2.xml:HQ41,0,"[=0]?;#,##0.00","0.00 (=IF(COUNT(HQ8:HQ39)<>0,ROUND(AVERAGE(HQ8:HQ39),1),))","0 (=IF(COUNT(HQ8:HQ39)<>0,ROUND(AVERAGE(HQ8:HQ39),1),))",0,원시 수치 보존
poi-src/test-data/spreadsheet/57181.xlsm,General!HQ42,xl/worksheets/sheet2.xml:HQ42,0,"[=0]?;#,##0.00",0.00 (=MAX(HQ8:HQ39)),0 (=MAX(HQ8:HQ39)),0,원시 수치 보존
poi-src/test-data/spreadsheet/57181.xlsm,General!HQ43,xl/worksheets/sheet2.xml:HQ43,0,"[=0]?;#,##0.00",0.00 (=MIN(HQ8:HQ39)),0 (=MIN(HQ8:HQ39)),0,원시 수치 보존
poi-src/test-data/spreadsheet/57181.xlsm,General!HQ85,xl/worksheets/sheet2.xml:HQ85,0,"[=0]?;#,##0.00","0.00 (=IF(COUNT(HQ8:HQ39,HQ52:HQ83)<>0,ROUND(AVERAGE(HQ8:HQ39,HQ52:HQ83),1),))","0 (=IF(COUNT(HQ8:HQ39,HQ52:HQ83)<>0,ROUND(AVERAGE(HQ8:HQ39,HQ52:HQ83),1),))",0,원시 수치 보존
poi-src/test-data/spreadsheet/57181.xlsm,General!HQ86,xl/worksheets/sheet2.xml:HQ86,0,"[=0]?;#,##0.00","0.00 (=MAX(HQ8:HQ39,HQ52:HQ83))","0 (=MAX(HQ8:HQ39,HQ52:HQ83))",0,원시 수치 보존
poi-src/test-data/spreadsheet/57181.xlsm,General!HQ87,xl/worksheets/sheet2.xml:HQ87,0,"[=0]?;#,##0.00","0.00 (=MIN(HQ8:HQ39,HQ52:HQ83))","0 (=MIN(HQ8:HQ39,HQ52:HQ83))",0,원시 수치 보존
poi-src/test-data/spreadsheet/57181.xlsm,General!IA129,xl/worksheets/sheet2.xml:IA129,0,[=0]?;[<4.16666666666667][hh]:mm:ss;[hh]:mm,"1899-12-31 (=IF(COUNT(IA8:IA39,IA52:IA83,IA96:IA127)<>0,AVERAGE(IA8:IA39,IA52:IA83,IA96:IA127),))","0 (=IF(COUNT(IA8:IA39,IA52:IA83,IA96:IA127)<>0,AVERAGE(IA8:IA39,IA52:IA83,IA96:IA127),))",0,원시 수치 보존
poi-src/test-data/spreadsheet/57181.xlsm,General!IA130,xl/worksheets/sheet2.xml:IA130,0,[=0]?;[<4.16666666666667][hh]:mm:ss;[hh]:mm,"1899-12-31 (=MAX(IA8:IA39,IA52:IA83,IA96:IA127))","0 (=MAX(IA8:IA39,IA52:IA83,IA96:IA127))",0,원시 수치 보존
poi-src/test-data/spreadsheet/57181.xlsm,General!IA131,xl/worksheets/sheet2.xml:IA131,0,[=0]?;[<4.16666666666667][hh]:mm:ss;[hh]:mm,"1899-12-31 (=MIN(IA8:IA39,IA52:IA83,IA96:IA127))","0 (=MIN(IA8:IA39,IA52:IA83,IA96:IA127))",0,원시 수치 보존
poi-src/test-data/spreadsheet/57181.xlsm,General!IA41,xl/worksheets/sheet2.xml:IA41,0,[=0]?;[<4.16666666666667][hh]:mm:ss;[hh]:mm,"1899-12-31 (=IF(COUNT(IA8:IA39)<>0,AVERAGE(IA8:IA39),))","0 (=IF(COUNT(IA8:IA39)<>0,AVERAGE(IA8:IA39),))",0,원시 수치 보존
poi-src/test-data/spreadsheet/57181.xlsm,General!IA42,xl/worksheets/sheet2.xml:IA42,0,[=0]?;[<4.16666666666667][hh]:mm:ss;[hh]:mm,1899-12-31 (=MAX(IA8:IA39)),0 (=MAX(IA8:IA39)),0,원시 수치 보존
poi-src/test-data/spreadsheet/57181.xlsm,General!IA43,xl/worksheets/sheet2.xml:IA43,0,[=0]?;[<4.16666666666667][hh]:mm:ss;[hh]:mm,1899-12-31 (=MIN(IA8:IA39)),0 (=MIN(IA8:IA39)),0,원시 수치 보존
poi-src/test-data/spreadsheet/57181.xlsm,General!IA85,xl/worksheets/sheet2.xml:IA85,0,[=0]?;[<4.16666666666667][hh]:mm:ss;[hh]:mm,"1899-12-31 (=IF(COUNT(IA8:IA39,IA52:IA83)<>0,AVERAGE(IA8:IA39,IA52:IA83),))","0 (=IF(COUNT(IA8:IA39,IA52:IA83)<>0,AVERAGE(IA8:IA39,IA52:IA83),))",0,원시 수치 보존
poi-src/test-data/spreadsheet/57181.xlsm,General!IA86,xl/worksheets/sheet2.xml:IA86,0,[=0]?;[<4.16666666666667][hh]:mm:ss;[hh]:mm,"1899-12-31 (=MAX(IA8:IA39,IA52:IA83))","0 (=MAX(IA8:IA39,IA52:IA83))",0,원시 수치 보존
poi-src/test-data/spreadsheet/57181.xlsm,General!IA87,xl/worksheets/sheet2.xml:IA87,0,[=0]?;[<4.16666666666667][hh]:mm:ss;[hh]:mm,"1899-12-31 (=MIN(IA8:IA39,IA52:IA83))","0 (=MIN(IA8:IA39,IA52:IA83))",0,원시 수치 보존
poi-src/test-data/spreadsheet/57181.xlsm,General!IB129,xl/worksheets/sheet2.xml:IB129,0,[=0]?;[<4.16666666666667][hh]:mm:ss;[hh]:mm,"1899-12-31 (=IF(COUNT(IB8:IB39,IB52:IB83,IB96:IB127)<>0,AVERAGE(IB8:IB39,IB52:IB83,IB96:IB127),))","0 (=IF(COUNT(IB8:IB39,IB52:IB83,IB96:IB127)<>0,AVERAGE(IB8:IB39,IB52:IB83,IB96:IB127),))",0,원시 수치 보존
poi-src/test-data/spreadsheet/57181.xlsm,General!IB130,xl/worksheets/sheet2.xml:IB130,0,[=0]?;[<4.16666666666667][hh]:mm:ss;[hh]:mm,"1899-12-31 (=MAX(IB8:IB39,IB52:IB83,IB96:IB127))","0 (=MAX(IB8:IB39,IB52:IB83,IB96:IB127))",0,원시 수치 보존
poi-src/test-data/spreadsheet/57181.xlsm,General!IB131,xl/worksheets/sheet2.xml:IB131,0,[=0]?;[<4.16666666666667][hh]:mm:ss;[hh]:mm,"1899-12-31 (=MIN(IB8:IB39,IB52:IB83,IB96:IB127))","0 (=MIN(IB8:IB39,IB52:IB83,IB96:IB127))",0,원시 수치 보존
poi-src/test-data/spreadsheet/57181.xlsm,General!IB41,xl/worksheets/sheet2.xml:IB41,0,[=0]?;[<4.16666666666667][hh]:mm:ss;[hh]:mm,"1899-12-31 (=IF(COUNT(IB8:IB39)<>0,AVERAGE(IB8:IB39),))","0 (=IF(COUNT(IB8:IB39)<>0,AVERAGE(IB8:IB39),))",0,원시 수치 보존
poi-src/test-data/spreadsheet/57181.xlsm,General!IB42,xl/worksheets/sheet2.xml:IB42,0,[=0]?;[<4.16666666666667][hh]:mm:ss;[hh]:mm,1899-12-31 (=MAX(IB8:IB39)),0 (=MAX(IB8:IB39)),0,원시 수치 보존
poi-src/test-data/spreadsheet/57181.xlsm,General!IB43,xl/worksheets/sheet2.xml:IB43,0,[=0]?;[<4.16666666666667][hh]:mm:ss;[hh]:mm,1899-12-31 (=MIN(IB8:IB39)),0 (=MIN(IB8:IB39)),0,원시 수치 보존
poi-src/test-data/spreadsheet/57181.xlsm,General!IB85,xl/worksheets/sheet2.xml:IB85,0,[=0]?;[<4.16666666666667][hh]:mm:ss;[hh]:mm,"1899-12-31 (=IF(COUNT(IB8:IB39,IB52:IB83)<>0,AVERAGE(IB8:IB39,IB52:IB83),))","0 (=IF(COUNT(IB8:IB39,IB52:IB83)<>0,AVERAGE(IB8:IB39,IB52:IB83),))",0,원시 수치 보존
poi-src/test-data/spreadsheet/57181.xlsm,General!IB86,xl/worksheets/sheet2.xml:IB86,0,[=0]?;[<4.16666666666667][hh]:mm:ss;[hh]:mm,"1899-12-31 (=MAX(IB8:IB39,IB52:IB83))","0 (=MAX(IB8:IB39,IB52:IB83))",0,원시 수치 보존
poi-src/test-data/spreadsheet/57181.xlsm,General!IB87,xl/worksheets/sheet2.xml:IB87,0,[=0]?;[<4.16666666666667][hh]:mm:ss;[hh]:mm,"1899-12-31 (=MIN(IB8:IB39,IB52:IB83))","0 (=MIN(IB8:IB39,IB52:IB83))",0,원시 수치 보존
poi-src/test-data/spreadsheet/57181.xlsm,General!IC129,xl/worksheets/sheet2.xml:IC129,0,[=0]?;[<4.16666666666667][hh]:mm:ss;[hh]:mm,"1899-12-31 (=IF(COUNT(IC8:IC39,IC52:IC83,IC96:IC127)<>0,AVERAGE(IC8:IC39,IC52:IC83,IC96:IC127),))","0 (=IF(COUNT(IC8:IC39,IC52:IC83,IC96:IC127)<>0,AVERAGE(IC8:IC39,IC52:IC83,IC96:IC127),))",0,원시 수치 보존
poi-src/test-data/spreadsheet/57181.xlsm,General!IC130,xl/worksheets/sheet2.xml:IC130,0,[=0]?;[<4.16666666666667][hh]:mm:ss;[hh]:mm,"1899-12-31 (=MAX(IC8:IC39,IC52:IC83,IC96:IC127))","0 (=MAX(IC8:IC39,IC52:IC83,IC96:IC127))",0,원시 수치 보존
poi-src/test-data/spreadsheet/57181.xlsm,General!IC131,xl/worksheets/sheet2.xml:IC131,0,[=0]?;[<4.16666666666667][hh]:mm:ss;[hh]:mm,"1899-12-31 (=MIN(IC8:IC39,IC52:IC83,IC96:IC127))","0 (=MIN(IC8:IC39,IC52:IC83,IC96:IC127))",0,원시 수치 보존
poi-src/test-data/spreadsheet/57181.xlsm,General!IC41,xl/worksheets/sheet2.xml:IC41,0,[=0]?;[<4.16666666666667][hh]:mm:ss;[hh]:mm,"1899-12-31 (=IF(COUNT(IC8:IC39)<>0,AVERAGE(IC8:IC39),))","0 (=IF(COUNT(IC8:IC39)<>0,AVERAGE(IC8:IC39),))",0,원시 수치 보존
poi-src/test-data/spreadsheet/57181.xlsm,General!IC42,xl/worksheets/sheet2.xml:IC42,0,[=0]?;[<4.16666666666667][hh]:mm:ss;[hh]:mm,1899-12-31 (=MAX(IC8:IC39)),0 (=MAX(IC8:IC39)),0,원시 수치 보존
poi-src/test-data/spreadsheet/57181.xlsm,General!IC43,xl/worksheets/sheet2.xml:IC43,0,[=0]?;[<4.16666666666667][hh]:mm:ss;[hh]:mm,1899-12-31 (=MIN(IC8:IC39)),0 (=MIN(IC8:IC39)),0,원시 수치 보존
poi-src/test-data/spreadsheet/57181.xlsm,General!IC85,xl/worksheets/sheet2.xml:IC85,0,[=0]?;[<4.16666666666667][hh]:mm:ss;[hh]:mm,"1899-12-31 (=IF(COUNT(IC8:IC39,IC52:IC83)<>0,AVERAGE(IC8:IC39,IC52:IC83),))","0 (=IF(COUNT(IC8:IC39,IC52:IC83)<>0,AVERAGE(IC8:IC39,IC52:IC83),))",0,원시 수치 보존
poi-src/test-data/spreadsheet/57181.xlsm,General!IC86,xl/worksheets/sheet2.xml:IC86,0,[=0]?;[<4.16666666666667][hh]:mm:ss;[hh]:mm,"1899-12-31 (=MAX(IC8:IC39,IC52:IC83))","0 (=MAX(IC8:IC39,IC52:IC83))",0,원시 수치 보존
poi-src/test-data/spreadsheet/57181.xlsm,General!IC87,xl/worksheets/sheet2.xml:IC87,0,[=0]?;[<4.16666666666667][hh]:mm:ss;[hh]:mm,"1899-12-31 (=MIN(IC8:IC39,IC52:IC83))","0 (=MIN(IC8:IC39,IC52:IC83))",0,원시 수치 보존
poi-src/test-data/spreadsheet/57181.xlsm,General!ID128,xl/worksheets/sheet2.xml:ID128,0,[=0]?;[<4.16666666666667][hh]:mm:ss;[hh]:mm,"1899-12-31 (=SUM(ID8:ID39,ID52:ID83,ID96:ID127))","0 (=SUM(ID8:ID39,ID52:ID83,ID96:ID127))",0,원시 수치 보존
poi-src/test-data/spreadsheet/57181.xlsm,General!ID129,xl/worksheets/sheet2.xml:ID129,0,[=0]?;[<4.16666666666667][hh]:mm:ss;[hh]:mm,"1899-12-31 (=IF(COUNT(ID8:ID39,ID52:ID83,ID96:ID127)<>0,AVERAGE(ID8:ID39,ID52:ID83,ID96:ID127),))","0 (=IF(COUNT(ID8:ID39,ID52:ID83,ID96:ID127)<>0,AVERAGE(ID8:ID39,ID52:ID83,ID96:ID127),))",0,원시 수치 보존
poi-src/test-data/spreadsheet/57181.xlsm,General!ID130,xl/worksheets/sheet2.xml:ID130,0,[=0]?;[<4.16666666666667][hh]:mm:ss;[hh]:mm,"1899-12-31 (=MAX(ID8:ID39,ID52:ID83,ID96:ID127))","0 (=MAX(ID8:ID39,ID52:ID83,ID96:ID127))",0,원시 수치 보존
poi-src/test-data/spreadsheet/57181.xlsm,General!ID131,xl/worksheets/sheet2.xml:ID131,0,[=0]?;[<4.16666666666667][hh]:mm:ss;[hh]:mm,"1899-12-31 (=MIN(ID8:ID39,ID52:ID83,ID96:ID127))","0 (=MIN(ID8:ID39,ID52:ID83,ID96:ID127))",0,원시 수치 보존
poi-src/test-data/spreadsheet/57181.xlsm,General!ID40,xl/worksheets/sheet2.xml:ID40,0,[=0]?;[<4.16666666666667][hh]:mm:ss;[hh]:mm,1899-12-31 (=SUM(ID8:ID39)),0 (=SUM(ID8:ID39)),0,원시 수치 보존
poi-src/test-data/spreadsheet/57181.xlsm,General!ID41,xl/worksheets/sheet2.xml:ID41,0,[=0]?;[<4.16666666666667][hh]:mm:ss;[hh]:mm,"1899-12-31 (=IF(COUNT(ID8:ID39)<>0,AVERAGE(ID8:ID39),))","0 (=IF(COUNT(ID8:ID39)<>0,AVERAGE(ID8:ID39),))",0,원시 수치 보존
poi-src/test-data/spreadsheet/57181.xlsm,General!ID42,xl/worksheets/sheet2.xml:ID42,0,[=0]?;[<4.16666666666667][hh]:mm:ss;[hh]:mm,1899-12-31 (=MAX(ID8:ID39)),0 (=MAX(ID8:ID39)),0,원시 수치 보존
poi-src/test-data/spreadsheet/57181.xlsm,General!ID43,xl/worksheets/sheet2.xml:ID43,0,[=0]?;[<4.16666666666667][hh]:mm:ss;[hh]:mm,1899-12-31 (=MIN(ID8:ID39)),0 (=MIN(ID8:ID39)),0,원시 수치 보존
poi-src/test-data/spreadsheet/57181.xlsm,General!ID84,xl/worksheets/sheet2.xml:ID84,0,[=0]?;[<4.16666666666667][hh]:mm:ss;[hh]:mm,"1899-12-31 (=SUM(ID8:ID39,ID52:ID83))","0 (=SUM(ID8:ID39,ID52:ID83))",0,원시 수치 보존
poi-src/test-data/spreadsheet/57181.xlsm,General!ID85,xl/worksheets/sheet2.xml:ID85,0,[=0]?;[<4.16666666666667][hh]:mm:ss;[hh]:mm,"1899-12-31 (=IF(COUNT(ID8:ID39,ID52:ID83)<>0,AVERAGE(ID8:ID39,ID52:ID83),))","0 (=IF(COUNT(ID8:ID39,ID52:ID83)<>0,AVERAGE(ID8:ID39,ID52:ID83),))",0,원시 수치 보존
poi-src/test-data/spreadsheet/57181.xlsm,General!ID86,xl/worksheets/sheet2.xml:ID86,0,[=0]?;[<4.16666666666667][hh]:mm:ss;[hh]:mm,"1899-12-31 (=MAX(ID8:ID39,ID52:ID83))","0 (=MAX(ID8:ID39,ID52:ID83))",0,원시 수치 보존
poi-src/test-data/spreadsheet/57181.xlsm,General!ID87,xl/worksheets/sheet2.xml:ID87,0,[=0]?;[<4.16666666666667][hh]:mm:ss;[hh]:mm,"1899-12-31 (=MIN(ID8:ID39,ID52:ID83))","0 (=MIN(ID8:ID39,ID52:ID83))",0,원시 수치 보존
poi-src/test-data/spreadsheet/57181.xlsm,General!IE130,xl/worksheets/sheet2.xml:IE130,0,[=0]?;[<4.16666666666667][hh]:mm:ss;[hh]:mm,"1899-12-31 (=MAX(IE8:IE39,IE52:IE83,IE96:IE127))","0 (=MAX(IE8:IE39,IE52:IE83,IE96:IE127))",0,원시 수치 보존
poi-src/test-data/spreadsheet/57181.xlsm,General!IE131,xl/worksheets/sheet2.xml:IE131,0,[=0]?;[<4.16666666666667][hh]:mm:ss;[hh]:mm,"1899-12-31 (=MIN(IE8:IE39,IE52:IE83,IE96:IE127))","0 (=MIN(IE8:IE39,IE52:IE83,IE96:IE127))",0,원시 수치 보존
poi-src/test-data/spreadsheet/57181.xlsm,General!IE42,xl/worksheets/sheet2.xml:IE42,0,[=0]?;[<4.16666666666667][hh]:mm:ss;[hh]:mm,1899-12-31 (=MAX(IE8:IE39)),0 (=MAX(IE8:IE39)),0,원시 수치 보존
poi-src/test-data/spreadsheet/57181.xlsm,General!IE43,xl/worksheets/sheet2.xml:IE43,0,[=0]?;[<4.16666666666667][hh]:mm:ss;[hh]:mm,1899-12-31 (=MIN(IE8:IE39)),0 (=MIN(IE8:IE39)),0,원시 수치 보존
poi-src/test-data/spreadsheet/57181.xlsm,General!IE86,xl/worksheets/sheet2.xml:IE86,0,[=0]?;[<4.16666666666667][hh]:mm:ss;[hh]:mm,"1899-12-31 (=MAX(IE8:IE39,IE52:IE83))","0 (=MAX(IE8:IE39,IE52:IE83))",0,원시 수치 보존
poi-src/test-data/spreadsheet/57181.xlsm,General!IE87,xl/worksheets/sheet2.xml:IE87,0,[=0]?;[<4.16666666666667][hh]:mm:ss;[hh]:mm,"1899-12-31 (=MIN(IE8:IE39,IE52:IE83))","0 (=MIN(IE8:IE39,IE52:IE83))",0,원시 수치 보존
poi-src/test-data/spreadsheet/57181.xlsm,General!IF128,xl/worksheets/sheet2.xml:IF128,0,[=0]?;[<4.16666666666667][hh]:mm:ss;[hh]:mm,"1899-12-31 (=SUM(IF8:IF39,IF52:IF83,IF96:IF127))","0 (=SUM(IF8:IF39,IF52:IF83,IF96:IF127))",0,원시 수치 보존
poi-src/test-data/spreadsheet/57181.xlsm,General!IF129,xl/worksheets/sheet2.xml:IF129,0,[=0]?;[<4.16666666666667][hh]:mm:ss;[hh]:mm,"1899-12-31 (=IF(COUNT(IF8:IF39,IF52:IF83,IF96:IF127)<>0,AVERAGE(IF8:IF39,IF52:IF83,IF96:IF127),))","0 (=IF(COUNT(IF8:IF39,IF52:IF83,IF96:IF127)<>0,AVERAGE(IF8:IF39,IF52:IF83,IF96:IF127),))",0,원시 수치 보존
poi-src/test-data/spreadsheet/57181.xlsm,General!IF130,xl/worksheets/sheet2.xml:IF130,0,[=0]?;[<4.16666666666667][hh]:mm:ss;[hh]:mm,"1899-12-31 (=MAX(IF8:IF39,IF52:IF83,IF96:IF127))","0 (=MAX(IF8:IF39,IF52:IF83,IF96:IF127))",0,원시 수치 보존
poi-src/test-data/spreadsheet/57181.xlsm,General!IF131,xl/worksheets/sheet2.xml:IF131,0,[=0]?;[<4.16666666666667][hh]:mm:ss;[hh]:mm,"1899-12-31 (=MIN(IF8:IF39,IF52:IF83,IF96:IF127))","0 (=MIN(IF8:IF39,IF52:IF83,IF96:IF127))",0,원시 수치 보존
poi-src/test-data/spreadsheet/57181.xlsm,General!IF40,xl/worksheets/sheet2.xml:IF40,0,[=0]?;[<4.16666666666667][hh]:mm:ss;[hh]:mm,1899-12-31 (=SUM(IF8:IF39)),0 (=SUM(IF8:IF39)),0,원시 수치 보존
poi-src/test-data/spreadsheet/57181.xlsm,General!IF41,xl/worksheets/sheet2.xml:IF41,0,[=0]?;[<4.16666666666667][hh]:mm:ss;[hh]:mm,"1899-12-31 (=IF(COUNT(IF8:IF39)<>0,AVERAGE(IF8:IF39),))","0 (=IF(COUNT(IF8:IF39)<>0,AVERAGE(IF8:IF39),))",0,원시 수치 보존
poi-src/test-data/spreadsheet/57181.xlsm,General!IF42,xl/worksheets/sheet2.xml:IF42,0,[=0]?;[<4.16666666666667][hh]:mm:ss;[hh]:mm,1899-12-31 (=MAX(IF8:IF39)),0 (=MAX(IF8:IF39)),0,원시 수치 보존
poi-src/test-data/spreadsheet/57181.xlsm,General!IF43,xl/worksheets/sheet2.xml:IF43,0,[=0]?;[<4.16666666666667][hh]:mm:ss;[hh]:mm,1899-12-31 (=MIN(IF8:IF39)),0 (=MIN(IF8:IF39)),0,원시 수치 보존
poi-src/test-data/spreadsheet/57181.xlsm,General!IF84,xl/worksheets/sheet2.xml:IF84,0,[=0]?;[<4.16666666666667][hh]:mm:ss;[hh]:mm,"1899-12-31 (=SUM(IF8:IF39,IF52:IF83))","0 (=SUM(IF8:IF39,IF52:IF83))",0,원시 수치 보존
poi-src/test-data/spreadsheet/57181.xlsm,General!IF85,xl/worksheets/sheet2.xml:IF85,0,[=0]?;[<4.16666666666667][hh]:mm:ss;[hh]:mm,"1899-12-31 (=IF(COUNT(IF8:IF39,IF52:IF83)<>0,AVERAGE(IF8:IF39,IF52:IF83),))","0 (=IF(COUNT(IF8:IF39,IF52:IF83)<>0,AVERAGE(IF8:IF39,IF52:IF83),))",0,원시 수치 보존
poi-src/test-data/spreadsheet/57181.xlsm,General!IF86,xl/worksheets/sheet2.xml:IF86,0,[=0]?;[<4.16666666666667][hh]:mm:ss;[hh]:mm,"1899-12-31 (=MAX(IF8:IF39,IF52:IF83))","0 (=MAX(IF8:IF39,IF52:IF83))",0,원시 수치 보존
poi-src/test-data/spreadsheet/57181.xlsm,General!IF87,xl/worksheets/sheet2.xml:IF87,0,[=0]?;[<4.16666666666667][hh]:mm:ss;[hh]:mm,"1899-12-31 (=MIN(IF8:IF39,IF52:IF83))","0 (=MIN(IF8:IF39,IF52:IF83))",0,원시 수치 보존
poi-src/test-data/spreadsheet/57181.xlsm,General!IG130,xl/worksheets/sheet2.xml:IG130,0,[=0]?;[<4.16666666666667][hh]:mm:ss;[hh]:mm,"1899-12-31 (=MAX(IG8:IG39,IG52:IG83,IG96:IG127))","0 (=MAX(IG8:IG39,IG52:IG83,IG96:IG127))",0,원시 수치 보존
poi-src/test-data/spreadsheet/57181.xlsm,General!IG131,xl/worksheets/sheet2.xml:IG131,0,[=0]?;[<4.16666666666667][hh]:mm:ss;[hh]:mm,"1899-12-31 (=MIN(IG8:IG39,IG52:IG83,IG96:IG127))","0 (=MIN(IG8:IG39,IG52:IG83,IG96:IG127))",0,원시 수치 보존
poi-src/test-data/spreadsheet/57181.xlsm,General!IG42,xl/worksheets/sheet2.xml:IG42,0,[=0]?;[<4.16666666666667][hh]:mm:ss;[hh]:mm,1899-12-31 (=MAX(IG8:IG39)),0 (=MAX(IG8:IG39)),0,원시 수치 보존
poi-src/test-data/spreadsheet/57181.xlsm,General!IG43,xl/worksheets/sheet2.xml:IG43,0,[=0]?;[<4.16666666666667][hh]:mm:ss;[hh]:mm,1899-12-31 (=MIN(IG8:IG39)),0 (=MIN(IG8:IG39)),0,원시 수치 보존
poi-src/test-data/spreadsheet/57181.xlsm,General!IG86,xl/worksheets/sheet2.xml:IG86,0,[=0]?;[<4.16666666666667][hh]:mm:ss;[hh]:mm,"1899-12-31 (=MAX(IG8:IG39,IG52:IG83))","0 (=MAX(IG8:IG39,IG52:IG83))",0,원시 수치 보존
poi-src/test-data/spreadsheet/57181.xlsm,General!IG87,xl/worksheets/sheet2.xml:IG87,0,[=0]?;[<4.16666666666667][hh]:mm:ss;[hh]:mm,"1899-12-31 (=MIN(IG8:IG39,IG52:IG83))","0 (=MIN(IG8:IG39,IG52:IG83))",0,원시 수치 보존
poi-src/test-data/spreadsheet/57181.xlsm,General!IH128,xl/worksheets/sheet2.xml:IH128,0,[=0]?;[<4.16666666666667][hh]:mm:ss;[hh]:mm,"1899-12-31 (=SUM(IH8:IH39,IH52:IH83,IH96:IH127))","0 (=SUM(IH8:IH39,IH52:IH83,IH96:IH127))",0,원시 수치 보존
poi-src/test-data/spreadsheet/57181.xlsm,General!IH129,xl/worksheets/sheet2.xml:IH129,0,[=0]?;[<4.16666666666667][hh]:mm:ss;[hh]:mm,"1899-12-31 (=IF(COUNT(IH8:IH39,IH52:IH83,IH96:IH127)<>0,AVERAGE(IH8:IH39,IH52:IH83,IH96:IH127),))","0 (=IF(COUNT(IH8:IH39,IH52:IH83,IH96:IH127)<>0,AVERAGE(IH8:IH39,IH52:IH83,IH96:IH127),))",0,원시 수치 보존
poi-src/test-data/spreadsheet/57181.xlsm,General!IH130,xl/worksheets/sheet2.xml:IH130,0,[=0]?;[<4.16666666666667][hh]:mm:ss;[hh]:mm,"1899-12-31 (=MAX(IH8:IH39,IH52:IH83,IH96:IH127))","0 (=MAX(IH8:IH39,IH52:IH83,IH96:IH127))",0,원시 수치 보존
poi-src/test-data/spreadsheet/57181.xlsm,General!IH131,xl/worksheets/sheet2.xml:IH131,0,[=0]?;[<4.16666666666667][hh]:mm:ss;[hh]:mm,"1899-12-31 (=MIN(IH8:IH39,IH52:IH83,IH96:IH127))","0 (=MIN(IH8:IH39,IH52:IH83,IH96:IH127))",0,원시 수치 보존
poi-src/test-data/spreadsheet/57181.xlsm,General!IH40,xl/worksheets/sheet2.xml:IH40,0,[=0]?;[<4.16666666666667][hh]:mm:ss;[hh]:mm,1899-12-31 (=SUM(IH8:IH39)),0 (=SUM(IH8:IH39)),0,원시 수치 보존
poi-src/test-data/spreadsheet/57181.xlsm,General!IH41,xl/worksheets/sheet2.xml:IH41,0,[=0]?;[<4.16666666666667][hh]:mm:ss;[hh]:mm,"1899-12-31 (=IF(COUNT(IH8:IH39)<>0,AVERAGE(IH8:IH39),))","0 (=IF(COUNT(IH8:IH39)<>0,AVERAGE(IH8:IH39),))",0,원시 수치 보존
poi-src/test-data/spreadsheet/57181.xlsm,General!IH42,xl/worksheets/sheet2.xml:IH42,0,[=0]?;[<4.16666666666667][hh]:mm:ss;[hh]:mm,1899-12-31 (=MAX(IH8:IH39)),0 (=MAX(IH8:IH39)),0,원시 수치 보존
poi-src/test-data/spreadsheet/57181.xlsm,General!IH43,xl/worksheets/sheet2.xml:IH43,0,[=0]?;[<4.16666666666667][hh]:mm:ss;[hh]:mm,1899-12-31 (=MIN(IH8:IH39)),0 (=MIN(IH8:IH39)),0,원시 수치 보존
poi-src/test-data/spreadsheet/57181.xlsm,General!IH84,xl/worksheets/sheet2.xml:IH84,0,[=0]?;[<4.16666666666667][hh]:mm:ss;[hh]:mm,"1899-12-31 (=SUM(IH8:IH39,IH52:IH83))","0 (=SUM(IH8:IH39,IH52:IH83))",0,원시 수치 보존
poi-src/test-data/spreadsheet/57181.xlsm,General!IH85,xl/worksheets/sheet2.xml:IH85,0,[=0]?;[<4.16666666666667][hh]:mm:ss;[hh]:mm,"1899-12-31 (=IF(COUNT(IH8:IH39,IH52:IH83)<>0,AVERAGE(IH8:IH39,IH52:IH83),))","0 (=IF(COUNT(IH8:IH39,IH52:IH83)<>0,AVERAGE(IH8:IH39,IH52:IH83),))",0,원시 수치 보존
poi-src/test-data/spreadsheet/57181.xlsm,General!IH86,xl/worksheets/sheet2.xml:IH86,0,[=0]?;[<4.16666666666667][hh]:mm:ss;[hh]:mm,"1899-12-31 (=MAX(IH8:IH39,IH52:IH83))","0 (=MAX(IH8:IH39,IH52:IH83))",0,원시 수치 보존
poi-src/test-data/spreadsheet/57181.xlsm,General!IH87,xl/worksheets/sheet2.xml:IH87,0,[=0]?;[<4.16666666666667][hh]:mm:ss;[hh]:mm,"1899-12-31 (=MIN(IH8:IH39,IH52:IH83))","0 (=MIN(IH8:IH39,IH52:IH83))",0,원시 수치 보존
poi-src/test-data/spreadsheet/57181.xlsm,General!II130,xl/worksheets/sheet2.xml:II130,0,[=0]?;[<4.16666666666667][hh]:mm:ss;[hh]:mm,"1899-12-31 (=MAX(II8:II39,II52:II83,II96:II127))","0 (=MAX(II8:II39,II52:II83,II96:II127))",0,원시 수치 보존
poi-src/test-data/spreadsheet/57181.xlsm,General!II131,xl/worksheets/sheet2.xml:II131,0,[=0]?;[<4.16666666666667][hh]:mm:ss;[hh]:mm,"1899-12-31 (=MIN(II8:II39,II52:II83,II96:II127))","0 (=MIN(II8:II39,II52:II83,II96:II127))",0,원시 수치 보존
poi-src/test-data/spreadsheet/57181.xlsm,General!II42,xl/worksheets/sheet2.xml:II42,0,[=0]?;[<4.16666666666667][hh]:mm:ss;[hh]:mm,1899-12-31 (=MAX(II8:II39)),0 (=MAX(II8:II39)),0,원시 수치 보존
poi-src/test-data/spreadsheet/57181.xlsm,General!II43,xl/worksheets/sheet2.xml:II43,0,[=0]?;[<4.16666666666667][hh]:mm:ss;[hh]:mm,1899-12-31 (=MIN(II8:II39)),0 (=MIN(II8:II39)),0,원시 수치 보존
poi-src/test-data/spreadsheet/57181.xlsm,General!II86,xl/worksheets/sheet2.xml:II86,0,[=0]?;[<4.16666666666667][hh]:mm:ss;[hh]:mm,"1899-12-31 (=MAX(II8:II39,II52:II83))","0 (=MAX(II8:II39,II52:II83))",0,원시 수치 보존
poi-src/test-data/spreadsheet/57181.xlsm,General!II87,xl/worksheets/sheet2.xml:II87,0,[=0]?;[<4.16666666666667][hh]:mm:ss;[hh]:mm,"1899-12-31 (=MIN(II8:II39,II52:II83))","0 (=MIN(II8:II39,II52:II83))",0,원시 수치 보존
poi-src/test-data/spreadsheet/57181.xlsm,General!IJ128,xl/worksheets/sheet2.xml:IJ128,0,[=0]?;[<4.16666666666667][hh]:mm:ss;[hh]:mm,"1899-12-31 (=SUM(IJ8:IJ39,IJ52:IJ83,IJ96:IJ127))","0 (=SUM(IJ8:IJ39,IJ52:IJ83,IJ96:IJ127))",0,원시 수치 보존
poi-src/test-data/spreadsheet/57181.xlsm,General!IJ129,xl/worksheets/sheet2.xml:IJ129,0,[=0]?;[<4.16666666666667][hh]:mm:ss;[hh]:mm,"1899-12-31 (=IF(COUNT(IJ8:IJ39,IJ52:IJ83,IJ96:IJ127)<>0,AVERAGE(IJ8:IJ39,IJ52:IJ83,IJ96:IJ127),))","0 (=IF(COUNT(IJ8:IJ39,IJ52:IJ83,IJ96:IJ127)<>0,AVERAGE(IJ8:IJ39,IJ52:IJ83,IJ96:IJ127),))",0,원시 수치 보존
poi-src/test-data/spreadsheet/57181.xlsm,General!IJ130,xl/worksheets/sheet2.xml:IJ130,0,[=0]?;[<4.16666666666667][hh]:mm:ss;[hh]:mm,"1899-12-31 (=MAX(IJ8:IJ39,IJ52:IJ83,IJ96:IJ127))","0 (=MAX(IJ8:IJ39,IJ52:IJ83,IJ96:IJ127))",0,원시 수치 보존
poi-src/test-data/spreadsheet/57181.xlsm,General!IJ131,xl/worksheets/sheet2.xml:IJ131,0,[=0]?;[<4.16666666666667][hh]:mm:ss;[hh]:mm,"1899-12-31 (=MIN(IJ8:IJ39,IJ52:IJ83,IJ96:IJ127))","0 (=MIN(IJ8:IJ39,IJ52:IJ83,IJ96:IJ127))",0,원시 수치 보존
poi-src/test-data/spreadsheet/57181.xlsm,General!IJ40,xl/worksheets/sheet2.xml:IJ40,0,[=0]?;[<4.16666666666667][hh]:mm:ss;[hh]:mm,1899-12-31 (=SUM(IJ8:IJ39)),0 (=SUM(IJ8:IJ39)),0,원시 수치 보존
poi-src/test-data/spreadsheet/57181.xlsm,General!IJ41,xl/worksheets/sheet2.xml:IJ41,0,[=0]?;[<4.16666666666667][hh]:mm:ss;[hh]:mm,"1899-12-31 (=IF(COUNT(IJ8:IJ39)<>0,AVERAGE(IJ8:IJ39),))","0 (=IF(COUNT(IJ8:IJ39)<>0,AVERAGE(IJ8:IJ39),))",0,원시 수치 보존
poi-src/test-data/spreadsheet/57181.xlsm,General!IJ42,xl/worksheets/sheet2.xml:IJ42,0,[=0]?;[<4.16666666666667][hh]:mm:ss;[hh]:mm,1899-12-31 (=MAX(IJ8:IJ39)),0 (=MAX(IJ8:IJ39)),0,원시 수치 보존
poi-src/test-data/spreadsheet/57181.xlsm,General!IJ43,xl/worksheets/sheet2.xml:IJ43,0,[=0]?;[<4.16666666666667][hh]:mm:ss;[hh]:mm,1899-12-31 (=MIN(IJ8:IJ39)),0 (=MIN(IJ8:IJ39)),0,원시 수치 보존
poi-src/test-data/spreadsheet/57181.xlsm,General!IJ84,xl/worksheets/sheet2.xml:IJ84,0,[=0]?;[<4.16666666666667][hh]:mm:ss;[hh]:mm,"1899-12-31 (=SUM(IJ8:IJ39,IJ52:IJ83))","0 (=SUM(IJ8:IJ39,IJ52:IJ83))",0,원시 수치 보존
poi-src/test-data/spreadsheet/57181.xlsm,General!IJ85,xl/worksheets/sheet2.xml:IJ85,0,[=0]?;[<4.16666666666667][hh]:mm:ss;[hh]:mm,"1899-12-31 (=IF(COUNT(IJ8:IJ39,IJ52:IJ83)<>0,AVERAGE(IJ8:IJ39,IJ52:IJ83),))","0 (=IF(COUNT(IJ8:IJ39,IJ52:IJ83)<>0,AVERAGE(IJ8:IJ39,IJ52:IJ83),))",0,원시 수치 보존
poi-src/test-data/spreadsheet/57181.xlsm,General!IJ86,xl/worksheets/sheet2.xml:IJ86,0,[=0]?;[<4.16666666666667][hh]:mm:ss;[hh]:mm,"1899-12-31 (=MAX(IJ8:IJ39,IJ52:IJ83))","0 (=MAX(IJ8:IJ39,IJ52:IJ83))",0,원시 수치 보존
poi-src/test-data/spreadsheet/57181.xlsm,General!IJ87,xl/worksheets/sheet2.xml:IJ87,0,[=0]?;[<4.16666666666667][hh]:mm:ss;[hh]:mm,"1899-12-31 (=MIN(IJ8:IJ39,IJ52:IJ83))","0 (=MIN(IJ8:IJ39,IJ52:IJ83))",0,원시 수치 보존
poi-src/test-data/spreadsheet/57181.xlsm,General!IK128,xl/worksheets/sheet2.xml:IK128,0,[=0]?;[<4.16666666666667][hh]:mm:ss;[hh]:mm,"1899-12-31 (=SUM(IK8:IK39,IK52:IK83,IK96:IK127))","0 (=SUM(IK8:IK39,IK52:IK83,IK96:IK127))",0,원시 수치 보존
poi-src/test-data/spreadsheet/57181.xlsm,General!IK129,xl/worksheets/sheet2.xml:IK129,0,[=0]?;[<4.16666666666667][hh]:mm:ss;[hh]:mm,"1899-12-31 (=IF(COUNT(IK8:IK39,IK52:IK83,IK96:IK127)<>0,AVERAGE(IK8:IK39,IK52:IK83,IK96:IK127),))","0 (=IF(COUNT(IK8:IK39,IK52:IK83,IK96:IK127)<>0,AVERAGE(IK8:IK39,IK52:IK83,IK96:IK127),))",0,원시 수치 보존
poi-src/test-data/spreadsheet/57181.xlsm,General!IK130,xl/worksheets/sheet2.xml:IK130,0,[=0]?;[<4.16666666666667][hh]:mm:ss;[hh]:mm,"1899-12-31 (=MAX(IK8:IK39,IK52:IK83,IK96:IK127))","0 (=MAX(IK8:IK39,IK52:IK83,IK96:IK127))",0,원시 수치 보존
poi-src/test-data/spreadsheet/57181.xlsm,General!IK131,xl/worksheets/sheet2.xml:IK131,0,[=0]?;[<4.16666666666667][hh]:mm:ss;[hh]:mm,"1899-12-31 (=MIN(IK8:IK39,IK52:IK83,IK96:IK127))","0 (=MIN(IK8:IK39,IK52:IK83,IK96:IK127))",0,원시 수치 보존
poi-src/test-data/spreadsheet/57181.xlsm,General!IK40,xl/worksheets/sheet2.xml:IK40,0,[=0]?;[<4.16666666666667][hh]:mm:ss;[hh]:mm,1899-12-31 (=SUM(IK8:IK39)),0 (=SUM(IK8:IK39)),0,원시 수치 보존
poi-src/test-data/spreadsheet/57181.xlsm,General!IK41,xl/worksheets/sheet2.xml:IK41,0,[=0]?;[<4.16666666666667][hh]:mm:ss;[hh]:mm,"1899-12-31 (=IF(COUNT(IK8:IK39)<>0,AVERAGE(IK8:IK39),))","0 (=IF(COUNT(IK8:IK39)<>0,AVERAGE(IK8:IK39),))",0,원시 수치 보존
poi-src/test-data/spreadsheet/57181.xlsm,General!IK42,xl/worksheets/sheet2.xml:IK42,0,[=0]?;[<4.16666666666667][hh]:mm:ss;[hh]:mm,1899-12-31 (=MAX(IK8:IK39)),0 (=MAX(IK8:IK39)),0,원시 수치 보존
poi-src/test-data/spreadsheet/57181.xlsm,General!IK43,xl/worksheets/sheet2.xml:IK43,0,[=0]?;[<4.16666666666667][hh]:mm:ss;[hh]:mm,1899-12-31 (=MIN(IK8:IK39)),0 (=MIN(IK8:IK39)),0,원시 수치 보존
poi-src/test-data/spreadsheet/57181.xlsm,General!IK84,xl/worksheets/sheet2.xml:IK84,0,[=0]?;[<4.16666666666667][hh]:mm:ss;[hh]:mm,"1899-12-31 (=SUM(IK8:IK39,IK52:IK83))","0 (=SUM(IK8:IK39,IK52:IK83))",0,원시 수치 보존
poi-src/test-data/spreadsheet/57181.xlsm,General!IK85,xl/worksheets/sheet2.xml:IK85,0,[=0]?;[<4.16666666666667][hh]:mm:ss;[hh]:mm,"1899-12-31 (=IF(COUNT(IK8:IK39,IK52:IK83)<>0,AVERAGE(IK8:IK39,IK52:IK83),))","0 (=IF(COUNT(IK8:IK39,IK52:IK83)<>0,AVERAGE(IK8:IK39,IK52:IK83),))",0,원시 수치 보존
poi-src/test-data/spreadsheet/57181.xlsm,General!IK86,xl/worksheets/sheet2.xml:IK86,0,[=0]?;[<4.16666666666667][hh]:mm:ss;[hh]:mm,"1899-12-31 (=MAX(IK8:IK39,IK52:IK83))","0 (=MAX(IK8:IK39,IK52:IK83))",0,원시 수치 보존
poi-src/test-data/spreadsheet/57181.xlsm,General!IK87,xl/worksheets/sheet2.xml:IK87,0,[=0]?;[<4.16666666666667][hh]:mm:ss;[hh]:mm,"1899-12-31 (=MIN(IK8:IK39,IK52:IK83))","0 (=MIN(IK8:IK39,IK52:IK83))",0,원시 수치 보존
poi-src/test-data/spreadsheet/57181.xlsm,General!IL128,xl/worksheets/sheet2.xml:IL128,0,[=0]?;[<4.16666666666667][hh]:mm:ss;[hh]:mm,"1899-12-31 (=SUM(IL8:IL39,IL52:IL83,IL96:IL127))","0 (=SUM(IL8:IL39,IL52:IL83,IL96:IL127))",0,원시 수치 보존
poi-src/test-data/spreadsheet/57181.xlsm,General!IL129,xl/worksheets/sheet2.xml:IL129,0,[=0]?;[<4.16666666666667][hh]:mm:ss;[hh]:mm,"1899-12-31 (=IF(COUNT(IL8:IL39,IL52:IL83,IL96:IL127)<>0,AVERAGE(IL8:IL39,IL52:IL83,IL96:IL127),))","0 (=IF(COUNT(IL8:IL39,IL52:IL83,IL96:IL127)<>0,AVERAGE(IL8:IL39,IL52:IL83,IL96:IL127),))",0,원시 수치 보존
poi-src/test-data/spreadsheet/57181.xlsm,General!IL130,xl/worksheets/sheet2.xml:IL130,0,[=0]?;[<4.16666666666667][hh]:mm:ss;[hh]:mm,"1899-12-31 (=MAX(IL8:IL39,IL52:IL83,IL96:IL127))","0 (=MAX(IL8:IL39,IL52:IL83,IL96:IL127))",0,원시 수치 보존
poi-src/test-data/spreadsheet/57181.xlsm,General!IL131,xl/worksheets/sheet2.xml:IL131,0,[=0]?;[<4.16666666666667][hh]:mm:ss;[hh]:mm,"1899-12-31 (=MIN(IL8:IL39,IL52:IL83,IL96:IL127))","0 (=MIN(IL8:IL39,IL52:IL83,IL96:IL127))",0,원시 수치 보존
poi-src/test-data/spreadsheet/57181.xlsm,General!IL40,xl/worksheets/sheet2.xml:IL40,0,[=0]?;[<4.16666666666667][hh]:mm:ss;[hh]:mm,1899-12-31 (=SUM(IL8:IL39)),0 (=SUM(IL8:IL39)),0,원시 수치 보존
poi-src/test-data/spreadsheet/57181.xlsm,General!IL41,xl/worksheets/sheet2.xml:IL41,0,[=0]?;[<4.16666666666667][hh]:mm:ss;[hh]:mm,"1899-12-31 (=IF(COUNT(IL8:IL39)<>0,AVERAGE(IL8:IL39),))","0 (=IF(COUNT(IL8:IL39)<>0,AVERAGE(IL8:IL39),))",0,원시 수치 보존
poi-src/test-data/spreadsheet/57181.xlsm,General!IL42,xl/worksheets/sheet2.xml:IL42,0,[=0]?;[<4.16666666666667][hh]:mm:ss;[hh]:mm,1899-12-31 (=MAX(IL8:IL39)),0 (=MAX(IL8:IL39)),0,원시 수치 보존
poi-src/test-data/spreadsheet/57181.xlsm,General!IL43,xl/worksheets/sheet2.xml:IL43,0,[=0]?;[<4.16666666666667][hh]:mm:ss;[hh]:mm,1899-12-31 (=MIN(IL8:IL39)),0 (=MIN(IL8:IL39)),0,원시 수치 보존
poi-src/test-data/spreadsheet/57181.xlsm,General!IL84,xl/worksheets/sheet2.xml:IL84,0,[=0]?;[<4.16666666666667][hh]:mm:ss;[hh]:mm,"1899-12-31 (=SUM(IL8:IL39,IL52:IL83))","0 (=SUM(IL8:IL39,IL52:IL83))",0,원시 수치 보존
poi-src/test-data/spreadsheet/57181.xlsm,General!IL85,xl/worksheets/sheet2.xml:IL85,0,[=0]?;[<4.16666666666667][hh]:mm:ss;[hh]:mm,"1899-12-31 (=IF(COUNT(IL8:IL39,IL52:IL83)<>0,AVERAGE(IL8:IL39,IL52:IL83),))","0 (=IF(COUNT(IL8:IL39,IL52:IL83)<>0,AVERAGE(IL8:IL39,IL52:IL83),))",0,원시 수치 보존
poi-src/test-data/spreadsheet/57181.xlsm,General!IL86,xl/worksheets/sheet2.xml:IL86,0,[=0]?;[<4.16666666666667][hh]:mm:ss;[hh]:mm,"1899-12-31 (=MAX(IL8:IL39,IL52:IL83))","0 (=MAX(IL8:IL39,IL52:IL83))",0,원시 수치 보존
poi-src/test-data/spreadsheet/57181.xlsm,General!IL87,xl/worksheets/sheet2.xml:IL87,0,[=0]?;[<4.16666666666667][hh]:mm:ss;[hh]:mm,"1899-12-31 (=MIN(IL8:IL39,IL52:IL83))","0 (=MIN(IL8:IL39,IL52:IL83))",0,원시 수치 보존
poi-src/test-data/spreadsheet/57181.xlsm,General!IM130,xl/worksheets/sheet2.xml:IM130,0,[=0]?;[<4.16666666666667][hh]:mm:ss;[hh]:mm,"1899-12-31 (=MAX(IM8:IM39,IM52:IM83,IM96:IM127))","0 (=MAX(IM8:IM39,IM52:IM83,IM96:IM127))",0,원시 수치 보존
poi-src/test-data/spreadsheet/57181.xlsm,General!IM131,xl/worksheets/sheet2.xml:IM131,0,[=0]?;[<4.16666666666667][hh]:mm:ss;[hh]:mm,"1899-12-31 (=MIN(IM8:IM39,IM52:IM83,IM96:IM127))","0 (=MIN(IM8:IM39,IM52:IM83,IM96:IM127))",0,원시 수치 보존
poi-src/test-data/spreadsheet/57181.xlsm,General!IM42,xl/worksheets/sheet2.xml:IM42,0,[=0]?;[<4.16666666666667][hh]:mm:ss;[hh]:mm,1899-12-31 (=MAX(IM8:IM39)),0 (=MAX(IM8:IM39)),0,원시 수치 보존
poi-src/test-data/spreadsheet/57181.xlsm,General!IM43,xl/worksheets/sheet2.xml:IM43,0,[=0]?;[<4.16666666666667][hh]:mm:ss;[hh]:mm,1899-12-31 (=MIN(IM8:IM39)),0 (=MIN(IM8:IM39)),0,원시 수치 보존
poi-src/test-data/spreadsheet/57181.xlsm,General!IM86,xl/worksheets/sheet2.xml:IM86,0,[=0]?;[<4.16666666666667][hh]:mm:ss;[hh]:mm,"1899-12-31 (=MAX(IM8:IM39,IM52:IM83))","0 (=MAX(IM8:IM39,IM52:IM83))",0,원시 수치 보존
poi-src/test-data/spreadsheet/57181.xlsm,General!IM87,xl/worksheets/sheet2.xml:IM87,0,[=0]?;[<4.16666666666667][hh]:mm:ss;[hh]:mm,"1899-12-31 (=MIN(IM8:IM39,IM52:IM83))","0 (=MIN(IM8:IM39,IM52:IM83))",0,원시 수치 보존
poi-src/test-data/spreadsheet/57181.xlsm,General!IN128,xl/worksheets/sheet2.xml:IN128,0,[=0]?;[<4.16666666666667][hh]:mm:ss;[hh]:mm,"1899-12-31 (=SUM(IN8:IN39,IN52:IN83,IN96:IN127))","0 (=SUM(IN8:IN39,IN52:IN83,IN96:IN127))",0,원시 수치 보존
poi-src/test-data/spreadsheet/57181.xlsm,General!IN129,xl/worksheets/sheet2.xml:IN129,0,[=0]?;[<4.16666666666667][hh]:mm:ss;[hh]:mm,"1899-12-31 (=IF(COUNT(IN8:IN39,IN52:IN83,IN96:IN127)<>0,AVERAGE(IN8:IN39,IN52:IN83,IN96:IN127),))","0 (=IF(COUNT(IN8:IN39,IN52:IN83,IN96:IN127)<>0,AVERAGE(IN8:IN39,IN52:IN83,IN96:IN127),))",0,원시 수치 보존
poi-src/test-data/spreadsheet/57181.xlsm,General!IN130,xl/worksheets/sheet2.xml:IN130,0,[=0]?;[<4.16666666666667][hh]:mm:ss;[hh]:mm,"1899-12-31 (=MAX(IN8:IN39,IN52:IN83,IN96:IN127))","0 (=MAX(IN8:IN39,IN52:IN83,IN96:IN127))",0,원시 수치 보존
poi-src/test-data/spreadsheet/57181.xlsm,General!IN131,xl/worksheets/sheet2.xml:IN131,0,[=0]?;[<4.16666666666667][hh]:mm:ss;[hh]:mm,"1899-12-31 (=MIN(IN8:IN39,IN52:IN83,IN96:IN127))","0 (=MIN(IN8:IN39,IN52:IN83,IN96:IN127))",0,원시 수치 보존
poi-src/test-data/spreadsheet/57181.xlsm,General!IN40,xl/worksheets/sheet2.xml:IN40,0,[=0]?;[<4.16666666666667][hh]:mm:ss;[hh]:mm,1899-12-31 (=SUM(IN8:IN39)),0 (=SUM(IN8:IN39)),0,원시 수치 보존
poi-src/test-data/spreadsheet/57181.xlsm,General!IN41,xl/worksheets/sheet2.xml:IN41,0,[=0]?;[<4.16666666666667][hh]:mm:ss;[hh]:mm,"1899-12-31 (=IF(COUNT(IN8:IN39)<>0,AVERAGE(IN8:IN39),))","0 (=IF(COUNT(IN8:IN39)<>0,AVERAGE(IN8:IN39),))",0,원시 수치 보존
poi-src/test-data/spreadsheet/57181.xlsm,General!IN42,xl/worksheets/sheet2.xml:IN42,0,[=0]?;[<4.16666666666667][hh]:mm:ss;[hh]:mm,1899-12-31 (=MAX(IN8:IN39)),0 (=MAX(IN8:IN39)),0,원시 수치 보존
poi-src/test-data/spreadsheet/57181.xlsm,General!IN43,xl/worksheets/sheet2.xml:IN43,0,[=0]?;[<4.16666666666667][hh]:mm:ss;[hh]:mm,1899-12-31 (=MIN(IN8:IN39)),0 (=MIN(IN8:IN39)),0,원시 수치 보존
poi-src/test-data/spreadsheet/57181.xlsm,General!IN84,xl/worksheets/sheet2.xml:IN84,0,[=0]?;[<4.16666666666667][hh]:mm:ss;[hh]:mm,"1899-12-31 (=SUM(IN8:IN39,IN52:IN83))","0 (=SUM(IN8:IN39,IN52:IN83))",0,원시 수치 보존
poi-src/test-data/spreadsheet/57181.xlsm,General!IN85,xl/worksheets/sheet2.xml:IN85,0,[=0]?;[<4.16666666666667][hh]:mm:ss;[hh]:mm,"1899-12-31 (=IF(COUNT(IN8:IN39,IN52:IN83)<>0,AVERAGE(IN8:IN39,IN52:IN83),))","0 (=IF(COUNT(IN8:IN39,IN52:IN83)<>0,AVERAGE(IN8:IN39,IN52:IN83),))",0,원시 수치 보존
poi-src/test-data/spreadsheet/57181.xlsm,General!IN86,xl/worksheets/sheet2.xml:IN86,0,[=0]?;[<4.16666666666667][hh]:mm:ss;[hh]:mm,"1899-12-31 (=MAX(IN8:IN39,IN52:IN83))","0 (=MAX(IN8:IN39,IN52:IN83))",0,원시 수치 보존
poi-src/test-data/spreadsheet/57181.xlsm,General!IN87,xl/worksheets/sheet2.xml:IN87,0,[=0]?;[<4.16666666666667][hh]:mm:ss;[hh]:mm,"1899-12-31 (=MIN(IN8:IN39,IN52:IN83))","0 (=MIN(IN8:IN39,IN52:IN83))",0,원시 수치 보존
poi-src/test-data/spreadsheet/57181.xlsm,General!IO130,xl/worksheets/sheet2.xml:IO130,0,[=0]?;[<4.16666666666667][hh]:mm:ss;[hh]:mm,"1899-12-31 (=MAX(IO8:IO39,IO52:IO83,IO96:IO127))","0 (=MAX(IO8:IO39,IO52:IO83,IO96:IO127))",0,원시 수치 보존
poi-src/test-data/spreadsheet/57181.xlsm,General!IO131,xl/worksheets/sheet2.xml:IO131,0,[=0]?;[<4.16666666666667][hh]:mm:ss;[hh]:mm,"1899-12-31 (=MIN(IO8:IO39,IO52:IO83,IO96:IO127))","0 (=MIN(IO8:IO39,IO52:IO83,IO96:IO127))",0,원시 수치 보존
poi-src/test-data/spreadsheet/57181.xlsm,General!IO42,xl/worksheets/sheet2.xml:IO42,0,[=0]?;[<4.16666666666667][hh]:mm:ss;[hh]:mm,1899-12-31 (=MAX(IO8:IO39)),0 (=MAX(IO8:IO39)),0,원시 수치 보존
poi-src/test-data/spreadsheet/57181.xlsm,General!IO43,xl/worksheets/sheet2.xml:IO43,0,[=0]?;[<4.16666666666667][hh]:mm:ss;[hh]:mm,1899-12-31 (=MIN(IO8:IO39)),0 (=MIN(IO8:IO39)),0,원시 수치 보존
poi-src/test-data/spreadsheet/57181.xlsm,General!IO86,xl/worksheets/sheet2.xml:IO86,0,[=0]?;[<4.16666666666667][hh]:mm:ss;[hh]:mm,"1899-12-31 (=MAX(IO8:IO39,IO52:IO83))","0 (=MAX(IO8:IO39,IO52:IO83))",0,원시 수치 보존
poi-src/test-data/spreadsheet/57181.xlsm,General!IO87,xl/worksheets/sheet2.xml:IO87,0,[=0]?;[<4.16666666666667][hh]:mm:ss;[hh]:mm,"1899-12-31 (=MIN(IO8:IO39,IO52:IO83))","0 (=MIN(IO8:IO39,IO52:IO83))",0,원시 수치 보존
poi-src/test-data/spreadsheet/57181.xlsm,General!IP128,xl/worksheets/sheet2.xml:IP128,0,[=0]?;[<4.16666666666667][hh]:mm:ss;[hh]:mm,"1899-12-31 (=SUM(IP8:IP39,IP52:IP83,IP96:IP127))","0 (=SUM(IP8:IP39,IP52:IP83,IP96:IP127))",0,원시 수치 보존
poi-src/test-data/spreadsheet/57181.xlsm,General!IP129,xl/worksheets/sheet2.xml:IP129,0,[=0]?;[<4.16666666666667][hh]:mm:ss;[hh]:mm,"1899-12-31 (=IF(COUNT(IP8:IP39,IP52:IP83,IP96:IP127)<>0,AVERAGE(IP8:IP39,IP52:IP83,IP96:IP127),))","0 (=IF(COUNT(IP8:IP39,IP52:IP83,IP96:IP127)<>0,AVERAGE(IP8:IP39,IP52:IP83,IP96:IP127),))",0,원시 수치 보존
poi-src/test-data/spreadsheet/57181.xlsm,General!IP130,xl/worksheets/sheet2.xml:IP130,0,[=0]?;[<4.16666666666667][hh]:mm:ss;[hh]:mm,"1899-12-31 (=MAX(IP8:IP39,IP52:IP83,IP96:IP127))","0 (=MAX(IP8:IP39,IP52:IP83,IP96:IP127))",0,원시 수치 보존
poi-src/test-data/spreadsheet/57181.xlsm,General!IP131,xl/worksheets/sheet2.xml:IP131,0,[=0]?;[<4.16666666666667][hh]:mm:ss;[hh]:mm,"1899-12-31 (=MIN(IP8:IP39,IP52:IP83,IP96:IP127))","0 (=MIN(IP8:IP39,IP52:IP83,IP96:IP127))",0,원시 수치 보존
poi-src/test-data/spreadsheet/57181.xlsm,General!IP40,xl/worksheets/sheet2.xml:IP40,0,[=0]?;[<4.16666666666667][hh]:mm:ss;[hh]:mm,1899-12-31 (=SUM(IP8:IP39)),0 (=SUM(IP8:IP39)),0,원시 수치 보존
poi-src/test-data/spreadsheet/57181.xlsm,General!IP41,xl/worksheets/sheet2.xml:IP41,0,[=0]?;[<4.16666666666667][hh]:mm:ss;[hh]:mm,"1899-12-31 (=IF(COUNT(IP8:IP39)<>0,AVERAGE(IP8:IP39),))","0 (=IF(COUNT(IP8:IP39)<>0,AVERAGE(IP8:IP39),))",0,원시 수치 보존
poi-src/test-data/spreadsheet/57181.xlsm,General!IP42,xl/worksheets/sheet2.xml:IP42,0,[=0]?;[<4.16666666666667][hh]:mm:ss;[hh]:mm,1899-12-31 (=MAX(IP8:IP39)),0 (=MAX(IP8:IP39)),0,원시 수치 보존
poi-src/test-data/spreadsheet/57181.xlsm,General!IP43,xl/worksheets/sheet2.xml:IP43,0,[=0]?;[<4.16666666666667][hh]:mm:ss;[hh]:mm,1899-12-31 (=MIN(IP8:IP39)),0 (=MIN(IP8:IP39)),0,원시 수치 보존
poi-src/test-data/spreadsheet/57181.xlsm,General!IP84,xl/worksheets/sheet2.xml:IP84,0,[=0]?;[<4.16666666666667][hh]:mm:ss;[hh]:mm,"1899-12-31 (=SUM(IP8:IP39,IP52:IP83))","0 (=SUM(IP8:IP39,IP52:IP83))",0,원시 수치 보존
poi-src/test-data/spreadsheet/57181.xlsm,General!IP85,xl/worksheets/sheet2.xml:IP85,0,[=0]?;[<4.16666666666667][hh]:mm:ss;[hh]:mm,"1899-12-31 (=IF(COUNT(IP8:IP39,IP52:IP83)<>0,AVERAGE(IP8:IP39,IP52:IP83),))","0 (=IF(COUNT(IP8:IP39,IP52:IP83)<>0,AVERAGE(IP8:IP39,IP52:IP83),))",0,원시 수치 보존
poi-src/test-data/spreadsheet/57181.xlsm,General!IP86,xl/worksheets/sheet2.xml:IP86,0,[=0]?;[<4.16666666666667][hh]:mm:ss;[hh]:mm,"1899-12-31 (=MAX(IP8:IP39,IP52:IP83))","0 (=MAX(IP8:IP39,IP52:IP83))",0,원시 수치 보존
poi-src/test-data/spreadsheet/57181.xlsm,General!IP87,xl/worksheets/sheet2.xml:IP87,0,[=0]?;[<4.16666666666667][hh]:mm:ss;[hh]:mm,"1899-12-31 (=MIN(IP8:IP39,IP52:IP83))","0 (=MIN(IP8:IP39,IP52:IP83))",0,원시 수치 보존
poi-src/test-data/spreadsheet/57181.xlsm,General!IQ130,xl/worksheets/sheet2.xml:IQ130,0,[=0]?;[<4.16666666666667][hh]:mm:ss;[hh]:mm,"1899-12-31 (=MAX(IQ8:IQ39,IQ52:IQ83,IQ96:IQ127))","0 (=MAX(IQ8:IQ39,IQ52:IQ83,IQ96:IQ127))",0,원시 수치 보존
poi-src/test-data/spreadsheet/57181.xlsm,General!IQ131,xl/worksheets/sheet2.xml:IQ131,0,[=0]?;[<4.16666666666667][hh]:mm:ss;[hh]:mm,"1899-12-31 (=MIN(IQ8:IQ39,IQ52:IQ83,IQ96:IQ127))","0 (=MIN(IQ8:IQ39,IQ52:IQ83,IQ96:IQ127))",0,원시 수치 보존
poi-src/test-data/spreadsheet/57181.xlsm,General!IQ42,xl/worksheets/sheet2.xml:IQ42,0,[=0]?;[<4.16666666666667][hh]:mm:ss;[hh]:mm,1899-12-31 (=MAX(IQ8:IQ39)),0 (=MAX(IQ8:IQ39)),0,원시 수치 보존
poi-src/test-data/spreadsheet/57181.xlsm,General!IQ43,xl/worksheets/sheet2.xml:IQ43,0,[=0]?;[<4.16666666666667][hh]:mm:ss;[hh]:mm,1899-12-31 (=MIN(IQ8:IQ39)),0 (=MIN(IQ8:IQ39)),0,원시 수치 보존
poi-src/test-data/spreadsheet/57181.xlsm,General!IQ86,xl/worksheets/sheet2.xml:IQ86,0,[=0]?;[<4.16666666666667][hh]:mm:ss;[hh]:mm,"1899-12-31 (=MAX(IQ8:IQ39,IQ52:IQ83))","0 (=MAX(IQ8:IQ39,IQ52:IQ83))",0,원시 수치 보존
poi-src/test-data/spreadsheet/57181.xlsm,General!IQ87,xl/worksheets/sheet2.xml:IQ87,0,[=0]?;[<4.16666666666667][hh]:mm:ss;[hh]:mm,"1899-12-31 (=MIN(IQ8:IQ39,IQ52:IQ83))","0 (=MIN(IQ8:IQ39,IQ52:IQ83))",0,원시 수치 보존
poi-src/test-data/spreadsheet/57181.xlsm,Summary_report!K35,xl/worksheets/sheet4.xml:K35,4.6875000000000004E-4,[=0]?;[<4.16666666666667][hh]:mm:ss;[hh]:mm,1899-12-31,00:00:40,00:00:40,날짜·시간 의미 일치
poi-src/test-data/spreadsheet/57181.xlsm,Summary_report!K36,xl/worksheets/sheet4.xml:K36,4.6875000000000004E-4,[=0]?;[<4.16666666666667][hh]:mm:ss;[hh]:mm,1899-12-31,00:00:40,00:00:40,날짜·시간 의미 일치
poi-src/test-data/spreadsheet/57181.xlsm,Summary_report!K8,xl/worksheets/sheet4.xml:K8,4.6875000000000004E-4,[=0]?;[<4.16666666666667][hh]:mm:ss;[hh]:mm,1899-12-31,00:00:40,00:00:40,날짜·시간 의미 일치
poi-src/test-data/spreadsheet/57181.xlsm,Summary_report!L35,xl/worksheets/sheet4.xml:L35,9.2592592592592588E-5,[=0]?;[<4.16666666666667][hh]:mm:ss;[hh]:mm,1899-12-31,00:00:08,00:00:08,날짜·시간 의미 일치
poi-src/test-data/spreadsheet/57181.xlsm,Summary_report!L36,xl/worksheets/sheet4.xml:L36,9.2592592592592588E-5,[=0]?;[<4.16666666666667][hh]:mm:ss;[hh]:mm,1899-12-31,00:00:08,00:00:08,날짜·시간 의미 일치
poi-src/test-data/spreadsheet/57181.xlsm,Summary_report!L8,xl/worksheets/sheet4.xml:L8,9.2592592592592588E-5,[=0]?;[<4.16666666666667][hh]:mm:ss;[hh]:mm,1899-12-31,00:00:08,00:00:08,날짜·시간 의미 일치
poi-src/test-data/spreadsheet/57181.xlsm,Summary_report!M35,xl/worksheets/sheet4.xml:M35,0,[=0]?;[<4.16666666666667][hh]:mm:ss;[hh]:mm,1899-12-31,0,0,원시 수치 보존
poi-src/test-data/spreadsheet/57181.xlsm,Summary_report!M36,xl/worksheets/sheet4.xml:M36,0,[=0]?;[<4.16666666666667][hh]:mm:ss;[hh]:mm,1899-12-31,0,0,원시 수치 보존
poi-src/test-data/spreadsheet/57181.xlsm,Summary_report!M8,xl/worksheets/sheet4.xml:M8,0,[=0]?;[<4.16666666666667][hh]:mm:ss;[hh]:mm,1899-12-31,0,0,원시 수치 보존
poi-src/test-data/spreadsheet/57181.xlsm,Summary_report!N10,xl/worksheets/sheet4.xml:N10,0,[=0]?;[<4.16666666666667][hh]:mm:ss;[hh]:mm,1899-12-31,0,0,원시 수치 보존
poi-src/test-data/spreadsheet/57181.xlsm,Summary_report!N11,xl/worksheets/sheet4.xml:N11,0,[=0]?;[<4.16666666666667][hh]:mm:ss;[hh]:mm,1899-12-31,0,0,원시 수치 보존
poi-src/test-data/spreadsheet/57181.xlsm,Summary_report!N12,xl/worksheets/sheet4.xml:N12,0,[=0]?;[<4.16666666666667][hh]:mm:ss;[hh]:mm,1899-12-31,0,0,원시 수치 보존
poi-src/test-data/spreadsheet/57181.xlsm,Summary_report!N13,xl/worksheets/sheet4.xml:N13,0,[=0]?;[<4.16666666666667][hh]:mm:ss;[hh]:mm,1899-12-31,0,0,원시 수치 보존
poi-src/test-data/spreadsheet/57181.xlsm,Summary_report!N14,xl/worksheets/sheet4.xml:N14,0,[=0]?;[<4.16666666666667][hh]:mm:ss;[hh]:mm,1899-12-31,0,0,원시 수치 보존
poi-src/test-data/spreadsheet/57181.xlsm,Summary_report!N15,xl/worksheets/sheet4.xml:N15,0,[=0]?;[<4.16666666666667][hh]:mm:ss;[hh]:mm,1899-12-31,0,0,원시 수치 보존
poi-src/test-data/spreadsheet/57181.xlsm,Summary_report!N16,xl/worksheets/sheet4.xml:N16,0,[=0]?;[<4.16666666666667][hh]:mm:ss;[hh]:mm,1899-12-31,0,0,원시 수치 보존
poi-src/test-data/spreadsheet/57181.xlsm,Summary_report!N17,xl/worksheets/sheet4.xml:N17,0,[=0]?;[<4.16666666666667][hh]:mm:ss;[hh]:mm,1899-12-31,0,0,원시 수치 보존
poi-src/test-data/spreadsheet/57181.xlsm,Summary_report!N18,xl/worksheets/sheet4.xml:N18,0,[=0]?;[<4.16666666666667][hh]:mm:ss;[hh]:mm,1899-12-31,0,0,원시 수치 보존
poi-src/test-data/spreadsheet/57181.xlsm,Summary_report!N19,xl/worksheets/sheet4.xml:N19,0,[=0]?;[<4.16666666666667][hh]:mm:ss;[hh]:mm,1899-12-31,0,0,원시 수치 보존
poi-src/test-data/spreadsheet/57181.xlsm,Summary_report!N20,xl/worksheets/sheet4.xml:N20,0,[=0]?;[<4.16666666666667][hh]:mm:ss;[hh]:mm,1899-12-31,0,0,원시 수치 보존
poi-src/test-data/spreadsheet/57181.xlsm,Summary_report!N21,xl/worksheets/sheet4.xml:N21,0,[=0]?;[<4.16666666666667][hh]:mm:ss;[hh]:mm,1899-12-31,0,0,원시 수치 보존
poi-src/test-data/spreadsheet/57181.xlsm,Summary_report!N22,xl/worksheets/sheet4.xml:N22,0,[=0]?;[<4.16666666666667][hh]:mm:ss;[hh]:mm,1899-12-31,0,0,원시 수치 보존
poi-src/test-data/spreadsheet/57181.xlsm,Summary_report!N23,xl/worksheets/sheet4.xml:N23,0,[=0]?;[<4.16666666666667][hh]:mm:ss;[hh]:mm,1899-12-31,0,0,원시 수치 보존
poi-src/test-data/spreadsheet/57181.xlsm,Summary_report!N24,xl/worksheets/sheet4.xml:N24,0,[=0]?;[<4.16666666666667][hh]:mm:ss;[hh]:mm,1899-12-31,0,0,원시 수치 보존
poi-src/test-data/spreadsheet/57181.xlsm,Summary_report!N25,xl/worksheets/sheet4.xml:N25,0,[=0]?;[<4.16666666666667][hh]:mm:ss;[hh]:mm,1899-12-31,0,0,원시 수치 보존
poi-src/test-data/spreadsheet/57181.xlsm,Summary_report!N26,xl/worksheets/sheet4.xml:N26,0,[=0]?;[<4.16666666666667][hh]:mm:ss;[hh]:mm,1899-12-31,0,0,원시 수치 보존
poi-src/test-data/spreadsheet/57181.xlsm,Summary_report!N27,xl/worksheets/sheet4.xml:N27,0,[=0]?;[<4.16666666666667][hh]:mm:ss;[hh]:mm,1899-12-31,0,0,원시 수치 보존
poi-src/test-data/spreadsheet/57181.xlsm,Summary_report!N28,xl/worksheets/sheet4.xml:N28,0,[=0]?;[<4.16666666666667][hh]:mm:ss;[hh]:mm,1899-12-31,0,0,원시 수치 보존
poi-src/test-data/spreadsheet/57181.xlsm,Summary_report!N29,xl/worksheets/sheet4.xml:N29,0,[=0]?;[<4.16666666666667][hh]:mm:ss;[hh]:mm,1899-12-31,0,0,원시 수치 보존
poi-src/test-data/spreadsheet/57181.xlsm,Summary_report!N30,xl/worksheets/sheet4.xml:N30,0,[=0]?;[<4.16666666666667][hh]:mm:ss;[hh]:mm,1899-12-31,0,0,원시 수치 보존
poi-src/test-data/spreadsheet/57181.xlsm,Summary_report!N31,xl/worksheets/sheet4.xml:N31,0,[=0]?;[<4.16666666666667][hh]:mm:ss;[hh]:mm,1899-12-31,0,0,원시 수치 보존
poi-src/test-data/spreadsheet/57181.xlsm,Summary_report!N32,xl/worksheets/sheet4.xml:N32,0,[=0]?;[<4.16666666666667][hh]:mm:ss;[hh]:mm,1899-12-31,0,0,원시 수치 보존
poi-src/test-data/spreadsheet/57181.xlsm,Summary_report!N35,xl/worksheets/sheet4.xml:N35,0,[=0]?;[<4.16666666666667][hh]:mm:ss;[hh]:mm,1899-12-31,0,0,원시 수치 보존
poi-src/test-data/spreadsheet/57181.xlsm,Summary_report!N36,xl/worksheets/sheet4.xml:N36,0,[=0]?;[<4.16666666666667][hh]:mm:ss;[hh]:mm,1899-12-31,0,0,원시 수치 보존
poi-src/test-data/spreadsheet/57181.xlsm,Summary_report!N8,xl/worksheets/sheet4.xml:N8,0,[=0]?;[<4.16666666666667][hh]:mm:ss;[hh]:mm,1899-12-31,0,0,원시 수치 보존
poi-src/test-data/spreadsheet/57181.xlsm,Summary_report!N9,xl/worksheets/sheet4.xml:N9,0,[=0]?;[<4.16666666666667][hh]:mm:ss;[hh]:mm,1899-12-31,0,0,원시 수치 보존
poi-src/test-data/spreadsheet/AverageTaxRates.xlsx,Avgselemp!C21,xl/worksheets/sheet3.xml:C21,4.5499999999999999E-2,0.0%,4.5%,4.6%,4.6%,백분율 지정 자릿수 HALF_UP
poi-src/test-data/spreadsheet/AverageTaxRates.xlsx,Avgselemp!D21,xl/worksheets/sheet3.xml:D21,4.5499999999999999E-2,0.0%,4.5%,4.6%,4.6%,백분율 지정 자릿수 HALF_UP
poi-src/test-data/spreadsheet/AverageTaxRates.xlsx,Avgselemp!D6,xl/worksheets/sheet3.xml:D6,9.8500000000000004E-2,0.0%,9.8%,9.9%,9.9%,백분율 지정 자릿수 HALF_UP
poi-src/test-data/spreadsheet/AverageTaxRates.xlsx,Avgselemp!D8,xl/worksheets/sheet3.xml:D8,0.34449999999999997,0.0%,34.4%,34.5%,34.5%,백분율 지정 자릿수 HALF_UP
poi-src/test-data/spreadsheet/AverageTaxRates.xlsx,Avgselemp!D9,xl/worksheets/sheet3.xml:D9,0.34449999999999997,0.0%,34.4%,34.5%,34.5%,백분율 지정 자릿수 HALF_UP
poi-src/test-data/spreadsheet/AverageTaxRates.xlsx,Avgselemp!E21,xl/worksheets/sheet3.xml:E21,4.5499999999999999E-2,0.0%,4.5%,4.6%,4.6%,백분율 지정 자릿수 HALF_UP
poi-src/test-data/spreadsheet/AverageTaxRates.xlsx,Avgselemp!E25,xl/worksheets/sheet3.xml:E25,0.2225,0.0%,22.2%,22.3%,22.3%,백분율 지정 자릿수 HALF_UP
poi-src/test-data/spreadsheet/AverageTaxRates.xlsx,Avgselemp!F21,xl/worksheets/sheet3.xml:F21,4.5499999999999999E-2,0.0%,4.5%,4.6%,4.6%,백분율 지정 자릿수 HALF_UP
poi-src/test-data/spreadsheet/AverageTaxRates.xlsx,Avgselemp!F23,xl/worksheets/sheet3.xml:F23,0.1135,0.0%,11.3%,11.4%,11.4%,백분율 지정 자릿수 HALF_UP
poi-src/test-data/spreadsheet/AverageTaxRates.xlsx,Avgselemp!G37,xl/worksheets/sheet3.xml:G37,9.2499999999999999E-2,0.0%,9.2%,9.3%,9.3%,백분율 지정 자릿수 HALF_UP
poi-src/test-data/spreadsheet/AverageTaxRates.xlsx,Avgselemp!H23,xl/worksheets/sheet3.xml:H23,5.9499999999999997E-2,0.0%,5.9%,6.0%,6.0%,백분율 지정 자릿수 HALF_UP
poi-src/test-data/spreadsheet/AverageTaxRates.xlsx,Avgselemp!I23,xl/worksheets/sheet3.xml:I23,5.9499999999999997E-2,0.0%,5.9%,6.0%,6.0%,백분율 지정 자릿수 HALF_UP
poi-src/test-data/spreadsheet/AverageTaxRates.xlsx,Avgtxfull!D22,xl/worksheets/sheet1.xml:D22,0.1845,0.0%,18.4%,18.5%,18.5%,백분율 지정 자릿수 HALF_UP
poi-src/test-data/spreadsheet/AverageTaxRates.xlsx,Avgtxfull!E23,xl/worksheets/sheet1.xml:E23,0.17849999999999999,0.0%,17.8%,17.9%,17.9%,백분율 지정 자릿수 HALF_UP
poi-src/test-data/spreadsheet/AverageTaxRates.xlsx,Avgtxfull!F9,xl/worksheets/sheet1.xml:F9,0.23949999999999999,0.0%,23.9%,24.0%,24.0%,백분율 지정 자릿수 HALF_UP
poi-src/test-data/spreadsheet/AverageTaxRates.xlsx,Avgtxfull!G37,xl/worksheets/sheet1.xml:G37,9.4999999999999998E-3,0.0%,0.9%,1.0%,1.0%,백분율 지정 자릿수 HALF_UP
poi-src/test-data/spreadsheet/AverageTaxRates.xlsx,Avgtxmod!D23,xl/worksheets/sheet2.xml:D23,0.1845,0.0%,18.4%,18.5%,18.5%,백분율 지정 자릿수 HALF_UP
poi-src/test-data/spreadsheet/AverageTaxRates.xlsx,Avgtxmod!G26,xl/worksheets/sheet2.xml:G26,0.24249999999999999,0.0%,24.2%,24.3%,24.3%,백분율 지정 자릿수 HALF_UP
poi-src/test-data/spreadsheet/AverageTaxRates.xlsx,Avgtxmod!G35,xl/worksheets/sheet2.xml:G35,9.4999999999999998E-3,0.0%,0.9%,1.0%,1.0%,백분율 지정 자릿수 HALF_UP
poi-src/test-data/spreadsheet/AverageTaxRates.xlsx,Avgtxmod!H26,xl/worksheets/sheet2.xml:H26,0.23549999999999999,0.0%,23.5%,23.6%,23.6%,백분율 지정 자릿수 HALF_UP
poi-src/test-data/spreadsheet/FormatKM.xlsx,Sheet1!B10,xl/worksheets/sheet1.xml:B10,10210210.199999999,"[>999999]#,,""M"";[>999]#,""K"";#","10,210,210M (=A10)",10210210.199999999 (=A10),10210210.199999999,원시 수치 보존
poi-src/test-data/spreadsheet/FormatKM.xlsx,Sheet1!B11,xl/worksheets/sheet1.xml:B11,102102102.102,"[>999999]#,,""M"";[>999]#,""K"";#","102,102,102M (=A11)",102102102.102 (=A11),102102102.102,원시 수치 보존
poi-src/test-data/spreadsheet/FormatKM.xlsx,Sheet1!B12,xl/worksheets/sheet1.xml:B12,1021021021.02,"[>999999]#,,""M"";[>999]#,""K"";#","1,021,021,021M (=A12)",1021021021.02 (=A12),1021021021.02,원시 수치 보존
poi-src/test-data/spreadsheet/FormatKM.xlsx,Sheet1!B2,xl/worksheets/sheet1.xml:B2,1.02,"[>999999]#,,""M"";[>999]#,""K"";#",1M (=A2),1.02 (=A2),1.02,원시 수치 보존
poi-src/test-data/spreadsheet/FormatKM.xlsx,Sheet1!B3,xl/worksheets/sheet1.xml:B3,10.199999999999999,"[>999999]#,,""M"";[>999]#,""K"";#",10M (=A3),10.199999999999999 (=A3),10.199999999999999,원시 수치 보존
poi-src/test-data/spreadsheet/FormatKM.xlsx,Sheet1!B4,xl/worksheets/sheet1.xml:B4,102,"[>999999]#,,""M"";[>999]#,""K"";#",102M (=A4),102 (=A4),102,원시 수치 보존
poi-src/test-data/spreadsheet/FormatKM.xlsx,Sheet1!B5,xl/worksheets/sheet1.xml:B5,102.102,"[>999999]#,,""M"";[>999]#,""K"";#",102M (=A5),102.102 (=A5),102.102,원시 수치 보존
poi-src/test-data/spreadsheet/FormatKM.xlsx,Sheet1!B6,xl/worksheets/sheet1.xml:B6,1021.02,"[>999999]#,,""M"";[>999]#,""K"";#","1,021M (=A6)",1021.02 (=A6),1021.02,원시 수치 보존
poi-src/test-data/spreadsheet/FormatKM.xlsx,Sheet1!B7,xl/worksheets/sheet1.xml:B7,10210.200000000001,"[>999999]#,,""M"";[>999]#,""K"";#","10,210M (=A7)",10210.200000000001 (=A7),10210.200000000001,원시 수치 보존
poi-src/test-data/spreadsheet/FormatKM.xlsx,Sheet1!B8,xl/worksheets/sheet1.xml:B8,102102.102,"[>999999]#,,""M"";[>999]#,""K"";#","102,102M (=A8)",102102.102 (=A8),102102.102,원시 수치 보존
poi-src/test-data/spreadsheet/FormatKM.xlsx,Sheet1!B9,xl/worksheets/sheet1.xml:B9,1021021.02,"[>999999]#,,""M"";[>999]#,""K"";#","1,021,021M (=A9)",1021021.02 (=A9),1021021.02,원시 수치 보존
poi-src/test-data/spreadsheet/FormatKM.xlsx,Sheet1!D10,xl/worksheets/sheet1.xml:D10,10210210.199999999,"[>999999]#.000,,""M"";[>999]#.000,""K"";#.000","10,210,210M (=A10)",10210210.199999999 (=A10),10210210.199999999,원시 수치 보존
poi-src/test-data/spreadsheet/FormatKM.xlsx,Sheet1!D11,xl/worksheets/sheet1.xml:D11,102102102.102,"[>999999]#.000,,""M"";[>999]#.000,""K"";#.000","102,102,102M (=A11)",102102102.102 (=A11),102102102.102,원시 수치 보존
poi-src/test-data/spreadsheet/FormatKM.xlsx,Sheet1!D12,xl/worksheets/sheet1.xml:D12,1021021021.02,"[>999999]#.000,,""M"";[>999]#.000,""K"";#.000","1,021,021,021M (=A12)",1021021021.02 (=A12),1021021021.02,원시 수치 보존
poi-src/test-data/spreadsheet/FormatKM.xlsx,Sheet1!D2,xl/worksheets/sheet1.xml:D2,1.02,"[>999999]#.000,,""M"";[>999]#.000,""K"";#.000",1M (=A2),1.02 (=A2),1.02,원시 수치 보존
poi-src/test-data/spreadsheet/FormatKM.xlsx,Sheet1!D3,xl/worksheets/sheet1.xml:D3,10.199999999999999,"[>999999]#.000,,""M"";[>999]#.000,""K"";#.000",10M (=A3),10.199999999999999 (=A3),10.199999999999999,원시 수치 보존
poi-src/test-data/spreadsheet/FormatKM.xlsx,Sheet1!D4,xl/worksheets/sheet1.xml:D4,102,"[>999999]#.000,,""M"";[>999]#.000,""K"";#.000",102M (=A4),102 (=A4),102,원시 수치 보존
poi-src/test-data/spreadsheet/FormatKM.xlsx,Sheet1!D5,xl/worksheets/sheet1.xml:D5,102.102,"[>999999]#.000,,""M"";[>999]#.000,""K"";#.000",102M (=A5),102.102 (=A5),102.102,원시 수치 보존
poi-src/test-data/spreadsheet/FormatKM.xlsx,Sheet1!D6,xl/worksheets/sheet1.xml:D6,1021.02,"[>999999]#.000,,""M"";[>999]#.000,""K"";#.000","1,021M (=A6)",1021.02 (=A6),1021.02,원시 수치 보존
poi-src/test-data/spreadsheet/FormatKM.xlsx,Sheet1!D7,xl/worksheets/sheet1.xml:D7,10210.200000000001,"[>999999]#.000,,""M"";[>999]#.000,""K"";#.000","10,210M (=A7)",10210.200000000001 (=A7),10210.200000000001,원시 수치 보존
poi-src/test-data/spreadsheet/FormatKM.xlsx,Sheet1!D8,xl/worksheets/sheet1.xml:D8,102102.102,"[>999999]#.000,,""M"";[>999]#.000,""K"";#.000","102,102M (=A8)",102102.102 (=A8),102102.102,원시 수치 보존
poi-src/test-data/spreadsheet/FormatKM.xlsx,Sheet1!D9,xl/worksheets/sheet1.xml:D9,1021021.02,"[>999999]#.000,,""M"";[>999]#.000,""K"";#.000","1,021,021M (=A9)",1021021.02 (=A9),1021021.02,원시 수치 보존
poi-src/test-data/spreadsheet/bug69812.xlsx,Sheet1!A1,xl/worksheets/sheet1.xml:A1,25396277490,"#,##0,,","25,396,277,490",25396277490,25396277490,원시 수치 보존
